hs6,bec4,bec_description,is_capital
711810,7,Goods not elsewhere specified,FALSE
871000,7,Goods not elsewhere specified,FALSE
880400,7,Goods not elsewhere specified,FALSE
880510,7,Goods not elsewhere specified,FALSE
880521,7,Goods not elsewhere specified,FALSE
880529,7,Goods not elsewhere specified,FALSE
890610,7,Goods not elsewhere specified,FALSE
890690,7,Goods not elsewhere specified,FALSE
930111,7,Goods not elsewhere specified,FALSE
930119,7,Goods not elsewhere specified,FALSE
930120,7,Goods not elsewhere specified,FALSE
930190,7,Goods not elsewhere specified,FALSE
930200,7,Goods not elsewhere specified,FALSE
930510,7,Goods not elsewhere specified,FALSE
930591,7,Goods not elsewhere specified,FALSE
930599,7,Goods not elsewhere specified,FALSE
930621,7,Goods not elsewhere specified,FALSE
930629,7,Goods not elsewhere specified,FALSE
930630,7,Goods not elsewhere specified,FALSE
930690,7,Goods not elsewhere specified,FALSE
930700,7,Goods not elsewhere specified,FALSE
050100,21,Primary,FALSE
050210,21,Primary,FALSE
050290,21,Primary,FALSE
050400,21,Primary,FALSE
050510,21,Primary,FALSE
050590,21,Primary,FALSE
050610,21,Primary,FALSE
050690,21,Primary,FALSE
050710,21,Primary,FALSE
050790,21,Primary,FALSE
050800,21,Primary,FALSE
051000,21,Primary,FALSE
051110,21,Primary,FALSE
051191,21,Primary,FALSE
051199,21,Primary,FALSE
060110,21,Primary,FALSE
060120,21,Primary,FALSE
060210,21,Primary,FALSE
060220,21,Primary,FALSE
060230,21,Primary,FALSE
060240,21,Primary,FALSE
060290,21,Primary,FALSE
100400,21,Primary,FALSE
100510,21,Primary,FALSE
100590,21,Primary,FALSE
120400,21,Primary,FALSE
120791,21,Primary,FALSE
120799,21,Primary,FALSE
120910,21,Primary,FALSE
120921,21,Primary,FALSE
120922,21,Primary,FALSE
120923,21,Primary,FALSE
120924,21,Primary,FALSE
120925,21,Primary,FALSE
120929,21,Primary,FALSE
120930,21,Primary,FALSE
120991,21,Primary,FALSE
120999,21,Primary,FALSE
121120,21,Primary,FALSE
121130,21,Primary,FALSE
121140,21,Primary,FALSE
121190,21,Primary,FALSE
121220,21,Primary,FALSE
121300,21,Primary,FALSE
121410,21,Primary,FALSE
121490,21,Primary,FALSE
130120,21,Primary,FALSE
130190,21,Primary,FALSE
130211,21,Primary,FALSE
130212,21,Primary,FALSE
130213,21,Primary,FALSE
130219,21,Primary,FALSE
130220,21,Primary,FALSE
140110,21,Primary,FALSE
140120,21,Primary,FALSE
140190,21,Primary,FALSE
140420,21,Primary,FALSE
140490,21,Primary,FALSE
152200,21,Primary,FALSE
230800,21,Primary,FALSE
240110,21,Primary,FALSE
240120,21,Primary,FALSE
240130,21,Primary,FALSE
250100,21,Primary,FALSE
250200,21,Primary,FALSE
250300,21,Primary,FALSE
250410,21,Primary,FALSE
250490,21,Primary,FALSE
250510,21,Primary,FALSE
250590,21,Primary,FALSE
250610,21,Primary,FALSE
250620,21,Primary,FALSE
250700,21,Primary,FALSE
250810,21,Primary,FALSE
250830,21,Primary,FALSE
250840,21,Primary,FALSE
250850,21,Primary,FALSE
250860,21,Primary,FALSE
250870,21,Primary,FALSE
250900,21,Primary,FALSE
251010,21,Primary,FALSE
251020,21,Primary,FALSE
251110,21,Primary,FALSE
251120,21,Primary,FALSE
251200,21,Primary,FALSE
251310,21,Primary,FALSE
251320,21,Primary,FALSE
251400,21,Primary,FALSE
251511,21,Primary,FALSE
251512,21,Primary,FALSE
251520,21,Primary,FALSE
251611,21,Primary,FALSE
251612,21,Primary,FALSE
251620,21,Primary,FALSE
251690,21,Primary,FALSE
251710,21,Primary,FALSE
251720,21,Primary,FALSE
251730,21,Primary,FALSE
251741,21,Primary,FALSE
251749,21,Primary,FALSE
251810,21,Primary,FALSE
251820,21,Primary,FALSE
251830,21,Primary,FALSE
251910,21,Primary,FALSE
251990,21,Primary,FALSE
252010,21,Primary,FALSE
252100,21,Primary,FALSE
252410,21,Primary,FALSE
252490,21,Primary,FALSE
252510,21,Primary,FALSE
252520,21,Primary,FALSE
252530,21,Primary,FALSE
252610,21,Primary,FALSE
252620,21,Primary,FALSE
252810,21,Primary,FALSE
252890,21,Primary,FALSE
252910,21,Primary,FALSE
252921,21,Primary,FALSE
252922,21,Primary,FALSE
252930,21,Primary,FALSE
253010,21,Primary,FALSE
253020,21,Primary,FALSE
253090,21,Primary,FALSE
260111,21,Primary,FALSE
260112,21,Primary,FALSE
260120,21,Primary,FALSE
260200,21,Primary,FALSE
260300,21,Primary,FALSE
260400,21,Primary,FALSE
260500,21,Primary,FALSE
260600,21,Primary,FALSE
260700,21,Primary,FALSE
260800,21,Primary,FALSE
260900,21,Primary,FALSE
261000,21,Primary,FALSE
261100,21,Primary,FALSE
261210,21,Primary,FALSE
261220,21,Primary,FALSE
261310,21,Primary,FALSE
261390,21,Primary,FALSE
261400,21,Primary,FALSE
261510,21,Primary,FALSE
261590,21,Primary,FALSE
261610,21,Primary,FALSE
261690,21,Primary,FALSE
261710,21,Primary,FALSE
261790,21,Primary,FALSE
261800,21,Primary,FALSE
261900,21,Primary,FALSE
262011,21,Primary,FALSE
262019,21,Primary,FALSE
262021,21,Primary,FALSE
262029,21,Primary,FALSE
262030,21,Primary,FALSE
262040,21,Primary,FALSE
262060,21,Primary,FALSE
262091,21,Primary,FALSE
262099,21,Primary,FALSE
262110,21,Primary,FALSE
262190,21,Primary,FALSE
271410,21,Primary,FALSE
271490,21,Primary,FALSE
310100,21,Primary,FALSE
310250,21,Primary,FALSE
400110,21,Primary,FALSE
400121,21,Primary,FALSE
400122,21,Primary,FALSE
400129,21,Primary,FALSE
400130,21,Primary,FALSE
400300,21,Primary,FALSE
400400,21,Primary,FALSE
410120,21,Primary,FALSE
410150,21,Primary,FALSE
410190,21,Primary,FALSE
410210,21,Primary,FALSE
410221,21,Primary,FALSE
410229,21,Primary,FALSE
410320,21,Primary,FALSE
410330,21,Primary,FALSE
410390,21,Primary,FALSE
411520,21,Primary,FALSE
430110,21,Primary,FALSE
430130,21,Primary,FALSE
430160,21,Primary,FALSE
430180,21,Primary,FALSE
430190,21,Primary,FALSE
440121,21,Primary,FALSE
440122,21,Primary,FALSE
440130,21,Primary,FALSE
440310,21,Primary,FALSE
440320,21,Primary,FALSE
440341,21,Primary,FALSE
440349,21,Primary,FALSE
440391,21,Primary,FALSE
440392,21,Primary,FALSE
440399,21,Primary,FALSE
440410,21,Primary,FALSE
440420,21,Primary,FALSE
441112,21,Primary,FALSE
441113,21,Primary,FALSE
441114,21,Primary,FALSE
441192,21,Primary,FALSE
441193,21,Primary,FALSE
441194,21,Primary,FALSE
450110,21,Primary,FALSE
450190,21,Primary,FALSE
450200,21,Primary,FALSE
470710,21,Primary,FALSE
470720,21,Primary,FALSE
470730,21,Primary,FALSE
470790,21,Primary,FALSE
500100,21,Primary,FALSE
500300,21,Primary,FALSE
510111,21,Primary,FALSE
510119,21,Primary,FALSE
510121,21,Primary,FALSE
510129,21,Primary,FALSE
510130,21,Primary,FALSE
510211,21,Primary,FALSE
510219,21,Primary,FALSE
510220,21,Primary,FALSE
510310,21,Primary,FALSE
510320,21,Primary,FALSE
510330,21,Primary,FALSE
510400,21,Primary,FALSE
520100,21,Primary,FALSE
520210,21,Primary,FALSE
520291,21,Primary,FALSE
520299,21,Primary,FALSE
530110,21,Primary,FALSE
530130,21,Primary,FALSE
530210,21,Primary,FALSE
530290,21,Primary,FALSE
530310,21,Primary,FALSE
530390,21,Primary,FALSE
530500,21,Primary,FALSE
550510,21,Primary,FALSE
550520,21,Primary,FALSE
630900,21,Primary,FALSE
631010,21,Primary,FALSE
631090,21,Primary,FALSE
710110,21,Primary,FALSE
710121,21,Primary,FALSE
710122,21,Primary,FALSE
710210,21,Primary,FALSE
710221,21,Primary,FALSE
710229,21,Primary,FALSE
710231,21,Primary,FALSE
710310,21,Primary,FALSE
710510,21,Primary,FALSE
710590,21,Primary,FALSE
711230,21,Primary,FALSE
711291,21,Primary,FALSE
711292,21,Primary,FALSE
711299,21,Primary,FALSE
720410,21,Primary,FALSE
720421,21,Primary,FALSE
720429,21,Primary,FALSE
720430,21,Primary,FALSE
720441,21,Primary,FALSE
720449,21,Primary,FALSE
720450,21,Primary,FALSE
740400,21,Primary,FALSE
750300,21,Primary,FALSE
760200,21,Primary,FALSE
780200,21,Primary,FALSE
790200,21,Primary,FALSE
800200,21,Primary,FALSE
810420,21,Primary,FALSE
890800,21,Primary,FALSE
110811,22,Processed,FALSE
110812,22,Processed,FALSE
110813,22,Processed,FALSE
110814,22,Processed,FALSE
110819,22,Processed,FALSE
110820,22,Processed,FALSE
130231,22,Processed,FALSE
130232,22,Processed,FALSE
130239,22,Processed,FALSE
150100,22,Processed,FALSE
150200,22,Processed,FALSE
150300,22,Processed,FALSE
150410,22,Processed,FALSE
150500,22,Processed,FALSE
150600,22,Processed,FALSE
151110,22,Processed,FALSE
151211,22,Processed,FALSE
151219,22,Processed,FALSE
151311,22,Processed,FALSE
151321,22,Processed,FALSE
151411,22,Processed,FALSE
151491,22,Processed,FALSE
151511,22,Processed,FALSE
151519,22,Processed,FALSE
151521,22,Processed,FALSE
151530,22,Processed,FALSE
151590,22,Processed,FALSE
151800,22,Processed,FALSE
152000,22,Processed,FALSE
152110,22,Processed,FALSE
152190,22,Processed,FALSE
220710,22,Processed,FALSE
220720,22,Processed,FALSE
230110,22,Processed,FALSE
230120,22,Processed,FALSE
230400,22,Processed,FALSE
230500,22,Processed,FALSE
230610,22,Processed,FALSE
230620,22,Processed,FALSE
230630,22,Processed,FALSE
230641,22,Processed,FALSE
230649,22,Processed,FALSE
230650,22,Processed,FALSE
230660,22,Processed,FALSE
230690,22,Processed,FALSE
230910,22,Processed,FALSE
230990,22,Processed,FALSE
252020,22,Processed,FALSE
252210,22,Processed,FALSE
252220,22,Processed,FALSE
252230,22,Processed,FALSE
252310,22,Processed,FALSE
252321,22,Processed,FALSE
252329,22,Processed,FALSE
252330,22,Processed,FALSE
252390,22,Processed,FALSE
270600,22,Processed,FALSE
270710,22,Processed,FALSE
270720,22,Processed,FALSE
270730,22,Processed,FALSE
270740,22,Processed,FALSE
270750,22,Processed,FALSE
270791,22,Processed,FALSE
270799,22,Processed,FALSE
270810,22,Processed,FALSE
270820,22,Processed,FALSE
271210,22,Processed,FALSE
271220,22,Processed,FALSE
271290,22,Processed,FALSE
271311,22,Processed,FALSE
271312,22,Processed,FALSE
271320,22,Processed,FALSE
271390,22,Processed,FALSE
271500,22,Processed,FALSE
280110,22,Processed,FALSE
280120,22,Processed,FALSE
280130,22,Processed,FALSE
280200,22,Processed,FALSE
280300,22,Processed,FALSE
280410,22,Processed,FALSE
280421,22,Processed,FALSE
280429,22,Processed,FALSE
280430,22,Processed,FALSE
280440,22,Processed,FALSE
280450,22,Processed,FALSE
280461,22,Processed,FALSE
280469,22,Processed,FALSE
280470,22,Processed,FALSE
280480,22,Processed,FALSE
280490,22,Processed,FALSE
280511,22,Processed,FALSE
280512,22,Processed,FALSE
280519,22,Processed,FALSE
280530,22,Processed,FALSE
280540,22,Processed,FALSE
280610,22,Processed,FALSE
280620,22,Processed,FALSE
280700,22,Processed,FALSE
280800,22,Processed,FALSE
280910,22,Processed,FALSE
280920,22,Processed,FALSE
281000,22,Processed,FALSE
281111,22,Processed,FALSE
281119,22,Processed,FALSE
281121,22,Processed,FALSE
281122,22,Processed,FALSE
281129,22,Processed,FALSE
281210,22,Processed,FALSE
281290,22,Processed,FALSE
281310,22,Processed,FALSE
281390,22,Processed,FALSE
281410,22,Processed,FALSE
281420,22,Processed,FALSE
281511,22,Processed,FALSE
281512,22,Processed,FALSE
281520,22,Processed,FALSE
281530,22,Processed,FALSE
281610,22,Processed,FALSE
281640,22,Processed,FALSE
281700,22,Processed,FALSE
281810,22,Processed,FALSE
281820,22,Processed,FALSE
281830,22,Processed,FALSE
281910,22,Processed,FALSE
281990,22,Processed,FALSE
282010,22,Processed,FALSE
282090,22,Processed,FALSE
282110,22,Processed,FALSE
282120,22,Processed,FALSE
282200,22,Processed,FALSE
282300,22,Processed,FALSE
282410,22,Processed,FALSE
282490,22,Processed,FALSE
282510,22,Processed,FALSE
282520,22,Processed,FALSE
282530,22,Processed,FALSE
282540,22,Processed,FALSE
282550,22,Processed,FALSE
282560,22,Processed,FALSE
282570,22,Processed,FALSE
282580,22,Processed,FALSE
282590,22,Processed,FALSE
282612,22,Processed,FALSE
282619,22,Processed,FALSE
282630,22,Processed,FALSE
282690,22,Processed,FALSE
282710,22,Processed,FALSE
282720,22,Processed,FALSE
282731,22,Processed,FALSE
282732,22,Processed,FALSE
282735,22,Processed,FALSE
282739,22,Processed,FALSE
282741,22,Processed,FALSE
282749,22,Processed,FALSE
282751,22,Processed,FALSE
282759,22,Processed,FALSE
282760,22,Processed,FALSE
282810,22,Processed,FALSE
282890,22,Processed,FALSE
282911,22,Processed,FALSE
282919,22,Processed,FALSE
282990,22,Processed,FALSE
283010,22,Processed,FALSE
283090,22,Processed,FALSE
283110,22,Processed,FALSE
283190,22,Processed,FALSE
283210,22,Processed,FALSE
283220,22,Processed,FALSE
283230,22,Processed,FALSE
283311,22,Processed,FALSE
283319,22,Processed,FALSE
283321,22,Processed,FALSE
283322,22,Processed,FALSE
283324,22,Processed,FALSE
283325,22,Processed,FALSE
283327,22,Processed,FALSE
283329,22,Processed,FALSE
283330,22,Processed,FALSE
283340,22,Processed,FALSE
283410,22,Processed,FALSE
283421,22,Processed,FALSE
283429,22,Processed,FALSE
283510,22,Processed,FALSE
283522,22,Processed,FALSE
283524,22,Processed,FALSE
283525,22,Processed,FALSE
283526,22,Processed,FALSE
283529,22,Processed,FALSE
283531,22,Processed,FALSE
283539,22,Processed,FALSE
283620,22,Processed,FALSE
283630,22,Processed,FALSE
283640,22,Processed,FALSE
283650,22,Processed,FALSE
283660,22,Processed,FALSE
283691,22,Processed,FALSE
283692,22,Processed,FALSE
283699,22,Processed,FALSE
283711,22,Processed,FALSE
283719,22,Processed,FALSE
283720,22,Processed,FALSE
283911,22,Processed,FALSE
283919,22,Processed,FALSE
283990,22,Processed,FALSE
284011,22,Processed,FALSE
284019,22,Processed,FALSE
284020,22,Processed,FALSE
284030,22,Processed,FALSE
284130,22,Processed,FALSE
284150,22,Processed,FALSE
284161,22,Processed,FALSE
284169,22,Processed,FALSE
284170,22,Processed,FALSE
284180,22,Processed,FALSE
284190,22,Processed,FALSE
284210,22,Processed,FALSE
284290,22,Processed,FALSE
284310,22,Processed,FALSE
284321,22,Processed,FALSE
284329,22,Processed,FALSE
284330,22,Processed,FALSE
284390,22,Processed,FALSE
284410,22,Processed,FALSE
284420,22,Processed,FALSE
284430,22,Processed,FALSE
284440,22,Processed,FALSE
284450,22,Processed,FALSE
284510,22,Processed,FALSE
284590,22,Processed,FALSE
284610,22,Processed,FALSE
284690,22,Processed,FALSE
284700,22,Processed,FALSE
284800,22,Processed,FALSE
284910,22,Processed,FALSE
284920,22,Processed,FALSE
284990,22,Processed,FALSE
285000,22,Processed,FALSE
285200,22,Processed,FALSE
285300,22,Processed,FALSE
290110,22,Processed,FALSE
290121,22,Processed,FALSE
290122,22,Processed,FALSE
290123,22,Processed,FALSE
290124,22,Processed,FALSE
290129,22,Processed,FALSE
290211,22,Processed,FALSE
290219,22,Processed,FALSE
290220,22,Processed,FALSE
290230,22,Processed,FALSE
290241,22,Processed,FALSE
290242,22,Processed,FALSE
290243,22,Processed,FALSE
290244,22,Processed,FALSE
290250,22,Processed,FALSE
290260,22,Processed,FALSE
290270,22,Processed,FALSE
290290,22,Processed,FALSE
290311,22,Processed,FALSE
290312,22,Processed,FALSE
290313,22,Processed,FALSE
290314,22,Processed,FALSE
290315,22,Processed,FALSE
290319,22,Processed,FALSE
290321,22,Processed,FALSE
290322,22,Processed,FALSE
290323,22,Processed,FALSE
290329,22,Processed,FALSE
290331,22,Processed,FALSE
290339,22,Processed,FALSE
290341,22,Processed,FALSE
290342,22,Processed,FALSE
290343,22,Processed,FALSE
290344,22,Processed,FALSE
290345,22,Processed,FALSE
290346,22,Processed,FALSE
290347,22,Processed,FALSE
290349,22,Processed,FALSE
290351,22,Processed,FALSE
290352,22,Processed,FALSE
290359,22,Processed,FALSE
290361,22,Processed,FALSE
290362,22,Processed,FALSE
290369,22,Processed,FALSE
290410,22,Processed,FALSE
290420,22,Processed,FALSE
290490,22,Processed,FALSE
290511,22,Processed,FALSE
290512,22,Processed,FALSE
290513,22,Processed,FALSE
290514,22,Processed,FALSE
290516,22,Processed,FALSE
290517,22,Processed,FALSE
290519,22,Processed,FALSE
290522,22,Processed,FALSE
290529,22,Processed,FALSE
290531,22,Processed,FALSE
290532,22,Processed,FALSE
290539,22,Processed,FALSE
290541,22,Processed,FALSE
290542,22,Processed,FALSE
290543,22,Processed,FALSE
290544,22,Processed,FALSE
290545,22,Processed,FALSE
290549,22,Processed,FALSE
290551,22,Processed,FALSE
290559,22,Processed,FALSE
290611,22,Processed,FALSE
290612,22,Processed,FALSE
290613,22,Processed,FALSE
290619,22,Processed,FALSE
290621,22,Processed,FALSE
290629,22,Processed,FALSE
290711,22,Processed,FALSE
290712,22,Processed,FALSE
290713,22,Processed,FALSE
290715,22,Processed,FALSE
290719,22,Processed,FALSE
290721,22,Processed,FALSE
290722,22,Processed,FALSE
290723,22,Processed,FALSE
290729,22,Processed,FALSE
290811,22,Processed,FALSE
290819,22,Processed,FALSE
290891,22,Processed,FALSE
290899,22,Processed,FALSE
290911,22,Processed,FALSE
290919,22,Processed,FALSE
290920,22,Processed,FALSE
290930,22,Processed,FALSE
290941,22,Processed,FALSE
290943,22,Processed,FALSE
290944,22,Processed,FALSE
290949,22,Processed,FALSE
290950,22,Processed,FALSE
290960,22,Processed,FALSE
291010,22,Processed,FALSE
291020,22,Processed,FALSE
291030,22,Processed,FALSE
291040,22,Processed,FALSE
291090,22,Processed,FALSE
291100,22,Processed,FALSE
291211,22,Processed,FALSE
291212,22,Processed,FALSE
291219,22,Processed,FALSE
291221,22,Processed,FALSE
291229,22,Processed,FALSE
291230,22,Processed,FALSE
291241,22,Processed,FALSE
291242,22,Processed,FALSE
291249,22,Processed,FALSE
291250,22,Processed,FALSE
291260,22,Processed,FALSE
291300,22,Processed,FALSE
291411,22,Processed,FALSE
291412,22,Processed,FALSE
291413,22,Processed,FALSE
291419,22,Processed,FALSE
291421,22,Processed,FALSE
291422,22,Processed,FALSE
291423,22,Processed,FALSE
291429,22,Processed,FALSE
291431,22,Processed,FALSE
291439,22,Processed,FALSE
291440,22,Processed,FALSE
291450,22,Processed,FALSE
291461,22,Processed,FALSE
291469,22,Processed,FALSE
291470,22,Processed,FALSE
291511,22,Processed,FALSE
291512,22,Processed,FALSE
291513,22,Processed,FALSE
291521,22,Processed,FALSE
291524,22,Processed,FALSE
291529,22,Processed,FALSE
291531,22,Processed,FALSE
291532,22,Processed,FALSE
291533,22,Processed,FALSE
291536,22,Processed,FALSE
291539,22,Processed,FALSE
291540,22,Processed,FALSE
291550,22,Processed,FALSE
291560,22,Processed,FALSE
291570,22,Processed,FALSE
291590,22,Processed,FALSE
291611,22,Processed,FALSE
291612,22,Processed,FALSE
291613,22,Processed,FALSE
291614,22,Processed,FALSE
291615,22,Processed,FALSE
291619,22,Processed,FALSE
291620,22,Processed,FALSE
291631,22,Processed,FALSE
291632,22,Processed,FALSE
291634,22,Processed,FALSE
291635,22,Processed,FALSE
291636,22,Processed,FALSE
291639,22,Processed,FALSE
291711,22,Processed,FALSE
291712,22,Processed,FALSE
291713,22,Processed,FALSE
291714,22,Processed,FALSE
291719,22,Processed,FALSE
291720,22,Processed,FALSE
291732,22,Processed,FALSE
291733,22,Processed,FALSE
291734,22,Processed,FALSE
291735,22,Processed,FALSE
291736,22,Processed,FALSE
291737,22,Processed,FALSE
291739,22,Processed,FALSE
291811,22,Processed,FALSE
291812,22,Processed,FALSE
291813,22,Processed,FALSE
291814,22,Processed,FALSE
291815,22,Processed,FALSE
291816,22,Processed,FALSE
291818,22,Processed,FALSE
291819,22,Processed,FALSE
291821,22,Processed,FALSE
291822,22,Processed,FALSE
291823,22,Processed,FALSE
291829,22,Processed,FALSE
291830,22,Processed,FALSE
291891,22,Processed,FALSE
291899,22,Processed,FALSE
291910,22,Processed,FALSE
291990,22,Processed,FALSE
292011,22,Processed,FALSE
292019,22,Processed,FALSE
292090,22,Processed,FALSE
292111,22,Processed,FALSE
292119,22,Processed,FALSE
292121,22,Processed,FALSE
292122,22,Processed,FALSE
292129,22,Processed,FALSE
292130,22,Processed,FALSE
292141,22,Processed,FALSE
292142,22,Processed,FALSE
292143,22,Processed,FALSE
292144,22,Processed,FALSE
292145,22,Processed,FALSE
292146,22,Processed,FALSE
292149,22,Processed,FALSE
292151,22,Processed,FALSE
292159,22,Processed,FALSE
292211,22,Processed,FALSE
292212,22,Processed,FALSE
292213,22,Processed,FALSE
292214,22,Processed,FALSE
292219,22,Processed,FALSE
292221,22,Processed,FALSE
292229,22,Processed,FALSE
292231,22,Processed,FALSE
292239,22,Processed,FALSE
292241,22,Processed,FALSE
292242,22,Processed,FALSE
292243,22,Processed,FALSE
292244,22,Processed,FALSE
292249,22,Processed,FALSE
292250,22,Processed,FALSE
292310,22,Processed,FALSE
292320,22,Processed,FALSE
292390,22,Processed,FALSE
292411,22,Processed,FALSE
292412,22,Processed,FALSE
292419,22,Processed,FALSE
292421,22,Processed,FALSE
292423,22,Processed,FALSE
292424,22,Processed,FALSE
292429,22,Processed,FALSE
292511,22,Processed,FALSE
292512,22,Processed,FALSE
292519,22,Processed,FALSE
292521,22,Processed,FALSE
292529,22,Processed,FALSE
292610,22,Processed,FALSE
292620,22,Processed,FALSE
292630,22,Processed,FALSE
292690,22,Processed,FALSE
292700,22,Processed,FALSE
292800,22,Processed,FALSE
292910,22,Processed,FALSE
292990,22,Processed,FALSE
293020,22,Processed,FALSE
293030,22,Processed,FALSE
293040,22,Processed,FALSE
293050,22,Processed,FALSE
293090,22,Processed,FALSE
293100,22,Processed,FALSE
293211,22,Processed,FALSE
293212,22,Processed,FALSE
293213,22,Processed,FALSE
293219,22,Processed,FALSE
293221,22,Processed,FALSE
293229,22,Processed,FALSE
293291,22,Processed,FALSE
293292,22,Processed,FALSE
293293,22,Processed,FALSE
293294,22,Processed,FALSE
293295,22,Processed,FALSE
293299,22,Processed,FALSE
293311,22,Processed,FALSE
293319,22,Processed,FALSE
293321,22,Processed,FALSE
293329,22,Processed,FALSE
293331,22,Processed,FALSE
293332,22,Processed,FALSE
293333,22,Processed,FALSE
293339,22,Processed,FALSE
293341,22,Processed,FALSE
293349,22,Processed,FALSE
293352,22,Processed,FALSE
293353,22,Processed,FALSE
293354,22,Processed,FALSE
293355,22,Processed,FALSE
293359,22,Processed,FALSE
293361,22,Processed,FALSE
293369,22,Processed,FALSE
293371,22,Processed,FALSE
293372,22,Processed,FALSE
293379,22,Processed,FALSE
293391,22,Processed,FALSE
293399,22,Processed,FALSE
293410,22,Processed,FALSE
293420,22,Processed,FALSE
293430,22,Processed,FALSE
293491,22,Processed,FALSE
293499,22,Processed,FALSE
293500,22,Processed,FALSE
293621,22,Processed,FALSE
293622,22,Processed,FALSE
293623,22,Processed,FALSE
293624,22,Processed,FALSE
293625,22,Processed,FALSE
293626,22,Processed,FALSE
293627,22,Processed,FALSE
293628,22,Processed,FALSE
293629,22,Processed,FALSE
293690,22,Processed,FALSE
293711,22,Processed,FALSE
293712,22,Processed,FALSE
293719,22,Processed,FALSE
293721,22,Processed,FALSE
293722,22,Processed,FALSE
293723,22,Processed,FALSE
293729,22,Processed,FALSE
293731,22,Processed,FALSE
293739,22,Processed,FALSE
293740,22,Processed,FALSE
293750,22,Processed,FALSE
293790,22,Processed,FALSE
293810,22,Processed,FALSE
293890,22,Processed,FALSE
293911,22,Processed,FALSE
293919,22,Processed,FALSE
293920,22,Processed,FALSE
293930,22,Processed,FALSE
293941,22,Processed,FALSE
293942,22,Processed,FALSE
293943,22,Processed,FALSE
293949,22,Processed,FALSE
293951,22,Processed,FALSE
293959,22,Processed,FALSE
293961,22,Processed,FALSE
293962,22,Processed,FALSE
293963,22,Processed,FALSE
293969,22,Processed,FALSE
293991,22,Processed,FALSE
293999,22,Processed,FALSE
294000,22,Processed,FALSE
294110,22,Processed,FALSE
294120,22,Processed,FALSE
294130,22,Processed,FALSE
294140,22,Processed,FALSE
294150,22,Processed,FALSE
294190,22,Processed,FALSE
294200,22,Processed,FALSE
300120,22,Processed,FALSE
300190,22,Processed,FALSE
300210,22,Processed,FALSE
300220,22,Processed,FALSE
300230,22,Processed,FALSE
300290,22,Processed,FALSE
300610,22,Processed,FALSE
300620,22,Processed,FALSE
300630,22,Processed,FALSE
300640,22,Processed,FALSE
300650,22,Processed,FALSE
300660,22,Processed,FALSE
300670,22,Processed,FALSE
300692,22,Processed,FALSE
310210,22,Processed,FALSE
310221,22,Processed,FALSE
310229,22,Processed,FALSE
310230,22,Processed,FALSE
310240,22,Processed,FALSE
310260,22,Processed,FALSE
310280,22,Processed,FALSE
310290,22,Processed,FALSE
310310,22,Processed,FALSE
310390,22,Processed,FALSE
310420,22,Processed,FALSE
310430,22,Processed,FALSE
310490,22,Processed,FALSE
310510,22,Processed,FALSE
310520,22,Processed,FALSE
310530,22,Processed,FALSE
310540,22,Processed,FALSE
310551,22,Processed,FALSE
310559,22,Processed,FALSE
310560,22,Processed,FALSE
310590,22,Processed,FALSE
320110,22,Processed,FALSE
320120,22,Processed,FALSE
320190,22,Processed,FALSE
320210,22,Processed,FALSE
320290,22,Processed,FALSE
320300,22,Processed,FALSE
320411,22,Processed,FALSE
320412,22,Processed,FALSE
320413,22,Processed,FALSE
320414,22,Processed,FALSE
320415,22,Processed,FALSE
320416,22,Processed,FALSE
320417,22,Processed,FALSE
320419,22,Processed,FALSE
320420,22,Processed,FALSE
320490,22,Processed,FALSE
320500,22,Processed,FALSE
320611,22,Processed,FALSE
320619,22,Processed,FALSE
320620,22,Processed,FALSE
320641,22,Processed,FALSE
320642,22,Processed,FALSE
320649,22,Processed,FALSE
320650,22,Processed,FALSE
320710,22,Processed,FALSE
320720,22,Processed,FALSE
320730,22,Processed,FALSE
320740,22,Processed,FALSE
320810,22,Processed,FALSE
320820,22,Processed,FALSE
320890,22,Processed,FALSE
320910,22,Processed,FALSE
320990,22,Processed,FALSE
321000,22,Processed,FALSE
321100,22,Processed,FALSE
321210,22,Processed,FALSE
321290,22,Processed,FALSE
321410,22,Processed,FALSE
321490,22,Processed,FALSE
321511,22,Processed,FALSE
321519,22,Processed,FALSE
321590,22,Processed,FALSE
330112,22,Processed,FALSE
330113,22,Processed,FALSE
330119,22,Processed,FALSE
330124,22,Processed,FALSE
330125,22,Processed,FALSE
330129,22,Processed,FALSE
330130,22,Processed,FALSE
330190,22,Processed,FALSE
330210,22,Processed,FALSE
330290,22,Processed,FALSE
330620,22,Processed,FALSE
340420,22,Processed,FALSE
340490,22,Processed,FALSE
340700,22,Processed,FALSE
350110,22,Processed,FALSE
350190,22,Processed,FALSE
350220,22,Processed,FALSE
350290,22,Processed,FALSE
350300,22,Processed,FALSE
350400,22,Processed,FALSE
350510,22,Processed,FALSE
350520,22,Processed,FALSE
350610,22,Processed,FALSE
350691,22,Processed,FALSE
350699,22,Processed,FALSE
350710,22,Processed,FALSE
350790,22,Processed,FALSE
360100,22,Processed,FALSE
360200,22,Processed,FALSE
360300,22,Processed,FALSE
360410,22,Processed,FALSE
360490,22,Processed,FALSE
370110,22,Processed,FALSE
370120,22,Processed,FALSE
370130,22,Processed,FALSE
370191,22,Processed,FALSE
370199,22,Processed,FALSE
370210,22,Processed,FALSE
370231,22,Processed,FALSE
370232,22,Processed,FALSE
370239,22,Processed,FALSE
370241,22,Processed,FALSE
370242,22,Processed,FALSE
370243,22,Processed,FALSE
370244,22,Processed,FALSE
370251,22,Processed,FALSE
370252,22,Processed,FALSE
370253,22,Processed,FALSE
370254,22,Processed,FALSE
370255,22,Processed,FALSE
370256,22,Processed,FALSE
370291,22,Processed,FALSE
370293,22,Processed,FALSE
370294,22,Processed,FALSE
370295,22,Processed,FALSE
370310,22,Processed,FALSE
370320,22,Processed,FALSE
370390,22,Processed,FALSE
370400,22,Processed,FALSE
370510,22,Processed,FALSE
370590,22,Processed,FALSE
370610,22,Processed,FALSE
370690,22,Processed,FALSE
370710,22,Processed,FALSE
370790,22,Processed,FALSE
380110,22,Processed,FALSE
380120,22,Processed,FALSE
380130,22,Processed,FALSE
380190,22,Processed,FALSE
380210,22,Processed,FALSE
380290,22,Processed,FALSE
380300,22,Processed,FALSE
380400,22,Processed,FALSE
380510,22,Processed,FALSE
380590,22,Processed,FALSE
380610,22,Processed,FALSE
380620,22,Processed,FALSE
380630,22,Processed,FALSE
380690,22,Processed,FALSE
380700,22,Processed,FALSE
380850,22,Processed,FALSE
380891,22,Processed,FALSE
380892,22,Processed,FALSE
380893,22,Processed,FALSE
380894,22,Processed,FALSE
380899,22,Processed,FALSE
380910,22,Processed,FALSE
380991,22,Processed,FALSE
380992,22,Processed,FALSE
380993,22,Processed,FALSE
381010,22,Processed,FALSE
381090,22,Processed,FALSE
381111,22,Processed,FALSE
381119,22,Processed,FALSE
381121,22,Processed,FALSE
381129,22,Processed,FALSE
381190,22,Processed,FALSE
381210,22,Processed,FALSE
381220,22,Processed,FALSE
381230,22,Processed,FALSE
381300,22,Processed,FALSE
381400,22,Processed,FALSE
381511,22,Processed,FALSE
381512,22,Processed,FALSE
381519,22,Processed,FALSE
381590,22,Processed,FALSE
381600,22,Processed,FALSE
381700,22,Processed,FALSE
381800,22,Processed,FALSE
381900,22,Processed,FALSE
382000,22,Processed,FALSE
382100,22,Processed,FALSE
382200,22,Processed,FALSE
382311,22,Processed,FALSE
382312,22,Processed,FALSE
382313,22,Processed,FALSE
382319,22,Processed,FALSE
382370,22,Processed,FALSE
382410,22,Processed,FALSE
382430,22,Processed,FALSE
382440,22,Processed,FALSE
382450,22,Processed,FALSE
382460,22,Processed,FALSE
382471,22,Processed,FALSE
382472,22,Processed,FALSE
382473,22,Processed,FALSE
382474,22,Processed,FALSE
382475,22,Processed,FALSE
382476,22,Processed,FALSE
382477,22,Processed,FALSE
382478,22,Processed,FALSE
382479,22,Processed,FALSE
382481,22,Processed,FALSE
382482,22,Processed,FALSE
382483,22,Processed,FALSE
382490,22,Processed,FALSE
382510,22,Processed,FALSE
382520,22,Processed,FALSE
382530,22,Processed,FALSE
382541,22,Processed,FALSE
382549,22,Processed,FALSE
382550,22,Processed,FALSE
382561,22,Processed,FALSE
382569,22,Processed,FALSE
382590,22,Processed,FALSE
390110,22,Processed,FALSE
390120,22,Processed,FALSE
390130,22,Processed,FALSE
390190,22,Processed,FALSE
390210,22,Processed,FALSE
390220,22,Processed,FALSE
390230,22,Processed,FALSE
390290,22,Processed,FALSE
390311,22,Processed,FALSE
390319,22,Processed,FALSE
390320,22,Processed,FALSE
390330,22,Processed,FALSE
390390,22,Processed,FALSE
390410,22,Processed,FALSE
390421,22,Processed,FALSE
390422,22,Processed,FALSE
390430,22,Processed,FALSE
390440,22,Processed,FALSE
390450,22,Processed,FALSE
390461,22,Processed,FALSE
390469,22,Processed,FALSE
390490,22,Processed,FALSE
390512,22,Processed,FALSE
390519,22,Processed,FALSE
390521,22,Processed,FALSE
390529,22,Processed,FALSE
390530,22,Processed,FALSE
390591,22,Processed,FALSE
390599,22,Processed,FALSE
390610,22,Processed,FALSE
390690,22,Processed,FALSE
390710,22,Processed,FALSE
390720,22,Processed,FALSE
390730,22,Processed,FALSE
390740,22,Processed,FALSE
390750,22,Processed,FALSE
390760,22,Processed,FALSE
390770,22,Processed,FALSE
390791,22,Processed,FALSE
390799,22,Processed,FALSE
390810,22,Processed,FALSE
390890,22,Processed,FALSE
390910,22,Processed,FALSE
390920,22,Processed,FALSE
390930,22,Processed,FALSE
390940,22,Processed,FALSE
390950,22,Processed,FALSE
391000,22,Processed,FALSE
391110,22,Processed,FALSE
391190,22,Processed,FALSE
391211,22,Processed,FALSE
391212,22,Processed,FALSE
391220,22,Processed,FALSE
391231,22,Processed,FALSE
391239,22,Processed,FALSE
391290,22,Processed,FALSE
391310,22,Processed,FALSE
391390,22,Processed,FALSE
391400,22,Processed,FALSE
391510,22,Processed,FALSE
391520,22,Processed,FALSE
391530,22,Processed,FALSE
391590,22,Processed,FALSE
391610,22,Processed,FALSE
391620,22,Processed,FALSE
391690,22,Processed,FALSE
391710,22,Processed,FALSE
391721,22,Processed,FALSE
391722,22,Processed,FALSE
391723,22,Processed,FALSE
391729,22,Processed,FALSE
391731,22,Processed,FALSE
391732,22,Processed,FALSE
391733,22,Processed,FALSE
391739,22,Processed,FALSE
391740,22,Processed,FALSE
391810,22,Processed,FALSE
391890,22,Processed,FALSE
391910,22,Processed,FALSE
391990,22,Processed,FALSE
392010,22,Processed,FALSE
392020,22,Processed,FALSE
392030,22,Processed,FALSE
392043,22,Processed,FALSE
392049,22,Processed,FALSE
392051,22,Processed,FALSE
392059,22,Processed,FALSE
392061,22,Processed,FALSE
392062,22,Processed,FALSE
392063,22,Processed,FALSE
392069,22,Processed,FALSE
392071,22,Processed,FALSE
392073,22,Processed,FALSE
392079,22,Processed,FALSE
392091,22,Processed,FALSE
392092,22,Processed,FALSE
392093,22,Processed,FALSE
392094,22,Processed,FALSE
392099,22,Processed,FALSE
392111,22,Processed,FALSE
392112,22,Processed,FALSE
392113,22,Processed,FALSE
392114,22,Processed,FALSE
392119,22,Processed,FALSE
392190,22,Processed,FALSE
392310,22,Processed,FALSE
392321,22,Processed,FALSE
392329,22,Processed,FALSE
392330,22,Processed,FALSE
392340,22,Processed,FALSE
392350,22,Processed,FALSE
392390,22,Processed,FALSE
392610,22,Processed,FALSE
392630,22,Processed,FALSE
400211,22,Processed,FALSE
400219,22,Processed,FALSE
400220,22,Processed,FALSE
400231,22,Processed,FALSE
400239,22,Processed,FALSE
400241,22,Processed,FALSE
400249,22,Processed,FALSE
400251,22,Processed,FALSE
400259,22,Processed,FALSE
400260,22,Processed,FALSE
400270,22,Processed,FALSE
400280,22,Processed,FALSE
400291,22,Processed,FALSE
400299,22,Processed,FALSE
400510,22,Processed,FALSE
400520,22,Processed,FALSE
400591,22,Processed,FALSE
400599,22,Processed,FALSE
400610,22,Processed,FALSE
400690,22,Processed,FALSE
400700,22,Processed,FALSE
400811,22,Processed,FALSE
400819,22,Processed,FALSE
400821,22,Processed,FALSE
400829,22,Processed,FALSE
400911,22,Processed,FALSE
400912,22,Processed,FALSE
400921,22,Processed,FALSE
400922,22,Processed,FALSE
400931,22,Processed,FALSE
400932,22,Processed,FALSE
400941,22,Processed,FALSE
400942,22,Processed,FALSE
401410,22,Processed,FALSE
401490,22,Processed,FALSE
401700,22,Processed,FALSE
410411,22,Processed,FALSE
410419,22,Processed,FALSE
410441,22,Processed,FALSE
410449,22,Processed,FALSE
410510,22,Processed,FALSE
410530,22,Processed,FALSE
410621,22,Processed,FALSE
410622,22,Processed,FALSE
410631,22,Processed,FALSE
410632,22,Processed,FALSE
410640,22,Processed,FALSE
410691,22,Processed,FALSE
410692,22,Processed,FALSE
410711,22,Processed,FALSE
410712,22,Processed,FALSE
410719,22,Processed,FALSE
410791,22,Processed,FALSE
410792,22,Processed,FALSE
410799,22,Processed,FALSE
411200,22,Processed,FALSE
411310,22,Processed,FALSE
411320,22,Processed,FALSE
411330,22,Processed,FALSE
411390,22,Processed,FALSE
411410,22,Processed,FALSE
411420,22,Processed,FALSE
411510,22,Processed,FALSE
420600,22,Processed,FALSE
430211,22,Processed,FALSE
430219,22,Processed,FALSE
430220,22,Processed,FALSE
430230,22,Processed,FALSE
440500,22,Processed,FALSE
440610,22,Processed,FALSE
440690,22,Processed,FALSE
440710,22,Processed,FALSE
440721,22,Processed,FALSE
440722,22,Processed,FALSE
440725,22,Processed,FALSE
440726,22,Processed,FALSE
440727,22,Processed,FALSE
440728,22,Processed,FALSE
440729,22,Processed,FALSE
440791,22,Processed,FALSE
440792,22,Processed,FALSE
440793,22,Processed,FALSE
440794,22,Processed,FALSE
440795,22,Processed,FALSE
440799,22,Processed,FALSE
440810,22,Processed,FALSE
440831,22,Processed,FALSE
440839,22,Processed,FALSE
440890,22,Processed,FALSE
440910,22,Processed,FALSE
440921,22,Processed,FALSE
440929,22,Processed,FALSE
441011,22,Processed,FALSE
441012,22,Processed,FALSE
441019,22,Processed,FALSE
441090,22,Processed,FALSE
441210,22,Processed,FALSE
441231,22,Processed,FALSE
441232,22,Processed,FALSE
441239,22,Processed,FALSE
441294,22,Processed,FALSE
441299,22,Processed,FALSE
441300,22,Processed,FALSE
441510,22,Processed,FALSE
441520,22,Processed,FALSE
441600,22,Processed,FALSE
441700,22,Processed,FALSE
441810,22,Processed,FALSE
441820,22,Processed,FALSE
441840,22,Processed,FALSE
441850,22,Processed,FALSE
441860,22,Processed,FALSE
441871,22,Processed,FALSE
441872,22,Processed,FALSE
441879,22,Processed,FALSE
441890,22,Processed,FALSE
442110,22,Processed,FALSE
442190,22,Processed,FALSE
450310,22,Processed,FALSE
450390,22,Processed,FALSE
450410,22,Processed,FALSE
450490,22,Processed,FALSE
470100,22,Processed,FALSE
470200,22,Processed,FALSE
470311,22,Processed,FALSE
470319,22,Processed,FALSE
470321,22,Processed,FALSE
470329,22,Processed,FALSE
470411,22,Processed,FALSE
470419,22,Processed,FALSE
470421,22,Processed,FALSE
470429,22,Processed,FALSE
470500,22,Processed,FALSE
470610,22,Processed,FALSE
470620,22,Processed,FALSE
470630,22,Processed,FALSE
470691,22,Processed,FALSE
470692,22,Processed,FALSE
470693,22,Processed,FALSE
480100,22,Processed,FALSE
480210,22,Processed,FALSE
480220,22,Processed,FALSE
480240,22,Processed,FALSE
480254,22,Processed,FALSE
480255,22,Processed,FALSE
480256,22,Processed,FALSE
480257,22,Processed,FALSE
480258,22,Processed,FALSE
480261,22,Processed,FALSE
480262,22,Processed,FALSE
480269,22,Processed,FALSE
480300,22,Processed,FALSE
480411,22,Processed,FALSE
480419,22,Processed,FALSE
480421,22,Processed,FALSE
480429,22,Processed,FALSE
480431,22,Processed,FALSE
480439,22,Processed,FALSE
480441,22,Processed,FALSE
480442,22,Processed,FALSE
480449,22,Processed,FALSE
480451,22,Processed,FALSE
480452,22,Processed,FALSE
480459,22,Processed,FALSE
480511,22,Processed,FALSE
480512,22,Processed,FALSE
480519,22,Processed,FALSE
480524,22,Processed,FALSE
480525,22,Processed,FALSE
480530,22,Processed,FALSE
480540,22,Processed,FALSE
480550,22,Processed,FALSE
480591,22,Processed,FALSE
480592,22,Processed,FALSE
480593,22,Processed,FALSE
480610,22,Processed,FALSE
480620,22,Processed,FALSE
480630,22,Processed,FALSE
480640,22,Processed,FALSE
480700,22,Processed,FALSE
480810,22,Processed,FALSE
480820,22,Processed,FALSE
480830,22,Processed,FALSE
480890,22,Processed,FALSE
480920,22,Processed,FALSE
480990,22,Processed,FALSE
481013,22,Processed,FALSE
481014,22,Processed,FALSE
481019,22,Processed,FALSE
481022,22,Processed,FALSE
481029,22,Processed,FALSE
481031,22,Processed,FALSE
481032,22,Processed,FALSE
481039,22,Processed,FALSE
481092,22,Processed,FALSE
481099,22,Processed,FALSE
481110,22,Processed,FALSE
481141,22,Processed,FALSE
481149,22,Processed,FALSE
481151,22,Processed,FALSE
481159,22,Processed,FALSE
481160,22,Processed,FALSE
481190,22,Processed,FALSE
481200,22,Processed,FALSE
481310,22,Processed,FALSE
481320,22,Processed,FALSE
481390,22,Processed,FALSE
481410,22,Processed,FALSE
481420,22,Processed,FALSE
481490,22,Processed,FALSE
481620,22,Processed,FALSE
481690,22,Processed,FALSE
481910,22,Processed,FALSE
481920,22,Processed,FALSE
481930,22,Processed,FALSE
481940,22,Processed,FALSE
481950,22,Processed,FALSE
481960,22,Processed,FALSE
482010,22,Processed,FALSE
482020,22,Processed,FALSE
482030,22,Processed,FALSE
482040,22,Processed,FALSE
482050,22,Processed,FALSE
482090,22,Processed,FALSE
482110,22,Processed,FALSE
482190,22,Processed,FALSE
482210,22,Processed,FALSE
482290,22,Processed,FALSE
482320,22,Processed,FALSE
482340,22,Processed,FALSE
482370,22,Processed,FALSE
482390,22,Processed,FALSE
490600,22,Processed,FALSE
490700,22,Processed,FALSE
491110,22,Processed,FALSE
500200,22,Processed,FALSE
500400,22,Processed,FALSE
500500,22,Processed,FALSE
500710,22,Processed,FALSE
500720,22,Processed,FALSE
500790,22,Processed,FALSE
510510,22,Processed,FALSE
510521,22,Processed,FALSE
510529,22,Processed,FALSE
510531,22,Processed,FALSE
510539,22,Processed,FALSE
510540,22,Processed,FALSE
510610,22,Processed,FALSE
510620,22,Processed,FALSE
510710,22,Processed,FALSE
510720,22,Processed,FALSE
510810,22,Processed,FALSE
510820,22,Processed,FALSE
511000,22,Processed,FALSE
511111,22,Processed,FALSE
511119,22,Processed,FALSE
511120,22,Processed,FALSE
511130,22,Processed,FALSE
511190,22,Processed,FALSE
511211,22,Processed,FALSE
511219,22,Processed,FALSE
511220,22,Processed,FALSE
511230,22,Processed,FALSE
511290,22,Processed,FALSE
511300,22,Processed,FALSE
520300,22,Processed,FALSE
520411,22,Processed,FALSE
520419,22,Processed,FALSE
520511,22,Processed,FALSE
520512,22,Processed,FALSE
520513,22,Processed,FALSE
520514,22,Processed,FALSE
520515,22,Processed,FALSE
520521,22,Processed,FALSE
520522,22,Processed,FALSE
520523,22,Processed,FALSE
520524,22,Processed,FALSE
520526,22,Processed,FALSE
520527,22,Processed,FALSE
520528,22,Processed,FALSE
520531,22,Processed,FALSE
520532,22,Processed,FALSE
520533,22,Processed,FALSE
520534,22,Processed,FALSE
520535,22,Processed,FALSE
520541,22,Processed,FALSE
520542,22,Processed,FALSE
520543,22,Processed,FALSE
520544,22,Processed,FALSE
520546,22,Processed,FALSE
520547,22,Processed,FALSE
520548,22,Processed,FALSE
520611,22,Processed,FALSE
520612,22,Processed,FALSE
520613,22,Processed,FALSE
520614,22,Processed,FALSE
520615,22,Processed,FALSE
520621,22,Processed,FALSE
520622,22,Processed,FALSE
520623,22,Processed,FALSE
520624,22,Processed,FALSE
520625,22,Processed,FALSE
520631,22,Processed,FALSE
520632,22,Processed,FALSE
520633,22,Processed,FALSE
520634,22,Processed,FALSE
520635,22,Processed,FALSE
520641,22,Processed,FALSE
520642,22,Processed,FALSE
520643,22,Processed,FALSE
520644,22,Processed,FALSE
520645,22,Processed,FALSE
520811,22,Processed,FALSE
520812,22,Processed,FALSE
520813,22,Processed,FALSE
520819,22,Processed,FALSE
520821,22,Processed,FALSE
520822,22,Processed,FALSE
520823,22,Processed,FALSE
520829,22,Processed,FALSE
520831,22,Processed,FALSE
520832,22,Processed,FALSE
520833,22,Processed,FALSE
520839,22,Processed,FALSE
520841,22,Processed,FALSE
520842,22,Processed,FALSE
520843,22,Processed,FALSE
520849,22,Processed,FALSE
520851,22,Processed,FALSE
520852,22,Processed,FALSE
520859,22,Processed,FALSE
520911,22,Processed,FALSE
520912,22,Processed,FALSE
520919,22,Processed,FALSE
520921,22,Processed,FALSE
520922,22,Processed,FALSE
520929,22,Processed,FALSE
520931,22,Processed,FALSE
520932,22,Processed,FALSE
520939,22,Processed,FALSE
520941,22,Processed,FALSE
520942,22,Processed,FALSE
520943,22,Processed,FALSE
520949,22,Processed,FALSE
520951,22,Processed,FALSE
520952,22,Processed,FALSE
520959,22,Processed,FALSE
521011,22,Processed,FALSE
521019,22,Processed,FALSE
521021,22,Processed,FALSE
521029,22,Processed,FALSE
521031,22,Processed,FALSE
521032,22,Processed,FALSE
521039,22,Processed,FALSE
521041,22,Processed,FALSE
521049,22,Processed,FALSE
521051,22,Processed,FALSE
521059,22,Processed,FALSE
521111,22,Processed,FALSE
521112,22,Processed,FALSE
521119,22,Processed,FALSE
521120,22,Processed,FALSE
521131,22,Processed,FALSE
521132,22,Processed,FALSE
521139,22,Processed,FALSE
521141,22,Processed,FALSE
521142,22,Processed,FALSE
521143,22,Processed,FALSE
521149,22,Processed,FALSE
521151,22,Processed,FALSE
521152,22,Processed,FALSE
521159,22,Processed,FALSE
521211,22,Processed,FALSE
521212,22,Processed,FALSE
521213,22,Processed,FALSE
521214,22,Processed,FALSE
521215,22,Processed,FALSE
521221,22,Processed,FALSE
521222,22,Processed,FALSE
521223,22,Processed,FALSE
521224,22,Processed,FALSE
521225,22,Processed,FALSE
530121,22,Processed,FALSE
530129,22,Processed,FALSE
530610,22,Processed,FALSE
530620,22,Processed,FALSE
530710,22,Processed,FALSE
530720,22,Processed,FALSE
530810,22,Processed,FALSE
530820,22,Processed,FALSE
530890,22,Processed,FALSE
530911,22,Processed,FALSE
530919,22,Processed,FALSE
530921,22,Processed,FALSE
530929,22,Processed,FALSE
531010,22,Processed,FALSE
531090,22,Processed,FALSE
531100,22,Processed,FALSE
540110,22,Processed,FALSE
540120,22,Processed,FALSE
540211,22,Processed,FALSE
540219,22,Processed,FALSE
540220,22,Processed,FALSE
540231,22,Processed,FALSE
540232,22,Processed,FALSE
540233,22,Processed,FALSE
540234,22,Processed,FALSE
540239,22,Processed,FALSE
540244,22,Processed,FALSE
540245,22,Processed,FALSE
540246,22,Processed,FALSE
540247,22,Processed,FALSE
540248,22,Processed,FALSE
540249,22,Processed,FALSE
540251,22,Processed,FALSE
540252,22,Processed,FALSE
540259,22,Processed,FALSE
540261,22,Processed,FALSE
540262,22,Processed,FALSE
540269,22,Processed,FALSE
540310,22,Processed,FALSE
540331,22,Processed,FALSE
540332,22,Processed,FALSE
540333,22,Processed,FALSE
540339,22,Processed,FALSE
540341,22,Processed,FALSE
540342,22,Processed,FALSE
540349,22,Processed,FALSE
540411,22,Processed,FALSE
540412,22,Processed,FALSE
540419,22,Processed,FALSE
540490,22,Processed,FALSE
540500,22,Processed,FALSE
540710,22,Processed,FALSE
540720,22,Processed,FALSE
540730,22,Processed,FALSE
540741,22,Processed,FALSE
540742,22,Processed,FALSE
540743,22,Processed,FALSE
540744,22,Processed,FALSE
540751,22,Processed,FALSE
540752,22,Processed,FALSE
540753,22,Processed,FALSE
540754,22,Processed,FALSE
540761,22,Processed,FALSE
540769,22,Processed,FALSE
540771,22,Processed,FALSE
540772,22,Processed,FALSE
540773,22,Processed,FALSE
540774,22,Processed,FALSE
540781,22,Processed,FALSE
540782,22,Processed,FALSE
540783,22,Processed,FALSE
540784,22,Processed,FALSE
540791,22,Processed,FALSE
540792,22,Processed,FALSE
540793,22,Processed,FALSE
540794,22,Processed,FALSE
540810,22,Processed,FALSE
540821,22,Processed,FALSE
540822,22,Processed,FALSE
540823,22,Processed,FALSE
540824,22,Processed,FALSE
540831,22,Processed,FALSE
540832,22,Processed,FALSE
540833,22,Processed,FALSE
540834,22,Processed,FALSE
550110,22,Processed,FALSE
550120,22,Processed,FALSE
550130,22,Processed,FALSE
550140,22,Processed,FALSE
550190,22,Processed,FALSE
550200,22,Processed,FALSE
550311,22,Processed,FALSE
550319,22,Processed,FALSE
550320,22,Processed,FALSE
550330,22,Processed,FALSE
550340,22,Processed,FALSE
550390,22,Processed,FALSE
550410,22,Processed,FALSE
550490,22,Processed,FALSE
550610,22,Processed,FALSE
550620,22,Processed,FALSE
550630,22,Processed,FALSE
550690,22,Processed,FALSE
550700,22,Processed,FALSE
550810,22,Processed,FALSE
550820,22,Processed,FALSE
550911,22,Processed,FALSE
550912,22,Processed,FALSE
550921,22,Processed,FALSE
550922,22,Processed,FALSE
550931,22,Processed,FALSE
550932,22,Processed,FALSE
550941,22,Processed,FALSE
550942,22,Processed,FALSE
550951,22,Processed,FALSE
550952,22,Processed,FALSE
550953,22,Processed,FALSE
550959,22,Processed,FALSE
550961,22,Processed,FALSE
550962,22,Processed,FALSE
550969,22,Processed,FALSE
550991,22,Processed,FALSE
550992,22,Processed,FALSE
550999,22,Processed,FALSE
551011,22,Processed,FALSE
551012,22,Processed,FALSE
551020,22,Processed,FALSE
551030,22,Processed,FALSE
551090,22,Processed,FALSE
551211,22,Processed,FALSE
551219,22,Processed,FALSE
551221,22,Processed,FALSE
551229,22,Processed,FALSE
551291,22,Processed,FALSE
551299,22,Processed,FALSE
551311,22,Processed,FALSE
551312,22,Processed,FALSE
551313,22,Processed,FALSE
551319,22,Processed,FALSE
551321,22,Processed,FALSE
551323,22,Processed,FALSE
551329,22,Processed,FALSE
551331,22,Processed,FALSE
551339,22,Processed,FALSE
551341,22,Processed,FALSE
551349,22,Processed,FALSE
551411,22,Processed,FALSE
551412,22,Processed,FALSE
551419,22,Processed,FALSE
551421,22,Processed,FALSE
551422,22,Processed,FALSE
551423,22,Processed,FALSE
551429,22,Processed,FALSE
551430,22,Processed,FALSE
551441,22,Processed,FALSE
551442,22,Processed,FALSE
551443,22,Processed,FALSE
551449,22,Processed,FALSE
551511,22,Processed,FALSE
551512,22,Processed,FALSE
551513,22,Processed,FALSE
551519,22,Processed,FALSE
551521,22,Processed,FALSE
551522,22,Processed,FALSE
551529,22,Processed,FALSE
551591,22,Processed,FALSE
551599,22,Processed,FALSE
551611,22,Processed,FALSE
551612,22,Processed,FALSE
551613,22,Processed,FALSE
551614,22,Processed,FALSE
551621,22,Processed,FALSE
551622,22,Processed,FALSE
551623,22,Processed,FALSE
551624,22,Processed,FALSE
551631,22,Processed,FALSE
551632,22,Processed,FALSE
551633,22,Processed,FALSE
551634,22,Processed,FALSE
551641,22,Processed,FALSE
551642,22,Processed,FALSE
551643,22,Processed,FALSE
551644,22,Processed,FALSE
551691,22,Processed,FALSE
551692,22,Processed,FALSE
551693,22,Processed,FALSE
551694,22,Processed,FALSE
560110,22,Processed,FALSE
560121,22,Processed,FALSE
560122,22,Processed,FALSE
560129,22,Processed,FALSE
560130,22,Processed,FALSE
560210,22,Processed,FALSE
560221,22,Processed,FALSE
560229,22,Processed,FALSE
560290,22,Processed,FALSE
560311,22,Processed,FALSE
560312,22,Processed,FALSE
560313,22,Processed,FALSE
560314,22,Processed,FALSE
560391,22,Processed,FALSE
560392,22,Processed,FALSE
560393,22,Processed,FALSE
560394,22,Processed,FALSE
560410,22,Processed,FALSE
560490,22,Processed,FALSE
560500,22,Processed,FALSE
560600,22,Processed,FALSE
560721,22,Processed,FALSE
560729,22,Processed,FALSE
560741,22,Processed,FALSE
560749,22,Processed,FALSE
560750,22,Processed,FALSE
560790,22,Processed,FALSE
560811,22,Processed,FALSE
560819,22,Processed,FALSE
560890,22,Processed,FALSE
560900,22,Processed,FALSE
580110,22,Processed,FALSE
580121,22,Processed,FALSE
580122,22,Processed,FALSE
580123,22,Processed,FALSE
580124,22,Processed,FALSE
580125,22,Processed,FALSE
580126,22,Processed,FALSE
580131,22,Processed,FALSE
580132,22,Processed,FALSE
580133,22,Processed,FALSE
580134,22,Processed,FALSE
580135,22,Processed,FALSE
580136,22,Processed,FALSE
580190,22,Processed,FALSE
580211,22,Processed,FALSE
580219,22,Processed,FALSE
580220,22,Processed,FALSE
580230,22,Processed,FALSE
580300,22,Processed,FALSE
580410,22,Processed,FALSE
580421,22,Processed,FALSE
580429,22,Processed,FALSE
580430,22,Processed,FALSE
580610,22,Processed,FALSE
580620,22,Processed,FALSE
580631,22,Processed,FALSE
580632,22,Processed,FALSE
580639,22,Processed,FALSE
580640,22,Processed,FALSE
580710,22,Processed,FALSE
580790,22,Processed,FALSE
580810,22,Processed,FALSE
580890,22,Processed,FALSE
580900,22,Processed,FALSE
581010,22,Processed,FALSE
581091,22,Processed,FALSE
581092,22,Processed,FALSE
581099,22,Processed,FALSE
581100,22,Processed,FALSE
590110,22,Processed,FALSE
590190,22,Processed,FALSE
590210,22,Processed,FALSE
590220,22,Processed,FALSE
590290,22,Processed,FALSE
590310,22,Processed,FALSE
590320,22,Processed,FALSE
590390,22,Processed,FALSE
590500,22,Processed,FALSE
590610,22,Processed,FALSE
590691,22,Processed,FALSE
590699,22,Processed,FALSE
590700,22,Processed,FALSE
590800,22,Processed,FALSE
600110,22,Processed,FALSE
600121,22,Processed,FALSE
600122,22,Processed,FALSE
600129,22,Processed,FALSE
600191,22,Processed,FALSE
600192,22,Processed,FALSE
600199,22,Processed,FALSE
600240,22,Processed,FALSE
600290,22,Processed,FALSE
600310,22,Processed,FALSE
600320,22,Processed,FALSE
600330,22,Processed,FALSE
600340,22,Processed,FALSE
600390,22,Processed,FALSE
600410,22,Processed,FALSE
600490,22,Processed,FALSE
600521,22,Processed,FALSE
600522,22,Processed,FALSE
600523,22,Processed,FALSE
600524,22,Processed,FALSE
600531,22,Processed,FALSE
600532,22,Processed,FALSE
600533,22,Processed,FALSE
600534,22,Processed,FALSE
600541,22,Processed,FALSE
600542,22,Processed,FALSE
600543,22,Processed,FALSE
600544,22,Processed,FALSE
600590,22,Processed,FALSE
600610,22,Processed,FALSE
600621,22,Processed,FALSE
600622,22,Processed,FALSE
600623,22,Processed,FALSE
600624,22,Processed,FALSE
600631,22,Processed,FALSE
600632,22,Processed,FALSE
600633,22,Processed,FALSE
600634,22,Processed,FALSE
600641,22,Processed,FALSE
600642,22,Processed,FALSE
600643,22,Processed,FALSE
600644,22,Processed,FALSE
600690,22,Processed,FALSE
630510,22,Processed,FALSE
630520,22,Processed,FALSE
630532,22,Processed,FALSE
630533,22,Processed,FALSE
630539,22,Processed,FALSE
630590,22,Processed,FALSE
650100,22,Processed,FALSE
650200,22,Processed,FALSE
660320,22,Processed,FALSE
660390,22,Processed,FALSE
670100,22,Processed,FALSE
670210,22,Processed,FALSE
670290,22,Processed,FALSE
670300,22,Processed,FALSE
680100,22,Processed,FALSE
680210,22,Processed,FALSE
680221,22,Processed,FALSE
680223,22,Processed,FALSE
680229,22,Processed,FALSE
680291,22,Processed,FALSE
680292,22,Processed,FALSE
680293,22,Processed,FALSE
680299,22,Processed,FALSE
680300,22,Processed,FALSE
680410,22,Processed,FALSE
680421,22,Processed,FALSE
680422,22,Processed,FALSE
680423,22,Processed,FALSE
680430,22,Processed,FALSE
680510,22,Processed,FALSE
680520,22,Processed,FALSE
680530,22,Processed,FALSE
680610,22,Processed,FALSE
680620,22,Processed,FALSE
680690,22,Processed,FALSE
680710,22,Processed,FALSE
680790,22,Processed,FALSE
680800,22,Processed,FALSE
680911,22,Processed,FALSE
680919,22,Processed,FALSE
680990,22,Processed,FALSE
681011,22,Processed,FALSE
681019,22,Processed,FALSE
681091,22,Processed,FALSE
681099,22,Processed,FALSE
681140,22,Processed,FALSE
681181,22,Processed,FALSE
681182,22,Processed,FALSE
681183,22,Processed,FALSE
681189,22,Processed,FALSE
681280,22,Processed,FALSE
681291,22,Processed,FALSE
681292,22,Processed,FALSE
681293,22,Processed,FALSE
681299,22,Processed,FALSE
681320,22,Processed,FALSE
681381,22,Processed,FALSE
681389,22,Processed,FALSE
681410,22,Processed,FALSE
681490,22,Processed,FALSE
681510,22,Processed,FALSE
681520,22,Processed,FALSE
681591,22,Processed,FALSE
681599,22,Processed,FALSE
690100,22,Processed,FALSE
690210,22,Processed,FALSE
690220,22,Processed,FALSE
690290,22,Processed,FALSE
690310,22,Processed,FALSE
690320,22,Processed,FALSE
690390,22,Processed,FALSE
690410,22,Processed,FALSE
690490,22,Processed,FALSE
690510,22,Processed,FALSE
690590,22,Processed,FALSE
690600,22,Processed,FALSE
690710,22,Processed,FALSE
690790,22,Processed,FALSE
690810,22,Processed,FALSE
690890,22,Processed,FALSE
690911,22,Processed,FALSE
690912,22,Processed,FALSE
690919,22,Processed,FALSE
690990,22,Processed,FALSE
691010,22,Processed,FALSE
691090,22,Processed,FALSE
691410,22,Processed,FALSE
691490,22,Processed,FALSE
700100,22,Processed,FALSE
700210,22,Processed,FALSE
700220,22,Processed,FALSE
700231,22,Processed,FALSE
700232,22,Processed,FALSE
700239,22,Processed,FALSE
700312,22,Processed,FALSE
700319,22,Processed,FALSE
700320,22,Processed,FALSE
700330,22,Processed,FALSE
700420,22,Processed,FALSE
700490,22,Processed,FALSE
700510,22,Processed,FALSE
700521,22,Processed,FALSE
700529,22,Processed,FALSE
700530,22,Processed,FALSE
700600,22,Processed,FALSE
700711,22,Processed,FALSE
700719,22,Processed,FALSE
700721,22,Processed,FALSE
700729,22,Processed,FALSE
700800,22,Processed,FALSE
700910,22,Processed,FALSE
700991,22,Processed,FALSE
700992,22,Processed,FALSE
701010,22,Processed,FALSE
701020,22,Processed,FALSE
701090,22,Processed,FALSE
701110,22,Processed,FALSE
701120,22,Processed,FALSE
701190,22,Processed,FALSE
701400,22,Processed,FALSE
701510,22,Processed,FALSE
701590,22,Processed,FALSE
701610,22,Processed,FALSE
701690,22,Processed,FALSE
701710,22,Processed,FALSE
701720,22,Processed,FALSE
701790,22,Processed,FALSE
701810,22,Processed,FALSE
701820,22,Processed,FALSE
701890,22,Processed,FALSE
701911,22,Processed,FALSE
701912,22,Processed,FALSE
701919,22,Processed,FALSE
701931,22,Processed,FALSE
701932,22,Processed,FALSE
701939,22,Processed,FALSE
701940,22,Processed,FALSE
701951,22,Processed,FALSE
701952,22,Processed,FALSE
701959,22,Processed,FALSE
701990,22,Processed,FALSE
702000,22,Processed,FALSE
710239,22,Processed,FALSE
710391,22,Processed,FALSE
710399,22,Processed,FALSE
710410,22,Processed,FALSE
710420,22,Processed,FALSE
710490,22,Processed,FALSE
710610,22,Processed,FALSE
710691,22,Processed,FALSE
710692,22,Processed,FALSE
710700,22,Processed,FALSE
710811,22,Processed,FALSE
710812,22,Processed,FALSE
710813,22,Processed,FALSE
710900,22,Processed,FALSE
711011,22,Processed,FALSE
711019,22,Processed,FALSE
711021,22,Processed,FALSE
711029,22,Processed,FALSE
711031,22,Processed,FALSE
711039,22,Processed,FALSE
711041,22,Processed,FALSE
711049,22,Processed,FALSE
711100,22,Processed,FALSE
720110,22,Processed,FALSE
720120,22,Processed,FALSE
720150,22,Processed,FALSE
720211,22,Processed,FALSE
720219,22,Processed,FALSE
720221,22,Processed,FALSE
720229,22,Processed,FALSE
720230,22,Processed,FALSE
720241,22,Processed,FALSE
720249,22,Processed,FALSE
720250,22,Processed,FALSE
720260,22,Processed,FALSE
720270,22,Processed,FALSE
720280,22,Processed,FALSE
720291,22,Processed,FALSE
720292,22,Processed,FALSE
720293,22,Processed,FALSE
720299,22,Processed,FALSE
720310,22,Processed,FALSE
720390,22,Processed,FALSE
720510,22,Processed,FALSE
720521,22,Processed,FALSE
720529,22,Processed,FALSE
720610,22,Processed,FALSE
720690,22,Processed,FALSE
720711,22,Processed,FALSE
720712,22,Processed,FALSE
720719,22,Processed,FALSE
720720,22,Processed,FALSE
720810,22,Processed,FALSE
720825,22,Processed,FALSE
720826,22,Processed,FALSE
720827,22,Processed,FALSE
720836,22,Processed,FALSE
720837,22,Processed,FALSE
720838,22,Processed,FALSE
720839,22,Processed,FALSE
720840,22,Processed,FALSE
720851,22,Processed,FALSE
720852,22,Processed,FALSE
720853,22,Processed,FALSE
720854,22,Processed,FALSE
720890,22,Processed,FALSE
720915,22,Processed,FALSE
720916,22,Processed,FALSE
720917,22,Processed,FALSE
720918,22,Processed,FALSE
720925,22,Processed,FALSE
720926,22,Processed,FALSE
720927,22,Processed,FALSE
720928,22,Processed,FALSE
720990,22,Processed,FALSE
721011,22,Processed,FALSE
721012,22,Processed,FALSE
721020,22,Processed,FALSE
721030,22,Processed,FALSE
721041,22,Processed,FALSE
721049,22,Processed,FALSE
721050,22,Processed,FALSE
721061,22,Processed,FALSE
721069,22,Processed,FALSE
721070,22,Processed,FALSE
721090,22,Processed,FALSE
721113,22,Processed,FALSE
721114,22,Processed,FALSE
721119,22,Processed,FALSE
721123,22,Processed,FALSE
721129,22,Processed,FALSE
721190,22,Processed,FALSE
721210,22,Processed,FALSE
721220,22,Processed,FALSE
721230,22,Processed,FALSE
721240,22,Processed,FALSE
721250,22,Processed,FALSE
721260,22,Processed,FALSE
721310,22,Processed,FALSE
721320,22,Processed,FALSE
721391,22,Processed,FALSE
721399,22,Processed,FALSE
721410,22,Processed,FALSE
721420,22,Processed,FALSE
721430,22,Processed,FALSE
721491,22,Processed,FALSE
721499,22,Processed,FALSE
721510,22,Processed,FALSE
721550,22,Processed,FALSE
721590,22,Processed,FALSE
721610,22,Processed,FALSE
721621,22,Processed,FALSE
721622,22,Processed,FALSE
721631,22,Processed,FALSE
721632,22,Processed,FALSE
721633,22,Processed,FALSE
721640,22,Processed,FALSE
721650,22,Processed,FALSE
721661,22,Processed,FALSE
721669,22,Processed,FALSE
721691,22,Processed,FALSE
721699,22,Processed,FALSE
721710,22,Processed,FALSE
721720,22,Processed,FALSE
721730,22,Processed,FALSE
721790,22,Processed,FALSE
721810,22,Processed,FALSE
721891,22,Processed,FALSE
721899,22,Processed,FALSE
721911,22,Processed,FALSE
721912,22,Processed,FALSE
721913,22,Processed,FALSE
721914,22,Processed,FALSE
721921,22,Processed,FALSE
721922,22,Processed,FALSE
721923,22,Processed,FALSE
721924,22,Processed,FALSE
721931,22,Processed,FALSE
721932,22,Processed,FALSE
721933,22,Processed,FALSE
721934,22,Processed,FALSE
721935,22,Processed,FALSE
721990,22,Processed,FALSE
722011,22,Processed,FALSE
722012,22,Processed,FALSE
722020,22,Processed,FALSE
722090,22,Processed,FALSE
722100,22,Processed,FALSE
722211,22,Processed,FALSE
722219,22,Processed,FALSE
722220,22,Processed,FALSE
722230,22,Processed,FALSE
722240,22,Processed,FALSE
722300,22,Processed,FALSE
722410,22,Processed,FALSE
722490,22,Processed,FALSE
722511,22,Processed,FALSE
722519,22,Processed,FALSE
722530,22,Processed,FALSE
722540,22,Processed,FALSE
722550,22,Processed,FALSE
722591,22,Processed,FALSE
722592,22,Processed,FALSE
722599,22,Processed,FALSE
722611,22,Processed,FALSE
722619,22,Processed,FALSE
722620,22,Processed,FALSE
722691,22,Processed,FALSE
722692,22,Processed,FALSE
722699,22,Processed,FALSE
722710,22,Processed,FALSE
722720,22,Processed,FALSE
722790,22,Processed,FALSE
722810,22,Processed,FALSE
722820,22,Processed,FALSE
722830,22,Processed,FALSE
722840,22,Processed,FALSE
722850,22,Processed,FALSE
722860,22,Processed,FALSE
722870,22,Processed,FALSE
722880,22,Processed,FALSE
722920,22,Processed,FALSE
722990,22,Processed,FALSE
730110,22,Processed,FALSE
730120,22,Processed,FALSE
730210,22,Processed,FALSE
730230,22,Processed,FALSE
730240,22,Processed,FALSE
730290,22,Processed,FALSE
730300,22,Processed,FALSE
730411,22,Processed,FALSE
730419,22,Processed,FALSE
730422,22,Processed,FALSE
730423,22,Processed,FALSE
730424,22,Processed,FALSE
730429,22,Processed,FALSE
730431,22,Processed,FALSE
730439,22,Processed,FALSE
730441,22,Processed,FALSE
730449,22,Processed,FALSE
730451,22,Processed,FALSE
730459,22,Processed,FALSE
730490,22,Processed,FALSE
730511,22,Processed,FALSE
730512,22,Processed,FALSE
730519,22,Processed,FALSE
730520,22,Processed,FALSE
730531,22,Processed,FALSE
730539,22,Processed,FALSE
730590,22,Processed,FALSE
730611,22,Processed,FALSE
730619,22,Processed,FALSE
730621,22,Processed,FALSE
730629,22,Processed,FALSE
730630,22,Processed,FALSE
730640,22,Processed,FALSE
730650,22,Processed,FALSE
730661,22,Processed,FALSE
730669,22,Processed,FALSE
730690,22,Processed,FALSE
730711,22,Processed,FALSE
730719,22,Processed,FALSE
730721,22,Processed,FALSE
730722,22,Processed,FALSE
730723,22,Processed,FALSE
730729,22,Processed,FALSE
730791,22,Processed,FALSE
730792,22,Processed,FALSE
730793,22,Processed,FALSE
730799,22,Processed,FALSE
730810,22,Processed,FALSE
730820,22,Processed,FALSE
730830,22,Processed,FALSE
730840,22,Processed,FALSE
730890,22,Processed,FALSE
731210,22,Processed,FALSE
731290,22,Processed,FALSE
731300,22,Processed,FALSE
731412,22,Processed,FALSE
731414,22,Processed,FALSE
731419,22,Processed,FALSE
731420,22,Processed,FALSE
731431,22,Processed,FALSE
731439,22,Processed,FALSE
731441,22,Processed,FALSE
731442,22,Processed,FALSE
731449,22,Processed,FALSE
731450,22,Processed,FALSE
731511,22,Processed,FALSE
731512,22,Processed,FALSE
731519,22,Processed,FALSE
731520,22,Processed,FALSE
731581,22,Processed,FALSE
731582,22,Processed,FALSE
731589,22,Processed,FALSE
731590,22,Processed,FALSE
731700,22,Processed,FALSE
731811,22,Processed,FALSE
731812,22,Processed,FALSE
731813,22,Processed,FALSE
731814,22,Processed,FALSE
731815,22,Processed,FALSE
731816,22,Processed,FALSE
731819,22,Processed,FALSE
731821,22,Processed,FALSE
731822,22,Processed,FALSE
731823,22,Processed,FALSE
731824,22,Processed,FALSE
731829,22,Processed,FALSE
732010,22,Processed,FALSE
732020,22,Processed,FALSE
732090,22,Processed,FALSE
732190,22,Processed,FALSE
732410,22,Processed,FALSE
732421,22,Processed,FALSE
732429,22,Processed,FALSE
732490,22,Processed,FALSE
732510,22,Processed,FALSE
732591,22,Processed,FALSE
732599,22,Processed,FALSE
732611,22,Processed,FALSE
732619,22,Processed,FALSE
732620,22,Processed,FALSE
732690,22,Processed,FALSE
740100,22,Processed,FALSE
740200,22,Processed,FALSE
740311,22,Processed,FALSE
740312,22,Processed,FALSE
740313,22,Processed,FALSE
740319,22,Processed,FALSE
740321,22,Processed,FALSE
740322,22,Processed,FALSE
740329,22,Processed,FALSE
740500,22,Processed,FALSE
740610,22,Processed,FALSE
740620,22,Processed,FALSE
740710,22,Processed,FALSE
740721,22,Processed,FALSE
740729,22,Processed,FALSE
740811,22,Processed,FALSE
740819,22,Processed,FALSE
740821,22,Processed,FALSE
740822,22,Processed,FALSE
740829,22,Processed,FALSE
740911,22,Processed,FALSE
740919,22,Processed,FALSE
740921,22,Processed,FALSE
740929,22,Processed,FALSE
740931,22,Processed,FALSE
740939,22,Processed,FALSE
740940,22,Processed,FALSE
740990,22,Processed,FALSE
741011,22,Processed,FALSE
741012,22,Processed,FALSE
741021,22,Processed,FALSE
741022,22,Processed,FALSE
741110,22,Processed,FALSE
741121,22,Processed,FALSE
741122,22,Processed,FALSE
741129,22,Processed,FALSE
741210,22,Processed,FALSE
741220,22,Processed,FALSE
741300,22,Processed,FALSE
741510,22,Processed,FALSE
741521,22,Processed,FALSE
741529,22,Processed,FALSE
741533,22,Processed,FALSE
741539,22,Processed,FALSE
741820,22,Processed,FALSE
741910,22,Processed,FALSE
741991,22,Processed,FALSE
741999,22,Processed,FALSE
750110,22,Processed,FALSE
750120,22,Processed,FALSE
750210,22,Processed,FALSE
750220,22,Processed,FALSE
750400,22,Processed,FALSE
750511,22,Processed,FALSE
750512,22,Processed,FALSE
750521,22,Processed,FALSE
750522,22,Processed,FALSE
750610,22,Processed,FALSE
750620,22,Processed,FALSE
750711,22,Processed,FALSE
750712,22,Processed,FALSE
750720,22,Processed,FALSE
750810,22,Processed,FALSE
750890,22,Processed,FALSE
760110,22,Processed,FALSE
760120,22,Processed,FALSE
760310,22,Processed,FALSE
760320,22,Processed,FALSE
760410,22,Processed,FALSE
760421,22,Processed,FALSE
760429,22,Processed,FALSE
760511,22,Processed,FALSE
760519,22,Processed,FALSE
760521,22,Processed,FALSE
760529,22,Processed,FALSE
760611,22,Processed,FALSE
760612,22,Processed,FALSE
760691,22,Processed,FALSE
760692,22,Processed,FALSE
760711,22,Processed,FALSE
760719,22,Processed,FALSE
760720,22,Processed,FALSE
760810,22,Processed,FALSE
760820,22,Processed,FALSE
760900,22,Processed,FALSE
761010,22,Processed,FALSE
761090,22,Processed,FALSE
761410,22,Processed,FALSE
761490,22,Processed,FALSE
761520,22,Processed,FALSE
761610,22,Processed,FALSE
761691,22,Processed,FALSE
761699,22,Processed,FALSE
780110,22,Processed,FALSE
780191,22,Processed,FALSE
780199,22,Processed,FALSE
780411,22,Processed,FALSE
780419,22,Processed,FALSE
780420,22,Processed,FALSE
780600,22,Processed,FALSE
790111,22,Processed,FALSE
790112,22,Processed,FALSE
790120,22,Processed,FALSE
790310,22,Processed,FALSE
790390,22,Processed,FALSE
790400,22,Processed,FALSE
790500,22,Processed,FALSE
790700,22,Processed,FALSE
800110,22,Processed,FALSE
800120,22,Processed,FALSE
800300,22,Processed,FALSE
810110,22,Processed,FALSE
810194,22,Processed,FALSE
810196,22,Processed,FALSE
810197,22,Processed,FALSE
810199,22,Processed,FALSE
810210,22,Processed,FALSE
810294,22,Processed,FALSE
810295,22,Processed,FALSE
810296,22,Processed,FALSE
810297,22,Processed,FALSE
810299,22,Processed,FALSE
810320,22,Processed,FALSE
810330,22,Processed,FALSE
810390,22,Processed,FALSE
810411,22,Processed,FALSE
810419,22,Processed,FALSE
810430,22,Processed,FALSE
810490,22,Processed,FALSE
810520,22,Processed,FALSE
810530,22,Processed,FALSE
810590,22,Processed,FALSE
810600,22,Processed,FALSE
810720,22,Processed,FALSE
810730,22,Processed,FALSE
810790,22,Processed,FALSE
810820,22,Processed,FALSE
810830,22,Processed,FALSE
810890,22,Processed,FALSE
810920,22,Processed,FALSE
810930,22,Processed,FALSE
810990,22,Processed,FALSE
811010,22,Processed,FALSE
811020,22,Processed,FALSE
811090,22,Processed,FALSE
811100,22,Processed,FALSE
811212,22,Processed,FALSE
811213,22,Processed,FALSE
811219,22,Processed,FALSE
811221,22,Processed,FALSE
811222,22,Processed,FALSE
811229,22,Processed,FALSE
811251,22,Processed,FALSE
811252,22,Processed,FALSE
811259,22,Processed,FALSE
811292,22,Processed,FALSE
811299,22,Processed,FALSE
811300,22,Processed,FALSE
830110,22,Processed,FALSE
830120,22,Processed,FALSE
830130,22,Processed,FALSE
830140,22,Processed,FALSE
830150,22,Processed,FALSE
830160,22,Processed,FALSE
830170,22,Processed,FALSE
830210,22,Processed,FALSE
830220,22,Processed,FALSE
830241,22,Processed,FALSE
830242,22,Processed,FALSE
830249,22,Processed,FALSE
830250,22,Processed,FALSE
830260,22,Processed,FALSE
830510,22,Processed,FALSE
830520,22,Processed,FALSE
830590,22,Processed,FALSE
830610,22,Processed,FALSE
830710,22,Processed,FALSE
830790,22,Processed,FALSE
830810,22,Processed,FALSE
830820,22,Processed,FALSE
830890,22,Processed,FALSE
830910,22,Processed,FALSE
830990,22,Processed,FALSE
831000,22,Processed,FALSE
831110,22,Processed,FALSE
831120,22,Processed,FALSE
831130,22,Processed,FALSE
831190,22,Processed,FALSE
845230,22,Processed,FALSE
845240,22,Processed,FALSE
845290,22,Processed,FALSE
850690,22,Processed,FALSE
850790,22,Processed,FALSE
850870,22,Processed,FALSE
850990,22,Processed,FALSE
851090,22,Processed,FALSE
851190,22,Processed,FALSE
851290,22,Processed,FALSE
851310,22,Processed,FALSE
851390,22,Processed,FALSE
851610,22,Processed,FALSE
851680,22,Processed,FALSE
851690,22,Processed,FALSE
853931,22,Processed,FALSE
853932,22,Processed,FALSE
853939,22,Processed,FALSE
853941,22,Processed,FALSE
853949,22,Processed,FALSE
853990,22,Processed,FALSE
854411,22,Processed,FALSE
854419,22,Processed,FALSE
854420,22,Processed,FALSE
854430,22,Processed,FALSE
854442,22,Processed,FALSE
854449,22,Processed,FALSE
854460,22,Processed,FALSE
854470,22,Processed,FALSE
854690,22,Processed,FALSE
854710,22,Processed,FALSE
854720,22,Processed,FALSE
854790,22,Processed,FALSE
900110,22,Processed,FALSE
900120,22,Processed,FALSE
900130,22,Processed,FALSE
900140,22,Processed,FALSE
900150,22,Processed,FALSE
900190,22,Processed,FALSE
900211,22,Processed,FALSE
900219,22,Processed,FALSE
900220,22,Processed,FALSE
900290,22,Processed,FALSE
900691,22,Processed,FALSE
900699,22,Processed,FALSE
910811,22,Processed,FALSE
910812,22,Processed,FALSE
910819,22,Processed,FALSE
910820,22,Processed,FALSE
910890,22,Processed,FALSE
910911,22,Processed,FALSE
910919,22,Processed,FALSE
910990,22,Processed,FALSE
911011,22,Processed,FALSE
911012,22,Processed,FALSE
911019,22,Processed,FALSE
911090,22,Processed,FALSE
911110,22,Processed,FALSE
911120,22,Processed,FALSE
911180,22,Processed,FALSE
911190,22,Processed,FALSE
911220,22,Processed,FALSE
911290,22,Processed,FALSE
911410,22,Processed,FALSE
911420,22,Processed,FALSE
911430,22,Processed,FALSE
911440,22,Processed,FALSE
911490,22,Processed,FALSE
920930,22,Processed,FALSE
920991,22,Processed,FALSE
920992,22,Processed,FALSE
920994,22,Processed,FALSE
920999,22,Processed,FALSE
940190,22,Processed,FALSE
940510,22,Processed,FALSE
940520,22,Processed,FALSE
940540,22,Processed,FALSE
940550,22,Processed,FALSE
940560,22,Processed,FALSE
940591,22,Processed,FALSE
940592,22,Processed,FALSE
940599,22,Processed,FALSE
940600,22,Processed,FALSE
960310,22,Processed,FALSE
960321,22,Processed,FALSE
960329,22,Processed,FALSE
960330,22,Processed,FALSE
960340,22,Processed,FALSE
960350,22,Processed,FALSE
960390,22,Processed,FALSE
960400,22,Processed,FALSE
960610,22,Processed,FALSE
960621,22,Processed,FALSE
960622,22,Processed,FALSE
960629,22,Processed,FALSE
960630,22,Processed,FALSE
960711,22,Processed,FALSE
960719,22,Processed,FALSE
960720,22,Processed,FALSE
961100,22,Processed,FALSE
961210,22,Processed,FALSE
961220,22,Processed,FALSE
961390,22,Processed,FALSE
270111,31,Primary,FALSE
270112,31,Primary,FALSE
270119,31,Primary,FALSE
270210,31,Primary,FALSE
270300,31,Primary,FALSE
270900,31,Primary,FALSE
271121,31,Primary,FALSE
271129,31,Primary,FALSE
440110,31,Primary,FALSE
010210,41,Capital goods (except for transport equipment),TRUE
010310,41,Capital goods (except for transport equipment),TRUE
711510,41,Capital goods (except for transport equipment),TRUE
711590,41,Capital goods (except for transport equipment),TRUE
730900,41,Capital goods (except for transport equipment),TRUE
731010,41,Capital goods (except for transport equipment),TRUE
731021,41,Capital goods (except for transport equipment),TRUE
731029,41,Capital goods (except for transport equipment),TRUE
731100,41,Capital goods (except for transport equipment),TRUE
732211,41,Capital goods (except for transport equipment),TRUE
732219,41,Capital goods (except for transport equipment),TRUE
732290,41,Capital goods (except for transport equipment),TRUE
761100,41,Capital goods (except for transport equipment),TRUE
761210,41,Capital goods (except for transport equipment),TRUE
761290,41,Capital goods (except for transport equipment),TRUE
761300,41,Capital goods (except for transport equipment),TRUE
820110,41,Capital goods (except for transport equipment),TRUE
820120,41,Capital goods (except for transport equipment),TRUE
820130,41,Capital goods (except for transport equipment),TRUE
820140,41,Capital goods (except for transport equipment),TRUE
820150,41,Capital goods (except for transport equipment),TRUE
820160,41,Capital goods (except for transport equipment),TRUE
820190,41,Capital goods (except for transport equipment),TRUE
820210,41,Capital goods (except for transport equipment),TRUE
820310,41,Capital goods (except for transport equipment),TRUE
820320,41,Capital goods (except for transport equipment),TRUE
820330,41,Capital goods (except for transport equipment),TRUE
820340,41,Capital goods (except for transport equipment),TRUE
820411,41,Capital goods (except for transport equipment),TRUE
820412,41,Capital goods (except for transport equipment),TRUE
820420,41,Capital goods (except for transport equipment),TRUE
820510,41,Capital goods (except for transport equipment),TRUE
820520,41,Capital goods (except for transport equipment),TRUE
820530,41,Capital goods (except for transport equipment),TRUE
820540,41,Capital goods (except for transport equipment),TRUE
820551,41,Capital goods (except for transport equipment),TRUE
820559,41,Capital goods (except for transport equipment),TRUE
820560,41,Capital goods (except for transport equipment),TRUE
820570,41,Capital goods (except for transport equipment),TRUE
820580,41,Capital goods (except for transport equipment),TRUE
820590,41,Capital goods (except for transport equipment),TRUE
820600,41,Capital goods (except for transport equipment),TRUE
830300,41,Capital goods (except for transport equipment),TRUE
830400,41,Capital goods (except for transport equipment),TRUE
840110,41,Capital goods (except for transport equipment),TRUE
840120,41,Capital goods (except for transport equipment),TRUE
840130,41,Capital goods (except for transport equipment),TRUE
840211,41,Capital goods (except for transport equipment),TRUE
840212,41,Capital goods (except for transport equipment),TRUE
840219,41,Capital goods (except for transport equipment),TRUE
840220,41,Capital goods (except for transport equipment),TRUE
840310,41,Capital goods (except for transport equipment),TRUE
840390,41,Capital goods (except for transport equipment),TRUE
840410,41,Capital goods (except for transport equipment),TRUE
840420,41,Capital goods (except for transport equipment),TRUE
840510,41,Capital goods (except for transport equipment),TRUE
840610,41,Capital goods (except for transport equipment),TRUE
840681,41,Capital goods (except for transport equipment),TRUE
840682,41,Capital goods (except for transport equipment),TRUE
840790,41,Capital goods (except for transport equipment),TRUE
840890,41,Capital goods (except for transport equipment),TRUE
841011,41,Capital goods (except for transport equipment),TRUE
841012,41,Capital goods (except for transport equipment),TRUE
841013,41,Capital goods (except for transport equipment),TRUE
841221,41,Capital goods (except for transport equipment),TRUE
841229,41,Capital goods (except for transport equipment),TRUE
841231,41,Capital goods (except for transport equipment),TRUE
841239,41,Capital goods (except for transport equipment),TRUE
841280,41,Capital goods (except for transport equipment),TRUE
841311,41,Capital goods (except for transport equipment),TRUE
841319,41,Capital goods (except for transport equipment),TRUE
841320,41,Capital goods (except for transport equipment),TRUE
841330,41,Capital goods (except for transport equipment),TRUE
841340,41,Capital goods (except for transport equipment),TRUE
841350,41,Capital goods (except for transport equipment),TRUE
841360,41,Capital goods (except for transport equipment),TRUE
841370,41,Capital goods (except for transport equipment),TRUE
841381,41,Capital goods (except for transport equipment),TRUE
841382,41,Capital goods (except for transport equipment),TRUE
841410,41,Capital goods (except for transport equipment),TRUE
841420,41,Capital goods (except for transport equipment),TRUE
841430,41,Capital goods (except for transport equipment),TRUE
841440,41,Capital goods (except for transport equipment),TRUE
841459,41,Capital goods (except for transport equipment),TRUE
841480,41,Capital goods (except for transport equipment),TRUE
841510,41,Capital goods (except for transport equipment),TRUE
841520,41,Capital goods (except for transport equipment),TRUE
841581,41,Capital goods (except for transport equipment),TRUE
841582,41,Capital goods (except for transport equipment),TRUE
841583,41,Capital goods (except for transport equipment),TRUE
841610,41,Capital goods (except for transport equipment),TRUE
841620,41,Capital goods (except for transport equipment),TRUE
841630,41,Capital goods (except for transport equipment),TRUE
841710,41,Capital goods (except for transport equipment),TRUE
841720,41,Capital goods (except for transport equipment),TRUE
841780,41,Capital goods (except for transport equipment),TRUE
841850,41,Capital goods (except for transport equipment),TRUE
841861,41,Capital goods (except for transport equipment),TRUE
841869,41,Capital goods (except for transport equipment),TRUE
841911,41,Capital goods (except for transport equipment),TRUE
841919,41,Capital goods (except for transport equipment),TRUE
841920,41,Capital goods (except for transport equipment),TRUE
841931,41,Capital goods (except for transport equipment),TRUE
841932,41,Capital goods (except for transport equipment),TRUE
841939,41,Capital goods (except for transport equipment),TRUE
841940,41,Capital goods (except for transport equipment),TRUE
841950,41,Capital goods (except for transport equipment),TRUE
841960,41,Capital goods (except for transport equipment),TRUE
841981,41,Capital goods (except for transport equipment),TRUE
841989,41,Capital goods (except for transport equipment),TRUE
842010,41,Capital goods (except for transport equipment),TRUE
842111,41,Capital goods (except for transport equipment),TRUE
842112,41,Capital goods (except for transport equipment),TRUE
842119,41,Capital goods (except for transport equipment),TRUE
842121,41,Capital goods (except for transport equipment),TRUE
842122,41,Capital goods (except for transport equipment),TRUE
842123,41,Capital goods (except for transport equipment),TRUE
842129,41,Capital goods (except for transport equipment),TRUE
842131,41,Capital goods (except for transport equipment),TRUE
842139,41,Capital goods (except for transport equipment),TRUE
842219,41,Capital goods (except for transport equipment),TRUE
842220,41,Capital goods (except for transport equipment),TRUE
842230,41,Capital goods (except for transport equipment),TRUE
842240,41,Capital goods (except for transport equipment),TRUE
842310,41,Capital goods (except for transport equipment),TRUE
842320,41,Capital goods (except for transport equipment),TRUE
842330,41,Capital goods (except for transport equipment),TRUE
842381,41,Capital goods (except for transport equipment),TRUE
842382,41,Capital goods (except for transport equipment),TRUE
842389,41,Capital goods (except for transport equipment),TRUE
842410,41,Capital goods (except for transport equipment),TRUE
842420,41,Capital goods (except for transport equipment),TRUE
842430,41,Capital goods (except for transport equipment),TRUE
842481,41,Capital goods (except for transport equipment),TRUE
842489,41,Capital goods (except for transport equipment),TRUE
842511,41,Capital goods (except for transport equipment),TRUE
842519,41,Capital goods (except for transport equipment),TRUE
842531,41,Capital goods (except for transport equipment),TRUE
842539,41,Capital goods (except for transport equipment),TRUE
842541,41,Capital goods (except for transport equipment),TRUE
842542,41,Capital goods (except for transport equipment),TRUE
842549,41,Capital goods (except for transport equipment),TRUE
842611,41,Capital goods (except for transport equipment),TRUE
842612,41,Capital goods (except for transport equipment),TRUE
842619,41,Capital goods (except for transport equipment),TRUE
842620,41,Capital goods (except for transport equipment),TRUE
842630,41,Capital goods (except for transport equipment),TRUE
842641,41,Capital goods (except for transport equipment),TRUE
842649,41,Capital goods (except for transport equipment),TRUE
842691,41,Capital goods (except for transport equipment),TRUE
842699,41,Capital goods (except for transport equipment),TRUE
842710,41,Capital goods (except for transport equipment),TRUE
842720,41,Capital goods (except for transport equipment),TRUE
842790,41,Capital goods (except for transport equipment),TRUE
842810,41,Capital goods (except for transport equipment),TRUE
842820,41,Capital goods (except for transport equipment),TRUE
842831,41,Capital goods (except for transport equipment),TRUE
842832,41,Capital goods (except for transport equipment),TRUE
842833,41,Capital goods (except for transport equipment),TRUE
842839,41,Capital goods (except for transport equipment),TRUE
842840,41,Capital goods (except for transport equipment),TRUE
842860,41,Capital goods (except for transport equipment),TRUE
842890,41,Capital goods (except for transport equipment),TRUE
842911,41,Capital goods (except for transport equipment),TRUE
842919,41,Capital goods (except for transport equipment),TRUE
842920,41,Capital goods (except for transport equipment),TRUE
842930,41,Capital goods (except for transport equipment),TRUE
842940,41,Capital goods (except for transport equipment),TRUE
842951,41,Capital goods (except for transport equipment),TRUE
842952,41,Capital goods (except for transport equipment),TRUE
842959,41,Capital goods (except for transport equipment),TRUE
843010,41,Capital goods (except for transport equipment),TRUE
843020,41,Capital goods (except for transport equipment),TRUE
843031,41,Capital goods (except for transport equipment),TRUE
843039,41,Capital goods (except for transport equipment),TRUE
843041,41,Capital goods (except for transport equipment),TRUE
843049,41,Capital goods (except for transport equipment),TRUE
843050,41,Capital goods (except for transport equipment),TRUE
843061,41,Capital goods (except for transport equipment),TRUE
843069,41,Capital goods (except for transport equipment),TRUE
843210,41,Capital goods (except for transport equipment),TRUE
843221,41,Capital goods (except for transport equipment),TRUE
843229,41,Capital goods (except for transport equipment),TRUE
843230,41,Capital goods (except for transport equipment),TRUE
843240,41,Capital goods (except for transport equipment),TRUE
843280,41,Capital goods (except for transport equipment),TRUE
843320,41,Capital goods (except for transport equipment),TRUE
843330,41,Capital goods (except for transport equipment),TRUE
843340,41,Capital goods (except for transport equipment),TRUE
843351,41,Capital goods (except for transport equipment),TRUE
843352,41,Capital goods (except for transport equipment),TRUE
843353,41,Capital goods (except for transport equipment),TRUE
843359,41,Capital goods (except for transport equipment),TRUE
843360,41,Capital goods (except for transport equipment),TRUE
843410,41,Capital goods (except for transport equipment),TRUE
843420,41,Capital goods (except for transport equipment),TRUE
843510,41,Capital goods (except for transport equipment),TRUE
843610,41,Capital goods (except for transport equipment),TRUE
843621,41,Capital goods (except for transport equipment),TRUE
843629,41,Capital goods (except for transport equipment),TRUE
843680,41,Capital goods (except for transport equipment),TRUE
843710,41,Capital goods (except for transport equipment),TRUE
843780,41,Capital goods (except for transport equipment),TRUE
843810,41,Capital goods (except for transport equipment),TRUE
843820,41,Capital goods (except for transport equipment),TRUE
843830,41,Capital goods (except for transport equipment),TRUE
843840,41,Capital goods (except for transport equipment),TRUE
843850,41,Capital goods (except for transport equipment),TRUE
843860,41,Capital goods (except for transport equipment),TRUE
843880,41,Capital goods (except for transport equipment),TRUE
843910,41,Capital goods (except for transport equipment),TRUE
843920,41,Capital goods (except for transport equipment),TRUE
843930,41,Capital goods (except for transport equipment),TRUE
844010,41,Capital goods (except for transport equipment),TRUE
844110,41,Capital goods (except for transport equipment),TRUE
844120,41,Capital goods (except for transport equipment),TRUE
844130,41,Capital goods (except for transport equipment),TRUE
844140,41,Capital goods (except for transport equipment),TRUE
844180,41,Capital goods (except for transport equipment),TRUE
844230,41,Capital goods (except for transport equipment),TRUE
844311,41,Capital goods (except for transport equipment),TRUE
844312,41,Capital goods (except for transport equipment),TRUE
844313,41,Capital goods (except for transport equipment),TRUE
844314,41,Capital goods (except for transport equipment),TRUE
844315,41,Capital goods (except for transport equipment),TRUE
844316,41,Capital goods (except for transport equipment),TRUE
844317,41,Capital goods (except for transport equipment),TRUE
844319,41,Capital goods (except for transport equipment),TRUE
844331,41,Capital goods (except for transport equipment),TRUE
844332,41,Capital goods (except for transport equipment),TRUE
844339,41,Capital goods (except for transport equipment),TRUE
844400,41,Capital goods (except for transport equipment),TRUE
844511,41,Capital goods (except for transport equipment),TRUE
844512,41,Capital goods (except for transport equipment),TRUE
844513,41,Capital goods (except for transport equipment),TRUE
844519,41,Capital goods (except for transport equipment),TRUE
844520,41,Capital goods (except for transport equipment),TRUE
844530,41,Capital goods (except for transport equipment),TRUE
844540,41,Capital goods (except for transport equipment),TRUE
844590,41,Capital goods (except for transport equipment),TRUE
844610,41,Capital goods (except for transport equipment),TRUE
844621,41,Capital goods (except for transport equipment),TRUE
844629,41,Capital goods (except for transport equipment),TRUE
844630,41,Capital goods (except for transport equipment),TRUE
844711,41,Capital goods (except for transport equipment),TRUE
844712,41,Capital goods (except for transport equipment),TRUE
844720,41,Capital goods (except for transport equipment),TRUE
844790,41,Capital goods (except for transport equipment),TRUE
844900,41,Capital goods (except for transport equipment),TRUE
845020,41,Capital goods (except for transport equipment),TRUE
845110,41,Capital goods (except for transport equipment),TRUE
845129,41,Capital goods (except for transport equipment),TRUE
845130,41,Capital goods (except for transport equipment),TRUE
845140,41,Capital goods (except for transport equipment),TRUE
845150,41,Capital goods (except for transport equipment),TRUE
845180,41,Capital goods (except for transport equipment),TRUE
845221,41,Capital goods (except for transport equipment),TRUE
845229,41,Capital goods (except for transport equipment),TRUE
845310,41,Capital goods (except for transport equipment),TRUE
845320,41,Capital goods (except for transport equipment),TRUE
845380,41,Capital goods (except for transport equipment),TRUE
845410,41,Capital goods (except for transport equipment),TRUE
845420,41,Capital goods (except for transport equipment),TRUE
845430,41,Capital goods (except for transport equipment),TRUE
845510,41,Capital goods (except for transport equipment),TRUE
845521,41,Capital goods (except for transport equipment),TRUE
845522,41,Capital goods (except for transport equipment),TRUE
845610,41,Capital goods (except for transport equipment),TRUE
845620,41,Capital goods (except for transport equipment),TRUE
845630,41,Capital goods (except for transport equipment),TRUE
845690,41,Capital goods (except for transport equipment),TRUE
845710,41,Capital goods (except for transport equipment),TRUE
845720,41,Capital goods (except for transport equipment),TRUE
845730,41,Capital goods (except for transport equipment),TRUE
845811,41,Capital goods (except for transport equipment),TRUE
845819,41,Capital goods (except for transport equipment),TRUE
845891,41,Capital goods (except for transport equipment),TRUE
845899,41,Capital goods (except for transport equipment),TRUE
845910,41,Capital goods (except for transport equipment),TRUE
845921,41,Capital goods (except for transport equipment),TRUE
845929,41,Capital goods (except for transport equipment),TRUE
845931,41,Capital goods (except for transport equipment),TRUE
845939,41,Capital goods (except for transport equipment),TRUE
845940,41,Capital goods (except for transport equipment),TRUE
845951,41,Capital goods (except for transport equipment),TRUE
845959,41,Capital goods (except for transport equipment),TRUE
845961,41,Capital goods (except for transport equipment),TRUE
845969,41,Capital goods (except for transport equipment),TRUE
845970,41,Capital goods (except for transport equipment),TRUE
846011,41,Capital goods (except for transport equipment),TRUE
846019,41,Capital goods (except for transport equipment),TRUE
846021,41,Capital goods (except for transport equipment),TRUE
846029,41,Capital goods (except for transport equipment),TRUE
846031,41,Capital goods (except for transport equipment),TRUE
846039,41,Capital goods (except for transport equipment),TRUE
846040,41,Capital goods (except for transport equipment),TRUE
846090,41,Capital goods (except for transport equipment),TRUE
846120,41,Capital goods (except for transport equipment),TRUE
846130,41,Capital goods (except for transport equipment),TRUE
846140,41,Capital goods (except for transport equipment),TRUE
846150,41,Capital goods (except for transport equipment),TRUE
846190,41,Capital goods (except for transport equipment),TRUE
846210,41,Capital goods (except for transport equipment),TRUE
846221,41,Capital goods (except for transport equipment),TRUE
846229,41,Capital goods (except for transport equipment),TRUE
846231,41,Capital goods (except for transport equipment),TRUE
846239,41,Capital goods (except for transport equipment),TRUE
846241,41,Capital goods (except for transport equipment),TRUE
846249,41,Capital goods (except for transport equipment),TRUE
846291,41,Capital goods (except for transport equipment),TRUE
846299,41,Capital goods (except for transport equipment),TRUE
846310,41,Capital goods (except for transport equipment),TRUE
846320,41,Capital goods (except for transport equipment),TRUE
846330,41,Capital goods (except for transport equipment),TRUE
846390,41,Capital goods (except for transport equipment),TRUE
846410,41,Capital goods (except for transport equipment),TRUE
846420,41,Capital goods (except for transport equipment),TRUE
846490,41,Capital goods (except for transport equipment),TRUE
846510,41,Capital goods (except for transport equipment),TRUE
846591,41,Capital goods (except for transport equipment),TRUE
846592,41,Capital goods (except for transport equipment),TRUE
846593,41,Capital goods (except for transport equipment),TRUE
846594,41,Capital goods (except for transport equipment),TRUE
846595,41,Capital goods (except for transport equipment),TRUE
846596,41,Capital goods (except for transport equipment),TRUE
846599,41,Capital goods (except for transport equipment),TRUE
846610,41,Capital goods (except for transport equipment),TRUE
846620,41,Capital goods (except for transport equipment),TRUE
846630,41,Capital goods (except for transport equipment),TRUE
846711,41,Capital goods (except for transport equipment),TRUE
846719,41,Capital goods (except for transport equipment),TRUE
846721,41,Capital goods (except for transport equipment),TRUE
846722,41,Capital goods (except for transport equipment),TRUE
846729,41,Capital goods (except for transport equipment),TRUE
846781,41,Capital goods (except for transport equipment),TRUE
846789,41,Capital goods (except for transport equipment),TRUE
846810,41,Capital goods (except for transport equipment),TRUE
846820,41,Capital goods (except for transport equipment),TRUE
846880,41,Capital goods (except for transport equipment),TRUE
846900,41,Capital goods (except for transport equipment),TRUE
847010,41,Capital goods (except for transport equipment),TRUE
847021,41,Capital goods (except for transport equipment),TRUE
847029,41,Capital goods (except for transport equipment),TRUE
847030,41,Capital goods (except for transport equipment),TRUE
847050,41,Capital goods (except for transport equipment),TRUE
847090,41,Capital goods (except for transport equipment),TRUE
847130,41,Capital goods (except for transport equipment),TRUE
847141,41,Capital goods (except for transport equipment),TRUE
847149,41,Capital goods (except for transport equipment),TRUE
847150,41,Capital goods (except for transport equipment),TRUE
847160,41,Capital goods (except for transport equipment),TRUE
847170,41,Capital goods (except for transport equipment),TRUE
847180,41,Capital goods (except for transport equipment),TRUE
847190,41,Capital goods (except for transport equipment),TRUE
847210,41,Capital goods (except for transport equipment),TRUE
847230,41,Capital goods (except for transport equipment),TRUE
847290,41,Capital goods (except for transport equipment),TRUE
847410,41,Capital goods (except for transport equipment),TRUE
847420,41,Capital goods (except for transport equipment),TRUE
847431,41,Capital goods (except for transport equipment),TRUE
847432,41,Capital goods (except for transport equipment),TRUE
847439,41,Capital goods (except for transport equipment),TRUE
847480,41,Capital goods (except for transport equipment),TRUE
847510,41,Capital goods (except for transport equipment),TRUE
847521,41,Capital goods (except for transport equipment),TRUE
847529,41,Capital goods (except for transport equipment),TRUE
847621,41,Capital goods (except for transport equipment),TRUE
847629,41,Capital goods (except for transport equipment),TRUE
847681,41,Capital goods (except for transport equipment),TRUE
847689,41,Capital goods (except for transport equipment),TRUE
847710,41,Capital goods (except for transport equipment),TRUE
847720,41,Capital goods (except for transport equipment),TRUE
847730,41,Capital goods (except for transport equipment),TRUE
847740,41,Capital goods (except for transport equipment),TRUE
847751,41,Capital goods (except for transport equipment),TRUE
847759,41,Capital goods (except for transport equipment),TRUE
847780,41,Capital goods (except for transport equipment),TRUE
847810,41,Capital goods (except for transport equipment),TRUE
847910,41,Capital goods (except for transport equipment),TRUE
847920,41,Capital goods (except for transport equipment),TRUE
847930,41,Capital goods (except for transport equipment),TRUE
847940,41,Capital goods (except for transport equipment),TRUE
847950,41,Capital goods (except for transport equipment),TRUE
847960,41,Capital goods (except for transport equipment),TRUE
847981,41,Capital goods (except for transport equipment),TRUE
847982,41,Capital goods (except for transport equipment),TRUE
847989,41,Capital goods (except for transport equipment),TRUE
848010,41,Capital goods (except for transport equipment),TRUE
848020,41,Capital goods (except for transport equipment),TRUE
848030,41,Capital goods (except for transport equipment),TRUE
848041,41,Capital goods (except for transport equipment),TRUE
848049,41,Capital goods (except for transport equipment),TRUE
848050,41,Capital goods (except for transport equipment),TRUE
848060,41,Capital goods (except for transport equipment),TRUE
848071,41,Capital goods (except for transport equipment),TRUE
848079,41,Capital goods (except for transport equipment),TRUE
848610,41,Capital goods (except for transport equipment),TRUE
848620,41,Capital goods (except for transport equipment),TRUE
848630,41,Capital goods (except for transport equipment),TRUE
848640,41,Capital goods (except for transport equipment),TRUE
850110,41,Capital goods (except for transport equipment),TRUE
850120,41,Capital goods (except for transport equipment),TRUE
850131,41,Capital goods (except for transport equipment),TRUE
850132,41,Capital goods (except for transport equipment),TRUE
850133,41,Capital goods (except for transport equipment),TRUE
850134,41,Capital goods (except for transport equipment),TRUE
850140,41,Capital goods (except for transport equipment),TRUE
850151,41,Capital goods (except for transport equipment),TRUE
850152,41,Capital goods (except for transport equipment),TRUE
850153,41,Capital goods (except for transport equipment),TRUE
850161,41,Capital goods (except for transport equipment),TRUE
850162,41,Capital goods (except for transport equipment),TRUE
850163,41,Capital goods (except for transport equipment),TRUE
850164,41,Capital goods (except for transport equipment),TRUE
850211,41,Capital goods (except for transport equipment),TRUE
850212,41,Capital goods (except for transport equipment),TRUE
850213,41,Capital goods (except for transport equipment),TRUE
850220,41,Capital goods (except for transport equipment),TRUE
850231,41,Capital goods (except for transport equipment),TRUE
850239,41,Capital goods (except for transport equipment),TRUE
850240,41,Capital goods (except for transport equipment),TRUE
850410,41,Capital goods (except for transport equipment),TRUE
850421,41,Capital goods (except for transport equipment),TRUE
850422,41,Capital goods (except for transport equipment),TRUE
850423,41,Capital goods (except for transport equipment),TRUE
850431,41,Capital goods (except for transport equipment),TRUE
850432,41,Capital goods (except for transport equipment),TRUE
850433,41,Capital goods (except for transport equipment),TRUE
850434,41,Capital goods (except for transport equipment),TRUE
850440,41,Capital goods (except for transport equipment),TRUE
850450,41,Capital goods (except for transport equipment),TRUE
850511,41,Capital goods (except for transport equipment),TRUE
850519,41,Capital goods (except for transport equipment),TRUE
850520,41,Capital goods (except for transport equipment),TRUE
850590,41,Capital goods (except for transport equipment),TRUE
850860,41,Capital goods (except for transport equipment),TRUE
851410,41,Capital goods (except for transport equipment),TRUE
851420,41,Capital goods (except for transport equipment),TRUE
851430,41,Capital goods (except for transport equipment),TRUE
851440,41,Capital goods (except for transport equipment),TRUE
851511,41,Capital goods (except for transport equipment),TRUE
851519,41,Capital goods (except for transport equipment),TRUE
851521,41,Capital goods (except for transport equipment),TRUE
851529,41,Capital goods (except for transport equipment),TRUE
851531,41,Capital goods (except for transport equipment),TRUE
851539,41,Capital goods (except for transport equipment),TRUE
851580,41,Capital goods (except for transport equipment),TRUE
851711,41,Capital goods (except for transport equipment),TRUE
851712,41,Capital goods (except for transport equipment),TRUE
851718,41,Capital goods (except for transport equipment),TRUE
851761,41,Capital goods (except for transport equipment),TRUE
851762,41,Capital goods (except for transport equipment),TRUE
851769,41,Capital goods (except for transport equipment),TRUE
851810,41,Capital goods (except for transport equipment),TRUE
851821,41,Capital goods (except for transport equipment),TRUE
851822,41,Capital goods (except for transport equipment),TRUE
851829,41,Capital goods (except for transport equipment),TRUE
851830,41,Capital goods (except for transport equipment),TRUE
851840,41,Capital goods (except for transport equipment),TRUE
851850,41,Capital goods (except for transport equipment),TRUE
851920,41,Capital goods (except for transport equipment),TRUE
851950,41,Capital goods (except for transport equipment),TRUE
851981,41,Capital goods (except for transport equipment),TRUE
852110,41,Capital goods (except for transport equipment),TRUE
852190,41,Capital goods (except for transport equipment),TRUE
852550,41,Capital goods (except for transport equipment),TRUE
852560,41,Capital goods (except for transport equipment),TRUE
852580,41,Capital goods (except for transport equipment),TRUE
852610,41,Capital goods (except for transport equipment),TRUE
852691,41,Capital goods (except for transport equipment),TRUE
852692,41,Capital goods (except for transport equipment),TRUE
852841,41,Capital goods (except for transport equipment),TRUE
852851,41,Capital goods (except for transport equipment),TRUE
852861,41,Capital goods (except for transport equipment),TRUE
853010,41,Capital goods (except for transport equipment),TRUE
853080,41,Capital goods (except for transport equipment),TRUE
853110,41,Capital goods (except for transport equipment),TRUE
853120,41,Capital goods (except for transport equipment),TRUE
853180,41,Capital goods (except for transport equipment),TRUE
853210,41,Capital goods (except for transport equipment),TRUE
853221,41,Capital goods (except for transport equipment),TRUE
853222,41,Capital goods (except for transport equipment),TRUE
853223,41,Capital goods (except for transport equipment),TRUE
853224,41,Capital goods (except for transport equipment),TRUE
853225,41,Capital goods (except for transport equipment),TRUE
853229,41,Capital goods (except for transport equipment),TRUE
853230,41,Capital goods (except for transport equipment),TRUE
854310,41,Capital goods (except for transport equipment),TRUE
854320,41,Capital goods (except for transport equipment),TRUE
854330,41,Capital goods (except for transport equipment),TRUE
854370,41,Capital goods (except for transport equipment),TRUE
860800,41,Capital goods (except for transport equipment),TRUE
870110,41,Capital goods (except for transport equipment),TRUE
870130,41,Capital goods (except for transport equipment),TRUE
870190,41,Capital goods (except for transport equipment),TRUE
870911,41,Capital goods (except for transport equipment),TRUE
870919,41,Capital goods (except for transport equipment),TRUE
890510,41,Capital goods (except for transport equipment),TRUE
890520,41,Capital goods (except for transport equipment),TRUE
890590,41,Capital goods (except for transport equipment),TRUE
890790,41,Capital goods (except for transport equipment),TRUE
900580,41,Capital goods (except for transport equipment),TRUE
900711,41,Capital goods (except for transport equipment),TRUE
900719,41,Capital goods (except for transport equipment),TRUE
900720,41,Capital goods (except for transport equipment),TRUE
901110,41,Capital goods (except for transport equipment),TRUE
901120,41,Capital goods (except for transport equipment),TRUE
901210,41,Capital goods (except for transport equipment),TRUE
901310,41,Capital goods (except for transport equipment),TRUE
901320,41,Capital goods (except for transport equipment),TRUE
901380,41,Capital goods (except for transport equipment),TRUE
901410,41,Capital goods (except for transport equipment),TRUE
901420,41,Capital goods (except for transport equipment),TRUE
901480,41,Capital goods (except for transport equipment),TRUE
901510,41,Capital goods (except for transport equipment),TRUE
901520,41,Capital goods (except for transport equipment),TRUE
901530,41,Capital goods (except for transport equipment),TRUE
901540,41,Capital goods (except for transport equipment),TRUE
901580,41,Capital goods (except for transport equipment),TRUE
901600,41,Capital goods (except for transport equipment),TRUE
901710,41,Capital goods (except for transport equipment),TRUE
901720,41,Capital goods (except for transport equipment),TRUE
901730,41,Capital goods (except for transport equipment),TRUE
901780,41,Capital goods (except for transport equipment),TRUE
901811,41,Capital goods (except for transport equipment),TRUE
901812,41,Capital goods (except for transport equipment),TRUE
901813,41,Capital goods (except for transport equipment),TRUE
901814,41,Capital goods (except for transport equipment),TRUE
901819,41,Capital goods (except for transport equipment),TRUE
901820,41,Capital goods (except for transport equipment),TRUE
901831,41,Capital goods (except for transport equipment),TRUE
901832,41,Capital goods (except for transport equipment),TRUE
901839,41,Capital goods (except for transport equipment),TRUE
901841,41,Capital goods (except for transport equipment),TRUE
901849,41,Capital goods (except for transport equipment),TRUE
901850,41,Capital goods (except for transport equipment),TRUE
901890,41,Capital goods (except for transport equipment),TRUE
901910,41,Capital goods (except for transport equipment),TRUE
901920,41,Capital goods (except for transport equipment),TRUE
902000,41,Capital goods (except for transport equipment),TRUE
902212,41,Capital goods (except for transport equipment),TRUE
902213,41,Capital goods (except for transport equipment),TRUE
902214,41,Capital goods (except for transport equipment),TRUE
902219,41,Capital goods (except for transport equipment),TRUE
902221,41,Capital goods (except for transport equipment),TRUE
902229,41,Capital goods (except for transport equipment),TRUE
902230,41,Capital goods (except for transport equipment),TRUE
902290,41,Capital goods (except for transport equipment),TRUE
902300,41,Capital goods (except for transport equipment),TRUE
902410,41,Capital goods (except for transport equipment),TRUE
902480,41,Capital goods (except for transport equipment),TRUE
902511,41,Capital goods (except for transport equipment),TRUE
902519,41,Capital goods (except for transport equipment),TRUE
902580,41,Capital goods (except for transport equipment),TRUE
902610,41,Capital goods (except for transport equipment),TRUE
902620,41,Capital goods (except for transport equipment),TRUE
902680,41,Capital goods (except for transport equipment),TRUE
902710,41,Capital goods (except for transport equipment),TRUE
902720,41,Capital goods (except for transport equipment),TRUE
902730,41,Capital goods (except for transport equipment),TRUE
902750,41,Capital goods (except for transport equipment),TRUE
902780,41,Capital goods (except for transport equipment),TRUE
902790,41,Capital goods (except for transport equipment),TRUE
902810,41,Capital goods (except for transport equipment),TRUE
902820,41,Capital goods (except for transport equipment),TRUE
902830,41,Capital goods (except for transport equipment),TRUE
902910,41,Capital goods (except for transport equipment),TRUE
902920,41,Capital goods (except for transport equipment),TRUE
903010,41,Capital goods (except for transport equipment),TRUE
903020,41,Capital goods (except for transport equipment),TRUE
903031,41,Capital goods (except for transport equipment),TRUE
903032,41,Capital goods (except for transport equipment),TRUE
903033,41,Capital goods (except for transport equipment),TRUE
903039,41,Capital goods (except for transport equipment),TRUE
903040,41,Capital goods (except for transport equipment),TRUE
903082,41,Capital goods (except for transport equipment),TRUE
903084,41,Capital goods (except for transport equipment),TRUE
903089,41,Capital goods (except for transport equipment),TRUE
903110,41,Capital goods (except for transport equipment),TRUE
903120,41,Capital goods (except for transport equipment),TRUE
903141,41,Capital goods (except for transport equipment),TRUE
903149,41,Capital goods (except for transport equipment),TRUE
903180,41,Capital goods (except for transport equipment),TRUE
903210,41,Capital goods (except for transport equipment),TRUE
903220,41,Capital goods (except for transport equipment),TRUE
903281,41,Capital goods (except for transport equipment),TRUE
903289,41,Capital goods (except for transport equipment),TRUE
910610,41,Capital goods (except for transport equipment),TRUE
910690,41,Capital goods (except for transport equipment),TRUE
910700,41,Capital goods (except for transport equipment),TRUE
940210,41,Capital goods (except for transport equipment),TRUE
940290,41,Capital goods (except for transport equipment),TRUE
950810,41,Capital goods (except for transport equipment),TRUE
950890,41,Capital goods (except for transport equipment),TRUE
961800,41,Capital goods (except for transport equipment),TRUE
401011,42,Parts and accessories,FALSE
401012,42,Parts and accessories,FALSE
401019,42,Parts and accessories,FALSE
401031,42,Parts and accessories,FALSE
401032,42,Parts and accessories,FALSE
401033,42,Parts and accessories,FALSE
401034,42,Parts and accessories,FALSE
401035,42,Parts and accessories,FALSE
401036,42,Parts and accessories,FALSE
401039,42,Parts and accessories,FALSE
590900,42,Parts and accessories,FALSE
591000,42,Parts and accessories,FALSE
591110,42,Parts and accessories,FALSE
591120,42,Parts and accessories,FALSE
591131,42,Parts and accessories,FALSE
591132,42,Parts and accessories,FALSE
591140,42,Parts and accessories,FALSE
591190,42,Parts and accessories,FALSE
820220,42,Parts and accessories,FALSE
820231,42,Parts and accessories,FALSE
820239,42,Parts and accessories,FALSE
820240,42,Parts and accessories,FALSE
820291,42,Parts and accessories,FALSE
820299,42,Parts and accessories,FALSE
820713,42,Parts and accessories,FALSE
820719,42,Parts and accessories,FALSE
820720,42,Parts and accessories,FALSE
820730,42,Parts and accessories,FALSE
820740,42,Parts and accessories,FALSE
820750,42,Parts and accessories,FALSE
820760,42,Parts and accessories,FALSE
820770,42,Parts and accessories,FALSE
820780,42,Parts and accessories,FALSE
820790,42,Parts and accessories,FALSE
820810,42,Parts and accessories,FALSE
820820,42,Parts and accessories,FALSE
820830,42,Parts and accessories,FALSE
820840,42,Parts and accessories,FALSE
820890,42,Parts and accessories,FALSE
820900,42,Parts and accessories,FALSE
840140,42,Parts and accessories,FALSE
840290,42,Parts and accessories,FALSE
840490,42,Parts and accessories,FALSE
840590,42,Parts and accessories,FALSE
840690,42,Parts and accessories,FALSE
841090,42,Parts and accessories,FALSE
841290,42,Parts and accessories,FALSE
841391,42,Parts and accessories,FALSE
841392,42,Parts and accessories,FALSE
841490,42,Parts and accessories,FALSE
841590,42,Parts and accessories,FALSE
841690,42,Parts and accessories,FALSE
841790,42,Parts and accessories,FALSE
841891,42,Parts and accessories,FALSE
841899,42,Parts and accessories,FALSE
841990,42,Parts and accessories,FALSE
842091,42,Parts and accessories,FALSE
842099,42,Parts and accessories,FALSE
842191,42,Parts and accessories,FALSE
842199,42,Parts and accessories,FALSE
842290,42,Parts and accessories,FALSE
842390,42,Parts and accessories,FALSE
842490,42,Parts and accessories,FALSE
843110,42,Parts and accessories,FALSE
843120,42,Parts and accessories,FALSE
843131,42,Parts and accessories,FALSE
843139,42,Parts and accessories,FALSE
843141,42,Parts and accessories,FALSE
843142,42,Parts and accessories,FALSE
843143,42,Parts and accessories,FALSE
843149,42,Parts and accessories,FALSE
843290,42,Parts and accessories,FALSE
843390,42,Parts and accessories,FALSE
843490,42,Parts and accessories,FALSE
843590,42,Parts and accessories,FALSE
843691,42,Parts and accessories,FALSE
843699,42,Parts and accessories,FALSE
843790,42,Parts and accessories,FALSE
843890,42,Parts and accessories,FALSE
843991,42,Parts and accessories,FALSE
843999,42,Parts and accessories,FALSE
844090,42,Parts and accessories,FALSE
844190,42,Parts and accessories,FALSE
844240,42,Parts and accessories,FALSE
844250,42,Parts and accessories,FALSE
844391,42,Parts and accessories,FALSE
844399,42,Parts and accessories,FALSE
844811,42,Parts and accessories,FALSE
844819,42,Parts and accessories,FALSE
844820,42,Parts and accessories,FALSE
844831,42,Parts and accessories,FALSE
844832,42,Parts and accessories,FALSE
844833,42,Parts and accessories,FALSE
844839,42,Parts and accessories,FALSE
844842,42,Parts and accessories,FALSE
844849,42,Parts and accessories,FALSE
844851,42,Parts and accessories,FALSE
844859,42,Parts and accessories,FALSE
845090,42,Parts and accessories,FALSE
845190,42,Parts and accessories,FALSE
845390,42,Parts and accessories,FALSE
845490,42,Parts and accessories,FALSE
845530,42,Parts and accessories,FALSE
845590,42,Parts and accessories,FALSE
846691,42,Parts and accessories,FALSE
846692,42,Parts and accessories,FALSE
846693,42,Parts and accessories,FALSE
846694,42,Parts and accessories,FALSE
846791,42,Parts and accessories,FALSE
846792,42,Parts and accessories,FALSE
846799,42,Parts and accessories,FALSE
846890,42,Parts and accessories,FALSE
847310,42,Parts and accessories,FALSE
847321,42,Parts and accessories,FALSE
847329,42,Parts and accessories,FALSE
847330,42,Parts and accessories,FALSE
847340,42,Parts and accessories,FALSE
847350,42,Parts and accessories,FALSE
847490,42,Parts and accessories,FALSE
847590,42,Parts and accessories,FALSE
847690,42,Parts and accessories,FALSE
847790,42,Parts and accessories,FALSE
847890,42,Parts and accessories,FALSE
847990,42,Parts and accessories,FALSE
848110,42,Parts and accessories,FALSE
848120,42,Parts and accessories,FALSE
848130,42,Parts and accessories,FALSE
848140,42,Parts and accessories,FALSE
848180,42,Parts and accessories,FALSE
848190,42,Parts and accessories,FALSE
848210,42,Parts and accessories,FALSE
848220,42,Parts and accessories,FALSE
848230,42,Parts and accessories,FALSE
848240,42,Parts and accessories,FALSE
848250,42,Parts and accessories,FALSE
848280,42,Parts and accessories,FALSE
848291,42,Parts and accessories,FALSE
848299,42,Parts and accessories,FALSE
848310,42,Parts and accessories,FALSE
848320,42,Parts and accessories,FALSE
848330,42,Parts and accessories,FALSE
848340,42,Parts and accessories,FALSE
848350,42,Parts and accessories,FALSE
848360,42,Parts and accessories,FALSE
848390,42,Parts and accessories,FALSE
848410,42,Parts and accessories,FALSE
848420,42,Parts and accessories,FALSE
848490,42,Parts and accessories,FALSE
848690,42,Parts and accessories,FALSE
848710,42,Parts and accessories,FALSE
848790,42,Parts and accessories,FALSE
850300,42,Parts and accessories,FALSE
850490,42,Parts and accessories,FALSE
851490,42,Parts and accessories,FALSE
851590,42,Parts and accessories,FALSE
851770,42,Parts and accessories,FALSE
851890,42,Parts and accessories,FALSE
852210,42,Parts and accessories,FALSE
852290,42,Parts and accessories,FALSE
852352,42,Parts and accessories,FALSE
852910,42,Parts and accessories,FALSE
852990,42,Parts and accessories,FALSE
853090,42,Parts and accessories,FALSE
853190,42,Parts and accessories,FALSE
853290,42,Parts and accessories,FALSE
853310,42,Parts and accessories,FALSE
853321,42,Parts and accessories,FALSE
853329,42,Parts and accessories,FALSE
853331,42,Parts and accessories,FALSE
853339,42,Parts and accessories,FALSE
853340,42,Parts and accessories,FALSE
853390,42,Parts and accessories,FALSE
853400,42,Parts and accessories,FALSE
853510,42,Parts and accessories,FALSE
853521,42,Parts and accessories,FALSE
853529,42,Parts and accessories,FALSE
853530,42,Parts and accessories,FALSE
853540,42,Parts and accessories,FALSE
853590,42,Parts and accessories,FALSE
853610,42,Parts and accessories,FALSE
853620,42,Parts and accessories,FALSE
853630,42,Parts and accessories,FALSE
853641,42,Parts and accessories,FALSE
853649,42,Parts and accessories,FALSE
853650,42,Parts and accessories,FALSE
853661,42,Parts and accessories,FALSE
853669,42,Parts and accessories,FALSE
853690,42,Parts and accessories,FALSE
853710,42,Parts and accessories,FALSE
853720,42,Parts and accessories,FALSE
853810,42,Parts and accessories,FALSE
853890,42,Parts and accessories,FALSE
854011,42,Parts and accessories,FALSE
854012,42,Parts and accessories,FALSE
854020,42,Parts and accessories,FALSE
854040,42,Parts and accessories,FALSE
854050,42,Parts and accessories,FALSE
854060,42,Parts and accessories,FALSE
854071,42,Parts and accessories,FALSE
854072,42,Parts and accessories,FALSE
854079,42,Parts and accessories,FALSE
854081,42,Parts and accessories,FALSE
854089,42,Parts and accessories,FALSE
854091,42,Parts and accessories,FALSE
854099,42,Parts and accessories,FALSE
854110,42,Parts and accessories,FALSE
854121,42,Parts and accessories,FALSE
854129,42,Parts and accessories,FALSE
854130,42,Parts and accessories,FALSE
854140,42,Parts and accessories,FALSE
854150,42,Parts and accessories,FALSE
854160,42,Parts and accessories,FALSE
854190,42,Parts and accessories,FALSE
854231,42,Parts and accessories,FALSE
854232,42,Parts and accessories,FALSE
854233,42,Parts and accessories,FALSE
854239,42,Parts and accessories,FALSE
854290,42,Parts and accessories,FALSE
854390,42,Parts and accessories,FALSE
854511,42,Parts and accessories,FALSE
854519,42,Parts and accessories,FALSE
854520,42,Parts and accessories,FALSE
854590,42,Parts and accessories,FALSE
854610,42,Parts and accessories,FALSE
854620,42,Parts and accessories,FALSE
854890,42,Parts and accessories,FALSE
870990,42,Parts and accessories,FALSE
900590,42,Parts and accessories,FALSE
900791,42,Parts and accessories,FALSE
900792,42,Parts and accessories,FALSE
901180,42,Parts and accessories,FALSE
901190,42,Parts and accessories,FALSE
901290,42,Parts and accessories,FALSE
901390,42,Parts and accessories,FALSE
901490,42,Parts and accessories,FALSE
901590,42,Parts and accessories,FALSE
901790,42,Parts and accessories,FALSE
902490,42,Parts and accessories,FALSE
902590,42,Parts and accessories,FALSE
902690,42,Parts and accessories,FALSE
902890,42,Parts and accessories,FALSE
902990,42,Parts and accessories,FALSE
903090,42,Parts and accessories,FALSE
903190,42,Parts and accessories,FALSE
903290,42,Parts and accessories,FALSE
903300,42,Parts and accessories,FALSE
870310,51,Passenger motor cars,FALSE
870321,51,Passenger motor cars,FALSE
870322,51,Passenger motor cars,FALSE
870323,51,Passenger motor cars,FALSE
870324,51,Passenger motor cars,FALSE
870331,51,Passenger motor cars,FALSE
870332,51,Passenger motor cars,FALSE
870333,51,Passenger motor cars,FALSE
870390,51,Passenger motor cars,FALSE
401110,53,Parts and accessories,FALSE
401120,53,Parts and accessories,FALSE
401130,53,Parts and accessories,FALSE
401140,53,Parts and accessories,FALSE
401150,53,Parts and accessories,FALSE
401161,53,Parts and accessories,FALSE
401162,53,Parts and accessories,FALSE
401163,53,Parts and accessories,FALSE
401169,53,Parts and accessories,FALSE
401192,53,Parts and accessories,FALSE
401193,53,Parts and accessories,FALSE
401194,53,Parts and accessories,FALSE
401199,53,Parts and accessories,FALSE
401211,53,Parts and accessories,FALSE
401212,53,Parts and accessories,FALSE
401213,53,Parts and accessories,FALSE
401219,53,Parts and accessories,FALSE
401220,53,Parts and accessories,FALSE
401290,53,Parts and accessories,FALSE
401310,53,Parts and accessories,FALSE
401320,53,Parts and accessories,FALSE
401390,53,Parts and accessories,FALSE
731600,53,Parts and accessories,FALSE
830230,53,Parts and accessories,FALSE
840710,53,Parts and accessories,FALSE
840729,53,Parts and accessories,FALSE
840731,53,Parts and accessories,FALSE
840732,53,Parts and accessories,FALSE
840733,53,Parts and accessories,FALSE
840734,53,Parts and accessories,FALSE
840810,53,Parts and accessories,FALSE
840820,53,Parts and accessories,FALSE
840910,53,Parts and accessories,FALSE
840991,53,Parts and accessories,FALSE
840999,53,Parts and accessories,FALSE
841111,53,Parts and accessories,FALSE
841112,53,Parts and accessories,FALSE
841121,53,Parts and accessories,FALSE
841122,53,Parts and accessories,FALSE
841181,53,Parts and accessories,FALSE
841182,53,Parts and accessories,FALSE
841191,53,Parts and accessories,FALSE
841199,53,Parts and accessories,FALSE
841210,53,Parts and accessories,FALSE
850710,53,Parts and accessories,FALSE
850720,53,Parts and accessories,FALSE
850730,53,Parts and accessories,FALSE
850740,53,Parts and accessories,FALSE
850780,53,Parts and accessories,FALSE
851110,53,Parts and accessories,FALSE
851120,53,Parts and accessories,FALSE
851130,53,Parts and accessories,FALSE
851140,53,Parts and accessories,FALSE
851150,53,Parts and accessories,FALSE
851180,53,Parts and accessories,FALSE
851210,53,Parts and accessories,FALSE
851220,53,Parts and accessories,FALSE
851230,53,Parts and accessories,FALSE
851240,53,Parts and accessories,FALSE
853910,53,Parts and accessories,FALSE
854810,53,Parts and accessories,FALSE
860711,53,Parts and accessories,FALSE
860712,53,Parts and accessories,FALSE
860719,53,Parts and accessories,FALSE
860721,53,Parts and accessories,FALSE
860729,53,Parts and accessories,FALSE
860730,53,Parts and accessories,FALSE
860791,53,Parts and accessories,FALSE
860799,53,Parts and accessories,FALSE
870600,53,Parts and accessories,FALSE
870710,53,Parts and accessories,FALSE
870790,53,Parts and accessories,FALSE
870810,53,Parts and accessories,FALSE
870821,53,Parts and accessories,FALSE
870829,53,Parts and accessories,FALSE
870830,53,Parts and accessories,FALSE
870840,53,Parts and accessories,FALSE
870850,53,Parts and accessories,FALSE
870870,53,Parts and accessories,FALSE
870880,53,Parts and accessories,FALSE
870891,53,Parts and accessories,FALSE
870892,53,Parts and accessories,FALSE
870893,53,Parts and accessories,FALSE
870894,53,Parts and accessories,FALSE
870895,53,Parts and accessories,FALSE
870899,53,Parts and accessories,FALSE
871411,53,Parts and accessories,FALSE
871419,53,Parts and accessories,FALSE
871420,53,Parts and accessories,FALSE
871491,53,Parts and accessories,FALSE
871492,53,Parts and accessories,FALSE
871493,53,Parts and accessories,FALSE
871494,53,Parts and accessories,FALSE
871495,53,Parts and accessories,FALSE
871496,53,Parts and accessories,FALSE
871499,53,Parts and accessories,FALSE
871690,53,Parts and accessories,FALSE
880310,53,Parts and accessories,FALSE
880320,53,Parts and accessories,FALSE
880330,53,Parts and accessories,FALSE
880390,53,Parts and accessories,FALSE
910400,53,Parts and accessories,FALSE
940110,53,Parts and accessories,FALSE
940120,53,Parts and accessories,FALSE
570110,61,Durable,FALSE
570190,61,Durable,FALSE
570210,61,Durable,FALSE
570220,61,Durable,FALSE
570231,61,Durable,FALSE
570232,61,Durable,FALSE
570239,61,Durable,FALSE
570241,61,Durable,FALSE
570242,61,Durable,FALSE
570249,61,Durable,FALSE
570250,61,Durable,FALSE
570291,61,Durable,FALSE
570292,61,Durable,FALSE
570299,61,Durable,FALSE
570310,61,Durable,FALSE
570320,61,Durable,FALSE
570330,61,Durable,FALSE
570390,61,Durable,FALSE
570410,61,Durable,FALSE
570490,61,Durable,FALSE
570500,61,Durable,FALSE
590410,61,Durable,FALSE
590490,61,Durable,FALSE
711311,61,Durable,FALSE
711319,61,Durable,FALSE
711320,61,Durable,FALSE
711411,61,Durable,FALSE
711419,61,Durable,FALSE
711420,61,Durable,FALSE
711610,61,Durable,FALSE
711620,61,Durable,FALSE
732111,61,Durable,FALSE
732112,61,Durable,FALSE
732119,61,Durable,FALSE
732181,61,Durable,FALSE
732182,61,Durable,FALSE
732189,61,Durable,FALSE
821000,61,Durable,FALSE
841451,61,Durable,FALSE
841460,61,Durable,FALSE
841810,61,Durable,FALSE
841821,61,Durable,FALSE
841829,61,Durable,FALSE
841830,61,Durable,FALSE
841840,61,Durable,FALSE
842211,61,Durable,FALSE
843311,61,Durable,FALSE
843319,61,Durable,FALSE
845011,61,Durable,FALSE
845012,61,Durable,FALSE
845019,61,Durable,FALSE
845121,61,Durable,FALSE
845210,61,Durable,FALSE
850811,61,Durable,FALSE
850819,61,Durable,FALSE
850940,61,Durable,FALSE
850980,61,Durable,FALSE
851010,61,Durable,FALSE
851030,61,Durable,FALSE
851621,61,Durable,FALSE
851629,61,Durable,FALSE
851631,61,Durable,FALSE
851632,61,Durable,FALSE
851633,61,Durable,FALSE
851640,61,Durable,FALSE
851650,61,Durable,FALSE
851660,61,Durable,FALSE
851671,61,Durable,FALSE
851672,61,Durable,FALSE
851679,61,Durable,FALSE
851930,61,Durable,FALSE
851989,61,Durable,FALSE
852712,61,Durable,FALSE
852713,61,Durable,FALSE
852719,61,Durable,FALSE
852721,61,Durable,FALSE
852729,61,Durable,FALSE
852791,61,Durable,FALSE
852792,61,Durable,FALSE
852799,61,Durable,FALSE
852849,61,Durable,FALSE
852859,61,Durable,FALSE
852869,61,Durable,FALSE
852871,61,Durable,FALSE
852872,61,Durable,FALSE
852873,61,Durable,FALSE
871500,61,Durable,FALSE
900510,61,Durable,FALSE
900610,61,Durable,FALSE
900630,61,Durable,FALSE
900640,61,Durable,FALSE
900651,61,Durable,FALSE
900652,61,Durable,FALSE
900653,61,Durable,FALSE
900659,61,Durable,FALSE
900661,61,Durable,FALSE
900669,61,Durable,FALSE
900810,61,Durable,FALSE
900820,61,Durable,FALSE
900830,61,Durable,FALSE
900840,61,Durable,FALSE
900890,61,Durable,FALSE
901010,61,Durable,FALSE
901050,61,Durable,FALSE
901060,61,Durable,FALSE
901090,61,Durable,FALSE
902110,61,Durable,FALSE
902121,61,Durable,FALSE
902129,61,Durable,FALSE
902131,61,Durable,FALSE
902139,61,Durable,FALSE
902140,61,Durable,FALSE
902150,61,Durable,FALSE
902190,61,Durable,FALSE
910111,61,Durable,FALSE
910119,61,Durable,FALSE
910121,61,Durable,FALSE
910129,61,Durable,FALSE
910191,61,Durable,FALSE
910199,61,Durable,FALSE
910211,61,Durable,FALSE
910212,61,Durable,FALSE
910219,61,Durable,FALSE
910221,61,Durable,FALSE
910229,61,Durable,FALSE
910291,61,Durable,FALSE
910299,61,Durable,FALSE
910310,61,Durable,FALSE
910390,61,Durable,FALSE
910511,61,Durable,FALSE
910519,61,Durable,FALSE
910521,61,Durable,FALSE
910529,61,Durable,FALSE
910591,61,Durable,FALSE
910599,61,Durable,FALSE
920110,61,Durable,FALSE
920120,61,Durable,FALSE
920190,61,Durable,FALSE
920210,61,Durable,FALSE
920290,61,Durable,FALSE
920510,61,Durable,FALSE
920590,61,Durable,FALSE
920600,61,Durable,FALSE
920710,61,Durable,FALSE
920790,61,Durable,FALSE
920810,61,Durable,FALSE
920890,61,Durable,FALSE
930310,61,Durable,FALSE
930320,61,Durable,FALSE
930330,61,Durable,FALSE
930390,61,Durable,FALSE
930400,61,Durable,FALSE
930521,61,Durable,FALSE
930529,61,Durable,FALSE
940130,61,Durable,FALSE
940140,61,Durable,FALSE
940161,61,Durable,FALSE
940169,61,Durable,FALSE
940171,61,Durable,FALSE
940179,61,Durable,FALSE
940180,61,Durable,FALSE
940310,61,Durable,FALSE
940320,61,Durable,FALSE
940330,61,Durable,FALSE
940340,61,Durable,FALSE
940350,61,Durable,FALSE
940360,61,Durable,FALSE
940370,61,Durable,FALSE
940381,61,Durable,FALSE
940389,61,Durable,FALSE
940390,61,Durable,FALSE
970110,61,Durable,FALSE
970200,61,Durable,FALSE
970300,61,Durable,FALSE
970400,61,Durable,FALSE
970500,61,Durable,FALSE
970600,61,Durable,FALSE
300691,62,Semi-durable,FALSE
392210,62,Semi-durable,FALSE
392220,62,Semi-durable,FALSE
392290,62,Semi-durable,FALSE
392410,62,Semi-durable,FALSE
392490,62,Semi-durable,FALSE
392510,62,Semi-durable,FALSE
392520,62,Semi-durable,FALSE
392530,62,Semi-durable,FALSE
392590,62,Semi-durable,FALSE
392640,62,Semi-durable,FALSE
392690,62,Semi-durable,FALSE
420100,62,Semi-durable,FALSE
420211,62,Semi-durable,FALSE
420212,62,Semi-durable,FALSE
420219,62,Semi-durable,FALSE
420221,62,Semi-durable,FALSE
420222,62,Semi-durable,FALSE
420229,62,Semi-durable,FALSE
420231,62,Semi-durable,FALSE
420232,62,Semi-durable,FALSE
420239,62,Semi-durable,FALSE
420291,62,Semi-durable,FALSE
420292,62,Semi-durable,FALSE
420299,62,Semi-durable,FALSE
420310,62,Semi-durable,FALSE
420321,62,Semi-durable,FALSE
420329,62,Semi-durable,FALSE
420330,62,Semi-durable,FALSE
420340,62,Semi-durable,FALSE
420500,62,Semi-durable,FALSE
430310,62,Semi-durable,FALSE
430390,62,Semi-durable,FALSE
430400,62,Semi-durable,FALSE
441400,62,Semi-durable,FALSE
441900,62,Semi-durable,FALSE
442010,62,Semi-durable,FALSE
442090,62,Semi-durable,FALSE
460121,62,Semi-durable,FALSE
460122,62,Semi-durable,FALSE
460129,62,Semi-durable,FALSE
460192,62,Semi-durable,FALSE
460193,62,Semi-durable,FALSE
460194,62,Semi-durable,FALSE
460199,62,Semi-durable,FALSE
460211,62,Semi-durable,FALSE
460212,62,Semi-durable,FALSE
460219,62,Semi-durable,FALSE
460290,62,Semi-durable,FALSE
490400,62,Semi-durable,FALSE
580500,62,Semi-durable,FALSE
610120,62,Semi-durable,FALSE
610130,62,Semi-durable,FALSE
610190,62,Semi-durable,FALSE
610210,62,Semi-durable,FALSE
610220,62,Semi-durable,FALSE
610230,62,Semi-durable,FALSE
610290,62,Semi-durable,FALSE
610310,62,Semi-durable,FALSE
610322,62,Semi-durable,FALSE
610323,62,Semi-durable,FALSE
610329,62,Semi-durable,FALSE
610331,62,Semi-durable,FALSE
610332,62,Semi-durable,FALSE
610333,62,Semi-durable,FALSE
610339,62,Semi-durable,FALSE
610341,62,Semi-durable,FALSE
610342,62,Semi-durable,FALSE
610343,62,Semi-durable,FALSE
610349,62,Semi-durable,FALSE
610413,62,Semi-durable,FALSE
610419,62,Semi-durable,FALSE
610422,62,Semi-durable,FALSE
610423,62,Semi-durable,FALSE
610429,62,Semi-durable,FALSE
610431,62,Semi-durable,FALSE
610432,62,Semi-durable,FALSE
610433,62,Semi-durable,FALSE
610439,62,Semi-durable,FALSE
610441,62,Semi-durable,FALSE
610442,62,Semi-durable,FALSE
610443,62,Semi-durable,FALSE
610444,62,Semi-durable,FALSE
610449,62,Semi-durable,FALSE
610451,62,Semi-durable,FALSE
610452,62,Semi-durable,FALSE
610453,62,Semi-durable,FALSE
610459,62,Semi-durable,FALSE
610461,62,Semi-durable,FALSE
610462,62,Semi-durable,FALSE
610463,62,Semi-durable,FALSE
610469,62,Semi-durable,FALSE
610610,62,Semi-durable,FALSE
610620,62,Semi-durable,FALSE
610690,62,Semi-durable,FALSE
610791,62,Semi-durable,FALSE
610799,62,Semi-durable,FALSE
611011,62,Semi-durable,FALSE
611012,62,Semi-durable,FALSE
611019,62,Semi-durable,FALSE
611020,62,Semi-durable,FALSE
611030,62,Semi-durable,FALSE
611090,62,Semi-durable,FALSE
611120,62,Semi-durable,FALSE
611130,62,Semi-durable,FALSE
611190,62,Semi-durable,FALSE
611211,62,Semi-durable,FALSE
611212,62,Semi-durable,FALSE
611219,62,Semi-durable,FALSE
611220,62,Semi-durable,FALSE
611231,62,Semi-durable,FALSE
611239,62,Semi-durable,FALSE
611241,62,Semi-durable,FALSE
611249,62,Semi-durable,FALSE
611300,62,Semi-durable,FALSE
611420,62,Semi-durable,FALSE
611430,62,Semi-durable,FALSE
611490,62,Semi-durable,FALSE
611710,62,Semi-durable,FALSE
620111,62,Semi-durable,FALSE
620112,62,Semi-durable,FALSE
620113,62,Semi-durable,FALSE
620119,62,Semi-durable,FALSE
620191,62,Semi-durable,FALSE
620192,62,Semi-durable,FALSE
620193,62,Semi-durable,FALSE
620199,62,Semi-durable,FALSE
620211,62,Semi-durable,FALSE
620212,62,Semi-durable,FALSE
620213,62,Semi-durable,FALSE
620219,62,Semi-durable,FALSE
620291,62,Semi-durable,FALSE
620292,62,Semi-durable,FALSE
620293,62,Semi-durable,FALSE
620299,62,Semi-durable,FALSE
620311,62,Semi-durable,FALSE
620312,62,Semi-durable,FALSE
620319,62,Semi-durable,FALSE
620322,62,Semi-durable,FALSE
620323,62,Semi-durable,FALSE
620329,62,Semi-durable,FALSE
620331,62,Semi-durable,FALSE
620332,62,Semi-durable,FALSE
620333,62,Semi-durable,FALSE
620339,62,Semi-durable,FALSE
620341,62,Semi-durable,FALSE
620342,62,Semi-durable,FALSE
620343,62,Semi-durable,FALSE
620349,62,Semi-durable,FALSE
620411,62,Semi-durable,FALSE
620412,62,Semi-durable,FALSE
620413,62,Semi-durable,FALSE
620419,62,Semi-durable,FALSE
620421,62,Semi-durable,FALSE
620422,62,Semi-durable,FALSE
620423,62,Semi-durable,FALSE
620429,62,Semi-durable,FALSE
620431,62,Semi-durable,FALSE
620432,62,Semi-durable,FALSE
620433,62,Semi-durable,FALSE
620439,62,Semi-durable,FALSE
620441,62,Semi-durable,FALSE
620442,62,Semi-durable,FALSE
620443,62,Semi-durable,FALSE
620444,62,Semi-durable,FALSE
620449,62,Semi-durable,FALSE
620451,62,Semi-durable,FALSE
620452,62,Semi-durable,FALSE
620453,62,Semi-durable,FALSE
620459,62,Semi-durable,FALSE
620461,62,Semi-durable,FALSE
620462,62,Semi-durable,FALSE
620463,62,Semi-durable,FALSE
620469,62,Semi-durable,FALSE
620610,62,Semi-durable,FALSE
620620,62,Semi-durable,FALSE
620630,62,Semi-durable,FALSE
620640,62,Semi-durable,FALSE
620690,62,Semi-durable,FALSE
620920,62,Semi-durable,FALSE
620930,62,Semi-durable,FALSE
620990,62,Semi-durable,FALSE
621010,62,Semi-durable,FALSE
621020,62,Semi-durable,FALSE
621030,62,Semi-durable,FALSE
621040,62,Semi-durable,FALSE
621050,62,Semi-durable,FALSE
621111,62,Semi-durable,FALSE
621112,62,Semi-durable,FALSE
621120,62,Semi-durable,FALSE
621132,62,Semi-durable,FALSE
621133,62,Semi-durable,FALSE
621139,62,Semi-durable,FALSE
621141,62,Semi-durable,FALSE
621142,62,Semi-durable,FALSE
621143,62,Semi-durable,FALSE
621149,62,Semi-durable,FALSE
630110,62,Semi-durable,FALSE
630120,62,Semi-durable,FALSE
630130,62,Semi-durable,FALSE
630140,62,Semi-durable,FALSE
630190,62,Semi-durable,FALSE
630210,62,Semi-durable,FALSE
630221,62,Semi-durable,FALSE
630222,62,Semi-durable,FALSE
630229,62,Semi-durable,FALSE
630231,62,Semi-durable,FALSE
630232,62,Semi-durable,FALSE
630239,62,Semi-durable,FALSE
630240,62,Semi-durable,FALSE
630251,62,Semi-durable,FALSE
630253,62,Semi-durable,FALSE
630259,62,Semi-durable,FALSE
630260,62,Semi-durable,FALSE
630291,62,Semi-durable,FALSE
630293,62,Semi-durable,FALSE
630299,62,Semi-durable,FALSE
630312,62,Semi-durable,FALSE
630319,62,Semi-durable,FALSE
630391,62,Semi-durable,FALSE
630392,62,Semi-durable,FALSE
630399,62,Semi-durable,FALSE
630411,62,Semi-durable,FALSE
630419,62,Semi-durable,FALSE
630491,62,Semi-durable,FALSE
630492,62,Semi-durable,FALSE
630493,62,Semi-durable,FALSE
630499,62,Semi-durable,FALSE
630612,62,Semi-durable,FALSE
630619,62,Semi-durable,FALSE
630622,62,Semi-durable,FALSE
630629,62,Semi-durable,FALSE
630630,62,Semi-durable,FALSE
630640,62,Semi-durable,FALSE
630691,62,Semi-durable,FALSE
630699,62,Semi-durable,FALSE
630710,62,Semi-durable,FALSE
630720,62,Semi-durable,FALSE
630790,62,Semi-durable,FALSE
630800,62,Semi-durable,FALSE
640110,62,Semi-durable,FALSE
640192,62,Semi-durable,FALSE
640199,62,Semi-durable,FALSE
640212,62,Semi-durable,FALSE
640219,62,Semi-durable,FALSE
640220,62,Semi-durable,FALSE
640291,62,Semi-durable,FALSE
640299,62,Semi-durable,FALSE
640312,62,Semi-durable,FALSE
640319,62,Semi-durable,FALSE
640320,62,Semi-durable,FALSE
640340,62,Semi-durable,FALSE
640351,62,Semi-durable,FALSE
640359,62,Semi-durable,FALSE
640391,62,Semi-durable,FALSE
640399,62,Semi-durable,FALSE
640411,62,Semi-durable,FALSE
640419,62,Semi-durable,FALSE
640420,62,Semi-durable,FALSE
640510,62,Semi-durable,FALSE
640520,62,Semi-durable,FALSE
640590,62,Semi-durable,FALSE
640610,62,Semi-durable,FALSE
640620,62,Semi-durable,FALSE
640691,62,Semi-durable,FALSE
640699,62,Semi-durable,FALSE
650400,62,Semi-durable,FALSE
650510,62,Semi-durable,FALSE
650590,62,Semi-durable,FALSE
650610,62,Semi-durable,FALSE
650691,62,Semi-durable,FALSE
650699,62,Semi-durable,FALSE
650700,62,Semi-durable,FALSE
660110,62,Semi-durable,FALSE
660191,62,Semi-durable,FALSE
660199,62,Semi-durable,FALSE
660200,62,Semi-durable,FALSE
670411,62,Semi-durable,FALSE
670419,62,Semi-durable,FALSE
670420,62,Semi-durable,FALSE
670490,62,Semi-durable,FALSE
691110,62,Semi-durable,FALSE
691190,62,Semi-durable,FALSE
691200,62,Semi-durable,FALSE
691310,62,Semi-durable,FALSE
691390,62,Semi-durable,FALSE
701310,62,Semi-durable,FALSE
701322,62,Semi-durable,FALSE
701328,62,Semi-durable,FALSE
701333,62,Semi-durable,FALSE
701337,62,Semi-durable,FALSE
701341,62,Semi-durable,FALSE
701342,62,Semi-durable,FALSE
701349,62,Semi-durable,FALSE
701391,62,Semi-durable,FALSE
701399,62,Semi-durable,FALSE
711711,62,Semi-durable,FALSE
711719,62,Semi-durable,FALSE
711790,62,Semi-durable,FALSE
732310,62,Semi-durable,FALSE
732391,62,Semi-durable,FALSE
732392,62,Semi-durable,FALSE
732393,62,Semi-durable,FALSE
732394,62,Semi-durable,FALSE
732399,62,Semi-durable,FALSE
741811,62,Semi-durable,FALSE
741819,62,Semi-durable,FALSE
761511,62,Semi-durable,FALSE
761519,62,Semi-durable,FALSE
800700,62,Semi-durable,FALSE
821110,62,Semi-durable,FALSE
821191,62,Semi-durable,FALSE
821192,62,Semi-durable,FALSE
821193,62,Semi-durable,FALSE
821194,62,Semi-durable,FALSE
821195,62,Semi-durable,FALSE
821300,62,Semi-durable,FALSE
821410,62,Semi-durable,FALSE
821420,62,Semi-durable,FALSE
821490,62,Semi-durable,FALSE
821510,62,Semi-durable,FALSE
821520,62,Semi-durable,FALSE
821591,62,Semi-durable,FALSE
821599,62,Semi-durable,FALSE
830621,62,Semi-durable,FALSE
830629,62,Semi-durable,FALSE
830630,62,Semi-durable,FALSE
851020,62,Semi-durable,FALSE
852321,62,Semi-durable,FALSE
852329,62,Semi-durable,FALSE
852340,62,Semi-durable,FALSE
852351,62,Semi-durable,FALSE
852359,62,Semi-durable,FALSE
852380,62,Semi-durable,FALSE
853670,62,Semi-durable,FALSE
900311,62,Semi-durable,FALSE
900319,62,Semi-durable,FALSE
900390,62,Semi-durable,FALSE
900410,62,Semi-durable,FALSE
900490,62,Semi-durable,FALSE
911310,62,Semi-durable,FALSE
911320,62,Semi-durable,FALSE
911390,62,Semi-durable,FALSE
940151,62,Semi-durable,FALSE
940159,62,Semi-durable,FALSE
940410,62,Semi-durable,FALSE
940421,62,Semi-durable,FALSE
940429,62,Semi-durable,FALSE
940430,62,Semi-durable,FALSE
940490,62,Semi-durable,FALSE
950300,62,Semi-durable,FALSE
950410,62,Semi-durable,FALSE
950420,62,Semi-durable,FALSE
950430,62,Semi-durable,FALSE
950440,62,Semi-durable,FALSE
950490,62,Semi-durable,FALSE
950611,62,Semi-durable,FALSE
950612,62,Semi-durable,FALSE
950619,62,Semi-durable,FALSE
950621,62,Semi-durable,FALSE
950629,62,Semi-durable,FALSE
950631,62,Semi-durable,FALSE
950632,62,Semi-durable,FALSE
950639,62,Semi-durable,FALSE
950640,62,Semi-durable,FALSE
950651,62,Semi-durable,FALSE
950659,62,Semi-durable,FALSE
950661,62,Semi-durable,FALSE
950662,62,Semi-durable,FALSE
950669,62,Semi-durable,FALSE
950670,62,Semi-durable,FALSE
950691,62,Semi-durable,FALSE
950699,62,Semi-durable,FALSE
950710,62,Semi-durable,FALSE
950720,62,Semi-durable,FALSE
950730,62,Semi-durable,FALSE
950790,62,Semi-durable,FALSE
960110,62,Semi-durable,FALSE
960190,62,Semi-durable,FALSE
960200,62,Semi-durable,FALSE
960500,62,Semi-durable,FALSE
961000,62,Semi-durable,FALSE
961310,62,Semi-durable,FALSE
961320,62,Semi-durable,FALSE
961380,62,Semi-durable,FALSE
961400,62,Semi-durable,FALSE
961511,62,Semi-durable,FALSE
961519,62,Semi-durable,FALSE
961590,62,Semi-durable,FALSE
961610,62,Semi-durable,FALSE
961700,62,Semi-durable,FALSE
060311,63,Non-durable,FALSE
060312,63,Non-durable,FALSE
060313,63,Non-durable,FALSE
060314,63,Non-durable,FALSE
060319,63,Non-durable,FALSE
060390,63,Non-durable,FALSE
060410,63,Non-durable,FALSE
060491,63,Non-durable,FALSE
060499,63,Non-durable,FALSE
240210,63,Non-durable,FALSE
240220,63,Non-durable,FALSE
240290,63,Non-durable,FALSE
240310,63,Non-durable,FALSE
240391,63,Non-durable,FALSE
240399,63,Non-durable,FALSE
300310,63,Non-durable,FALSE
300320,63,Non-durable,FALSE
300331,63,Non-durable,FALSE
300339,63,Non-durable,FALSE
300340,63,Non-durable,FALSE
300390,63,Non-durable,FALSE
300410,63,Non-durable,FALSE
300420,63,Non-durable,FALSE
300431,63,Non-durable,FALSE
300432,63,Non-durable,FALSE
300439,63,Non-durable,FALSE
300440,63,Non-durable,FALSE
300450,63,Non-durable,FALSE
300490,63,Non-durable,FALSE
300510,63,Non-durable,FALSE
300590,63,Non-durable,FALSE
321310,63,Non-durable,FALSE
321390,63,Non-durable,FALSE
330300,63,Non-durable,FALSE
330410,63,Non-durable,FALSE
330420,63,Non-durable,FALSE
330430,63,Non-durable,FALSE
330491,63,Non-durable,FALSE
330499,63,Non-durable,FALSE
330510,63,Non-durable,FALSE
330520,63,Non-durable,FALSE
330530,63,Non-durable,FALSE
330590,63,Non-durable,FALSE
330610,63,Non-durable,FALSE
330690,63,Non-durable,FALSE
330710,63,Non-durable,FALSE
330720,63,Non-durable,FALSE
330730,63,Non-durable,FALSE
330741,63,Non-durable,FALSE
330749,63,Non-durable,FALSE
330790,63,Non-durable,FALSE
340111,63,Non-durable,FALSE
340119,63,Non-durable,FALSE
340120,63,Non-durable,FALSE
340130,63,Non-durable,FALSE
340211,63,Non-durable,FALSE
340212,63,Non-durable,FALSE
340213,63,Non-durable,FALSE
340219,63,Non-durable,FALSE
340220,63,Non-durable,FALSE
340290,63,Non-durable,FALSE
340510,63,Non-durable,FALSE
340520,63,Non-durable,FALSE
340530,63,Non-durable,FALSE
340540,63,Non-durable,FALSE
340590,63,Non-durable,FALSE
340600,63,Non-durable,FALSE
360500,63,Non-durable,FALSE
360610,63,Non-durable,FALSE
360690,63,Non-durable,FALSE
392620,63,Non-durable,FALSE
401511,63,Non-durable,FALSE
401519,63,Non-durable,FALSE
401590,63,Non-durable,FALSE
401610,63,Non-durable,FALSE
401691,63,Non-durable,FALSE
401692,63,Non-durable,FALSE
401693,63,Non-durable,FALSE
401694,63,Non-durable,FALSE
401695,63,Non-durable,FALSE
401699,63,Non-durable,FALSE
481710,63,Non-durable,FALSE
481720,63,Non-durable,FALSE
481730,63,Non-durable,FALSE
481810,63,Non-durable,FALSE
481820,63,Non-durable,FALSE
481830,63,Non-durable,FALSE
481840,63,Non-durable,FALSE
481850,63,Non-durable,FALSE
481890,63,Non-durable,FALSE
482361,63,Non-durable,FALSE
482369,63,Non-durable,FALSE
490110,63,Non-durable,FALSE
490191,63,Non-durable,FALSE
490199,63,Non-durable,FALSE
490210,63,Non-durable,FALSE
490290,63,Non-durable,FALSE
490300,63,Non-durable,FALSE
490510,63,Non-durable,FALSE
490591,63,Non-durable,FALSE
490599,63,Non-durable,FALSE
490810,63,Non-durable,FALSE
490890,63,Non-durable,FALSE
490900,63,Non-durable,FALSE
491000,63,Non-durable,FALSE
491191,63,Non-durable,FALSE
491199,63,Non-durable,FALSE
500600,63,Non-durable,FALSE
510910,63,Non-durable,FALSE
510990,63,Non-durable,FALSE
520420,63,Non-durable,FALSE
520710,63,Non-durable,FALSE
520790,63,Non-durable,FALSE
540600,63,Non-durable,FALSE
551110,63,Non-durable,FALSE
551120,63,Non-durable,FALSE
551130,63,Non-durable,FALSE
610510,63,Non-durable,FALSE
610520,63,Non-durable,FALSE
610590,63,Non-durable,FALSE
610711,63,Non-durable,FALSE
610712,63,Non-durable,FALSE
610719,63,Non-durable,FALSE
610721,63,Non-durable,FALSE
610722,63,Non-durable,FALSE
610729,63,Non-durable,FALSE
610811,63,Non-durable,FALSE
610819,63,Non-durable,FALSE
610821,63,Non-durable,FALSE
610822,63,Non-durable,FALSE
610829,63,Non-durable,FALSE
610831,63,Non-durable,FALSE
610832,63,Non-durable,FALSE
610839,63,Non-durable,FALSE
610891,63,Non-durable,FALSE
610892,63,Non-durable,FALSE
610899,63,Non-durable,FALSE
610910,63,Non-durable,FALSE
610990,63,Non-durable,FALSE
611510,63,Non-durable,FALSE
611521,63,Non-durable,FALSE
611522,63,Non-durable,FALSE
611529,63,Non-durable,FALSE
611530,63,Non-durable,FALSE
611594,63,Non-durable,FALSE
611595,63,Non-durable,FALSE
611596,63,Non-durable,FALSE
611599,63,Non-durable,FALSE
611610,63,Non-durable,FALSE
611691,63,Non-durable,FALSE
611692,63,Non-durable,FALSE
611693,63,Non-durable,FALSE
611699,63,Non-durable,FALSE
611780,63,Non-durable,FALSE
611790,63,Non-durable,FALSE
620520,63,Non-durable,FALSE
620530,63,Non-durable,FALSE
620590,63,Non-durable,FALSE
620711,63,Non-durable,FALSE
620719,63,Non-durable,FALSE
620721,63,Non-durable,FALSE
620722,63,Non-durable,FALSE
620729,63,Non-durable,FALSE
620791,63,Non-durable,FALSE
620799,63,Non-durable,FALSE
620811,63,Non-durable,FALSE
620819,63,Non-durable,FALSE
620821,63,Non-durable,FALSE
620822,63,Non-durable,FALSE
620829,63,Non-durable,FALSE
620891,63,Non-durable,FALSE
620892,63,Non-durable,FALSE
620899,63,Non-durable,FALSE
621210,63,Non-durable,FALSE
621220,63,Non-durable,FALSE
621230,63,Non-durable,FALSE
621290,63,Non-durable,FALSE
621320,63,Non-durable,FALSE
621390,63,Non-durable,FALSE
621410,63,Non-durable,FALSE
621420,63,Non-durable,FALSE
621430,63,Non-durable,FALSE
621440,63,Non-durable,FALSE
621490,63,Non-durable,FALSE
621510,63,Non-durable,FALSE
621520,63,Non-durable,FALSE
621590,63,Non-durable,FALSE
621600,63,Non-durable,FALSE
621710,63,Non-durable,FALSE
621790,63,Non-durable,FALSE
731920,63,Non-durable,FALSE
731930,63,Non-durable,FALSE
731990,63,Non-durable,FALSE
821210,63,Non-durable,FALSE
821220,63,Non-durable,FALSE
821290,63,Non-durable,FALSE
850610,63,Non-durable,FALSE
850630,63,Non-durable,FALSE
850640,63,Non-durable,FALSE
850650,63,Non-durable,FALSE
850660,63,Non-durable,FALSE
850680,63,Non-durable,FALSE
853921,63,Non-durable,FALSE
853922,63,Non-durable,FALSE
853929,63,Non-durable,FALSE
940530,63,Non-durable,FALSE
950510,63,Non-durable,FALSE
950590,63,Non-durable,FALSE
960810,63,Non-durable,FALSE
960820,63,Non-durable,FALSE
960831,63,Non-durable,FALSE
960839,63,Non-durable,FALSE
960840,63,Non-durable,FALSE
960850,63,Non-durable,FALSE
960860,63,Non-durable,FALSE
960891,63,Non-durable,FALSE
960899,63,Non-durable,FALSE
960910,63,Non-durable,FALSE
960920,63,Non-durable,FALSE
960990,63,Non-durable,FALSE
961620,63,Non-durable,FALSE
970190,63,Non-durable,FALSE
010110,111,Mainly for industry,FALSE
010190,111,Mainly for industry,FALSE
010290,111,Mainly for industry,FALSE
010391,111,Mainly for industry,FALSE
010392,111,Mainly for industry,FALSE
010410,111,Mainly for industry,FALSE
010420,111,Mainly for industry,FALSE
010511,111,Mainly for industry,FALSE
010512,111,Mainly for industry,FALSE
010519,111,Mainly for industry,FALSE
010594,111,Mainly for industry,FALSE
010599,111,Mainly for industry,FALSE
010611,111,Mainly for industry,FALSE
010612,111,Mainly for industry,FALSE
010619,111,Mainly for industry,FALSE
010620,111,Mainly for industry,FALSE
010631,111,Mainly for industry,FALSE
010632,111,Mainly for industry,FALSE
010639,111,Mainly for industry,FALSE
010690,111,Mainly for industry,FALSE
071410,111,Mainly for industry,FALSE
071420,111,Mainly for industry,FALSE
071490,111,Mainly for industry,FALSE
080111,111,Mainly for industry,FALSE
080119,111,Mainly for industry,FALSE
081210,111,Mainly for industry,FALSE
081290,111,Mainly for industry,FALSE
081400,111,Mainly for industry,FALSE
090111,111,Mainly for industry,FALSE
090112,111,Mainly for industry,FALSE
100110,111,Mainly for industry,FALSE
100190,111,Mainly for industry,FALSE
100200,111,Mainly for industry,FALSE
100300,111,Mainly for industry,FALSE
100610,111,Mainly for industry,FALSE
100620,111,Mainly for industry,FALSE
100700,111,Mainly for industry,FALSE
100810,111,Mainly for industry,FALSE
100820,111,Mainly for industry,FALSE
100830,111,Mainly for industry,FALSE
100890,111,Mainly for industry,FALSE
120100,111,Mainly for industry,FALSE
120210,111,Mainly for industry,FALSE
120220,111,Mainly for industry,FALSE
120300,111,Mainly for industry,FALSE
120510,111,Mainly for industry,FALSE
120590,111,Mainly for industry,FALSE
120600,111,Mainly for industry,FALSE
120720,111,Mainly for industry,FALSE
120740,111,Mainly for industry,FALSE
120750,111,Mainly for industry,FALSE
121010,111,Mainly for industry,FALSE
121020,111,Mainly for industry,FALSE
121291,111,Mainly for industry,FALSE
121299,111,Mainly for industry,FALSE
180100,111,Mainly for industry,FALSE
350211,111,Mainly for industry,FALSE
350219,111,Mainly for industry,FALSE
030110,112,Mainly for household consumption,FALSE
030191,112,Mainly for household consumption,FALSE
030192,112,Mainly for household consumption,FALSE
030193,112,Mainly for household consumption,FALSE
030194,112,Mainly for household consumption,FALSE
030195,112,Mainly for household consumption,FALSE
030199,112,Mainly for household consumption,FALSE
030211,112,Mainly for household consumption,FALSE
030212,112,Mainly for household consumption,FALSE
030219,112,Mainly for household consumption,FALSE
030221,112,Mainly for household consumption,FALSE
030222,112,Mainly for household consumption,FALSE
030223,112,Mainly for household consumption,FALSE
030229,112,Mainly for household consumption,FALSE
030231,112,Mainly for household consumption,FALSE
030232,112,Mainly for household consumption,FALSE
030233,112,Mainly for household consumption,FALSE
030234,112,Mainly for household consumption,FALSE
030235,112,Mainly for household consumption,FALSE
030236,112,Mainly for household consumption,FALSE
030239,112,Mainly for household consumption,FALSE
030240,112,Mainly for household consumption,FALSE
030250,112,Mainly for household consumption,FALSE
030261,112,Mainly for household consumption,FALSE
030262,112,Mainly for household consumption,FALSE
030263,112,Mainly for household consumption,FALSE
030264,112,Mainly for household consumption,FALSE
030265,112,Mainly for household consumption,FALSE
030266,112,Mainly for household consumption,FALSE
030267,112,Mainly for household consumption,FALSE
030268,112,Mainly for household consumption,FALSE
030269,112,Mainly for household consumption,FALSE
030270,112,Mainly for household consumption,FALSE
030530,112,Mainly for household consumption,FALSE
030551,112,Mainly for household consumption,FALSE
030559,112,Mainly for household consumption,FALSE
030561,112,Mainly for household consumption,FALSE
030562,112,Mainly for household consumption,FALSE
030563,112,Mainly for household consumption,FALSE
030569,112,Mainly for household consumption,FALSE
030611,112,Mainly for household consumption,FALSE
030612,112,Mainly for household consumption,FALSE
030613,112,Mainly for household consumption,FALSE
030614,112,Mainly for household consumption,FALSE
030619,112,Mainly for household consumption,FALSE
030710,112,Mainly for household consumption,FALSE
030721,112,Mainly for household consumption,FALSE
030729,112,Mainly for household consumption,FALSE
030731,112,Mainly for household consumption,FALSE
030739,112,Mainly for household consumption,FALSE
030741,112,Mainly for household consumption,FALSE
030749,112,Mainly for household consumption,FALSE
030751,112,Mainly for household consumption,FALSE
030759,112,Mainly for household consumption,FALSE
030791,112,Mainly for household consumption,FALSE
030799,112,Mainly for household consumption,FALSE
040110,112,Mainly for household consumption,FALSE
040120,112,Mainly for household consumption,FALSE
040130,112,Mainly for household consumption,FALSE
040310,112,Mainly for household consumption,FALSE
040390,112,Mainly for household consumption,FALSE
040700,112,Mainly for household consumption,FALSE
040900,112,Mainly for household consumption,FALSE
070110,112,Mainly for household consumption,FALSE
070190,112,Mainly for household consumption,FALSE
070200,112,Mainly for household consumption,FALSE
070310,112,Mainly for household consumption,FALSE
070320,112,Mainly for household consumption,FALSE
070390,112,Mainly for household consumption,FALSE
070410,112,Mainly for household consumption,FALSE
070420,112,Mainly for household consumption,FALSE
070490,112,Mainly for household consumption,FALSE
070511,112,Mainly for household consumption,FALSE
070519,112,Mainly for household consumption,FALSE
070521,112,Mainly for household consumption,FALSE
070529,112,Mainly for household consumption,FALSE
070610,112,Mainly for household consumption,FALSE
070690,112,Mainly for household consumption,FALSE
070700,112,Mainly for household consumption,FALSE
070810,112,Mainly for household consumption,FALSE
070820,112,Mainly for household consumption,FALSE
070890,112,Mainly for household consumption,FALSE
070920,112,Mainly for household consumption,FALSE
070930,112,Mainly for household consumption,FALSE
070940,112,Mainly for household consumption,FALSE
070951,112,Mainly for household consumption,FALSE
070959,112,Mainly for household consumption,FALSE
070960,112,Mainly for household consumption,FALSE
070970,112,Mainly for household consumption,FALSE
070990,112,Mainly for household consumption,FALSE
071010,112,Mainly for household consumption,FALSE
071021,112,Mainly for household consumption,FALSE
071022,112,Mainly for household consumption,FALSE
071029,112,Mainly for household consumption,FALSE
071030,112,Mainly for household consumption,FALSE
071040,112,Mainly for household consumption,FALSE
071080,112,Mainly for household consumption,FALSE
071090,112,Mainly for household consumption,FALSE
071310,112,Mainly for household consumption,FALSE
071320,112,Mainly for household consumption,FALSE
071331,112,Mainly for household consumption,FALSE
071332,112,Mainly for household consumption,FALSE
071333,112,Mainly for household consumption,FALSE
071339,112,Mainly for household consumption,FALSE
071340,112,Mainly for household consumption,FALSE
071350,112,Mainly for household consumption,FALSE
071390,112,Mainly for household consumption,FALSE
080121,112,Mainly for household consumption,FALSE
080122,112,Mainly for household consumption,FALSE
080131,112,Mainly for household consumption,FALSE
080132,112,Mainly for household consumption,FALSE
080211,112,Mainly for household consumption,FALSE
080212,112,Mainly for household consumption,FALSE
080221,112,Mainly for household consumption,FALSE
080222,112,Mainly for household consumption,FALSE
080231,112,Mainly for household consumption,FALSE
080232,112,Mainly for household consumption,FALSE
080240,112,Mainly for household consumption,FALSE
080250,112,Mainly for household consumption,FALSE
080260,112,Mainly for household consumption,FALSE
080290,112,Mainly for household consumption,FALSE
080300,112,Mainly for household consumption,FALSE
080410,112,Mainly for household consumption,FALSE
080420,112,Mainly for household consumption,FALSE
080430,112,Mainly for household consumption,FALSE
080440,112,Mainly for household consumption,FALSE
080450,112,Mainly for household consumption,FALSE
080510,112,Mainly for household consumption,FALSE
080520,112,Mainly for household consumption,FALSE
080540,112,Mainly for household consumption,FALSE
080550,112,Mainly for household consumption,FALSE
080590,112,Mainly for household consumption,FALSE
080610,112,Mainly for household consumption,FALSE
080620,112,Mainly for household consumption,FALSE
080711,112,Mainly for household consumption,FALSE
080719,112,Mainly for household consumption,FALSE
080720,112,Mainly for household consumption,FALSE
080810,112,Mainly for household consumption,FALSE
080820,112,Mainly for household consumption,FALSE
080910,112,Mainly for household consumption,FALSE
080920,112,Mainly for household consumption,FALSE
080930,112,Mainly for household consumption,FALSE
080940,112,Mainly for household consumption,FALSE
081010,112,Mainly for household consumption,FALSE
081020,112,Mainly for household consumption,FALSE
081040,112,Mainly for household consumption,FALSE
081050,112,Mainly for household consumption,FALSE
081060,112,Mainly for household consumption,FALSE
081090,112,Mainly for household consumption,FALSE
081310,112,Mainly for household consumption,FALSE
081320,112,Mainly for household consumption,FALSE
081330,112,Mainly for household consumption,FALSE
081340,112,Mainly for household consumption,FALSE
081350,112,Mainly for household consumption,FALSE
090210,112,Mainly for household consumption,FALSE
090220,112,Mainly for household consumption,FALSE
090230,112,Mainly for household consumption,FALSE
090240,112,Mainly for household consumption,FALSE
090300,112,Mainly for household consumption,FALSE
090411,112,Mainly for household consumption,FALSE
090412,112,Mainly for household consumption,FALSE
090420,112,Mainly for household consumption,FALSE
090500,112,Mainly for household consumption,FALSE
090611,112,Mainly for household consumption,FALSE
090619,112,Mainly for household consumption,FALSE
090620,112,Mainly for household consumption,FALSE
090700,112,Mainly for household consumption,FALSE
090810,112,Mainly for household consumption,FALSE
090820,112,Mainly for household consumption,FALSE
090830,112,Mainly for household consumption,FALSE
090910,112,Mainly for household consumption,FALSE
090920,112,Mainly for household consumption,FALSE
090930,112,Mainly for household consumption,FALSE
090940,112,Mainly for household consumption,FALSE
090950,112,Mainly for household consumption,FALSE
091010,112,Mainly for household consumption,FALSE
091020,112,Mainly for household consumption,FALSE
091030,112,Mainly for household consumption,FALSE
091091,112,Mainly for household consumption,FALSE
091099,112,Mainly for household consumption,FALSE
210120,112,Mainly for household consumption,FALSE
020900,121,Mainly for industry,FALSE
030510,121,Mainly for industry,FALSE
040210,121,Mainly for industry,FALSE
040410,121,Mainly for industry,FALSE
040811,121,Mainly for industry,FALSE
040819,121,Mainly for industry,FALSE
040891,121,Mainly for industry,FALSE
040899,121,Mainly for industry,FALSE
081110,121,Mainly for industry,FALSE
081120,121,Mainly for industry,FALSE
081190,121,Mainly for industry,FALSE
110100,121,Mainly for industry,FALSE
110210,121,Mainly for industry,FALSE
110220,121,Mainly for industry,FALSE
110290,121,Mainly for industry,FALSE
110311,121,Mainly for industry,FALSE
110313,121,Mainly for industry,FALSE
110319,121,Mainly for industry,FALSE
110320,121,Mainly for industry,FALSE
110510,121,Mainly for industry,FALSE
110520,121,Mainly for industry,FALSE
110610,121,Mainly for industry,FALSE
110620,121,Mainly for industry,FALSE
110630,121,Mainly for industry,FALSE
110710,121,Mainly for industry,FALSE
110720,121,Mainly for industry,FALSE
110900,121,Mainly for industry,FALSE
120810,121,Mainly for industry,FALSE
120890,121,Mainly for industry,FALSE
150420,121,Mainly for industry,FALSE
150430,121,Mainly for industry,FALSE
150710,121,Mainly for industry,FALSE
150790,121,Mainly for industry,FALSE
150810,121,Mainly for industry,FALSE
150890,121,Mainly for industry,FALSE
151000,121,Mainly for industry,FALSE
151190,121,Mainly for industry,FALSE
151221,121,Mainly for industry,FALSE
151229,121,Mainly for industry,FALSE
151319,121,Mainly for industry,FALSE
151329,121,Mainly for industry,FALSE
151419,121,Mainly for industry,FALSE
151499,121,Mainly for industry,FALSE
151529,121,Mainly for industry,FALSE
151550,121,Mainly for industry,FALSE
151610,121,Mainly for industry,FALSE
151620,121,Mainly for industry,FALSE
160300,121,Mainly for industry,FALSE
170111,121,Mainly for industry,FALSE
170112,121,Mainly for industry,FALSE
170191,121,Mainly for industry,FALSE
170211,121,Mainly for industry,FALSE
170219,121,Mainly for industry,FALSE
170220,121,Mainly for industry,FALSE
170230,121,Mainly for industry,FALSE
170240,121,Mainly for industry,FALSE
170250,121,Mainly for industry,FALSE
170260,121,Mainly for industry,FALSE
170290,121,Mainly for industry,FALSE
170310,121,Mainly for industry,FALSE
170390,121,Mainly for industry,FALSE
180200,121,Mainly for industry,FALSE
180310,121,Mainly for industry,FALSE
180320,121,Mainly for industry,FALSE
180400,121,Mainly for industry,FALSE
180500,121,Mainly for industry,FALSE
190300,121,Mainly for industry,FALSE
210210,121,Mainly for industry,FALSE
210220,121,Mainly for industry,FALSE
210230,121,Mainly for industry,FALSE
220430,121,Mainly for industry,FALSE
230210,121,Mainly for industry,FALSE
230230,121,Mainly for industry,FALSE
230240,121,Mainly for industry,FALSE
230250,121,Mainly for industry,FALSE
230310,121,Mainly for industry,FALSE
230320,121,Mainly for industry,FALSE
230330,121,Mainly for industry,FALSE
230700,121,Mainly for industry,FALSE
020110,122,Mainly for household consumption,FALSE
020120,122,Mainly for household consumption,FALSE
020130,122,Mainly for household consumption,FALSE
020210,122,Mainly for household consumption,FALSE
020220,122,Mainly for household consumption,FALSE
020230,122,Mainly for household consumption,FALSE
020311,122,Mainly for household consumption,FALSE
020312,122,Mainly for household consumption,FALSE
020319,122,Mainly for household consumption,FALSE
020321,122,Mainly for household consumption,FALSE
020322,122,Mainly for household consumption,FALSE
020329,122,Mainly for household consumption,FALSE
020410,122,Mainly for household consumption,FALSE
020421,122,Mainly for household consumption,FALSE
020422,122,Mainly for household consumption,FALSE
020423,122,Mainly for household consumption,FALSE
020430,122,Mainly for household consumption,FALSE
020441,122,Mainly for household consumption,FALSE
020442,122,Mainly for household consumption,FALSE
020443,122,Mainly for household consumption,FALSE
020450,122,Mainly for household consumption,FALSE
020500,122,Mainly for household consumption,FALSE
020610,122,Mainly for household consumption,FALSE
020621,122,Mainly for household consumption,FALSE
020622,122,Mainly for household consumption,FALSE
020629,122,Mainly for household consumption,FALSE
020630,122,Mainly for household consumption,FALSE
020641,122,Mainly for household consumption,FALSE
020649,122,Mainly for household consumption,FALSE
020680,122,Mainly for household consumption,FALSE
020690,122,Mainly for household consumption,FALSE
020711,122,Mainly for household consumption,FALSE
020712,122,Mainly for household consumption,FALSE
020713,122,Mainly for household consumption,FALSE
020714,122,Mainly for household consumption,FALSE
020724,122,Mainly for household consumption,FALSE
020725,122,Mainly for household consumption,FALSE
020726,122,Mainly for household consumption,FALSE
020727,122,Mainly for household consumption,FALSE
020732,122,Mainly for household consumption,FALSE
020733,122,Mainly for household consumption,FALSE
020734,122,Mainly for household consumption,FALSE
020735,122,Mainly for household consumption,FALSE
020736,122,Mainly for household consumption,FALSE
020810,122,Mainly for household consumption,FALSE
020830,122,Mainly for household consumption,FALSE
020840,122,Mainly for household consumption,FALSE
020850,122,Mainly for household consumption,FALSE
020890,122,Mainly for household consumption,FALSE
021011,122,Mainly for household consumption,FALSE
021012,122,Mainly for household consumption,FALSE
021019,122,Mainly for household consumption,FALSE
021020,122,Mainly for household consumption,FALSE
021091,122,Mainly for household consumption,FALSE
021092,122,Mainly for household consumption,FALSE
021093,122,Mainly for household consumption,FALSE
021099,122,Mainly for household consumption,FALSE
030311,122,Mainly for household consumption,FALSE
030319,122,Mainly for household consumption,FALSE
030321,122,Mainly for household consumption,FALSE
030322,122,Mainly for household consumption,FALSE
030329,122,Mainly for household consumption,FALSE
030331,122,Mainly for household consumption,FALSE
030332,122,Mainly for household consumption,FALSE
030333,122,Mainly for household consumption,FALSE
030339,122,Mainly for household consumption,FALSE
030341,122,Mainly for household consumption,FALSE
030342,122,Mainly for household consumption,FALSE
030343,122,Mainly for household consumption,FALSE
030344,122,Mainly for household consumption,FALSE
030345,122,Mainly for household consumption,FALSE
030346,122,Mainly for household consumption,FALSE
030349,122,Mainly for household consumption,FALSE
030351,122,Mainly for household consumption,FALSE
030352,122,Mainly for household consumption,FALSE
030361,122,Mainly for household consumption,FALSE
030362,122,Mainly for household consumption,FALSE
030371,122,Mainly for household consumption,FALSE
030372,122,Mainly for household consumption,FALSE
030373,122,Mainly for household consumption,FALSE
030374,122,Mainly for household consumption,FALSE
030375,122,Mainly for household consumption,FALSE
030376,122,Mainly for household consumption,FALSE
030377,122,Mainly for household consumption,FALSE
030378,122,Mainly for household consumption,FALSE
030379,122,Mainly for household consumption,FALSE
030380,122,Mainly for household consumption,FALSE
030411,122,Mainly for household consumption,FALSE
030412,122,Mainly for household consumption,FALSE
030419,122,Mainly for household consumption,FALSE
030421,122,Mainly for household consumption,FALSE
030422,122,Mainly for household consumption,FALSE
030429,122,Mainly for household consumption,FALSE
030491,122,Mainly for household consumption,FALSE
030492,122,Mainly for household consumption,FALSE
030499,122,Mainly for household consumption,FALSE
030520,122,Mainly for household consumption,FALSE
030541,122,Mainly for household consumption,FALSE
030542,122,Mainly for household consumption,FALSE
030549,122,Mainly for household consumption,FALSE
030621,122,Mainly for household consumption,FALSE
030622,122,Mainly for household consumption,FALSE
030623,122,Mainly for household consumption,FALSE
030624,122,Mainly for household consumption,FALSE
030629,122,Mainly for household consumption,FALSE
030760,122,Mainly for household consumption,FALSE
040221,122,Mainly for household consumption,FALSE
040229,122,Mainly for household consumption,FALSE
040291,122,Mainly for household consumption,FALSE
040299,122,Mainly for household consumption,FALSE
040490,122,Mainly for household consumption,FALSE
040510,122,Mainly for household consumption,FALSE
040520,122,Mainly for household consumption,FALSE
040590,122,Mainly for household consumption,FALSE
040610,122,Mainly for household consumption,FALSE
040620,122,Mainly for household consumption,FALSE
040630,122,Mainly for household consumption,FALSE
040640,122,Mainly for household consumption,FALSE
040690,122,Mainly for household consumption,FALSE
041000,122,Mainly for household consumption,FALSE
071120,122,Mainly for household consumption,FALSE
071140,122,Mainly for household consumption,FALSE
071151,122,Mainly for household consumption,FALSE
071159,122,Mainly for household consumption,FALSE
071190,122,Mainly for household consumption,FALSE
071220,122,Mainly for household consumption,FALSE
071231,122,Mainly for household consumption,FALSE
071232,122,Mainly for household consumption,FALSE
071233,122,Mainly for household consumption,FALSE
071239,122,Mainly for household consumption,FALSE
071290,122,Mainly for household consumption,FALSE
090121,122,Mainly for household consumption,FALSE
090122,122,Mainly for household consumption,FALSE
090190,122,Mainly for household consumption,FALSE
100630,122,Mainly for household consumption,FALSE
100640,122,Mainly for household consumption,FALSE
110412,122,Mainly for household consumption,FALSE
110419,122,Mainly for household consumption,FALSE
110422,122,Mainly for household consumption,FALSE
110423,122,Mainly for household consumption,FALSE
110429,122,Mainly for household consumption,FALSE
110430,122,Mainly for household consumption,FALSE
150910,122,Mainly for household consumption,FALSE
150990,122,Mainly for household consumption,FALSE
151710,122,Mainly for household consumption,FALSE
151790,122,Mainly for household consumption,FALSE
160100,122,Mainly for household consumption,FALSE
160210,122,Mainly for household consumption,FALSE
160220,122,Mainly for household consumption,FALSE
160231,122,Mainly for household consumption,FALSE
160232,122,Mainly for household consumption,FALSE
160239,122,Mainly for household consumption,FALSE
160241,122,Mainly for household consumption,FALSE
160242,122,Mainly for household consumption,FALSE
160249,122,Mainly for household consumption,FALSE
160250,122,Mainly for household consumption,FALSE
160290,122,Mainly for household consumption,FALSE
160411,122,Mainly for household consumption,FALSE
160412,122,Mainly for household consumption,FALSE
160413,122,Mainly for household consumption,FALSE
160414,122,Mainly for household consumption,FALSE
160415,122,Mainly for household consumption,FALSE
160416,122,Mainly for household consumption,FALSE
160419,122,Mainly for household consumption,FALSE
160420,122,Mainly for household consumption,FALSE
160430,122,Mainly for household consumption,FALSE
160510,122,Mainly for household consumption,FALSE
160520,122,Mainly for household consumption,FALSE
160530,122,Mainly for household consumption,FALSE
160540,122,Mainly for household consumption,FALSE
160590,122,Mainly for household consumption,FALSE
170199,122,Mainly for household consumption,FALSE
170410,122,Mainly for household consumption,FALSE
170490,122,Mainly for household consumption,FALSE
180610,122,Mainly for household consumption,FALSE
180620,122,Mainly for household consumption,FALSE
180631,122,Mainly for household consumption,FALSE
180632,122,Mainly for household consumption,FALSE
180690,122,Mainly for household consumption,FALSE
190110,122,Mainly for household consumption,FALSE
190120,122,Mainly for household consumption,FALSE
190190,122,Mainly for household consumption,FALSE
190211,122,Mainly for household consumption,FALSE
190219,122,Mainly for household consumption,FALSE
190220,122,Mainly for household consumption,FALSE
190230,122,Mainly for household consumption,FALSE
190240,122,Mainly for household consumption,FALSE
190410,122,Mainly for household consumption,FALSE
190420,122,Mainly for household consumption,FALSE
190430,122,Mainly for household consumption,FALSE
190490,122,Mainly for household consumption,FALSE
190510,122,Mainly for household consumption,FALSE
190520,122,Mainly for household consumption,FALSE
190531,122,Mainly for household consumption,FALSE
190532,122,Mainly for household consumption,FALSE
190540,122,Mainly for household consumption,FALSE
190590,122,Mainly for household consumption,FALSE
200110,122,Mainly for household consumption,FALSE
200190,122,Mainly for household consumption,FALSE
200210,122,Mainly for household consumption,FALSE
200290,122,Mainly for household consumption,FALSE
200310,122,Mainly for household consumption,FALSE
200320,122,Mainly for household consumption,FALSE
200390,122,Mainly for household consumption,FALSE
200410,122,Mainly for household consumption,FALSE
200490,122,Mainly for household consumption,FALSE
200510,122,Mainly for household consumption,FALSE
200520,122,Mainly for household consumption,FALSE
200540,122,Mainly for household consumption,FALSE
200551,122,Mainly for household consumption,FALSE
200559,122,Mainly for household consumption,FALSE
200560,122,Mainly for household consumption,FALSE
200570,122,Mainly for household consumption,FALSE
200580,122,Mainly for household consumption,FALSE
200591,122,Mainly for household consumption,FALSE
200599,122,Mainly for household consumption,FALSE
200600,122,Mainly for household consumption,FALSE
200710,122,Mainly for household consumption,FALSE
200791,122,Mainly for household consumption,FALSE
200799,122,Mainly for household consumption,FALSE
200811,122,Mainly for household consumption,FALSE
200819,122,Mainly for household consumption,FALSE
200820,122,Mainly for household consumption,FALSE
200830,122,Mainly for household consumption,FALSE
200840,122,Mainly for household consumption,FALSE
200850,122,Mainly for household consumption,FALSE
200860,122,Mainly for household consumption,FALSE
200870,122,Mainly for household consumption,FALSE
200880,122,Mainly for household consumption,FALSE
200891,122,Mainly for household consumption,FALSE
200892,122,Mainly for household consumption,FALSE
200899,122,Mainly for household consumption,FALSE
200911,122,Mainly for household consumption,FALSE
200912,122,Mainly for household consumption,FALSE
200919,122,Mainly for household consumption,FALSE
200921,122,Mainly for household consumption,FALSE
200929,122,Mainly for household consumption,FALSE
200931,122,Mainly for household consumption,FALSE
200939,122,Mainly for household consumption,FALSE
200941,122,Mainly for household consumption,FALSE
200949,122,Mainly for household consumption,FALSE
200950,122,Mainly for household consumption,FALSE
200961,122,Mainly for household consumption,FALSE
200969,122,Mainly for household consumption,FALSE
200971,122,Mainly for household consumption,FALSE
200979,122,Mainly for household consumption,FALSE
200980,122,Mainly for household consumption,FALSE
200990,122,Mainly for household consumption,FALSE
210111,122,Mainly for household consumption,FALSE
210112,122,Mainly for household consumption,FALSE
210130,122,Mainly for household consumption,FALSE
210310,122,Mainly for household consumption,FALSE
210320,122,Mainly for household consumption,FALSE
210330,122,Mainly for household consumption,FALSE
210390,122,Mainly for household consumption,FALSE
210410,122,Mainly for household consumption,FALSE
210420,122,Mainly for household consumption,FALSE
210500,122,Mainly for household consumption,FALSE
210610,122,Mainly for household consumption,FALSE
210690,122,Mainly for household consumption,FALSE
220110,122,Mainly for household consumption,FALSE
220190,122,Mainly for household consumption,FALSE
220210,122,Mainly for household consumption,FALSE
220290,122,Mainly for household consumption,FALSE
220300,122,Mainly for household consumption,FALSE
220410,122,Mainly for household consumption,FALSE
220421,122,Mainly for household consumption,FALSE
220429,122,Mainly for household consumption,FALSE
220510,122,Mainly for household consumption,FALSE
220590,122,Mainly for household consumption,FALSE
220600,122,Mainly for household consumption,FALSE
220820,122,Mainly for household consumption,FALSE
220830,122,Mainly for household consumption,FALSE
220840,122,Mainly for household consumption,FALSE
220850,122,Mainly for household consumption,FALSE
220860,122,Mainly for household consumption,FALSE
220870,122,Mainly for household consumption,FALSE
220890,122,Mainly for household consumption,FALSE
220900,122,Mainly for household consumption,FALSE
271011,321,Motor spirit,FALSE
271019,321,Motor spirit,FALSE
271091,321,Motor spirit,FALSE
271099,321,Motor spirit,FALSE
270120,322,Other,FALSE
270220,322,Other,FALSE
270400,322,Other,FALSE
270500,322,Other,FALSE
271111,322,Other,FALSE
271112,322,Other,FALSE
271113,322,Other,FALSE
271114,322,Other,FALSE
271119,322,Other,FALSE
271600,322,Other,FALSE
340311,322,Other,FALSE
340319,322,Other,FALSE
340391,322,Other,FALSE
340399,322,Other,FALSE
440210,322,Other,FALSE
440290,322,Other,FALSE
860110,521,Industrial,TRUE
860120,521,Industrial,TRUE
860210,521,Industrial,TRUE
860290,521,Industrial,TRUE
860310,521,Industrial,TRUE
860390,521,Industrial,TRUE
860400,521,Industrial,TRUE
860500,521,Industrial,TRUE
860610,521,Industrial,TRUE
860630,521,Industrial,TRUE
860691,521,Industrial,TRUE
860692,521,Industrial,TRUE
860699,521,Industrial,TRUE
860900,521,Industrial,TRUE
870120,521,Industrial,TRUE
870210,521,Industrial,TRUE
870290,521,Industrial,TRUE
870410,521,Industrial,TRUE
870421,521,Industrial,TRUE
870422,521,Industrial,TRUE
870423,521,Industrial,TRUE
870431,521,Industrial,TRUE
870432,521,Industrial,TRUE
870490,521,Industrial,TRUE
870510,521,Industrial,TRUE
870520,521,Industrial,TRUE
870530,521,Industrial,TRUE
870540,521,Industrial,TRUE
870590,521,Industrial,TRUE
871620,521,Industrial,TRUE
871631,521,Industrial,TRUE
871639,521,Industrial,TRUE
871640,521,Industrial,TRUE
871680,521,Industrial,TRUE
880100,521,Industrial,TRUE
880211,521,Industrial,TRUE
880212,521,Industrial,TRUE
880230,521,Industrial,TRUE
880240,521,Industrial,TRUE
880260,521,Industrial,TRUE
890110,521,Industrial,TRUE
890120,521,Industrial,TRUE
890130,521,Industrial,TRUE
890190,521,Industrial,TRUE
890200,521,Industrial,TRUE
890400,521,Industrial,TRUE
840721,522,Non-industrial,FALSE
871110,522,Non-industrial,FALSE
871120,522,Non-industrial,FALSE
871130,522,Non-industrial,FALSE
871140,522,Non-industrial,FALSE
871150,522,Non-industrial,FALSE
871190,522,Non-industrial,FALSE
871200,522,Non-industrial,FALSE
871310,522,Non-industrial,FALSE
871390,522,Non-industrial,FALSE
871610,522,Non-industrial,FALSE
880220,522,Non-industrial,FALSE
890310,522,Non-industrial,FALSE
890391,522,Non-industrial,FALSE
890392,522,Non-industrial,FALSE
890399,522,Non-industrial,FALSE
890710,522,Non-industrial,FALSE
