cn8,hs2,hs4,hs6,is_ets,is_cbam,is_regulated,exists_2014
01011010,01,0101,010110,FALSE,FALSE,FALSE,FALSE
01011090,01,0101,010110,FALSE,FALSE,FALSE,FALSE
01011100,01,0101,010111,FALSE,FALSE,FALSE,FALSE
01011910,01,0101,010119,FALSE,FALSE,FALSE,FALSE
01011990,01,0101,010119,FALSE,FALSE,FALSE,FALSE
01012010,01,0101,010120,FALSE,FALSE,FALSE,FALSE
01012090,01,0101,010120,FALSE,FALSE,FALSE,FALSE
01012100,01,0101,010121,FALSE,FALSE,FALSE,TRUE
01012910,01,0101,010129,FALSE,FALSE,FALSE,TRUE
01012990,01,0101,010129,FALSE,FALSE,FALSE,TRUE
01013000,01,0101,010130,FALSE,FALSE,FALSE,TRUE
01019000,01,0101,010190,FALSE,FALSE,FALSE,TRUE
01019011,01,0101,010190,FALSE,FALSE,FALSE,FALSE
01019019,01,0101,010190,FALSE,FALSE,FALSE,FALSE
01019030,01,0101,010190,FALSE,FALSE,FALSE,FALSE
01019090,01,0101,010190,FALSE,FALSE,FALSE,FALSE
01021010,01,0102,010210,FALSE,FALSE,FALSE,FALSE
01021030,01,0102,010210,FALSE,FALSE,FALSE,FALSE
01021090,01,0102,010210,FALSE,FALSE,FALSE,FALSE
01022110,01,0102,010221,FALSE,FALSE,FALSE,TRUE
01022130,01,0102,010221,FALSE,FALSE,FALSE,TRUE
01022190,01,0102,010221,FALSE,FALSE,FALSE,TRUE
01022905,01,0102,010229,FALSE,FALSE,FALSE,TRUE
01022910,01,0102,010229,FALSE,FALSE,FALSE,TRUE
01022921,01,0102,010229,FALSE,FALSE,FALSE,TRUE
01022929,01,0102,010229,FALSE,FALSE,FALSE,TRUE
01022941,01,0102,010229,FALSE,FALSE,FALSE,TRUE
01022949,01,0102,010229,FALSE,FALSE,FALSE,TRUE
01022951,01,0102,010229,FALSE,FALSE,FALSE,TRUE
01022959,01,0102,010229,FALSE,FALSE,FALSE,TRUE
01022961,01,0102,010229,FALSE,FALSE,FALSE,TRUE
01022969,01,0102,010229,FALSE,FALSE,FALSE,TRUE
01022991,01,0102,010229,FALSE,FALSE,FALSE,TRUE
01022999,01,0102,010229,FALSE,FALSE,FALSE,TRUE
01023100,01,0102,010231,FALSE,FALSE,FALSE,TRUE
01023910,01,0102,010239,FALSE,FALSE,FALSE,TRUE
01023990,01,0102,010239,FALSE,FALSE,FALSE,TRUE
01029005,01,0102,010290,FALSE,FALSE,FALSE,FALSE
01029020,01,0102,010290,FALSE,FALSE,FALSE,TRUE
01029021,01,0102,010290,FALSE,FALSE,FALSE,FALSE
01029029,01,0102,010290,FALSE,FALSE,FALSE,FALSE
01029041,01,0102,010290,FALSE,FALSE,FALSE,FALSE
01029049,01,0102,010290,FALSE,FALSE,FALSE,FALSE
01029051,01,0102,010290,FALSE,FALSE,FALSE,FALSE
01029059,01,0102,010290,FALSE,FALSE,FALSE,FALSE
01029061,01,0102,010290,FALSE,FALSE,FALSE,FALSE
01029069,01,0102,010290,FALSE,FALSE,FALSE,FALSE
01029071,01,0102,010290,FALSE,FALSE,FALSE,FALSE
01029079,01,0102,010290,FALSE,FALSE,FALSE,FALSE
01029090,01,0102,010290,FALSE,FALSE,FALSE,FALSE
01029091,01,0102,010290,FALSE,FALSE,FALSE,TRUE
01029099,01,0102,010290,FALSE,FALSE,FALSE,TRUE
01031000,01,0103,010310,FALSE,FALSE,FALSE,TRUE
01039110,01,0103,010391,FALSE,FALSE,FALSE,TRUE
01039190,01,0103,010391,FALSE,FALSE,FALSE,TRUE
01039211,01,0103,010392,FALSE,FALSE,FALSE,TRUE
01039219,01,0103,010392,FALSE,FALSE,FALSE,TRUE
01039290,01,0103,010392,FALSE,FALSE,FALSE,TRUE
01041010,01,0104,010410,FALSE,FALSE,FALSE,TRUE
01041030,01,0104,010410,FALSE,FALSE,FALSE,TRUE
01041080,01,0104,010410,FALSE,FALSE,FALSE,TRUE
01042010,01,0104,010420,FALSE,FALSE,FALSE,TRUE
01042090,01,0104,010420,FALSE,FALSE,FALSE,TRUE
01051111,01,0105,010511,FALSE,FALSE,FALSE,TRUE
01051119,01,0105,010511,FALSE,FALSE,FALSE,TRUE
01051191,01,0105,010511,FALSE,FALSE,FALSE,TRUE
01051199,01,0105,010511,FALSE,FALSE,FALSE,TRUE
01051200,01,0105,010512,FALSE,FALSE,FALSE,TRUE
01051300,01,0105,010513,FALSE,FALSE,FALSE,TRUE
01051400,01,0105,010514,FALSE,FALSE,FALSE,TRUE
01051500,01,0105,010515,FALSE,FALSE,FALSE,TRUE
01051910,01,0105,010519,FALSE,FALSE,FALSE,FALSE
01051920,01,0105,010519,FALSE,FALSE,FALSE,FALSE
01051990,01,0105,010519,FALSE,FALSE,FALSE,FALSE
01059100,01,0105,010591,FALSE,FALSE,FALSE,FALSE
01059200,01,0105,010592,FALSE,FALSE,FALSE,FALSE
01059300,01,0105,010593,FALSE,FALSE,FALSE,FALSE
01059400,01,0105,010594,FALSE,FALSE,FALSE,TRUE
01059910,01,0105,010599,FALSE,FALSE,FALSE,TRUE
01059920,01,0105,010599,FALSE,FALSE,FALSE,TRUE
01059930,01,0105,010599,FALSE,FALSE,FALSE,TRUE
01059950,01,0105,010599,FALSE,FALSE,FALSE,TRUE
01060010,01,0106,010600,FALSE,FALSE,FALSE,FALSE
01060020,01,0106,010600,FALSE,FALSE,FALSE,FALSE
01060090,01,0106,010600,FALSE,FALSE,FALSE,FALSE
01061100,01,0106,010611,FALSE,FALSE,FALSE,TRUE
01061200,01,0106,010612,FALSE,FALSE,FALSE,TRUE
01061300,01,0106,010613,FALSE,FALSE,FALSE,TRUE
01061410,01,0106,010614,FALSE,FALSE,FALSE,TRUE
01061490,01,0106,010614,FALSE,FALSE,FALSE,TRUE
01061900,01,0106,010619,FALSE,FALSE,FALSE,TRUE
01061910,01,0106,010619,FALSE,FALSE,FALSE,FALSE
01061990,01,0106,010619,FALSE,FALSE,FALSE,FALSE
01062000,01,0106,010620,FALSE,FALSE,FALSE,TRUE
01063100,01,0106,010631,FALSE,FALSE,FALSE,TRUE
01063200,01,0106,010632,FALSE,FALSE,FALSE,TRUE
01063300,01,0106,010633,FALSE,FALSE,FALSE,TRUE
01063910,01,0106,010639,FALSE,FALSE,FALSE,TRUE
01063980,01,0106,010639,FALSE,FALSE,FALSE,TRUE
01063990,01,0106,010639,FALSE,FALSE,FALSE,FALSE
01064100,01,0106,010641,FALSE,FALSE,FALSE,TRUE
01064900,01,0106,010649,FALSE,FALSE,FALSE,TRUE
01069000,01,0106,010690,FALSE,FALSE,FALSE,TRUE
02011000,02,0201,020110,FALSE,FALSE,FALSE,TRUE
02012020,02,0201,020120,FALSE,FALSE,FALSE,TRUE
02012030,02,0201,020120,FALSE,FALSE,FALSE,TRUE
02012050,02,0201,020120,FALSE,FALSE,FALSE,TRUE
02012090,02,0201,020120,FALSE,FALSE,FALSE,TRUE
02013000,02,0201,020130,FALSE,FALSE,FALSE,TRUE
02021000,02,0202,020210,FALSE,FALSE,FALSE,TRUE
02022010,02,0202,020220,FALSE,FALSE,FALSE,TRUE
02022030,02,0202,020220,FALSE,FALSE,FALSE,TRUE
02022050,02,0202,020220,FALSE,FALSE,FALSE,TRUE
02022090,02,0202,020220,FALSE,FALSE,FALSE,TRUE
02023010,02,0202,020230,FALSE,FALSE,FALSE,TRUE
02023050,02,0202,020230,FALSE,FALSE,FALSE,TRUE
02023090,02,0202,020230,FALSE,FALSE,FALSE,TRUE
02031110,02,0203,020311,FALSE,FALSE,FALSE,TRUE
02031190,02,0203,020311,FALSE,FALSE,FALSE,TRUE
02031211,02,0203,020312,FALSE,FALSE,FALSE,TRUE
02031219,02,0203,020312,FALSE,FALSE,FALSE,TRUE
02031290,02,0203,020312,FALSE,FALSE,FALSE,TRUE
02031911,02,0203,020319,FALSE,FALSE,FALSE,TRUE
02031913,02,0203,020319,FALSE,FALSE,FALSE,TRUE
02031915,02,0203,020319,FALSE,FALSE,FALSE,TRUE
02031955,02,0203,020319,FALSE,FALSE,FALSE,TRUE
02031959,02,0203,020319,FALSE,FALSE,FALSE,TRUE
02031990,02,0203,020319,FALSE,FALSE,FALSE,TRUE
02032110,02,0203,020321,FALSE,FALSE,FALSE,TRUE
02032190,02,0203,020321,FALSE,FALSE,FALSE,TRUE
02032211,02,0203,020322,FALSE,FALSE,FALSE,TRUE
02032219,02,0203,020322,FALSE,FALSE,FALSE,TRUE
02032290,02,0203,020322,FALSE,FALSE,FALSE,TRUE
02032911,02,0203,020329,FALSE,FALSE,FALSE,TRUE
02032913,02,0203,020329,FALSE,FALSE,FALSE,TRUE
02032915,02,0203,020329,FALSE,FALSE,FALSE,TRUE
02032955,02,0203,020329,FALSE,FALSE,FALSE,TRUE
02032959,02,0203,020329,FALSE,FALSE,FALSE,TRUE
02032990,02,0203,020329,FALSE,FALSE,FALSE,TRUE
02041000,02,0204,020410,FALSE,FALSE,FALSE,TRUE
02042100,02,0204,020421,FALSE,FALSE,FALSE,TRUE
02042210,02,0204,020422,FALSE,FALSE,FALSE,TRUE
02042230,02,0204,020422,FALSE,FALSE,FALSE,TRUE
02042250,02,0204,020422,FALSE,FALSE,FALSE,TRUE
02042290,02,0204,020422,FALSE,FALSE,FALSE,TRUE
02042300,02,0204,020423,FALSE,FALSE,FALSE,TRUE
02043000,02,0204,020430,FALSE,FALSE,FALSE,TRUE
02044100,02,0204,020441,FALSE,FALSE,FALSE,TRUE
02044210,02,0204,020442,FALSE,FALSE,FALSE,TRUE
02044230,02,0204,020442,FALSE,FALSE,FALSE,TRUE
02044250,02,0204,020442,FALSE,FALSE,FALSE,TRUE
02044290,02,0204,020442,FALSE,FALSE,FALSE,TRUE
02044310,02,0204,020443,FALSE,FALSE,FALSE,TRUE
02044390,02,0204,020443,FALSE,FALSE,FALSE,TRUE
02045011,02,0204,020450,FALSE,FALSE,FALSE,TRUE
02045013,02,0204,020450,FALSE,FALSE,FALSE,TRUE
02045015,02,0204,020450,FALSE,FALSE,FALSE,TRUE
02045019,02,0204,020450,FALSE,FALSE,FALSE,TRUE
02045031,02,0204,020450,FALSE,FALSE,FALSE,TRUE
02045039,02,0204,020450,FALSE,FALSE,FALSE,TRUE
02045051,02,0204,020450,FALSE,FALSE,FALSE,TRUE
02045053,02,0204,020450,FALSE,FALSE,FALSE,TRUE
02045055,02,0204,020450,FALSE,FALSE,FALSE,TRUE
02045059,02,0204,020450,FALSE,FALSE,FALSE,TRUE
02045071,02,0204,020450,FALSE,FALSE,FALSE,TRUE
02045079,02,0204,020450,FALSE,FALSE,FALSE,TRUE
02050011,02,0205,020500,FALSE,FALSE,FALSE,FALSE
02050019,02,0205,020500,FALSE,FALSE,FALSE,FALSE
02050020,02,0205,020500,FALSE,FALSE,FALSE,TRUE
02050080,02,0205,020500,FALSE,FALSE,FALSE,TRUE
02050090,02,0205,020500,FALSE,FALSE,FALSE,FALSE
02061010,02,0206,020610,FALSE,FALSE,FALSE,TRUE
02061091,02,0206,020610,FALSE,FALSE,FALSE,FALSE
02061095,02,0206,020610,FALSE,FALSE,FALSE,TRUE
02061098,02,0206,020610,FALSE,FALSE,FALSE,TRUE
02061099,02,0206,020610,FALSE,FALSE,FALSE,FALSE
02062100,02,0206,020621,FALSE,FALSE,FALSE,TRUE
02062200,02,0206,020622,FALSE,FALSE,FALSE,TRUE
02062210,02,0206,020622,FALSE,FALSE,FALSE,FALSE
02062290,02,0206,020622,FALSE,FALSE,FALSE,FALSE
02062910,02,0206,020629,FALSE,FALSE,FALSE,TRUE
02062991,02,0206,020629,FALSE,FALSE,FALSE,TRUE
02062999,02,0206,020629,FALSE,FALSE,FALSE,TRUE
02063000,02,0206,020630,FALSE,FALSE,FALSE,TRUE
02063010,02,0206,020630,FALSE,FALSE,FALSE,FALSE
02063020,02,0206,020630,FALSE,FALSE,FALSE,FALSE
02063021,02,0206,020630,FALSE,FALSE,FALSE,FALSE
02063030,02,0206,020630,FALSE,FALSE,FALSE,FALSE
02063031,02,0206,020630,FALSE,FALSE,FALSE,FALSE
02063080,02,0206,020630,FALSE,FALSE,FALSE,FALSE
02063090,02,0206,020630,FALSE,FALSE,FALSE,FALSE
02064100,02,0206,020641,FALSE,FALSE,FALSE,TRUE
02064110,02,0206,020641,FALSE,FALSE,FALSE,FALSE
02064120,02,0206,020641,FALSE,FALSE,FALSE,FALSE
02064180,02,0206,020641,FALSE,FALSE,FALSE,FALSE
02064191,02,0206,020641,FALSE,FALSE,FALSE,FALSE
02064199,02,0206,020641,FALSE,FALSE,FALSE,FALSE
02064900,02,0206,020649,FALSE,FALSE,FALSE,TRUE
02064910,02,0206,020649,FALSE,FALSE,FALSE,FALSE
02064920,02,0206,020649,FALSE,FALSE,FALSE,FALSE
02064980,02,0206,020649,FALSE,FALSE,FALSE,FALSE
02064991,02,0206,020649,FALSE,FALSE,FALSE,FALSE
02064999,02,0206,020649,FALSE,FALSE,FALSE,FALSE
02068010,02,0206,020680,FALSE,FALSE,FALSE,TRUE
02068091,02,0206,020680,FALSE,FALSE,FALSE,TRUE
02068099,02,0206,020680,FALSE,FALSE,FALSE,TRUE
02069010,02,0206,020690,FALSE,FALSE,FALSE,TRUE
02069091,02,0206,020690,FALSE,FALSE,FALSE,TRUE
02069099,02,0206,020690,FALSE,FALSE,FALSE,TRUE
02071011,02,0207,020710,FALSE,FALSE,FALSE,FALSE
02071015,02,0207,020710,FALSE,FALSE,FALSE,FALSE
02071019,02,0207,020710,FALSE,FALSE,FALSE,FALSE
02071031,02,0207,020710,FALSE,FALSE,FALSE,FALSE
02071039,02,0207,020710,FALSE,FALSE,FALSE,FALSE
02071051,02,0207,020710,FALSE,FALSE,FALSE,FALSE
02071055,02,0207,020710,FALSE,FALSE,FALSE,FALSE
02071059,02,0207,020710,FALSE,FALSE,FALSE,FALSE
02071071,02,0207,020710,FALSE,FALSE,FALSE,FALSE
02071079,02,0207,020710,FALSE,FALSE,FALSE,FALSE
02071090,02,0207,020710,FALSE,FALSE,FALSE,FALSE
02071110,02,0207,020711,FALSE,FALSE,FALSE,TRUE
02071130,02,0207,020711,FALSE,FALSE,FALSE,TRUE
02071190,02,0207,020711,FALSE,FALSE,FALSE,TRUE
02071210,02,0207,020712,FALSE,FALSE,FALSE,TRUE
02071290,02,0207,020712,FALSE,FALSE,FALSE,TRUE
02071310,02,0207,020713,FALSE,FALSE,FALSE,TRUE
02071320,02,0207,020713,FALSE,FALSE,FALSE,TRUE
02071330,02,0207,020713,FALSE,FALSE,FALSE,TRUE
02071340,02,0207,020713,FALSE,FALSE,FALSE,TRUE
02071350,02,0207,020713,FALSE,FALSE,FALSE,TRUE
02071360,02,0207,020713,FALSE,FALSE,FALSE,TRUE
02071370,02,0207,020713,FALSE,FALSE,FALSE,TRUE
02071391,02,0207,020713,FALSE,FALSE,FALSE,TRUE
02071399,02,0207,020713,FALSE,FALSE,FALSE,TRUE
02071410,02,0207,020714,FALSE,FALSE,FALSE,TRUE
02071420,02,0207,020714,FALSE,FALSE,FALSE,TRUE
02071430,02,0207,020714,FALSE,FALSE,FALSE,TRUE
02071440,02,0207,020714,FALSE,FALSE,FALSE,TRUE
02071450,02,0207,020714,FALSE,FALSE,FALSE,TRUE
02071460,02,0207,020714,FALSE,FALSE,FALSE,TRUE
02071470,02,0207,020714,FALSE,FALSE,FALSE,TRUE
02071491,02,0207,020714,FALSE,FALSE,FALSE,TRUE
02071499,02,0207,020714,FALSE,FALSE,FALSE,TRUE
02072110,02,0207,020721,FALSE,FALSE,FALSE,FALSE
02072190,02,0207,020721,FALSE,FALSE,FALSE,FALSE
02072210,02,0207,020722,FALSE,FALSE,FALSE,FALSE
02072290,02,0207,020722,FALSE,FALSE,FALSE,FALSE
02072311,02,0207,020723,FALSE,FALSE,FALSE,FALSE
02072319,02,0207,020723,FALSE,FALSE,FALSE,FALSE
02072351,02,0207,020723,FALSE,FALSE,FALSE,FALSE
02072359,02,0207,020723,FALSE,FALSE,FALSE,FALSE
02072390,02,0207,020723,FALSE,FALSE,FALSE,FALSE
02072410,02,0207,020724,FALSE,FALSE,FALSE,TRUE
02072490,02,0207,020724,FALSE,FALSE,FALSE,TRUE
02072510,02,0207,020725,FALSE,FALSE,FALSE,TRUE
02072590,02,0207,020725,FALSE,FALSE,FALSE,TRUE
02072610,02,0207,020726,FALSE,FALSE,FALSE,TRUE
02072620,02,0207,020726,FALSE,FALSE,FALSE,TRUE
02072630,02,0207,020726,FALSE,FALSE,FALSE,TRUE
02072640,02,0207,020726,FALSE,FALSE,FALSE,TRUE
02072650,02,0207,020726,FALSE,FALSE,FALSE,TRUE
02072660,02,0207,020726,FALSE,FALSE,FALSE,TRUE
02072670,02,0207,020726,FALSE,FALSE,FALSE,TRUE
02072680,02,0207,020726,FALSE,FALSE,FALSE,TRUE
02072691,02,0207,020726,FALSE,FALSE,FALSE,TRUE
02072699,02,0207,020726,FALSE,FALSE,FALSE,TRUE
02072710,02,0207,020727,FALSE,FALSE,FALSE,TRUE
02072720,02,0207,020727,FALSE,FALSE,FALSE,TRUE
02072730,02,0207,020727,FALSE,FALSE,FALSE,TRUE
02072740,02,0207,020727,FALSE,FALSE,FALSE,TRUE
02072750,02,0207,020727,FALSE,FALSE,FALSE,TRUE
02072760,02,0207,020727,FALSE,FALSE,FALSE,TRUE
02072770,02,0207,020727,FALSE,FALSE,FALSE,TRUE
02072780,02,0207,020727,FALSE,FALSE,FALSE,TRUE
02072791,02,0207,020727,FALSE,FALSE,FALSE,TRUE
02072799,02,0207,020727,FALSE,FALSE,FALSE,TRUE
02073110,02,0207,020731,FALSE,FALSE,FALSE,FALSE
02073190,02,0207,020731,FALSE,FALSE,FALSE,FALSE
02073211,02,0207,020732,FALSE,FALSE,FALSE,FALSE
02073215,02,0207,020732,FALSE,FALSE,FALSE,FALSE
02073219,02,0207,020732,FALSE,FALSE,FALSE,FALSE
02073251,02,0207,020732,FALSE,FALSE,FALSE,FALSE
02073259,02,0207,020732,FALSE,FALSE,FALSE,FALSE
02073290,02,0207,020732,FALSE,FALSE,FALSE,FALSE
02073311,02,0207,020733,FALSE,FALSE,FALSE,FALSE
02073319,02,0207,020733,FALSE,FALSE,FALSE,FALSE
02073351,02,0207,020733,FALSE,FALSE,FALSE,FALSE
02073359,02,0207,020733,FALSE,FALSE,FALSE,FALSE
02073390,02,0207,020733,FALSE,FALSE,FALSE,FALSE
02073410,02,0207,020734,FALSE,FALSE,FALSE,FALSE
02073490,02,0207,020734,FALSE,FALSE,FALSE,FALSE
02073511,02,0207,020735,FALSE,FALSE,FALSE,FALSE
02073515,02,0207,020735,FALSE,FALSE,FALSE,FALSE
02073521,02,0207,020735,FALSE,FALSE,FALSE,FALSE
02073523,02,0207,020735,FALSE,FALSE,FALSE,FALSE
02073525,02,0207,020735,FALSE,FALSE,FALSE,FALSE
02073531,02,0207,020735,FALSE,FALSE,FALSE,FALSE
02073541,02,0207,020735,FALSE,FALSE,FALSE,FALSE
02073551,02,0207,020735,FALSE,FALSE,FALSE,FALSE
02073553,02,0207,020735,FALSE,FALSE,FALSE,FALSE
02073561,02,0207,020735,FALSE,FALSE,FALSE,FALSE
02073563,02,0207,020735,FALSE,FALSE,FALSE,FALSE
02073571,02,0207,020735,FALSE,FALSE,FALSE,FALSE
02073579,02,0207,020735,FALSE,FALSE,FALSE,FALSE
02073591,02,0207,020735,FALSE,FALSE,FALSE,FALSE
02073599,02,0207,020735,FALSE,FALSE,FALSE,FALSE
02073611,02,0207,020736,FALSE,FALSE,FALSE,FALSE
02073615,02,0207,020736,FALSE,FALSE,FALSE,FALSE
02073621,02,0207,020736,FALSE,FALSE,FALSE,FALSE
02073623,02,0207,020736,FALSE,FALSE,FALSE,FALSE
02073625,02,0207,020736,FALSE,FALSE,FALSE,FALSE
02073631,02,0207,020736,FALSE,FALSE,FALSE,FALSE
02073641,02,0207,020736,FALSE,FALSE,FALSE,FALSE
02073651,02,0207,020736,FALSE,FALSE,FALSE,FALSE
02073653,02,0207,020736,FALSE,FALSE,FALSE,FALSE
02073661,02,0207,020736,FALSE,FALSE,FALSE,FALSE
02073663,02,0207,020736,FALSE,FALSE,FALSE,FALSE
02073671,02,0207,020736,FALSE,FALSE,FALSE,FALSE
02073679,02,0207,020736,FALSE,FALSE,FALSE,FALSE
02073681,02,0207,020736,FALSE,FALSE,FALSE,FALSE
02073685,02,0207,020736,FALSE,FALSE,FALSE,FALSE
02073689,02,0207,020736,FALSE,FALSE,FALSE,FALSE
02073690,02,0207,020736,FALSE,FALSE,FALSE,FALSE
02073911,02,0207,020739,FALSE,FALSE,FALSE,FALSE
02073913,02,0207,020739,FALSE,FALSE,FALSE,FALSE
02073915,02,0207,020739,FALSE,FALSE,FALSE,FALSE
02073917,02,0207,020739,FALSE,FALSE,FALSE,FALSE
02073921,02,0207,020739,FALSE,FALSE,FALSE,FALSE
02073923,02,0207,020739,FALSE,FALSE,FALSE,FALSE
02073925,02,0207,020739,FALSE,FALSE,FALSE,FALSE
02073927,02,0207,020739,FALSE,FALSE,FALSE,FALSE
02073931,02,0207,020739,FALSE,FALSE,FALSE,FALSE
02073933,02,0207,020739,FALSE,FALSE,FALSE,FALSE
02073935,02,0207,020739,FALSE,FALSE,FALSE,FALSE
02073937,02,0207,020739,FALSE,FALSE,FALSE,FALSE
02073941,02,0207,020739,FALSE,FALSE,FALSE,FALSE
02073943,02,0207,020739,FALSE,FALSE,FALSE,FALSE
02073945,02,0207,020739,FALSE,FALSE,FALSE,FALSE
02073947,02,0207,020739,FALSE,FALSE,FALSE,FALSE
02073951,02,0207,020739,FALSE,FALSE,FALSE,FALSE
02073953,02,0207,020739,FALSE,FALSE,FALSE,FALSE
02073955,02,0207,020739,FALSE,FALSE,FALSE,FALSE
02073957,02,0207,020739,FALSE,FALSE,FALSE,FALSE
02073961,02,0207,020739,FALSE,FALSE,FALSE,FALSE
02073963,02,0207,020739,FALSE,FALSE,FALSE,FALSE
02073965,02,0207,020739,FALSE,FALSE,FALSE,FALSE
02073967,02,0207,020739,FALSE,FALSE,FALSE,FALSE
02073971,02,0207,020739,FALSE,FALSE,FALSE,FALSE
02073973,02,0207,020739,FALSE,FALSE,FALSE,FALSE
02073975,02,0207,020739,FALSE,FALSE,FALSE,FALSE
02073977,02,0207,020739,FALSE,FALSE,FALSE,FALSE
02073981,02,0207,020739,FALSE,FALSE,FALSE,FALSE
02073983,02,0207,020739,FALSE,FALSE,FALSE,FALSE
02073985,02,0207,020739,FALSE,FALSE,FALSE,FALSE
02073990,02,0207,020739,FALSE,FALSE,FALSE,FALSE
02074110,02,0207,020741,FALSE,FALSE,FALSE,FALSE
02074111,02,0207,020741,FALSE,FALSE,FALSE,FALSE
02074120,02,0207,020741,FALSE,FALSE,FALSE,TRUE
02074121,02,0207,020741,FALSE,FALSE,FALSE,FALSE
02074130,02,0207,020741,FALSE,FALSE,FALSE,TRUE
02074131,02,0207,020741,FALSE,FALSE,FALSE,FALSE
02074141,02,0207,020741,FALSE,FALSE,FALSE,FALSE
02074151,02,0207,020741,FALSE,FALSE,FALSE,FALSE
02074171,02,0207,020741,FALSE,FALSE,FALSE,FALSE
02074180,02,0207,020741,FALSE,FALSE,FALSE,TRUE
02074190,02,0207,020741,FALSE,FALSE,FALSE,FALSE
02074210,02,0207,020742,FALSE,FALSE,FALSE,FALSE
02074211,02,0207,020742,FALSE,FALSE,FALSE,FALSE
02074221,02,0207,020742,FALSE,FALSE,FALSE,FALSE
02074230,02,0207,020742,FALSE,FALSE,FALSE,TRUE
02074231,02,0207,020742,FALSE,FALSE,FALSE,FALSE
02074241,02,0207,020742,FALSE,FALSE,FALSE,FALSE
02074251,02,0207,020742,FALSE,FALSE,FALSE,FALSE
02074259,02,0207,020742,FALSE,FALSE,FALSE,FALSE
02074271,02,0207,020742,FALSE,FALSE,FALSE,FALSE
02074280,02,0207,020742,FALSE,FALSE,FALSE,TRUE
02074290,02,0207,020742,FALSE,FALSE,FALSE,FALSE
02074300,02,0207,020743,FALSE,FALSE,FALSE,TRUE
02074311,02,0207,020743,FALSE,FALSE,FALSE,FALSE
02074315,02,0207,020743,FALSE,FALSE,FALSE,FALSE
02074321,02,0207,020743,FALSE,FALSE,FALSE,FALSE
02074323,02,0207,020743,FALSE,FALSE,FALSE,FALSE
02074325,02,0207,020743,FALSE,FALSE,FALSE,FALSE
02074331,02,0207,020743,FALSE,FALSE,FALSE,FALSE
02074341,02,0207,020743,FALSE,FALSE,FALSE,FALSE
02074351,02,0207,020743,FALSE,FALSE,FALSE,FALSE
02074353,02,0207,020743,FALSE,FALSE,FALSE,FALSE
02074361,02,0207,020743,FALSE,FALSE,FALSE,FALSE
02074363,02,0207,020743,FALSE,FALSE,FALSE,FALSE
02074371,02,0207,020743,FALSE,FALSE,FALSE,FALSE
02074381,02,0207,020743,FALSE,FALSE,FALSE,FALSE
02074390,02,0207,020743,FALSE,FALSE,FALSE,FALSE
02074410,02,0207,020744,FALSE,FALSE,FALSE,TRUE
02074421,02,0207,020744,FALSE,FALSE,FALSE,TRUE
02074431,02,0207,020744,FALSE,FALSE,FALSE,TRUE
02074441,02,0207,020744,FALSE,FALSE,FALSE,TRUE
02074451,02,0207,020744,FALSE,FALSE,FALSE,TRUE
02074461,02,0207,020744,FALSE,FALSE,FALSE,TRUE
02074471,02,0207,020744,FALSE,FALSE,FALSE,TRUE
02074481,02,0207,020744,FALSE,FALSE,FALSE,TRUE
02074491,02,0207,020744,FALSE,FALSE,FALSE,TRUE
02074499,02,0207,020744,FALSE,FALSE,FALSE,TRUE
02074510,02,0207,020745,FALSE,FALSE,FALSE,TRUE
02074521,02,0207,020745,FALSE,FALSE,FALSE,TRUE
02074531,02,0207,020745,FALSE,FALSE,FALSE,TRUE
02074541,02,0207,020745,FALSE,FALSE,FALSE,TRUE
02074551,02,0207,020745,FALSE,FALSE,FALSE,TRUE
02074561,02,0207,020745,FALSE,FALSE,FALSE,TRUE
02074571,02,0207,020745,FALSE,FALSE,FALSE,TRUE
02074581,02,0207,020745,FALSE,FALSE,FALSE,TRUE
02074593,02,0207,020745,FALSE,FALSE,FALSE,TRUE
02074595,02,0207,020745,FALSE,FALSE,FALSE,TRUE
02074599,02,0207,020745,FALSE,FALSE,FALSE,TRUE
02075010,02,0207,020750,FALSE,FALSE,FALSE,FALSE
02075090,02,0207,020750,FALSE,FALSE,FALSE,FALSE
02075110,02,0207,020751,FALSE,FALSE,FALSE,TRUE
02075190,02,0207,020751,FALSE,FALSE,FALSE,TRUE
02075210,02,0207,020752,FALSE,FALSE,FALSE,TRUE
02075290,02,0207,020752,FALSE,FALSE,FALSE,TRUE
02075300,02,0207,020753,FALSE,FALSE,FALSE,TRUE
02075410,02,0207,020754,FALSE,FALSE,FALSE,TRUE
02075421,02,0207,020754,FALSE,FALSE,FALSE,TRUE
02075431,02,0207,020754,FALSE,FALSE,FALSE,TRUE
02075441,02,0207,020754,FALSE,FALSE,FALSE,TRUE
02075451,02,0207,020754,FALSE,FALSE,FALSE,TRUE
02075461,02,0207,020754,FALSE,FALSE,FALSE,TRUE
02075471,02,0207,020754,FALSE,FALSE,FALSE,TRUE
02075481,02,0207,020754,FALSE,FALSE,FALSE,TRUE
02075491,02,0207,020754,FALSE,FALSE,FALSE,TRUE
02075499,02,0207,020754,FALSE,FALSE,FALSE,TRUE
02075510,02,0207,020755,FALSE,FALSE,FALSE,TRUE
02075521,02,0207,020755,FALSE,FALSE,FALSE,TRUE
02075531,02,0207,020755,FALSE,FALSE,FALSE,TRUE
02075541,02,0207,020755,FALSE,FALSE,FALSE,TRUE
02075551,02,0207,020755,FALSE,FALSE,FALSE,TRUE
02075561,02,0207,020755,FALSE,FALSE,FALSE,TRUE
02075571,02,0207,020755,FALSE,FALSE,FALSE,TRUE
02075581,02,0207,020755,FALSE,FALSE,FALSE,TRUE
02075593,02,0207,020755,FALSE,FALSE,FALSE,TRUE
02075595,02,0207,020755,FALSE,FALSE,FALSE,TRUE
02075599,02,0207,020755,FALSE,FALSE,FALSE,TRUE
02076005,02,0207,020760,FALSE,FALSE,FALSE,TRUE
02076010,02,0207,020760,FALSE,FALSE,FALSE,TRUE
02076021,02,0207,020760,FALSE,FALSE,FALSE,TRUE
02076031,02,0207,020760,FALSE,FALSE,FALSE,TRUE
02076041,02,0207,020760,FALSE,FALSE,FALSE,TRUE
02076051,02,0207,020760,FALSE,FALSE,FALSE,TRUE
02076061,02,0207,020760,FALSE,FALSE,FALSE,TRUE
02076081,02,0207,020760,FALSE,FALSE,FALSE,TRUE
02076091,02,0207,020760,FALSE,FALSE,FALSE,TRUE
02076099,02,0207,020760,FALSE,FALSE,FALSE,TRUE
02081010,02,0208,020810,FALSE,FALSE,FALSE,TRUE
02081011,02,0208,020810,FALSE,FALSE,FALSE,FALSE
02081019,02,0208,020810,FALSE,FALSE,FALSE,FALSE
02081090,02,0208,020810,FALSE,FALSE,FALSE,TRUE
02082000,02,0208,020820,FALSE,FALSE,FALSE,FALSE
02083000,02,0208,020830,FALSE,FALSE,FALSE,TRUE
02084010,02,0208,020840,FALSE,FALSE,FALSE,TRUE
02084020,02,0208,020840,FALSE,FALSE,FALSE,TRUE
02084080,02,0208,020840,FALSE,FALSE,FALSE,TRUE
02084090,02,0208,020840,FALSE,FALSE,FALSE,FALSE
02085000,02,0208,020850,FALSE,FALSE,FALSE,TRUE
02086000,02,0208,020860,FALSE,FALSE,FALSE,TRUE
02089010,02,0208,020890,FALSE,FALSE,FALSE,TRUE
02089020,02,0208,020890,FALSE,FALSE,FALSE,FALSE
02089030,02,0208,020890,FALSE,FALSE,FALSE,TRUE
02089040,02,0208,020890,FALSE,FALSE,FALSE,FALSE
02089050,02,0208,020890,FALSE,FALSE,FALSE,FALSE
02089055,02,0208,020890,FALSE,FALSE,FALSE,FALSE
02089060,02,0208,020890,FALSE,FALSE,FALSE,TRUE
02089070,02,0208,020890,FALSE,FALSE,FALSE,TRUE
02089080,02,0208,020890,FALSE,FALSE,FALSE,FALSE
02089090,02,0208,020890,FALSE,FALSE,FALSE,FALSE
02089095,02,0208,020890,FALSE,FALSE,FALSE,FALSE
02089098,02,0208,020890,FALSE,FALSE,FALSE,TRUE
02090011,02,0209,020900,FALSE,FALSE,FALSE,FALSE
02090019,02,0209,020900,FALSE,FALSE,FALSE,FALSE
02090030,02,0209,020900,FALSE,FALSE,FALSE,FALSE
02090090,02,0209,020900,FALSE,FALSE,FALSE,FALSE
02091011,02,0209,020910,FALSE,FALSE,FALSE,TRUE
02091019,02,0209,020910,FALSE,FALSE,FALSE,TRUE
02091090,02,0209,020910,FALSE,FALSE,FALSE,TRUE
02099000,02,0209,020990,FALSE,FALSE,FALSE,TRUE
02101111,02,0210,021011,FALSE,FALSE,FALSE,TRUE
02101119,02,0210,021011,FALSE,FALSE,FALSE,TRUE
02101131,02,0210,021011,FALSE,FALSE,FALSE,TRUE
02101139,02,0210,021011,FALSE,FALSE,FALSE,TRUE
02101190,02,0210,021011,FALSE,FALSE,FALSE,TRUE
02101211,02,0210,021012,FALSE,FALSE,FALSE,TRUE
02101219,02,0210,021012,FALSE,FALSE,FALSE,TRUE
02101290,02,0210,021012,FALSE,FALSE,FALSE,TRUE
02101910,02,0210,021019,FALSE,FALSE,FALSE,TRUE
02101920,02,0210,021019,FALSE,FALSE,FALSE,TRUE
02101930,02,0210,021019,FALSE,FALSE,FALSE,TRUE
02101940,02,0210,021019,FALSE,FALSE,FALSE,TRUE
02101950,02,0210,021019,FALSE,FALSE,FALSE,TRUE
02101951,02,0210,021019,FALSE,FALSE,FALSE,FALSE
02101959,02,0210,021019,FALSE,FALSE,FALSE,FALSE
02101960,02,0210,021019,FALSE,FALSE,FALSE,TRUE
02101970,02,0210,021019,FALSE,FALSE,FALSE,TRUE
02101981,02,0210,021019,FALSE,FALSE,FALSE,TRUE
02101989,02,0210,021019,FALSE,FALSE,FALSE,TRUE
02101990,02,0210,021019,FALSE,FALSE,FALSE,TRUE
02102010,02,0210,021020,FALSE,FALSE,FALSE,TRUE
02102090,02,0210,021020,FALSE,FALSE,FALSE,TRUE
02109010,02,0210,021090,FALSE,FALSE,FALSE,FALSE
02109011,02,0210,021090,FALSE,FALSE,FALSE,FALSE
02109019,02,0210,021090,FALSE,FALSE,FALSE,FALSE
02109020,02,0210,021090,FALSE,FALSE,FALSE,FALSE
02109021,02,0210,021090,FALSE,FALSE,FALSE,FALSE
02109029,02,0210,021090,FALSE,FALSE,FALSE,FALSE
02109031,02,0210,021090,FALSE,FALSE,FALSE,FALSE
02109039,02,0210,021090,FALSE,FALSE,FALSE,FALSE
02109041,02,0210,021090,FALSE,FALSE,FALSE,FALSE
02109049,02,0210,021090,FALSE,FALSE,FALSE,FALSE
02109060,02,0210,021090,FALSE,FALSE,FALSE,FALSE
02109071,02,0210,021090,FALSE,FALSE,FALSE,FALSE
02109079,02,0210,021090,FALSE,FALSE,FALSE,FALSE
02109080,02,0210,021090,FALSE,FALSE,FALSE,FALSE
02109090,02,0210,021090,FALSE,FALSE,FALSE,FALSE
02109100,02,0210,021091,FALSE,FALSE,FALSE,TRUE
02109200,02,0210,021092,FALSE,FALSE,FALSE,FALSE
02109210,02,0210,021092,FALSE,FALSE,FALSE,TRUE
02109291,02,0210,021092,FALSE,FALSE,FALSE,TRUE
02109292,02,0210,021092,FALSE,FALSE,FALSE,TRUE
02109299,02,0210,021092,FALSE,FALSE,FALSE,TRUE
02109300,02,0210,021093,FALSE,FALSE,FALSE,TRUE
02109910,02,0210,021099,FALSE,FALSE,FALSE,TRUE
02109921,02,0210,021099,FALSE,FALSE,FALSE,TRUE
02109929,02,0210,021099,FALSE,FALSE,FALSE,TRUE
02109931,02,0210,021099,FALSE,FALSE,FALSE,TRUE
02109939,02,0210,021099,FALSE,FALSE,FALSE,TRUE
02109941,02,0210,021099,FALSE,FALSE,FALSE,TRUE
02109949,02,0210,021099,FALSE,FALSE,FALSE,TRUE
02109951,02,0210,021099,FALSE,FALSE,FALSE,TRUE
02109959,02,0210,021099,FALSE,FALSE,FALSE,TRUE
02109960,02,0210,021099,FALSE,FALSE,FALSE,FALSE
02109971,02,0210,021099,FALSE,FALSE,FALSE,TRUE
02109979,02,0210,021099,FALSE,FALSE,FALSE,TRUE
02109980,02,0210,021099,FALSE,FALSE,FALSE,FALSE
02109985,02,0210,021099,FALSE,FALSE,FALSE,TRUE
02109990,02,0210,021099,FALSE,FALSE,FALSE,TRUE
03011010,03,0301,030110,FALSE,FALSE,FALSE,FALSE
03011090,03,0301,030110,FALSE,FALSE,FALSE,FALSE
03011100,03,0301,030111,FALSE,FALSE,FALSE,TRUE
03011900,03,0301,030119,FALSE,FALSE,FALSE,TRUE
03019100,03,0301,030191,FALSE,FALSE,FALSE,FALSE
03019110,03,0301,030191,FALSE,FALSE,FALSE,TRUE
03019190,03,0301,030191,FALSE,FALSE,FALSE,TRUE
03019200,03,0301,030192,FALSE,FALSE,FALSE,FALSE
03019210,03,0301,030192,FALSE,FALSE,FALSE,TRUE
03019230,03,0301,030192,FALSE,FALSE,FALSE,TRUE
03019290,03,0301,030192,FALSE,FALSE,FALSE,TRUE
03019300,03,0301,030193,FALSE,FALSE,FALSE,TRUE
03019400,03,0301,030194,FALSE,FALSE,FALSE,FALSE
03019410,03,0301,030194,FALSE,FALSE,FALSE,TRUE
03019490,03,0301,030194,FALSE,FALSE,FALSE,TRUE
03019500,03,0301,030195,FALSE,FALSE,FALSE,TRUE
03019911,03,0301,030199,FALSE,FALSE,FALSE,TRUE
03019917,03,0301,030199,FALSE,FALSE,FALSE,FALSE
03019918,03,0301,030199,FALSE,FALSE,FALSE,TRUE
03019919,03,0301,030199,FALSE,FALSE,FALSE,FALSE
03019980,03,0301,030199,FALSE,FALSE,FALSE,FALSE
03019985,03,0301,030199,FALSE,FALSE,FALSE,TRUE
03019990,03,0301,030199,FALSE,FALSE,FALSE,FALSE
03021100,03,0302,030211,FALSE,FALSE,FALSE,FALSE
03021110,03,0302,030211,FALSE,FALSE,FALSE,TRUE
03021120,03,0302,030211,FALSE,FALSE,FALSE,TRUE
03021180,03,0302,030211,FALSE,FALSE,FALSE,TRUE
03021190,03,0302,030211,FALSE,FALSE,FALSE,FALSE
03021200,03,0302,030212,FALSE,FALSE,FALSE,FALSE
03021300,03,0302,030213,FALSE,FALSE,FALSE,TRUE
03021400,03,0302,030214,FALSE,FALSE,FALSE,TRUE
03021900,03,0302,030219,FALSE,FALSE,FALSE,TRUE
03022110,03,0302,030221,FALSE,FALSE,FALSE,TRUE
03022130,03,0302,030221,FALSE,FALSE,FALSE,TRUE
03022190,03,0302,030221,FALSE,FALSE,FALSE,TRUE
03022200,03,0302,030222,FALSE,FALSE,FALSE,TRUE
03022300,03,0302,030223,FALSE,FALSE,FALSE,TRUE
03022400,03,0302,030224,FALSE,FALSE,FALSE,TRUE
03022910,03,0302,030229,FALSE,FALSE,FALSE,TRUE
03022980,03,0302,030229,FALSE,FALSE,FALSE,TRUE
03022990,03,0302,030229,FALSE,FALSE,FALSE,FALSE
03023110,03,0302,030231,FALSE,FALSE,FALSE,TRUE
03023190,03,0302,030231,FALSE,FALSE,FALSE,TRUE
03023210,03,0302,030232,FALSE,FALSE,FALSE,TRUE
03023290,03,0302,030232,FALSE,FALSE,FALSE,TRUE
03023310,03,0302,030233,FALSE,FALSE,FALSE,TRUE
03023390,03,0302,030233,FALSE,FALSE,FALSE,TRUE
03023410,03,0302,030234,FALSE,FALSE,FALSE,TRUE
03023490,03,0302,030234,FALSE,FALSE,FALSE,TRUE
03023510,03,0302,030235,FALSE,FALSE,FALSE,FALSE
03023511,03,0302,030235,FALSE,FALSE,FALSE,TRUE
03023519,03,0302,030235,FALSE,FALSE,FALSE,TRUE
03023590,03,0302,030235,FALSE,FALSE,FALSE,FALSE
03023591,03,0302,030235,FALSE,FALSE,FALSE,TRUE
03023599,03,0302,030235,FALSE,FALSE,FALSE,TRUE
03023610,03,0302,030236,FALSE,FALSE,FALSE,TRUE
03023690,03,0302,030236,FALSE,FALSE,FALSE,TRUE
03023910,03,0302,030239,FALSE,FALSE,FALSE,FALSE
03023911,03,0302,030239,FALSE,FALSE,FALSE,FALSE
03023919,03,0302,030239,FALSE,FALSE,FALSE,FALSE
03023920,03,0302,030239,FALSE,FALSE,FALSE,TRUE
03023980,03,0302,030239,FALSE,FALSE,FALSE,TRUE
03023990,03,0302,030239,FALSE,FALSE,FALSE,FALSE
03023991,03,0302,030239,FALSE,FALSE,FALSE,FALSE
03023999,03,0302,030239,FALSE,FALSE,FALSE,FALSE
03024000,03,0302,030240,FALSE,FALSE,FALSE,FALSE
03024005,03,0302,030240,FALSE,FALSE,FALSE,FALSE
03024010,03,0302,030240,FALSE,FALSE,FALSE,FALSE
03024090,03,0302,030240,FALSE,FALSE,FALSE,FALSE
03024098,03,0302,030240,FALSE,FALSE,FALSE,FALSE
03024100,03,0302,030241,FALSE,FALSE,FALSE,TRUE
03024200,03,0302,030242,FALSE,FALSE,FALSE,TRUE
03024310,03,0302,030243,FALSE,FALSE,FALSE,TRUE
03024330,03,0302,030243,FALSE,FALSE,FALSE,TRUE
03024390,03,0302,030243,FALSE,FALSE,FALSE,TRUE
03024400,03,0302,030244,FALSE,FALSE,FALSE,TRUE
03024510,03,0302,030245,FALSE,FALSE,FALSE,TRUE
03024530,03,0302,030245,FALSE,FALSE,FALSE,TRUE
03024590,03,0302,030245,FALSE,FALSE,FALSE,TRUE
03024600,03,0302,030246,FALSE,FALSE,FALSE,TRUE
03024700,03,0302,030247,FALSE,FALSE,FALSE,TRUE
03024911,03,0302,030249,FALSE,FALSE,FALSE,FALSE
03024919,03,0302,030249,FALSE,FALSE,FALSE,FALSE
03024990,03,0302,030249,FALSE,FALSE,FALSE,FALSE
03025010,03,0302,030250,FALSE,FALSE,FALSE,FALSE
03025090,03,0302,030250,FALSE,FALSE,FALSE,FALSE
03025110,03,0302,030251,FALSE,FALSE,FALSE,TRUE
03025190,03,0302,030251,FALSE,FALSE,FALSE,TRUE
03025200,03,0302,030252,FALSE,FALSE,FALSE,TRUE
03025300,03,0302,030253,FALSE,FALSE,FALSE,TRUE
03025411,03,0302,030254,FALSE,FALSE,FALSE,TRUE
03025415,03,0302,030254,FALSE,FALSE,FALSE,TRUE
03025419,03,0302,030254,FALSE,FALSE,FALSE,TRUE
03025490,03,0302,030254,FALSE,FALSE,FALSE,TRUE
03025500,03,0302,030255,FALSE,FALSE,FALSE,TRUE
03025600,03,0302,030256,FALSE,FALSE,FALSE,TRUE
03025910,03,0302,030259,FALSE,FALSE,FALSE,TRUE
03025920,03,0302,030259,FALSE,FALSE,FALSE,TRUE
03025930,03,0302,030259,FALSE,FALSE,FALSE,TRUE
03025940,03,0302,030259,FALSE,FALSE,FALSE,TRUE
03025990,03,0302,030259,FALSE,FALSE,FALSE,TRUE
03026110,03,0302,030261,FALSE,FALSE,FALSE,FALSE
03026130,03,0302,030261,FALSE,FALSE,FALSE,FALSE
03026180,03,0302,030261,FALSE,FALSE,FALSE,FALSE
03026190,03,0302,030261,FALSE,FALSE,FALSE,FALSE
03026191,03,0302,030261,FALSE,FALSE,FALSE,FALSE
03026198,03,0302,030261,FALSE,FALSE,FALSE,FALSE
03026199,03,0302,030261,FALSE,FALSE,FALSE,FALSE
03026200,03,0302,030262,FALSE,FALSE,FALSE,FALSE
03026300,03,0302,030263,FALSE,FALSE,FALSE,FALSE
03026400,03,0302,030264,FALSE,FALSE,FALSE,FALSE
03026405,03,0302,030264,FALSE,FALSE,FALSE,FALSE
03026410,03,0302,030264,FALSE,FALSE,FALSE,FALSE
03026490,03,0302,030264,FALSE,FALSE,FALSE,FALSE
03026498,03,0302,030264,FALSE,FALSE,FALSE,FALSE
03026520,03,0302,030265,FALSE,FALSE,FALSE,FALSE
03026550,03,0302,030265,FALSE,FALSE,FALSE,FALSE
03026560,03,0302,030265,FALSE,FALSE,FALSE,FALSE
03026590,03,0302,030265,FALSE,FALSE,FALSE,FALSE
03026595,03,0302,030265,FALSE,FALSE,FALSE,FALSE
03026600,03,0302,030266,FALSE,FALSE,FALSE,FALSE
03026700,03,0302,030267,FALSE,FALSE,FALSE,FALSE
03026800,03,0302,030268,FALSE,FALSE,FALSE,FALSE
03026911,03,0302,030269,FALSE,FALSE,FALSE,FALSE
03026915,03,0302,030269,FALSE,FALSE,FALSE,FALSE
03026918,03,0302,030269,FALSE,FALSE,FALSE,FALSE
03026919,03,0302,030269,FALSE,FALSE,FALSE,FALSE
03026921,03,0302,030269,FALSE,FALSE,FALSE,FALSE
03026925,03,0302,030269,FALSE,FALSE,FALSE,FALSE
03026931,03,0302,030269,FALSE,FALSE,FALSE,FALSE
03026933,03,0302,030269,FALSE,FALSE,FALSE,FALSE
03026935,03,0302,030269,FALSE,FALSE,FALSE,FALSE
03026941,03,0302,030269,FALSE,FALSE,FALSE,FALSE
03026945,03,0302,030269,FALSE,FALSE,FALSE,FALSE
03026951,03,0302,030269,FALSE,FALSE,FALSE,FALSE
03026955,03,0302,030269,FALSE,FALSE,FALSE,FALSE
03026961,03,0302,030269,FALSE,FALSE,FALSE,FALSE
03026965,03,0302,030269,FALSE,FALSE,FALSE,FALSE
03026966,03,0302,030269,FALSE,FALSE,FALSE,FALSE
03026967,03,0302,030269,FALSE,FALSE,FALSE,FALSE
03026968,03,0302,030269,FALSE,FALSE,FALSE,FALSE
03026969,03,0302,030269,FALSE,FALSE,FALSE,FALSE
03026975,03,0302,030269,FALSE,FALSE,FALSE,FALSE
03026981,03,0302,030269,FALSE,FALSE,FALSE,FALSE
03026982,03,0302,030269,FALSE,FALSE,FALSE,FALSE
03026985,03,0302,030269,FALSE,FALSE,FALSE,FALSE
03026986,03,0302,030269,FALSE,FALSE,FALSE,FALSE
03026987,03,0302,030269,FALSE,FALSE,FALSE,FALSE
03026988,03,0302,030269,FALSE,FALSE,FALSE,FALSE
03026991,03,0302,030269,FALSE,FALSE,FALSE,FALSE
03026992,03,0302,030269,FALSE,FALSE,FALSE,FALSE
03026993,03,0302,030269,FALSE,FALSE,FALSE,FALSE
03026994,03,0302,030269,FALSE,FALSE,FALSE,FALSE
03026995,03,0302,030269,FALSE,FALSE,FALSE,FALSE
03026996,03,0302,030269,FALSE,FALSE,FALSE,FALSE
03026998,03,0302,030269,FALSE,FALSE,FALSE,FALSE
03026999,03,0302,030269,FALSE,FALSE,FALSE,FALSE
03027000,03,0302,030270,FALSE,FALSE,FALSE,FALSE
03027100,03,0302,030271,FALSE,FALSE,FALSE,TRUE
03027200,03,0302,030272,FALSE,FALSE,FALSE,TRUE
03027300,03,0302,030273,FALSE,FALSE,FALSE,TRUE
03027400,03,0302,030274,FALSE,FALSE,FALSE,TRUE
03027900,03,0302,030279,FALSE,FALSE,FALSE,TRUE
03028110,03,0302,030281,FALSE,FALSE,FALSE,TRUE
03028115,03,0302,030281,FALSE,FALSE,FALSE,FALSE
03028120,03,0302,030281,FALSE,FALSE,FALSE,TRUE
03028130,03,0302,030281,FALSE,FALSE,FALSE,TRUE
03028140,03,0302,030281,FALSE,FALSE,FALSE,FALSE
03028180,03,0302,030281,FALSE,FALSE,FALSE,FALSE
03028190,03,0302,030281,FALSE,FALSE,FALSE,TRUE
03028200,03,0302,030282,FALSE,FALSE,FALSE,TRUE
03028300,03,0302,030283,FALSE,FALSE,FALSE,TRUE
03028410,03,0302,030284,FALSE,FALSE,FALSE,TRUE
03028490,03,0302,030284,FALSE,FALSE,FALSE,TRUE
03028510,03,0302,030285,FALSE,FALSE,FALSE,TRUE
03028530,03,0302,030285,FALSE,FALSE,FALSE,TRUE
03028590,03,0302,030285,FALSE,FALSE,FALSE,TRUE
03028910,03,0302,030289,FALSE,FALSE,FALSE,TRUE
03028921,03,0302,030289,FALSE,FALSE,FALSE,TRUE
03028929,03,0302,030289,FALSE,FALSE,FALSE,TRUE
03028931,03,0302,030289,FALSE,FALSE,FALSE,TRUE
03028939,03,0302,030289,FALSE,FALSE,FALSE,TRUE
03028940,03,0302,030289,FALSE,FALSE,FALSE,TRUE
03028950,03,0302,030289,FALSE,FALSE,FALSE,TRUE
03028960,03,0302,030289,FALSE,FALSE,FALSE,TRUE
03028990,03,0302,030289,FALSE,FALSE,FALSE,TRUE
03029000,03,0302,030290,FALSE,FALSE,FALSE,TRUE
03029100,03,0302,030291,FALSE,FALSE,FALSE,FALSE
03029200,03,0302,030292,FALSE,FALSE,FALSE,FALSE
03029900,03,0302,030299,FALSE,FALSE,FALSE,FALSE
03031000,03,0303,030310,FALSE,FALSE,FALSE,FALSE
03031100,03,0303,030311,FALSE,FALSE,FALSE,TRUE
03031200,03,0303,030312,FALSE,FALSE,FALSE,TRUE
03031300,03,0303,030313,FALSE,FALSE,FALSE,TRUE
03031410,03,0303,030314,FALSE,FALSE,FALSE,TRUE
03031420,03,0303,030314,FALSE,FALSE,FALSE,TRUE
03031490,03,0303,030314,FALSE,FALSE,FALSE,TRUE
03031900,03,0303,030319,FALSE,FALSE,FALSE,TRUE
03032100,03,0303,030321,FALSE,FALSE,FALSE,FALSE
03032110,03,0303,030321,FALSE,FALSE,FALSE,FALSE
03032120,03,0303,030321,FALSE,FALSE,FALSE,FALSE
03032180,03,0303,030321,FALSE,FALSE,FALSE,FALSE
03032190,03,0303,030321,FALSE,FALSE,FALSE,FALSE
03032200,03,0303,030322,FALSE,FALSE,FALSE,FALSE
03032300,03,0303,030323,FALSE,FALSE,FALSE,TRUE
03032400,03,0303,030324,FALSE,FALSE,FALSE,TRUE
03032500,03,0303,030325,FALSE,FALSE,FALSE,TRUE
03032600,03,0303,030326,FALSE,FALSE,FALSE,TRUE
03032900,03,0303,030329,FALSE,FALSE,FALSE,TRUE
03033110,03,0303,030331,FALSE,FALSE,FALSE,TRUE
03033130,03,0303,030331,FALSE,FALSE,FALSE,TRUE
03033190,03,0303,030331,FALSE,FALSE,FALSE,TRUE
03033200,03,0303,030332,FALSE,FALSE,FALSE,TRUE
03033300,03,0303,030333,FALSE,FALSE,FALSE,TRUE
03033400,03,0303,030334,FALSE,FALSE,FALSE,TRUE
03033910,03,0303,030339,FALSE,FALSE,FALSE,TRUE
03033920,03,0303,030339,FALSE,FALSE,FALSE,FALSE
03033930,03,0303,030339,FALSE,FALSE,FALSE,TRUE
03033950,03,0303,030339,FALSE,FALSE,FALSE,TRUE
03033970,03,0303,030339,FALSE,FALSE,FALSE,FALSE
03033980,03,0303,030339,FALSE,FALSE,FALSE,FALSE
03033985,03,0303,030339,FALSE,FALSE,FALSE,TRUE
03034110,03,0303,030341,FALSE,FALSE,FALSE,TRUE
03034111,03,0303,030341,FALSE,FALSE,FALSE,FALSE
03034113,03,0303,030341,FALSE,FALSE,FALSE,FALSE
03034119,03,0303,030341,FALSE,FALSE,FALSE,FALSE
03034190,03,0303,030341,FALSE,FALSE,FALSE,TRUE
03034212,03,0303,030342,FALSE,FALSE,FALSE,TRUE
03034218,03,0303,030342,FALSE,FALSE,FALSE,TRUE
03034220,03,0303,030342,FALSE,FALSE,FALSE,FALSE
03034232,03,0303,030342,FALSE,FALSE,FALSE,FALSE
03034238,03,0303,030342,FALSE,FALSE,FALSE,FALSE
03034242,03,0303,030342,FALSE,FALSE,FALSE,TRUE
03034248,03,0303,030342,FALSE,FALSE,FALSE,TRUE
03034252,03,0303,030342,FALSE,FALSE,FALSE,FALSE
03034258,03,0303,030342,FALSE,FALSE,FALSE,FALSE
03034290,03,0303,030342,FALSE,FALSE,FALSE,TRUE
03034310,03,0303,030343,FALSE,FALSE,FALSE,TRUE
03034311,03,0303,030343,FALSE,FALSE,FALSE,FALSE
03034313,03,0303,030343,FALSE,FALSE,FALSE,FALSE
03034319,03,0303,030343,FALSE,FALSE,FALSE,FALSE
03034390,03,0303,030343,FALSE,FALSE,FALSE,TRUE
03034410,03,0303,030344,FALSE,FALSE,FALSE,TRUE
03034411,03,0303,030344,FALSE,FALSE,FALSE,FALSE
03034413,03,0303,030344,FALSE,FALSE,FALSE,FALSE
03034419,03,0303,030344,FALSE,FALSE,FALSE,FALSE
03034490,03,0303,030344,FALSE,FALSE,FALSE,TRUE
03034510,03,0303,030345,FALSE,FALSE,FALSE,FALSE
03034511,03,0303,030345,FALSE,FALSE,FALSE,FALSE
03034512,03,0303,030345,FALSE,FALSE,FALSE,TRUE
03034513,03,0303,030345,FALSE,FALSE,FALSE,FALSE
03034518,03,0303,030345,FALSE,FALSE,FALSE,TRUE
03034519,03,0303,030345,FALSE,FALSE,FALSE,FALSE
03034590,03,0303,030345,FALSE,FALSE,FALSE,FALSE
03034591,03,0303,030345,FALSE,FALSE,FALSE,TRUE
03034599,03,0303,030345,FALSE,FALSE,FALSE,TRUE
03034610,03,0303,030346,FALSE,FALSE,FALSE,TRUE
03034611,03,0303,030346,FALSE,FALSE,FALSE,FALSE
03034613,03,0303,030346,FALSE,FALSE,FALSE,FALSE
03034619,03,0303,030346,FALSE,FALSE,FALSE,FALSE
03034690,03,0303,030346,FALSE,FALSE,FALSE,TRUE
03034920,03,0303,030349,FALSE,FALSE,FALSE,TRUE
03034921,03,0303,030349,FALSE,FALSE,FALSE,FALSE
03034923,03,0303,030349,FALSE,FALSE,FALSE,FALSE
03034929,03,0303,030349,FALSE,FALSE,FALSE,FALSE
03034930,03,0303,030349,FALSE,FALSE,FALSE,FALSE
03034931,03,0303,030349,FALSE,FALSE,FALSE,FALSE
03034933,03,0303,030349,FALSE,FALSE,FALSE,FALSE
03034939,03,0303,030349,FALSE,FALSE,FALSE,FALSE
03034941,03,0303,030349,FALSE,FALSE,FALSE,FALSE
03034943,03,0303,030349,FALSE,FALSE,FALSE,FALSE
03034949,03,0303,030349,FALSE,FALSE,FALSE,FALSE
03034980,03,0303,030349,FALSE,FALSE,FALSE,FALSE
03034985,03,0303,030349,FALSE,FALSE,FALSE,TRUE
03034990,03,0303,030349,FALSE,FALSE,FALSE,FALSE
03035000,03,0303,030350,FALSE,FALSE,FALSE,FALSE
03035005,03,0303,030350,FALSE,FALSE,FALSE,FALSE
03035010,03,0303,030350,FALSE,FALSE,FALSE,FALSE
03035090,03,0303,030350,FALSE,FALSE,FALSE,FALSE
03035098,03,0303,030350,FALSE,FALSE,FALSE,FALSE
03035100,03,0303,030351,FALSE,FALSE,FALSE,TRUE
03035210,03,0303,030352,FALSE,FALSE,FALSE,FALSE
03035230,03,0303,030352,FALSE,FALSE,FALSE,FALSE
03035290,03,0303,030352,FALSE,FALSE,FALSE,FALSE
03035310,03,0303,030353,FALSE,FALSE,FALSE,TRUE
03035330,03,0303,030353,FALSE,FALSE,FALSE,TRUE
03035390,03,0303,030353,FALSE,FALSE,FALSE,TRUE
03035410,03,0303,030354,FALSE,FALSE,FALSE,TRUE
03035490,03,0303,030354,FALSE,FALSE,FALSE,TRUE
03035510,03,0303,030355,FALSE,FALSE,FALSE,TRUE
03035530,03,0303,030355,FALSE,FALSE,FALSE,TRUE
03035590,03,0303,030355,FALSE,FALSE,FALSE,TRUE
03035600,03,0303,030356,FALSE,FALSE,FALSE,TRUE
03035700,03,0303,030357,FALSE,FALSE,FALSE,TRUE
03035910,03,0303,030359,FALSE,FALSE,FALSE,FALSE
03035921,03,0303,030359,FALSE,FALSE,FALSE,FALSE
03035929,03,0303,030359,FALSE,FALSE,FALSE,FALSE
03035990,03,0303,030359,FALSE,FALSE,FALSE,FALSE
03036011,03,0303,030360,FALSE,FALSE,FALSE,FALSE
03036019,03,0303,030360,FALSE,FALSE,FALSE,FALSE
03036090,03,0303,030360,FALSE,FALSE,FALSE,FALSE
03036100,03,0303,030361,FALSE,FALSE,FALSE,FALSE
03036200,03,0303,030362,FALSE,FALSE,FALSE,FALSE
03036310,03,0303,030363,FALSE,FALSE,FALSE,TRUE
03036330,03,0303,030363,FALSE,FALSE,FALSE,TRUE
03036390,03,0303,030363,FALSE,FALSE,FALSE,TRUE
03036400,03,0303,030364,FALSE,FALSE,FALSE,TRUE
03036500,03,0303,030365,FALSE,FALSE,FALSE,TRUE
03036611,03,0303,030366,FALSE,FALSE,FALSE,TRUE
03036612,03,0303,030366,FALSE,FALSE,FALSE,TRUE
03036613,03,0303,030366,FALSE,FALSE,FALSE,TRUE
03036619,03,0303,030366,FALSE,FALSE,FALSE,TRUE
03036690,03,0303,030366,FALSE,FALSE,FALSE,TRUE
03036700,03,0303,030367,FALSE,FALSE,FALSE,TRUE
03036810,03,0303,030368,FALSE,FALSE,FALSE,TRUE
03036890,03,0303,030368,FALSE,FALSE,FALSE,TRUE
03036910,03,0303,030369,FALSE,FALSE,FALSE,TRUE
03036930,03,0303,030369,FALSE,FALSE,FALSE,TRUE
03036950,03,0303,030369,FALSE,FALSE,FALSE,TRUE
03036970,03,0303,030369,FALSE,FALSE,FALSE,TRUE
03036980,03,0303,030369,FALSE,FALSE,FALSE,TRUE
03036990,03,0303,030369,FALSE,FALSE,FALSE,TRUE
03037110,03,0303,030371,FALSE,FALSE,FALSE,FALSE
03037130,03,0303,030371,FALSE,FALSE,FALSE,FALSE
03037180,03,0303,030371,FALSE,FALSE,FALSE,FALSE
03037190,03,0303,030371,FALSE,FALSE,FALSE,FALSE
03037191,03,0303,030371,FALSE,FALSE,FALSE,FALSE
03037198,03,0303,030371,FALSE,FALSE,FALSE,FALSE
03037199,03,0303,030371,FALSE,FALSE,FALSE,FALSE
03037200,03,0303,030372,FALSE,FALSE,FALSE,FALSE
03037300,03,0303,030373,FALSE,FALSE,FALSE,FALSE
03037410,03,0303,030374,FALSE,FALSE,FALSE,FALSE
03037411,03,0303,030374,FALSE,FALSE,FALSE,FALSE
03037419,03,0303,030374,FALSE,FALSE,FALSE,FALSE
03037420,03,0303,030374,FALSE,FALSE,FALSE,FALSE
03037430,03,0303,030374,FALSE,FALSE,FALSE,FALSE
03037490,03,0303,030374,FALSE,FALSE,FALSE,FALSE
03037520,03,0303,030375,FALSE,FALSE,FALSE,FALSE
03037550,03,0303,030375,FALSE,FALSE,FALSE,FALSE
03037560,03,0303,030375,FALSE,FALSE,FALSE,FALSE
03037590,03,0303,030375,FALSE,FALSE,FALSE,FALSE
03037595,03,0303,030375,FALSE,FALSE,FALSE,FALSE
03037600,03,0303,030376,FALSE,FALSE,FALSE,FALSE
03037700,03,0303,030377,FALSE,FALSE,FALSE,FALSE
03037810,03,0303,030378,FALSE,FALSE,FALSE,FALSE
03037811,03,0303,030378,FALSE,FALSE,FALSE,FALSE
03037812,03,0303,030378,FALSE,FALSE,FALSE,FALSE
03037813,03,0303,030378,FALSE,FALSE,FALSE,FALSE
03037819,03,0303,030378,FALSE,FALSE,FALSE,FALSE
03037890,03,0303,030378,FALSE,FALSE,FALSE,FALSE
03037911,03,0303,030379,FALSE,FALSE,FALSE,FALSE
03037919,03,0303,030379,FALSE,FALSE,FALSE,FALSE
03037920,03,0303,030379,FALSE,FALSE,FALSE,FALSE
03037921,03,0303,030379,FALSE,FALSE,FALSE,FALSE
03037923,03,0303,030379,FALSE,FALSE,FALSE,FALSE
03037929,03,0303,030379,FALSE,FALSE,FALSE,FALSE
03037931,03,0303,030379,FALSE,FALSE,FALSE,FALSE
03037935,03,0303,030379,FALSE,FALSE,FALSE,FALSE
03037937,03,0303,030379,FALSE,FALSE,FALSE,FALSE
03037941,03,0303,030379,FALSE,FALSE,FALSE,FALSE
03037945,03,0303,030379,FALSE,FALSE,FALSE,FALSE
03037951,03,0303,030379,FALSE,FALSE,FALSE,FALSE
03037955,03,0303,030379,FALSE,FALSE,FALSE,FALSE
03037958,03,0303,030379,FALSE,FALSE,FALSE,FALSE
03037960,03,0303,030379,FALSE,FALSE,FALSE,FALSE
03037961,03,0303,030379,FALSE,FALSE,FALSE,FALSE
03037962,03,0303,030379,FALSE,FALSE,FALSE,FALSE
03037963,03,0303,030379,FALSE,FALSE,FALSE,FALSE
03037965,03,0303,030379,FALSE,FALSE,FALSE,FALSE
03037971,03,0303,030379,FALSE,FALSE,FALSE,FALSE
03037975,03,0303,030379,FALSE,FALSE,FALSE,FALSE
03037981,03,0303,030379,FALSE,FALSE,FALSE,FALSE
03037983,03,0303,030379,FALSE,FALSE,FALSE,FALSE
03037985,03,0303,030379,FALSE,FALSE,FALSE,FALSE
03037987,03,0303,030379,FALSE,FALSE,FALSE,FALSE
03037988,03,0303,030379,FALSE,FALSE,FALSE,FALSE
03037991,03,0303,030379,FALSE,FALSE,FALSE,FALSE
03037992,03,0303,030379,FALSE,FALSE,FALSE,FALSE
03037993,03,0303,030379,FALSE,FALSE,FALSE,FALSE
03037994,03,0303,030379,FALSE,FALSE,FALSE,FALSE
03037995,03,0303,030379,FALSE,FALSE,FALSE,FALSE
03037996,03,0303,030379,FALSE,FALSE,FALSE,FALSE
03037998,03,0303,030379,FALSE,FALSE,FALSE,FALSE
03037999,03,0303,030379,FALSE,FALSE,FALSE,FALSE
03038000,03,0303,030380,FALSE,FALSE,FALSE,FALSE
03038010,03,0303,030380,FALSE,FALSE,FALSE,FALSE
03038090,03,0303,030380,FALSE,FALSE,FALSE,FALSE
03038110,03,0303,030381,FALSE,FALSE,FALSE,TRUE
03038115,03,0303,030381,FALSE,FALSE,FALSE,FALSE
03038120,03,0303,030381,FALSE,FALSE,FALSE,TRUE
03038130,03,0303,030381,FALSE,FALSE,FALSE,TRUE
03038140,03,0303,030381,FALSE,FALSE,FALSE,FALSE
03038190,03,0303,030381,FALSE,FALSE,FALSE,TRUE
03038200,03,0303,030382,FALSE,FALSE,FALSE,TRUE
03038300,03,0303,030383,FALSE,FALSE,FALSE,TRUE
03038410,03,0303,030384,FALSE,FALSE,FALSE,TRUE
03038490,03,0303,030384,FALSE,FALSE,FALSE,TRUE
03038910,03,0303,030389,FALSE,FALSE,FALSE,TRUE
03038921,03,0303,030389,FALSE,FALSE,FALSE,TRUE
03038929,03,0303,030389,FALSE,FALSE,FALSE,TRUE
03038931,03,0303,030389,FALSE,FALSE,FALSE,TRUE
03038939,03,0303,030389,FALSE,FALSE,FALSE,TRUE
03038940,03,0303,030389,FALSE,FALSE,FALSE,TRUE
03038945,03,0303,030389,FALSE,FALSE,FALSE,TRUE
03038950,03,0303,030389,FALSE,FALSE,FALSE,TRUE
03038955,03,0303,030389,FALSE,FALSE,FALSE,TRUE
03038960,03,0303,030389,FALSE,FALSE,FALSE,TRUE
03038965,03,0303,030389,FALSE,FALSE,FALSE,TRUE
03038970,03,0303,030389,FALSE,FALSE,FALSE,TRUE
03038990,03,0303,030389,FALSE,FALSE,FALSE,TRUE
03039010,03,0303,030390,FALSE,FALSE,FALSE,TRUE
03039090,03,0303,030390,FALSE,FALSE,FALSE,TRUE
03039110,03,0303,030391,FALSE,FALSE,FALSE,FALSE
03039190,03,0303,030391,FALSE,FALSE,FALSE,FALSE
03039200,03,0303,030392,FALSE,FALSE,FALSE,FALSE
03039900,03,0303,030399,FALSE,FALSE,FALSE,FALSE
03041011,03,0304,030410,FALSE,FALSE,FALSE,FALSE
03041013,03,0304,030410,FALSE,FALSE,FALSE,FALSE
03041015,03,0304,030410,FALSE,FALSE,FALSE,FALSE
03041017,03,0304,030410,FALSE,FALSE,FALSE,FALSE
03041019,03,0304,030410,FALSE,FALSE,FALSE,FALSE
03041031,03,0304,030410,FALSE,FALSE,FALSE,FALSE
03041033,03,0304,030410,FALSE,FALSE,FALSE,FALSE
03041035,03,0304,030410,FALSE,FALSE,FALSE,FALSE
03041038,03,0304,030410,FALSE,FALSE,FALSE,FALSE
03041091,03,0304,030410,FALSE,FALSE,FALSE,FALSE
03041092,03,0304,030410,FALSE,FALSE,FALSE,FALSE
03041093,03,0304,030410,FALSE,FALSE,FALSE,FALSE
03041094,03,0304,030410,FALSE,FALSE,FALSE,FALSE
03041095,03,0304,030410,FALSE,FALSE,FALSE,FALSE
03041096,03,0304,030410,FALSE,FALSE,FALSE,FALSE
03041097,03,0304,030410,FALSE,FALSE,FALSE,FALSE
03041098,03,0304,030410,FALSE,FALSE,FALSE,FALSE
03041110,03,0304,030411,FALSE,FALSE,FALSE,FALSE
03041190,03,0304,030411,FALSE,FALSE,FALSE,FALSE
03041210,03,0304,030412,FALSE,FALSE,FALSE,FALSE
03041290,03,0304,030412,FALSE,FALSE,FALSE,FALSE
03041901,03,0304,030419,FALSE,FALSE,FALSE,FALSE
03041903,03,0304,030419,FALSE,FALSE,FALSE,FALSE
03041913,03,0304,030419,FALSE,FALSE,FALSE,FALSE
03041915,03,0304,030419,FALSE,FALSE,FALSE,FALSE
03041917,03,0304,030419,FALSE,FALSE,FALSE,FALSE
03041918,03,0304,030419,FALSE,FALSE,FALSE,FALSE
03041919,03,0304,030419,FALSE,FALSE,FALSE,FALSE
03041931,03,0304,030419,FALSE,FALSE,FALSE,FALSE
03041933,03,0304,030419,FALSE,FALSE,FALSE,FALSE
03041935,03,0304,030419,FALSE,FALSE,FALSE,FALSE
03041939,03,0304,030419,FALSE,FALSE,FALSE,FALSE
03041991,03,0304,030419,FALSE,FALSE,FALSE,FALSE
03041997,03,0304,030419,FALSE,FALSE,FALSE,FALSE
03041999,03,0304,030419,FALSE,FALSE,FALSE,FALSE
03042011,03,0304,030420,FALSE,FALSE,FALSE,FALSE
03042013,03,0304,030420,FALSE,FALSE,FALSE,FALSE
03042015,03,0304,030420,FALSE,FALSE,FALSE,FALSE
03042017,03,0304,030420,FALSE,FALSE,FALSE,FALSE
03042019,03,0304,030420,FALSE,FALSE,FALSE,FALSE
03042021,03,0304,030420,FALSE,FALSE,FALSE,FALSE
03042029,03,0304,030420,FALSE,FALSE,FALSE,FALSE
03042031,03,0304,030420,FALSE,FALSE,FALSE,FALSE
03042033,03,0304,030420,FALSE,FALSE,FALSE,FALSE
03042035,03,0304,030420,FALSE,FALSE,FALSE,FALSE
03042037,03,0304,030420,FALSE,FALSE,FALSE,FALSE
03042041,03,0304,030420,FALSE,FALSE,FALSE,FALSE
03042043,03,0304,030420,FALSE,FALSE,FALSE,FALSE
03042045,03,0304,030420,FALSE,FALSE,FALSE,FALSE
03042051,03,0304,030420,FALSE,FALSE,FALSE,FALSE
03042053,03,0304,030420,FALSE,FALSE,FALSE,FALSE
03042055,03,0304,030420,FALSE,FALSE,FALSE,FALSE
03042056,03,0304,030420,FALSE,FALSE,FALSE,FALSE
03042057,03,0304,030420,FALSE,FALSE,FALSE,FALSE
03042058,03,0304,030420,FALSE,FALSE,FALSE,FALSE
03042059,03,0304,030420,FALSE,FALSE,FALSE,FALSE
03042061,03,0304,030420,FALSE,FALSE,FALSE,FALSE
03042069,03,0304,030420,FALSE,FALSE,FALSE,FALSE
03042071,03,0304,030420,FALSE,FALSE,FALSE,FALSE
03042073,03,0304,030420,FALSE,FALSE,FALSE,FALSE
03042075,03,0304,030420,FALSE,FALSE,FALSE,FALSE
03042079,03,0304,030420,FALSE,FALSE,FALSE,FALSE
03042081,03,0304,030420,FALSE,FALSE,FALSE,FALSE
03042083,03,0304,030420,FALSE,FALSE,FALSE,FALSE
03042085,03,0304,030420,FALSE,FALSE,FALSE,FALSE
03042087,03,0304,030420,FALSE,FALSE,FALSE,FALSE
03042088,03,0304,030420,FALSE,FALSE,FALSE,FALSE
03042091,03,0304,030420,FALSE,FALSE,FALSE,FALSE
03042094,03,0304,030420,FALSE,FALSE,FALSE,FALSE
03042095,03,0304,030420,FALSE,FALSE,FALSE,FALSE
03042096,03,0304,030420,FALSE,FALSE,FALSE,FALSE
03042100,03,0304,030421,FALSE,FALSE,FALSE,FALSE
03042200,03,0304,030422,FALSE,FALSE,FALSE,FALSE
03042901,03,0304,030429,FALSE,FALSE,FALSE,FALSE
03042903,03,0304,030429,FALSE,FALSE,FALSE,FALSE
03042905,03,0304,030429,FALSE,FALSE,FALSE,FALSE
03042913,03,0304,030429,FALSE,FALSE,FALSE,FALSE
03042915,03,0304,030429,FALSE,FALSE,FALSE,FALSE
03042917,03,0304,030429,FALSE,FALSE,FALSE,FALSE
03042918,03,0304,030429,FALSE,FALSE,FALSE,FALSE
03042919,03,0304,030429,FALSE,FALSE,FALSE,FALSE
03042921,03,0304,030429,FALSE,FALSE,FALSE,FALSE
03042929,03,0304,030429,FALSE,FALSE,FALSE,FALSE
03042931,03,0304,030429,FALSE,FALSE,FALSE,FALSE
03042933,03,0304,030429,FALSE,FALSE,FALSE,FALSE
03042935,03,0304,030429,FALSE,FALSE,FALSE,FALSE
03042939,03,0304,030429,FALSE,FALSE,FALSE,FALSE
03042941,03,0304,030429,FALSE,FALSE,FALSE,FALSE
03042943,03,0304,030429,FALSE,FALSE,FALSE,FALSE
03042945,03,0304,030429,FALSE,FALSE,FALSE,FALSE
03042951,03,0304,030429,FALSE,FALSE,FALSE,FALSE
03042953,03,0304,030429,FALSE,FALSE,FALSE,FALSE
03042955,03,0304,030429,FALSE,FALSE,FALSE,FALSE
03042956,03,0304,030429,FALSE,FALSE,FALSE,FALSE
03042958,03,0304,030429,FALSE,FALSE,FALSE,FALSE
03042959,03,0304,030429,FALSE,FALSE,FALSE,FALSE
03042961,03,0304,030429,FALSE,FALSE,FALSE,FALSE
03042965,03,0304,030429,FALSE,FALSE,FALSE,FALSE
03042968,03,0304,030429,FALSE,FALSE,FALSE,FALSE
03042969,03,0304,030429,FALSE,FALSE,FALSE,FALSE
03042971,03,0304,030429,FALSE,FALSE,FALSE,FALSE
03042973,03,0304,030429,FALSE,FALSE,FALSE,FALSE
03042975,03,0304,030429,FALSE,FALSE,FALSE,FALSE
03042979,03,0304,030429,FALSE,FALSE,FALSE,FALSE
03042983,03,0304,030429,FALSE,FALSE,FALSE,FALSE
03042985,03,0304,030429,FALSE,FALSE,FALSE,FALSE
03042991,03,0304,030429,FALSE,FALSE,FALSE,FALSE
03042999,03,0304,030429,FALSE,FALSE,FALSE,FALSE
03043100,03,0304,030431,FALSE,FALSE,FALSE,TRUE
03043200,03,0304,030432,FALSE,FALSE,FALSE,TRUE
03043300,03,0304,030433,FALSE,FALSE,FALSE,TRUE
03043900,03,0304,030439,FALSE,FALSE,FALSE,TRUE
03044100,03,0304,030441,FALSE,FALSE,FALSE,TRUE
03044210,03,0304,030442,FALSE,FALSE,FALSE,TRUE
03044250,03,0304,030442,FALSE,FALSE,FALSE,TRUE
03044290,03,0304,030442,FALSE,FALSE,FALSE,TRUE
03044300,03,0304,030443,FALSE,FALSE,FALSE,TRUE
03044410,03,0304,030444,FALSE,FALSE,FALSE,TRUE
03044430,03,0304,030444,FALSE,FALSE,FALSE,TRUE
03044490,03,0304,030444,FALSE,FALSE,FALSE,TRUE
03044500,03,0304,030445,FALSE,FALSE,FALSE,TRUE
03044600,03,0304,030446,FALSE,FALSE,FALSE,TRUE
03044710,03,0304,030447,FALSE,FALSE,FALSE,FALSE
03044720,03,0304,030447,FALSE,FALSE,FALSE,FALSE
03044730,03,0304,030447,FALSE,FALSE,FALSE,FALSE
03044790,03,0304,030447,FALSE,FALSE,FALSE,FALSE
03044800,03,0304,030448,FALSE,FALSE,FALSE,FALSE
03044910,03,0304,030449,FALSE,FALSE,FALSE,TRUE
03044950,03,0304,030449,FALSE,FALSE,FALSE,TRUE
03044990,03,0304,030449,FALSE,FALSE,FALSE,TRUE
03045100,03,0304,030451,FALSE,FALSE,FALSE,TRUE
03045200,03,0304,030452,FALSE,FALSE,FALSE,TRUE
03045300,03,0304,030453,FALSE,FALSE,FALSE,TRUE
03045400,03,0304,030454,FALSE,FALSE,FALSE,TRUE
03045500,03,0304,030455,FALSE,FALSE,FALSE,TRUE
03045610,03,0304,030456,FALSE,FALSE,FALSE,FALSE
03045620,03,0304,030456,FALSE,FALSE,FALSE,FALSE
03045630,03,0304,030456,FALSE,FALSE,FALSE,FALSE
03045690,03,0304,030456,FALSE,FALSE,FALSE,FALSE
03045700,03,0304,030457,FALSE,FALSE,FALSE,FALSE
03045910,03,0304,030459,FALSE,FALSE,FALSE,TRUE
03045950,03,0304,030459,FALSE,FALSE,FALSE,TRUE
03045990,03,0304,030459,FALSE,FALSE,FALSE,TRUE
03046100,03,0304,030461,FALSE,FALSE,FALSE,TRUE
03046200,03,0304,030462,FALSE,FALSE,FALSE,TRUE
03046300,03,0304,030463,FALSE,FALSE,FALSE,TRUE
03046900,03,0304,030469,FALSE,FALSE,FALSE,TRUE
03047110,03,0304,030471,FALSE,FALSE,FALSE,TRUE
03047190,03,0304,030471,FALSE,FALSE,FALSE,TRUE
03047200,03,0304,030472,FALSE,FALSE,FALSE,TRUE
03047300,03,0304,030473,FALSE,FALSE,FALSE,TRUE
03047411,03,0304,030474,FALSE,FALSE,FALSE,TRUE
03047415,03,0304,030474,FALSE,FALSE,FALSE,TRUE
03047419,03,0304,030474,FALSE,FALSE,FALSE,TRUE
03047490,03,0304,030474,FALSE,FALSE,FALSE,TRUE
03047500,03,0304,030475,FALSE,FALSE,FALSE,TRUE
03047910,03,0304,030479,FALSE,FALSE,FALSE,TRUE
03047930,03,0304,030479,FALSE,FALSE,FALSE,TRUE
03047950,03,0304,030479,FALSE,FALSE,FALSE,TRUE
03047980,03,0304,030479,FALSE,FALSE,FALSE,TRUE
03047990,03,0304,030479,FALSE,FALSE,FALSE,TRUE
03048100,03,0304,030481,FALSE,FALSE,FALSE,TRUE
03048210,03,0304,030482,FALSE,FALSE,FALSE,TRUE
03048250,03,0304,030482,FALSE,FALSE,FALSE,TRUE
03048290,03,0304,030482,FALSE,FALSE,FALSE,TRUE
03048310,03,0304,030483,FALSE,FALSE,FALSE,TRUE
03048330,03,0304,030483,FALSE,FALSE,FALSE,TRUE
03048350,03,0304,030483,FALSE,FALSE,FALSE,TRUE
03048390,03,0304,030483,FALSE,FALSE,FALSE,TRUE
03048400,03,0304,030484,FALSE,FALSE,FALSE,TRUE
03048500,03,0304,030485,FALSE,FALSE,FALSE,TRUE
03048600,03,0304,030486,FALSE,FALSE,FALSE,TRUE
03048700,03,0304,030487,FALSE,FALSE,FALSE,TRUE
03048811,03,0304,030488,FALSE,FALSE,FALSE,FALSE
03048815,03,0304,030488,FALSE,FALSE,FALSE,FALSE
03048818,03,0304,030488,FALSE,FALSE,FALSE,FALSE
03048819,03,0304,030488,FALSE,FALSE,FALSE,FALSE
03048890,03,0304,030488,FALSE,FALSE,FALSE,FALSE
03048910,03,0304,030489,FALSE,FALSE,FALSE,TRUE
03048921,03,0304,030489,FALSE,FALSE,FALSE,TRUE
03048929,03,0304,030489,FALSE,FALSE,FALSE,TRUE
03048930,03,0304,030489,FALSE,FALSE,FALSE,TRUE
03048941,03,0304,030489,FALSE,FALSE,FALSE,TRUE
03048949,03,0304,030489,FALSE,FALSE,FALSE,TRUE
03048951,03,0304,030489,FALSE,FALSE,FALSE,TRUE
03048955,03,0304,030489,FALSE,FALSE,FALSE,TRUE
03048959,03,0304,030489,FALSE,FALSE,FALSE,TRUE
03048960,03,0304,030489,FALSE,FALSE,FALSE,TRUE
03048990,03,0304,030489,FALSE,FALSE,FALSE,TRUE
03049005,03,0304,030490,FALSE,FALSE,FALSE,FALSE
03049010,03,0304,030490,FALSE,FALSE,FALSE,FALSE
03049020,03,0304,030490,FALSE,FALSE,FALSE,FALSE
03049021,03,0304,030490,FALSE,FALSE,FALSE,FALSE
03049022,03,0304,030490,FALSE,FALSE,FALSE,FALSE
03049025,03,0304,030490,FALSE,FALSE,FALSE,FALSE
03049027,03,0304,030490,FALSE,FALSE,FALSE,FALSE
03049031,03,0304,030490,FALSE,FALSE,FALSE,FALSE
03049035,03,0304,030490,FALSE,FALSE,FALSE,FALSE
03049038,03,0304,030490,FALSE,FALSE,FALSE,FALSE
03049039,03,0304,030490,FALSE,FALSE,FALSE,FALSE
03049041,03,0304,030490,FALSE,FALSE,FALSE,FALSE
03049045,03,0304,030490,FALSE,FALSE,FALSE,FALSE
03049047,03,0304,030490,FALSE,FALSE,FALSE,FALSE
03049048,03,0304,030490,FALSE,FALSE,FALSE,FALSE
03049049,03,0304,030490,FALSE,FALSE,FALSE,FALSE
03049051,03,0304,030490,FALSE,FALSE,FALSE,FALSE
03049055,03,0304,030490,FALSE,FALSE,FALSE,FALSE
03049057,03,0304,030490,FALSE,FALSE,FALSE,FALSE
03049059,03,0304,030490,FALSE,FALSE,FALSE,FALSE
03049061,03,0304,030490,FALSE,FALSE,FALSE,FALSE
03049065,03,0304,030490,FALSE,FALSE,FALSE,FALSE
03049097,03,0304,030490,FALSE,FALSE,FALSE,FALSE
03049100,03,0304,030491,FALSE,FALSE,FALSE,TRUE
03049200,03,0304,030492,FALSE,FALSE,FALSE,TRUE
03049310,03,0304,030493,FALSE,FALSE,FALSE,TRUE
03049390,03,0304,030493,FALSE,FALSE,FALSE,TRUE
03049410,03,0304,030494,FALSE,FALSE,FALSE,TRUE
03049490,03,0304,030494,FALSE,FALSE,FALSE,TRUE
03049510,03,0304,030495,FALSE,FALSE,FALSE,TRUE
03049521,03,0304,030495,FALSE,FALSE,FALSE,TRUE
03049525,03,0304,030495,FALSE,FALSE,FALSE,TRUE
03049529,03,0304,030495,FALSE,FALSE,FALSE,TRUE
03049530,03,0304,030495,FALSE,FALSE,FALSE,TRUE
03049540,03,0304,030495,FALSE,FALSE,FALSE,TRUE
03049550,03,0304,030495,FALSE,FALSE,FALSE,TRUE
03049560,03,0304,030495,FALSE,FALSE,FALSE,TRUE
03049590,03,0304,030495,FALSE,FALSE,FALSE,TRUE
03049610,03,0304,030496,FALSE,FALSE,FALSE,FALSE
03049620,03,0304,030496,FALSE,FALSE,FALSE,FALSE
03049630,03,0304,030496,FALSE,FALSE,FALSE,FALSE
03049690,03,0304,030496,FALSE,FALSE,FALSE,FALSE
03049700,03,0304,030497,FALSE,FALSE,FALSE,FALSE
03049910,03,0304,030499,FALSE,FALSE,FALSE,TRUE
03049921,03,0304,030499,FALSE,FALSE,FALSE,TRUE
03049923,03,0304,030499,FALSE,FALSE,FALSE,TRUE
03049929,03,0304,030499,FALSE,FALSE,FALSE,TRUE
03049931,03,0304,030499,FALSE,FALSE,FALSE,FALSE
03049933,03,0304,030499,FALSE,FALSE,FALSE,FALSE
03049939,03,0304,030499,FALSE,FALSE,FALSE,FALSE
03049941,03,0304,030499,FALSE,FALSE,FALSE,FALSE
03049945,03,0304,030499,FALSE,FALSE,FALSE,FALSE
03049951,03,0304,030499,FALSE,FALSE,FALSE,FALSE
03049955,03,0304,030499,FALSE,FALSE,FALSE,TRUE
03049961,03,0304,030499,FALSE,FALSE,FALSE,TRUE
03049965,03,0304,030499,FALSE,FALSE,FALSE,TRUE
03049971,03,0304,030499,FALSE,FALSE,FALSE,FALSE
03049975,03,0304,030499,FALSE,FALSE,FALSE,FALSE
03049999,03,0304,030499,FALSE,FALSE,FALSE,TRUE
03051000,03,0305,030510,FALSE,FALSE,FALSE,TRUE
03052000,03,0305,030520,FALSE,FALSE,FALSE,TRUE
03053011,03,0305,030530,FALSE,FALSE,FALSE,FALSE
03053019,03,0305,030530,FALSE,FALSE,FALSE,FALSE
03053030,03,0305,030530,FALSE,FALSE,FALSE,FALSE
03053050,03,0305,030530,FALSE,FALSE,FALSE,FALSE
03053090,03,0305,030530,FALSE,FALSE,FALSE,FALSE
03053100,03,0305,030531,FALSE,FALSE,FALSE,TRUE
03053211,03,0305,030532,FALSE,FALSE,FALSE,TRUE
03053219,03,0305,030532,FALSE,FALSE,FALSE,TRUE
03053290,03,0305,030532,FALSE,FALSE,FALSE,TRUE
03053910,03,0305,030539,FALSE,FALSE,FALSE,TRUE
03053950,03,0305,030539,FALSE,FALSE,FALSE,TRUE
03053990,03,0305,030539,FALSE,FALSE,FALSE,TRUE
03054100,03,0305,030541,FALSE,FALSE,FALSE,TRUE
03054200,03,0305,030542,FALSE,FALSE,FALSE,TRUE
03054300,03,0305,030543,FALSE,FALSE,FALSE,TRUE
03054410,03,0305,030544,FALSE,FALSE,FALSE,TRUE
03054490,03,0305,030544,FALSE,FALSE,FALSE,TRUE
03054910,03,0305,030549,FALSE,FALSE,FALSE,TRUE
03054920,03,0305,030549,FALSE,FALSE,FALSE,TRUE
03054930,03,0305,030549,FALSE,FALSE,FALSE,TRUE
03054940,03,0305,030549,FALSE,FALSE,FALSE,FALSE
03054945,03,0305,030549,FALSE,FALSE,FALSE,FALSE
03054950,03,0305,030549,FALSE,FALSE,FALSE,FALSE
03054980,03,0305,030549,FALSE,FALSE,FALSE,TRUE
03054990,03,0305,030549,FALSE,FALSE,FALSE,FALSE
03055110,03,0305,030551,FALSE,FALSE,FALSE,TRUE
03055190,03,0305,030551,FALSE,FALSE,FALSE,TRUE
03055200,03,0305,030552,FALSE,FALSE,FALSE,FALSE
03055310,03,0305,030553,FALSE,FALSE,FALSE,FALSE
03055390,03,0305,030553,FALSE,FALSE,FALSE,FALSE
03055430,03,0305,030554,FALSE,FALSE,FALSE,FALSE
03055450,03,0305,030554,FALSE,FALSE,FALSE,FALSE
03055490,03,0305,030554,FALSE,FALSE,FALSE,FALSE
03055910,03,0305,030559,FALSE,FALSE,FALSE,TRUE
03055911,03,0305,030559,FALSE,FALSE,FALSE,FALSE
03055919,03,0305,030559,FALSE,FALSE,FALSE,FALSE
03055930,03,0305,030559,FALSE,FALSE,FALSE,TRUE
03055950,03,0305,030559,FALSE,FALSE,FALSE,TRUE
03055960,03,0305,030559,FALSE,FALSE,FALSE,FALSE
03055970,03,0305,030559,FALSE,FALSE,FALSE,TRUE
03055980,03,0305,030559,FALSE,FALSE,FALSE,TRUE
03055985,03,0305,030559,FALSE,FALSE,FALSE,FALSE
03055990,03,0305,030559,FALSE,FALSE,FALSE,FALSE
03056100,03,0305,030561,FALSE,FALSE,FALSE,TRUE
03056200,03,0305,030562,FALSE,FALSE,FALSE,TRUE
03056300,03,0305,030563,FALSE,FALSE,FALSE,TRUE
03056400,03,0305,030564,FALSE,FALSE,FALSE,TRUE
03056910,03,0305,030569,FALSE,FALSE,FALSE,TRUE
03056920,03,0305,030569,FALSE,FALSE,FALSE,FALSE
03056930,03,0305,030569,FALSE,FALSE,FALSE,TRUE
03056950,03,0305,030569,FALSE,FALSE,FALSE,TRUE
03056980,03,0305,030569,FALSE,FALSE,FALSE,TRUE
03056990,03,0305,030569,FALSE,FALSE,FALSE,FALSE
03057100,03,0305,030571,FALSE,FALSE,FALSE,FALSE
03057110,03,0305,030571,FALSE,FALSE,FALSE,TRUE
03057190,03,0305,030571,FALSE,FALSE,FALSE,TRUE
03057200,03,0305,030572,FALSE,FALSE,FALSE,TRUE
03057900,03,0305,030579,FALSE,FALSE,FALSE,TRUE
03061105,03,0306,030611,FALSE,FALSE,FALSE,TRUE
03061110,03,0306,030611,FALSE,FALSE,FALSE,TRUE
03061190,03,0306,030611,FALSE,FALSE,FALSE,TRUE
03061205,03,0306,030612,FALSE,FALSE,FALSE,TRUE
03061210,03,0306,030612,FALSE,FALSE,FALSE,TRUE
03061290,03,0306,030612,FALSE,FALSE,FALSE,TRUE
03061310,03,0306,030613,FALSE,FALSE,FALSE,FALSE
03061330,03,0306,030613,FALSE,FALSE,FALSE,FALSE
03061340,03,0306,030613,FALSE,FALSE,FALSE,FALSE
03061350,03,0306,030613,FALSE,FALSE,FALSE,FALSE
03061380,03,0306,030613,FALSE,FALSE,FALSE,FALSE
03061390,03,0306,030613,FALSE,FALSE,FALSE,FALSE
03061405,03,0306,030614,FALSE,FALSE,FALSE,TRUE
03061410,03,0306,030614,FALSE,FALSE,FALSE,TRUE
03061430,03,0306,030614,FALSE,FALSE,FALSE,TRUE
03061490,03,0306,030614,FALSE,FALSE,FALSE,TRUE
03061500,03,0306,030615,FALSE,FALSE,FALSE,FALSE
03061510,03,0306,030615,FALSE,FALSE,FALSE,TRUE
03061590,03,0306,030615,FALSE,FALSE,FALSE,TRUE
03061610,03,0306,030616,FALSE,FALSE,FALSE,TRUE
03061691,03,0306,030616,FALSE,FALSE,FALSE,TRUE
03061699,03,0306,030616,FALSE,FALSE,FALSE,TRUE
03061710,03,0306,030617,FALSE,FALSE,FALSE,TRUE
03061791,03,0306,030617,FALSE,FALSE,FALSE,TRUE
03061792,03,0306,030617,FALSE,FALSE,FALSE,TRUE
03061793,03,0306,030617,FALSE,FALSE,FALSE,TRUE
03061794,03,0306,030617,FALSE,FALSE,FALSE,TRUE
03061799,03,0306,030617,FALSE,FALSE,FALSE,TRUE
03061905,03,0306,030619,FALSE,FALSE,FALSE,TRUE
03061910,03,0306,030619,FALSE,FALSE,FALSE,TRUE
03061930,03,0306,030619,FALSE,FALSE,FALSE,FALSE
03061990,03,0306,030619,FALSE,FALSE,FALSE,TRUE
03062100,03,0306,030621,FALSE,FALSE,FALSE,FALSE
03062110,03,0306,030621,FALSE,FALSE,FALSE,TRUE
03062190,03,0306,030621,FALSE,FALSE,FALSE,TRUE
03062210,03,0306,030622,FALSE,FALSE,FALSE,TRUE
03062230,03,0306,030622,FALSE,FALSE,FALSE,TRUE
03062291,03,0306,030622,FALSE,FALSE,FALSE,TRUE
03062299,03,0306,030622,FALSE,FALSE,FALSE,TRUE
03062310,03,0306,030623,FALSE,FALSE,FALSE,FALSE
03062331,03,0306,030623,FALSE,FALSE,FALSE,FALSE
03062339,03,0306,030623,FALSE,FALSE,FALSE,FALSE
03062390,03,0306,030623,FALSE,FALSE,FALSE,FALSE
03062410,03,0306,030624,FALSE,FALSE,FALSE,TRUE
03062430,03,0306,030624,FALSE,FALSE,FALSE,TRUE
03062480,03,0306,030624,FALSE,FALSE,FALSE,TRUE
03062490,03,0306,030624,FALSE,FALSE,FALSE,FALSE
03062510,03,0306,030625,FALSE,FALSE,FALSE,TRUE
03062590,03,0306,030625,FALSE,FALSE,FALSE,TRUE
03062610,03,0306,030626,FALSE,FALSE,FALSE,TRUE
03062631,03,0306,030626,FALSE,FALSE,FALSE,TRUE
03062639,03,0306,030626,FALSE,FALSE,FALSE,TRUE
03062690,03,0306,030626,FALSE,FALSE,FALSE,TRUE
03062710,03,0306,030627,FALSE,FALSE,FALSE,TRUE
03062791,03,0306,030627,FALSE,FALSE,FALSE,TRUE
03062795,03,0306,030627,FALSE,FALSE,FALSE,TRUE
03062799,03,0306,030627,FALSE,FALSE,FALSE,TRUE
03062905,03,0306,030629,FALSE,FALSE,FALSE,TRUE
03062910,03,0306,030629,FALSE,FALSE,FALSE,TRUE
03062930,03,0306,030629,FALSE,FALSE,FALSE,FALSE
03062990,03,0306,030629,FALSE,FALSE,FALSE,TRUE
03063100,03,0306,030631,FALSE,FALSE,FALSE,FALSE
03063210,03,0306,030632,FALSE,FALSE,FALSE,FALSE
03063291,03,0306,030632,FALSE,FALSE,FALSE,FALSE
03063299,03,0306,030632,FALSE,FALSE,FALSE,FALSE
03063310,03,0306,030633,FALSE,FALSE,FALSE,FALSE
03063390,03,0306,030633,FALSE,FALSE,FALSE,FALSE
03063400,03,0306,030634,FALSE,FALSE,FALSE,FALSE
03063510,03,0306,030635,FALSE,FALSE,FALSE,FALSE
03063550,03,0306,030635,FALSE,FALSE,FALSE,FALSE
03063590,03,0306,030635,FALSE,FALSE,FALSE,FALSE
03063610,03,0306,030636,FALSE,FALSE,FALSE,FALSE
03063650,03,0306,030636,FALSE,FALSE,FALSE,FALSE
03063690,03,0306,030636,FALSE,FALSE,FALSE,FALSE
03063910,03,0306,030639,FALSE,FALSE,FALSE,FALSE
03063990,03,0306,030639,FALSE,FALSE,FALSE,FALSE
03069100,03,0306,030691,FALSE,FALSE,FALSE,FALSE
03069210,03,0306,030692,FALSE,FALSE,FALSE,FALSE
03069290,03,0306,030692,FALSE,FALSE,FALSE,FALSE
03069310,03,0306,030693,FALSE,FALSE,FALSE,FALSE
03069390,03,0306,030693,FALSE,FALSE,FALSE,FALSE
03069400,03,0306,030694,FALSE,FALSE,FALSE,FALSE
03069511,03,0306,030695,FALSE,FALSE,FALSE,FALSE
03069519,03,0306,030695,FALSE,FALSE,FALSE,FALSE
03069520,03,0306,030695,FALSE,FALSE,FALSE,FALSE
03069530,03,0306,030695,FALSE,FALSE,FALSE,FALSE
03069540,03,0306,030695,FALSE,FALSE,FALSE,FALSE
03069590,03,0306,030695,FALSE,FALSE,FALSE,FALSE
03069910,03,0306,030699,FALSE,FALSE,FALSE,FALSE
03069990,03,0306,030699,FALSE,FALSE,FALSE,FALSE
03071010,03,0307,030710,FALSE,FALSE,FALSE,FALSE
03071090,03,0307,030710,FALSE,FALSE,FALSE,FALSE
03071110,03,0307,030711,FALSE,FALSE,FALSE,TRUE
03071190,03,0307,030711,FALSE,FALSE,FALSE,TRUE
03071200,03,0307,030712,FALSE,FALSE,FALSE,FALSE
03071900,03,0307,030719,FALSE,FALSE,FALSE,FALSE
03071910,03,0307,030719,FALSE,FALSE,FALSE,TRUE
03071990,03,0307,030719,FALSE,FALSE,FALSE,TRUE
03072100,03,0307,030721,FALSE,FALSE,FALSE,TRUE
03072210,03,0307,030722,FALSE,FALSE,FALSE,FALSE
03072290,03,0307,030722,FALSE,FALSE,FALSE,FALSE
03072900,03,0307,030729,FALSE,FALSE,FALSE,FALSE
03072905,03,0307,030729,FALSE,FALSE,FALSE,TRUE
03072910,03,0307,030729,FALSE,FALSE,FALSE,TRUE
03072990,03,0307,030729,FALSE,FALSE,FALSE,TRUE
03073110,03,0307,030731,FALSE,FALSE,FALSE,TRUE
03073190,03,0307,030731,FALSE,FALSE,FALSE,TRUE
03073210,03,0307,030732,FALSE,FALSE,FALSE,FALSE
03073290,03,0307,030732,FALSE,FALSE,FALSE,FALSE
03073905,03,0307,030739,FALSE,FALSE,FALSE,TRUE
03073910,03,0307,030739,FALSE,FALSE,FALSE,TRUE
03073920,03,0307,030739,FALSE,FALSE,FALSE,FALSE
03073980,03,0307,030739,FALSE,FALSE,FALSE,FALSE
03073990,03,0307,030739,FALSE,FALSE,FALSE,TRUE
03074110,03,0307,030741,FALSE,FALSE,FALSE,TRUE
03074191,03,0307,030741,FALSE,FALSE,FALSE,FALSE
03074192,03,0307,030741,FALSE,FALSE,FALSE,TRUE
03074199,03,0307,030741,FALSE,FALSE,FALSE,TRUE
03074210,03,0307,030742,FALSE,FALSE,FALSE,FALSE
03074220,03,0307,030742,FALSE,FALSE,FALSE,FALSE
03074230,03,0307,030742,FALSE,FALSE,FALSE,FALSE
03074240,03,0307,030742,FALSE,FALSE,FALSE,FALSE
03074290,03,0307,030742,FALSE,FALSE,FALSE,FALSE
03074321,03,0307,030743,FALSE,FALSE,FALSE,FALSE
03074325,03,0307,030743,FALSE,FALSE,FALSE,FALSE
03074329,03,0307,030743,FALSE,FALSE,FALSE,FALSE
03074331,03,0307,030743,FALSE,FALSE,FALSE,FALSE
03074333,03,0307,030743,FALSE,FALSE,FALSE,FALSE
03074335,03,0307,030743,FALSE,FALSE,FALSE,FALSE
03074338,03,0307,030743,FALSE,FALSE,FALSE,FALSE
03074391,03,0307,030743,FALSE,FALSE,FALSE,FALSE
03074392,03,0307,030743,FALSE,FALSE,FALSE,FALSE
03074395,03,0307,030743,FALSE,FALSE,FALSE,FALSE
03074399,03,0307,030743,FALSE,FALSE,FALSE,FALSE
03074901,03,0307,030749,FALSE,FALSE,FALSE,FALSE
03074905,03,0307,030749,FALSE,FALSE,FALSE,TRUE
03074909,03,0307,030749,FALSE,FALSE,FALSE,TRUE
03074911,03,0307,030749,FALSE,FALSE,FALSE,TRUE
03074918,03,0307,030749,FALSE,FALSE,FALSE,TRUE
03074920,03,0307,030749,FALSE,FALSE,FALSE,FALSE
03074931,03,0307,030749,FALSE,FALSE,FALSE,TRUE
03074933,03,0307,030749,FALSE,FALSE,FALSE,TRUE
03074935,03,0307,030749,FALSE,FALSE,FALSE,TRUE
03074938,03,0307,030749,FALSE,FALSE,FALSE,TRUE
03074940,03,0307,030749,FALSE,FALSE,FALSE,FALSE
03074950,03,0307,030749,FALSE,FALSE,FALSE,FALSE
03074951,03,0307,030749,FALSE,FALSE,FALSE,FALSE
03074959,03,0307,030749,FALSE,FALSE,FALSE,TRUE
03074960,03,0307,030749,FALSE,FALSE,FALSE,FALSE
03074971,03,0307,030749,FALSE,FALSE,FALSE,TRUE
03074980,03,0307,030749,FALSE,FALSE,FALSE,FALSE
03074991,03,0307,030749,FALSE,FALSE,FALSE,FALSE
03074992,03,0307,030749,FALSE,FALSE,FALSE,TRUE
03074999,03,0307,030749,FALSE,FALSE,FALSE,TRUE
03075100,03,0307,030751,FALSE,FALSE,FALSE,TRUE
03075200,03,0307,030752,FALSE,FALSE,FALSE,FALSE
03075900,03,0307,030759,FALSE,FALSE,FALSE,FALSE
03075905,03,0307,030759,FALSE,FALSE,FALSE,TRUE
03075910,03,0307,030759,FALSE,FALSE,FALSE,TRUE
03075990,03,0307,030759,FALSE,FALSE,FALSE,TRUE
03076000,03,0307,030760,FALSE,FALSE,FALSE,FALSE
03076010,03,0307,030760,FALSE,FALSE,FALSE,TRUE
03076090,03,0307,030760,FALSE,FALSE,FALSE,TRUE
03077100,03,0307,030771,FALSE,FALSE,FALSE,TRUE
03077210,03,0307,030772,FALSE,FALSE,FALSE,FALSE
03077290,03,0307,030772,FALSE,FALSE,FALSE,FALSE
03077900,03,0307,030779,FALSE,FALSE,FALSE,FALSE
03077910,03,0307,030779,FALSE,FALSE,FALSE,TRUE
03077930,03,0307,030779,FALSE,FALSE,FALSE,TRUE
03077990,03,0307,030779,FALSE,FALSE,FALSE,TRUE
03078100,03,0307,030781,FALSE,FALSE,FALSE,TRUE
03078200,03,0307,030782,FALSE,FALSE,FALSE,FALSE
03078300,03,0307,030783,FALSE,FALSE,FALSE,FALSE
03078400,03,0307,030784,FALSE,FALSE,FALSE,FALSE
03078700,03,0307,030787,FALSE,FALSE,FALSE,FALSE
03078800,03,0307,030788,FALSE,FALSE,FALSE,FALSE
03078910,03,0307,030789,FALSE,FALSE,FALSE,TRUE
03078990,03,0307,030789,FALSE,FALSE,FALSE,TRUE
03079100,03,0307,030791,FALSE,FALSE,FALSE,FALSE
03079110,03,0307,030791,FALSE,FALSE,FALSE,TRUE
03079190,03,0307,030791,FALSE,FALSE,FALSE,TRUE
03079200,03,0307,030792,FALSE,FALSE,FALSE,FALSE
03079900,03,0307,030799,FALSE,FALSE,FALSE,FALSE
03079910,03,0307,030799,FALSE,FALSE,FALSE,TRUE
03079911,03,0307,030799,FALSE,FALSE,FALSE,TRUE
03079913,03,0307,030799,FALSE,FALSE,FALSE,FALSE
03079914,03,0307,030799,FALSE,FALSE,FALSE,TRUE
03079915,03,0307,030799,FALSE,FALSE,FALSE,FALSE
03079917,03,0307,030799,FALSE,FALSE,FALSE,TRUE
03079918,03,0307,030799,FALSE,FALSE,FALSE,FALSE
03079920,03,0307,030799,FALSE,FALSE,FALSE,TRUE
03079980,03,0307,030799,FALSE,FALSE,FALSE,TRUE
03079990,03,0307,030799,FALSE,FALSE,FALSE,FALSE
03081100,03,0308,030811,FALSE,FALSE,FALSE,TRUE
03081200,03,0308,030812,FALSE,FALSE,FALSE,FALSE
03081900,03,0308,030819,FALSE,FALSE,FALSE,FALSE
03081910,03,0308,030819,FALSE,FALSE,FALSE,TRUE
03081930,03,0308,030819,FALSE,FALSE,FALSE,TRUE
03081990,03,0308,030819,FALSE,FALSE,FALSE,TRUE
03082100,03,0308,030821,FALSE,FALSE,FALSE,TRUE
03082200,03,0308,030822,FALSE,FALSE,FALSE,FALSE
03082900,03,0308,030829,FALSE,FALSE,FALSE,FALSE
03082910,03,0308,030829,FALSE,FALSE,FALSE,TRUE
03082930,03,0308,030829,FALSE,FALSE,FALSE,TRUE
03082990,03,0308,030829,FALSE,FALSE,FALSE,TRUE
03083010,03,0308,030830,FALSE,FALSE,FALSE,TRUE
03083030,03,0308,030830,FALSE,FALSE,FALSE,TRUE
03083050,03,0308,030830,FALSE,FALSE,FALSE,TRUE
03083090,03,0308,030830,FALSE,FALSE,FALSE,TRUE
03089010,03,0308,030890,FALSE,FALSE,FALSE,TRUE
03089030,03,0308,030890,FALSE,FALSE,FALSE,TRUE
03089050,03,0308,030890,FALSE,FALSE,FALSE,TRUE
03089090,03,0308,030890,FALSE,FALSE,FALSE,TRUE
04011010,04,0401,040110,FALSE,FALSE,FALSE,TRUE
04011090,04,0401,040110,FALSE,FALSE,FALSE,TRUE
04012011,04,0401,040120,FALSE,FALSE,FALSE,TRUE
04012019,04,0401,040120,FALSE,FALSE,FALSE,TRUE
04012091,04,0401,040120,FALSE,FALSE,FALSE,TRUE
04012099,04,0401,040120,FALSE,FALSE,FALSE,TRUE
04013011,04,0401,040130,FALSE,FALSE,FALSE,FALSE
04013019,04,0401,040130,FALSE,FALSE,FALSE,FALSE
04013031,04,0401,040130,FALSE,FALSE,FALSE,FALSE
04013039,04,0401,040130,FALSE,FALSE,FALSE,FALSE
04013091,04,0401,040130,FALSE,FALSE,FALSE,FALSE
04013099,04,0401,040130,FALSE,FALSE,FALSE,FALSE
04014010,04,0401,040140,FALSE,FALSE,FALSE,TRUE
04014090,04,0401,040140,FALSE,FALSE,FALSE,TRUE
04015011,04,0401,040150,FALSE,FALSE,FALSE,TRUE
04015019,04,0401,040150,FALSE,FALSE,FALSE,TRUE
04015031,04,0401,040150,FALSE,FALSE,FALSE,TRUE
04015039,04,0401,040150,FALSE,FALSE,FALSE,TRUE
04015091,04,0401,040150,FALSE,FALSE,FALSE,TRUE
04015099,04,0401,040150,FALSE,FALSE,FALSE,TRUE
04021011,04,0402,040210,FALSE,FALSE,FALSE,TRUE
04021019,04,0402,040210,FALSE,FALSE,FALSE,TRUE
04021091,04,0402,040210,FALSE,FALSE,FALSE,TRUE
04021099,04,0402,040210,FALSE,FALSE,FALSE,TRUE
04022111,04,0402,040221,FALSE,FALSE,FALSE,TRUE
04022117,04,0402,040221,FALSE,FALSE,FALSE,FALSE
04022118,04,0402,040221,FALSE,FALSE,FALSE,TRUE
04022119,04,0402,040221,FALSE,FALSE,FALSE,FALSE
04022191,04,0402,040221,FALSE,FALSE,FALSE,TRUE
04022199,04,0402,040221,FALSE,FALSE,FALSE,TRUE
04022911,04,0402,040229,FALSE,FALSE,FALSE,TRUE
04022915,04,0402,040229,FALSE,FALSE,FALSE,TRUE
04022919,04,0402,040229,FALSE,FALSE,FALSE,TRUE
04022991,04,0402,040229,FALSE,FALSE,FALSE,TRUE
04022999,04,0402,040229,FALSE,FALSE,FALSE,TRUE
04029110,04,0402,040291,FALSE,FALSE,FALSE,TRUE
04029111,04,0402,040291,FALSE,FALSE,FALSE,FALSE
04029119,04,0402,040291,FALSE,FALSE,FALSE,FALSE
04029130,04,0402,040291,FALSE,FALSE,FALSE,TRUE
04029131,04,0402,040291,FALSE,FALSE,FALSE,FALSE
04029139,04,0402,040291,FALSE,FALSE,FALSE,FALSE
04029151,04,0402,040291,FALSE,FALSE,FALSE,TRUE
04029159,04,0402,040291,FALSE,FALSE,FALSE,TRUE
04029191,04,0402,040291,FALSE,FALSE,FALSE,TRUE
04029199,04,0402,040291,FALSE,FALSE,FALSE,TRUE
04029910,04,0402,040299,FALSE,FALSE,FALSE,TRUE
04029911,04,0402,040299,FALSE,FALSE,FALSE,FALSE
04029919,04,0402,040299,FALSE,FALSE,FALSE,FALSE
04029931,04,0402,040299,FALSE,FALSE,FALSE,TRUE
04029939,04,0402,040299,FALSE,FALSE,FALSE,TRUE
04029991,04,0402,040299,FALSE,FALSE,FALSE,TRUE
04029999,04,0402,040299,FALSE,FALSE,FALSE,TRUE
04031002,04,0403,040310,FALSE,FALSE,FALSE,FALSE
04031004,04,0403,040310,FALSE,FALSE,FALSE,FALSE
04031006,04,0403,040310,FALSE,FALSE,FALSE,FALSE
04031011,04,0403,040310,FALSE,FALSE,FALSE,TRUE
04031012,04,0403,040310,FALSE,FALSE,FALSE,FALSE
04031013,04,0403,040310,FALSE,FALSE,FALSE,TRUE
04031014,04,0403,040310,FALSE,FALSE,FALSE,FALSE
04031016,04,0403,040310,FALSE,FALSE,FALSE,FALSE
04031019,04,0403,040310,FALSE,FALSE,FALSE,TRUE
04031022,04,0403,040310,FALSE,FALSE,FALSE,FALSE
04031024,04,0403,040310,FALSE,FALSE,FALSE,FALSE
04031026,04,0403,040310,FALSE,FALSE,FALSE,FALSE
04031031,04,0403,040310,FALSE,FALSE,FALSE,TRUE
04031032,04,0403,040310,FALSE,FALSE,FALSE,FALSE
04031033,04,0403,040310,FALSE,FALSE,FALSE,TRUE
04031034,04,0403,040310,FALSE,FALSE,FALSE,FALSE
04031036,04,0403,040310,FALSE,FALSE,FALSE,FALSE
04031039,04,0403,040310,FALSE,FALSE,FALSE,TRUE
04031051,04,0403,040310,FALSE,FALSE,FALSE,TRUE
04031053,04,0403,040310,FALSE,FALSE,FALSE,TRUE
04031059,04,0403,040310,FALSE,FALSE,FALSE,TRUE
04031091,04,0403,040310,FALSE,FALSE,FALSE,TRUE
04031093,04,0403,040310,FALSE,FALSE,FALSE,TRUE
04031099,04,0403,040310,FALSE,FALSE,FALSE,TRUE
04039011,04,0403,040390,FALSE,FALSE,FALSE,TRUE
04039013,04,0403,040390,FALSE,FALSE,FALSE,TRUE
04039019,04,0403,040390,FALSE,FALSE,FALSE,TRUE
04039031,04,0403,040390,FALSE,FALSE,FALSE,TRUE
04039033,04,0403,040390,FALSE,FALSE,FALSE,TRUE
04039039,04,0403,040390,FALSE,FALSE,FALSE,TRUE
04039051,04,0403,040390,FALSE,FALSE,FALSE,TRUE
04039053,04,0403,040390,FALSE,FALSE,FALSE,TRUE
04039059,04,0403,040390,FALSE,FALSE,FALSE,TRUE
04039061,04,0403,040390,FALSE,FALSE,FALSE,TRUE
04039063,04,0403,040390,FALSE,FALSE,FALSE,TRUE
04039069,04,0403,040390,FALSE,FALSE,FALSE,TRUE
04039071,04,0403,040390,FALSE,FALSE,FALSE,TRUE
04039073,04,0403,040390,FALSE,FALSE,FALSE,TRUE
04039079,04,0403,040390,FALSE,FALSE,FALSE,TRUE
04039091,04,0403,040390,FALSE,FALSE,FALSE,TRUE
04039093,04,0403,040390,FALSE,FALSE,FALSE,TRUE
04039099,04,0403,040390,FALSE,FALSE,FALSE,TRUE
04041002,04,0404,040410,FALSE,FALSE,FALSE,TRUE
04041004,04,0404,040410,FALSE,FALSE,FALSE,TRUE
04041006,04,0404,040410,FALSE,FALSE,FALSE,TRUE
04041012,04,0404,040410,FALSE,FALSE,FALSE,TRUE
04041014,04,0404,040410,FALSE,FALSE,FALSE,TRUE
04041016,04,0404,040410,FALSE,FALSE,FALSE,TRUE
04041026,04,0404,040410,FALSE,FALSE,FALSE,TRUE
04041028,04,0404,040410,FALSE,FALSE,FALSE,TRUE
04041032,04,0404,040410,FALSE,FALSE,FALSE,TRUE
04041034,04,0404,040410,FALSE,FALSE,FALSE,TRUE
04041036,04,0404,040410,FALSE,FALSE,FALSE,TRUE
04041038,04,0404,040410,FALSE,FALSE,FALSE,TRUE
04041048,04,0404,040410,FALSE,FALSE,FALSE,TRUE
04041052,04,0404,040410,FALSE,FALSE,FALSE,TRUE
04041054,04,0404,040410,FALSE,FALSE,FALSE,TRUE
04041056,04,0404,040410,FALSE,FALSE,FALSE,TRUE
04041058,04,0404,040410,FALSE,FALSE,FALSE,TRUE
04041062,04,0404,040410,FALSE,FALSE,FALSE,TRUE
04041072,04,0404,040410,FALSE,FALSE,FALSE,TRUE
04041074,04,0404,040410,FALSE,FALSE,FALSE,TRUE
04041076,04,0404,040410,FALSE,FALSE,FALSE,TRUE
04041078,04,0404,040410,FALSE,FALSE,FALSE,TRUE
04041082,04,0404,040410,FALSE,FALSE,FALSE,TRUE
04041084,04,0404,040410,FALSE,FALSE,FALSE,TRUE
04049011,04,0404,040490,FALSE,FALSE,FALSE,FALSE
04049013,04,0404,040490,FALSE,FALSE,FALSE,FALSE
04049019,04,0404,040490,FALSE,FALSE,FALSE,FALSE
04049021,04,0404,040490,FALSE,FALSE,FALSE,TRUE
04049023,04,0404,040490,FALSE,FALSE,FALSE,TRUE
04049029,04,0404,040490,FALSE,FALSE,FALSE,TRUE
04049031,04,0404,040490,FALSE,FALSE,FALSE,FALSE
04049033,04,0404,040490,FALSE,FALSE,FALSE,FALSE
04049039,04,0404,040490,FALSE,FALSE,FALSE,FALSE
04049051,04,0404,040490,FALSE,FALSE,FALSE,FALSE
04049053,04,0404,040490,FALSE,FALSE,FALSE,FALSE
04049059,04,0404,040490,FALSE,FALSE,FALSE,FALSE
04049081,04,0404,040490,FALSE,FALSE,FALSE,TRUE
04049083,04,0404,040490,FALSE,FALSE,FALSE,TRUE
04049089,04,0404,040490,FALSE,FALSE,FALSE,TRUE
04049091,04,0404,040490,FALSE,FALSE,FALSE,FALSE
04049093,04,0404,040490,FALSE,FALSE,FALSE,FALSE
04049099,04,0404,040490,FALSE,FALSE,FALSE,FALSE
04050011,04,0405,040500,FALSE,FALSE,FALSE,FALSE
04050019,04,0405,040500,FALSE,FALSE,FALSE,FALSE
04050090,04,0405,040500,FALSE,FALSE,FALSE,FALSE
04051011,04,0405,040510,FALSE,FALSE,FALSE,TRUE
04051019,04,0405,040510,FALSE,FALSE,FALSE,TRUE
04051030,04,0405,040510,FALSE,FALSE,FALSE,TRUE
04051050,04,0405,040510,FALSE,FALSE,FALSE,TRUE
04051090,04,0405,040510,FALSE,FALSE,FALSE,TRUE
04052010,04,0405,040520,FALSE,FALSE,FALSE,TRUE
04052030,04,0405,040520,FALSE,FALSE,FALSE,TRUE
04052090,04,0405,040520,FALSE,FALSE,FALSE,TRUE
04059010,04,0405,040590,FALSE,FALSE,FALSE,TRUE
04059090,04,0405,040590,FALSE,FALSE,FALSE,TRUE
04061020,04,0406,040610,FALSE,FALSE,FALSE,TRUE
04061030,04,0406,040610,FALSE,FALSE,FALSE,FALSE
04061050,04,0406,040610,FALSE,FALSE,FALSE,FALSE
04061080,04,0406,040610,FALSE,FALSE,FALSE,TRUE
04062000,04,0406,040620,FALSE,FALSE,FALSE,FALSE
04062010,04,0406,040620,FALSE,FALSE,FALSE,TRUE
04062090,04,0406,040620,FALSE,FALSE,FALSE,TRUE
04063010,04,0406,040630,FALSE,FALSE,FALSE,TRUE
04063031,04,0406,040630,FALSE,FALSE,FALSE,TRUE
04063039,04,0406,040630,FALSE,FALSE,FALSE,TRUE
04063090,04,0406,040630,FALSE,FALSE,FALSE,TRUE
04064010,04,0406,040640,FALSE,FALSE,FALSE,TRUE
04064050,04,0406,040640,FALSE,FALSE,FALSE,TRUE
04064090,04,0406,040640,FALSE,FALSE,FALSE,TRUE
04069001,04,0406,040690,FALSE,FALSE,FALSE,TRUE
04069002,04,0406,040690,FALSE,FALSE,FALSE,FALSE
04069003,04,0406,040690,FALSE,FALSE,FALSE,FALSE
04069004,04,0406,040690,FALSE,FALSE,FALSE,FALSE
04069005,04,0406,040690,FALSE,FALSE,FALSE,FALSE
04069006,04,0406,040690,FALSE,FALSE,FALSE,FALSE
04069007,04,0406,040690,FALSE,FALSE,FALSE,FALSE
04069008,04,0406,040690,FALSE,FALSE,FALSE,FALSE
04069009,04,0406,040690,FALSE,FALSE,FALSE,FALSE
04069012,04,0406,040690,FALSE,FALSE,FALSE,FALSE
04069013,04,0406,040690,FALSE,FALSE,FALSE,TRUE
04069014,04,0406,040690,FALSE,FALSE,FALSE,FALSE
04069015,04,0406,040690,FALSE,FALSE,FALSE,TRUE
04069016,04,0406,040690,FALSE,FALSE,FALSE,FALSE
04069017,04,0406,040690,FALSE,FALSE,FALSE,TRUE
04069018,04,0406,040690,FALSE,FALSE,FALSE,TRUE
04069019,04,0406,040690,FALSE,FALSE,FALSE,TRUE
04069021,04,0406,040690,FALSE,FALSE,FALSE,TRUE
04069023,04,0406,040690,FALSE,FALSE,FALSE,TRUE
04069025,04,0406,040690,FALSE,FALSE,FALSE,TRUE
04069027,04,0406,040690,FALSE,FALSE,FALSE,TRUE
04069029,04,0406,040690,FALSE,FALSE,FALSE,TRUE
04069031,04,0406,040690,FALSE,FALSE,FALSE,FALSE
04069032,04,0406,040690,FALSE,FALSE,FALSE,TRUE
04069033,04,0406,040690,FALSE,FALSE,FALSE,FALSE
04069035,04,0406,040690,FALSE,FALSE,FALSE,TRUE
04069037,04,0406,040690,FALSE,FALSE,FALSE,TRUE
04069039,04,0406,040690,FALSE,FALSE,FALSE,TRUE
04069050,04,0406,040690,FALSE,FALSE,FALSE,TRUE
04069061,04,0406,040690,FALSE,FALSE,FALSE,TRUE
04069063,04,0406,040690,FALSE,FALSE,FALSE,TRUE
04069069,04,0406,040690,FALSE,FALSE,FALSE,TRUE
04069073,04,0406,040690,FALSE,FALSE,FALSE,TRUE
04069074,04,0406,040690,FALSE,FALSE,FALSE,FALSE
04069075,04,0406,040690,FALSE,FALSE,FALSE,TRUE
04069076,04,0406,040690,FALSE,FALSE,FALSE,TRUE
04069078,04,0406,040690,FALSE,FALSE,FALSE,TRUE
04069079,04,0406,040690,FALSE,FALSE,FALSE,TRUE
04069081,04,0406,040690,FALSE,FALSE,FALSE,TRUE
04069082,04,0406,040690,FALSE,FALSE,FALSE,TRUE
04069084,04,0406,040690,FALSE,FALSE,FALSE,TRUE
04069085,04,0406,040690,FALSE,FALSE,FALSE,TRUE
04069086,04,0406,040690,FALSE,FALSE,FALSE,TRUE
04069087,04,0406,040690,FALSE,FALSE,FALSE,TRUE
04069088,04,0406,040690,FALSE,FALSE,FALSE,TRUE
04069089,04,0406,040690,FALSE,FALSE,FALSE,FALSE
04069092,04,0406,040690,FALSE,FALSE,FALSE,FALSE
04069093,04,0406,040690,FALSE,FALSE,FALSE,TRUE
04069099,04,0406,040690,FALSE,FALSE,FALSE,TRUE
04070011,04,0407,040700,FALSE,FALSE,FALSE,FALSE
04070019,04,0407,040700,FALSE,FALSE,FALSE,FALSE
04070030,04,0407,040700,FALSE,FALSE,FALSE,FALSE
04070090,04,0407,040700,FALSE,FALSE,FALSE,FALSE
04071100,04,0407,040711,FALSE,FALSE,FALSE,TRUE
04071911,04,0407,040719,FALSE,FALSE,FALSE,TRUE
04071919,04,0407,040719,FALSE,FALSE,FALSE,TRUE
04071990,04,0407,040719,FALSE,FALSE,FALSE,TRUE
04072100,04,0407,040721,FALSE,FALSE,FALSE,TRUE
04072910,04,0407,040729,FALSE,FALSE,FALSE,TRUE
04072990,04,0407,040729,FALSE,FALSE,FALSE,TRUE
04079010,04,0407,040790,FALSE,FALSE,FALSE,TRUE
04079090,04,0407,040790,FALSE,FALSE,FALSE,TRUE
04081120,04,0408,040811,FALSE,FALSE,FALSE,TRUE
04081180,04,0408,040811,FALSE,FALSE,FALSE,TRUE
04081920,04,0408,040819,FALSE,FALSE,FALSE,TRUE
04081981,04,0408,040819,FALSE,FALSE,FALSE,TRUE
04081989,04,0408,040819,FALSE,FALSE,FALSE,TRUE
04089120,04,0408,040891,FALSE,FALSE,FALSE,TRUE
04089180,04,0408,040891,FALSE,FALSE,FALSE,TRUE
04089920,04,0408,040899,FALSE,FALSE,FALSE,TRUE
04089980,04,0408,040899,FALSE,FALSE,FALSE,TRUE
04090000,04,0409,040900,FALSE,FALSE,FALSE,TRUE
04100000,04,0410,041000,FALSE,FALSE,FALSE,TRUE
05010000,05,0501,050100,FALSE,FALSE,FALSE,TRUE
05021000,05,0502,050210,FALSE,FALSE,FALSE,TRUE
05029000,05,0502,050290,FALSE,FALSE,FALSE,TRUE
05030000,05,0503,050300,FALSE,FALSE,FALSE,FALSE
05040000,05,0504,050400,FALSE,FALSE,FALSE,TRUE
05051010,05,0505,050510,FALSE,FALSE,FALSE,TRUE
05051090,05,0505,050510,FALSE,FALSE,FALSE,TRUE
05059000,05,0505,050590,FALSE,FALSE,FALSE,TRUE
05061000,05,0506,050610,FALSE,FALSE,FALSE,TRUE
05069000,05,0506,050690,FALSE,FALSE,FALSE,TRUE
05071000,05,0507,050710,FALSE,FALSE,FALSE,TRUE
05079000,05,0507,050790,FALSE,FALSE,FALSE,TRUE
05080000,05,0508,050800,FALSE,FALSE,FALSE,TRUE
05090010,05,0509,050900,FALSE,FALSE,FALSE,FALSE
05090090,05,0509,050900,FALSE,FALSE,FALSE,FALSE
05100000,05,0510,051000,FALSE,FALSE,FALSE,TRUE
05100010,05,0510,051000,FALSE,FALSE,FALSE,FALSE
05100090,05,0510,051000,FALSE,FALSE,FALSE,FALSE
05111000,05,0511,051110,FALSE,FALSE,FALSE,TRUE
05119110,05,0511,051191,FALSE,FALSE,FALSE,TRUE
05119190,05,0511,051191,FALSE,FALSE,FALSE,TRUE
05119910,05,0511,051199,FALSE,FALSE,FALSE,TRUE
05119931,05,0511,051199,FALSE,FALSE,FALSE,TRUE
05119939,05,0511,051199,FALSE,FALSE,FALSE,TRUE
05119950,05,0511,051199,FALSE,FALSE,FALSE,FALSE
05119980,05,0511,051199,FALSE,FALSE,FALSE,FALSE
05119985,05,0511,051199,FALSE,FALSE,FALSE,TRUE
05119990,05,0511,051199,FALSE,FALSE,FALSE,FALSE
06011010,06,0601,060110,FALSE,FALSE,FALSE,TRUE
06011020,06,0601,060110,FALSE,FALSE,FALSE,TRUE
06011030,06,0601,060110,FALSE,FALSE,FALSE,TRUE
06011040,06,0601,060110,FALSE,FALSE,FALSE,TRUE
06011090,06,0601,060110,FALSE,FALSE,FALSE,TRUE
06012010,06,0601,060120,FALSE,FALSE,FALSE,TRUE
06012030,06,0601,060120,FALSE,FALSE,FALSE,TRUE
06012090,06,0601,060120,FALSE,FALSE,FALSE,TRUE
06021010,06,0602,060210,FALSE,FALSE,FALSE,TRUE
06021090,06,0602,060210,FALSE,FALSE,FALSE,TRUE
06022010,06,0602,060220,FALSE,FALSE,FALSE,TRUE
06022020,06,0602,060220,FALSE,FALSE,FALSE,FALSE
06022030,06,0602,060220,FALSE,FALSE,FALSE,FALSE
06022080,06,0602,060220,FALSE,FALSE,FALSE,FALSE
06022090,06,0602,060220,FALSE,FALSE,FALSE,TRUE
06023000,06,0602,060230,FALSE,FALSE,FALSE,TRUE
06024000,06,0602,060240,FALSE,FALSE,FALSE,TRUE
06024010,06,0602,060240,FALSE,FALSE,FALSE,FALSE
06024090,06,0602,060240,FALSE,FALSE,FALSE,FALSE
06029010,06,0602,060290,FALSE,FALSE,FALSE,TRUE
06029020,06,0602,060290,FALSE,FALSE,FALSE,TRUE
06029030,06,0602,060290,FALSE,FALSE,FALSE,TRUE
06029041,06,0602,060290,FALSE,FALSE,FALSE,TRUE
06029045,06,0602,060290,FALSE,FALSE,FALSE,TRUE
06029046,06,0602,060290,FALSE,FALSE,FALSE,FALSE
06029047,06,0602,060290,FALSE,FALSE,FALSE,FALSE
06029048,06,0602,060290,FALSE,FALSE,FALSE,FALSE
06029049,06,0602,060290,FALSE,FALSE,FALSE,TRUE
06029050,06,0602,060290,FALSE,FALSE,FALSE,TRUE
06029051,06,0602,060290,FALSE,FALSE,FALSE,FALSE
06029059,06,0602,060290,FALSE,FALSE,FALSE,FALSE
06029070,06,0602,060290,FALSE,FALSE,FALSE,TRUE
06029091,06,0602,060290,FALSE,FALSE,FALSE,TRUE
06029099,06,0602,060290,FALSE,FALSE,FALSE,TRUE
06029100,06,0602,060291,FALSE,FALSE,FALSE,FALSE
06029910,06,0602,060299,FALSE,FALSE,FALSE,FALSE
06029930,06,0602,060299,FALSE,FALSE,FALSE,FALSE
06029941,06,0602,060299,FALSE,FALSE,FALSE,FALSE
06029945,06,0602,060299,FALSE,FALSE,FALSE,FALSE
06029949,06,0602,060299,FALSE,FALSE,FALSE,FALSE
06029951,06,0602,060299,FALSE,FALSE,FALSE,FALSE
06029959,06,0602,060299,FALSE,FALSE,FALSE,FALSE
06029970,06,0602,060299,FALSE,FALSE,FALSE,FALSE
06029991,06,0602,060299,FALSE,FALSE,FALSE,FALSE
06029999,06,0602,060299,FALSE,FALSE,FALSE,FALSE
06031010,06,0603,060310,FALSE,FALSE,FALSE,FALSE
06031011,06,0603,060310,FALSE,FALSE,FALSE,FALSE
06031013,06,0603,060310,FALSE,FALSE,FALSE,FALSE
06031015,06,0603,060310,FALSE,FALSE,FALSE,FALSE
06031020,06,0603,060310,FALSE,FALSE,FALSE,FALSE
06031021,06,0603,060310,FALSE,FALSE,FALSE,FALSE
06031025,06,0603,060310,FALSE,FALSE,FALSE,FALSE
06031029,06,0603,060310,FALSE,FALSE,FALSE,FALSE
06031030,06,0603,060310,FALSE,FALSE,FALSE,FALSE
06031040,06,0603,060310,FALSE,FALSE,FALSE,FALSE
06031050,06,0603,060310,FALSE,FALSE,FALSE,FALSE
06031051,06,0603,060310,FALSE,FALSE,FALSE,FALSE
06031053,06,0603,060310,FALSE,FALSE,FALSE,FALSE
06031055,06,0603,060310,FALSE,FALSE,FALSE,FALSE
06031061,06,0603,060310,FALSE,FALSE,FALSE,FALSE
06031065,06,0603,060310,FALSE,FALSE,FALSE,FALSE
06031069,06,0603,060310,FALSE,FALSE,FALSE,FALSE
06031080,06,0603,060310,FALSE,FALSE,FALSE,FALSE
06031100,06,0603,060311,FALSE,FALSE,FALSE,TRUE
06031200,06,0603,060312,FALSE,FALSE,FALSE,TRUE
06031300,06,0603,060313,FALSE,FALSE,FALSE,TRUE
06031400,06,0603,060314,FALSE,FALSE,FALSE,TRUE
06031500,06,0603,060315,FALSE,FALSE,FALSE,TRUE
06031910,06,0603,060319,FALSE,FALSE,FALSE,TRUE
06031920,06,0603,060319,FALSE,FALSE,FALSE,FALSE
06031970,06,0603,060319,FALSE,FALSE,FALSE,FALSE
06031980,06,0603,060319,FALSE,FALSE,FALSE,TRUE
06031990,06,0603,060319,FALSE,FALSE,FALSE,FALSE
06039000,06,0603,060390,FALSE,FALSE,FALSE,TRUE
06041010,06,0604,060410,FALSE,FALSE,FALSE,FALSE
06041090,06,0604,060410,FALSE,FALSE,FALSE,FALSE
06042011,06,0604,060420,FALSE,FALSE,FALSE,TRUE
06042019,06,0604,060420,FALSE,FALSE,FALSE,TRUE
06042020,06,0604,060420,FALSE,FALSE,FALSE,TRUE
06042040,06,0604,060420,FALSE,FALSE,FALSE,TRUE
06042090,06,0604,060420,FALSE,FALSE,FALSE,TRUE
06049011,06,0604,060490,FALSE,FALSE,FALSE,TRUE
06049019,06,0604,060490,FALSE,FALSE,FALSE,TRUE
06049091,06,0604,060490,FALSE,FALSE,FALSE,TRUE
06049099,06,0604,060490,FALSE,FALSE,FALSE,TRUE
06049120,06,0604,060491,FALSE,FALSE,FALSE,FALSE
06049121,06,0604,060491,FALSE,FALSE,FALSE,FALSE
06049129,06,0604,060491,FALSE,FALSE,FALSE,FALSE
06049140,06,0604,060491,FALSE,FALSE,FALSE,FALSE
06049141,06,0604,060491,FALSE,FALSE,FALSE,FALSE
06049149,06,0604,060491,FALSE,FALSE,FALSE,FALSE
06049190,06,0604,060491,FALSE,FALSE,FALSE,FALSE
06049910,06,0604,060499,FALSE,FALSE,FALSE,FALSE
06049990,06,0604,060499,FALSE,FALSE,FALSE,FALSE
07011000,07,0701,070110,FALSE,FALSE,FALSE,TRUE
07019010,07,0701,070190,FALSE,FALSE,FALSE,TRUE
07019050,07,0701,070190,FALSE,FALSE,FALSE,TRUE
07019051,07,0701,070190,FALSE,FALSE,FALSE,FALSE
07019059,07,0701,070190,FALSE,FALSE,FALSE,FALSE
07019090,07,0701,070190,FALSE,FALSE,FALSE,TRUE
07020000,07,0702,070200,FALSE,FALSE,FALSE,TRUE
07020015,07,0702,070200,FALSE,FALSE,FALSE,FALSE
07020020,07,0702,070200,FALSE,FALSE,FALSE,FALSE
07020025,07,0702,070200,FALSE,FALSE,FALSE,FALSE
07020030,07,0702,070200,FALSE,FALSE,FALSE,FALSE
07020035,07,0702,070200,FALSE,FALSE,FALSE,FALSE
07020040,07,0702,070200,FALSE,FALSE,FALSE,FALSE
07020045,07,0702,070200,FALSE,FALSE,FALSE,FALSE
07020050,07,0702,070200,FALSE,FALSE,FALSE,FALSE
07031011,07,0703,070310,FALSE,FALSE,FALSE,TRUE
07031019,07,0703,070310,FALSE,FALSE,FALSE,TRUE
07031090,07,0703,070310,FALSE,FALSE,FALSE,TRUE
07032000,07,0703,070320,FALSE,FALSE,FALSE,TRUE
07039000,07,0703,070390,FALSE,FALSE,FALSE,TRUE
07041000,07,0704,070410,FALSE,FALSE,FALSE,TRUE
07041005,07,0704,070410,FALSE,FALSE,FALSE,FALSE
07041010,07,0704,070410,FALSE,FALSE,FALSE,FALSE
07041080,07,0704,070410,FALSE,FALSE,FALSE,FALSE
07041090,07,0704,070410,FALSE,FALSE,FALSE,FALSE
07042000,07,0704,070420,FALSE,FALSE,FALSE,TRUE
07049010,07,0704,070490,FALSE,FALSE,FALSE,TRUE
07049090,07,0704,070490,FALSE,FALSE,FALSE,TRUE
07051100,07,0705,070511,FALSE,FALSE,FALSE,TRUE
07051105,07,0705,070511,FALSE,FALSE,FALSE,FALSE
07051110,07,0705,070511,FALSE,FALSE,FALSE,FALSE
07051180,07,0705,070511,FALSE,FALSE,FALSE,FALSE
07051190,07,0705,070511,FALSE,FALSE,FALSE,FALSE
07051900,07,0705,070519,FALSE,FALSE,FALSE,TRUE
07052100,07,0705,070521,FALSE,FALSE,FALSE,TRUE
07052900,07,0705,070529,FALSE,FALSE,FALSE,TRUE
07061000,07,0706,070610,FALSE,FALSE,FALSE,TRUE
07069005,07,0706,070690,FALSE,FALSE,FALSE,FALSE
07069010,07,0706,070690,FALSE,FALSE,FALSE,TRUE
07069011,07,0706,070690,FALSE,FALSE,FALSE,FALSE
07069017,07,0706,070690,FALSE,FALSE,FALSE,FALSE
07069019,07,0706,070690,FALSE,FALSE,FALSE,FALSE
07069030,07,0706,070690,FALSE,FALSE,FALSE,TRUE
07069090,07,0706,070690,FALSE,FALSE,FALSE,TRUE
07070005,07,0707,070700,FALSE,FALSE,FALSE,TRUE
07070010,07,0707,070700,FALSE,FALSE,FALSE,FALSE
07070015,07,0707,070700,FALSE,FALSE,FALSE,FALSE
07070020,07,0707,070700,FALSE,FALSE,FALSE,FALSE
07070025,07,0707,070700,FALSE,FALSE,FALSE,FALSE
07070030,07,0707,070700,FALSE,FALSE,FALSE,FALSE
07070035,07,0707,070700,FALSE,FALSE,FALSE,FALSE
07070040,07,0707,070700,FALSE,FALSE,FALSE,FALSE
07070090,07,0707,070700,FALSE,FALSE,FALSE,TRUE
07081000,07,0708,070810,FALSE,FALSE,FALSE,TRUE
07081010,07,0708,070810,FALSE,FALSE,FALSE,FALSE
07081020,07,0708,070810,FALSE,FALSE,FALSE,FALSE
07081090,07,0708,070810,FALSE,FALSE,FALSE,FALSE
07081095,07,0708,070810,FALSE,FALSE,FALSE,FALSE
07082000,07,0708,070820,FALSE,FALSE,FALSE,TRUE
07082010,07,0708,070820,FALSE,FALSE,FALSE,FALSE
07082020,07,0708,070820,FALSE,FALSE,FALSE,FALSE
07082090,07,0708,070820,FALSE,FALSE,FALSE,FALSE
07082095,07,0708,070820,FALSE,FALSE,FALSE,FALSE
07089000,07,0708,070890,FALSE,FALSE,FALSE,TRUE
07091000,07,0709,070910,FALSE,FALSE,FALSE,FALSE
07091010,07,0709,070910,FALSE,FALSE,FALSE,FALSE
07091020,07,0709,070910,FALSE,FALSE,FALSE,FALSE
07091030,07,0709,070910,FALSE,FALSE,FALSE,FALSE
07091040,07,0709,070910,FALSE,FALSE,FALSE,FALSE
07092000,07,0709,070920,FALSE,FALSE,FALSE,TRUE
07093000,07,0709,070930,FALSE,FALSE,FALSE,TRUE
07094000,07,0709,070940,FALSE,FALSE,FALSE,TRUE
07095100,07,0709,070951,FALSE,FALSE,FALSE,TRUE
07095110,07,0709,070951,FALSE,FALSE,FALSE,FALSE
07095130,07,0709,070951,FALSE,FALSE,FALSE,FALSE
07095150,07,0709,070951,FALSE,FALSE,FALSE,FALSE
07095190,07,0709,070951,FALSE,FALSE,FALSE,FALSE
07095200,07,0709,070952,FALSE,FALSE,FALSE,FALSE
07095910,07,0709,070959,FALSE,FALSE,FALSE,TRUE
07095930,07,0709,070959,FALSE,FALSE,FALSE,TRUE
07095950,07,0709,070959,FALSE,FALSE,FALSE,TRUE
07095990,07,0709,070959,FALSE,FALSE,FALSE,TRUE
07096010,07,0709,070960,FALSE,FALSE,FALSE,TRUE
07096091,07,0709,070960,FALSE,FALSE,FALSE,TRUE
07096095,07,0709,070960,FALSE,FALSE,FALSE,TRUE
07096099,07,0709,070960,FALSE,FALSE,FALSE,TRUE
07097000,07,0709,070970,FALSE,FALSE,FALSE,TRUE
07099010,07,0709,070990,FALSE,FALSE,FALSE,FALSE
07099020,07,0709,070990,FALSE,FALSE,FALSE,FALSE
07099031,07,0709,070990,FALSE,FALSE,FALSE,FALSE
07099039,07,0709,070990,FALSE,FALSE,FALSE,FALSE
07099040,07,0709,070990,FALSE,FALSE,FALSE,FALSE
07099050,07,0709,070990,FALSE,FALSE,FALSE,FALSE
07099060,07,0709,070990,FALSE,FALSE,FALSE,FALSE
07099070,07,0709,070990,FALSE,FALSE,FALSE,FALSE
07099071,07,0709,070990,FALSE,FALSE,FALSE,FALSE
07099073,07,0709,070990,FALSE,FALSE,FALSE,FALSE
07099075,07,0709,070990,FALSE,FALSE,FALSE,FALSE
07099077,07,0709,070990,FALSE,FALSE,FALSE,FALSE
07099079,07,0709,070990,FALSE,FALSE,FALSE,FALSE
07099080,07,0709,070990,FALSE,FALSE,FALSE,FALSE
07099090,07,0709,070990,FALSE,FALSE,FALSE,FALSE
07099100,07,0709,070991,FALSE,FALSE,FALSE,TRUE
07099210,07,0709,070992,FALSE,FALSE,FALSE,TRUE
07099290,07,0709,070992,FALSE,FALSE,FALSE,TRUE
07099310,07,0709,070993,FALSE,FALSE,FALSE,TRUE
07099390,07,0709,070993,FALSE,FALSE,FALSE,TRUE
07099910,07,0709,070999,FALSE,FALSE,FALSE,TRUE
07099920,07,0709,070999,FALSE,FALSE,FALSE,TRUE
07099940,07,0709,070999,FALSE,FALSE,FALSE,TRUE
07099950,07,0709,070999,FALSE,FALSE,FALSE,TRUE
07099960,07,0709,070999,FALSE,FALSE,FALSE,TRUE
07099990,07,0709,070999,FALSE,FALSE,FALSE,TRUE
07101000,07,0710,071010,FALSE,FALSE,FALSE,TRUE
07102100,07,0710,071021,FALSE,FALSE,FALSE,TRUE
07102200,07,0710,071022,FALSE,FALSE,FALSE,TRUE
07102900,07,0710,071029,FALSE,FALSE,FALSE,TRUE
07103000,07,0710,071030,FALSE,FALSE,FALSE,TRUE
07104000,07,0710,071040,FALSE,FALSE,FALSE,TRUE
07108010,07,0710,071080,FALSE,FALSE,FALSE,TRUE
07108051,07,0710,071080,FALSE,FALSE,FALSE,TRUE
07108059,07,0710,071080,FALSE,FALSE,FALSE,TRUE
07108060,07,0710,071080,FALSE,FALSE,FALSE,FALSE
07108061,07,0710,071080,FALSE,FALSE,FALSE,TRUE
07108069,07,0710,071080,FALSE,FALSE,FALSE,TRUE
07108070,07,0710,071080,FALSE,FALSE,FALSE,TRUE
07108080,07,0710,071080,FALSE,FALSE,FALSE,TRUE
07108085,07,0710,071080,FALSE,FALSE,FALSE,TRUE
07108095,07,0710,071080,FALSE,FALSE,FALSE,TRUE
07109000,07,0710,071090,FALSE,FALSE,FALSE,TRUE
07111000,07,0711,071110,FALSE,FALSE,FALSE,FALSE
07112010,07,0711,071120,FALSE,FALSE,FALSE,TRUE
07112090,07,0711,071120,FALSE,FALSE,FALSE,TRUE
07113000,07,0711,071130,FALSE,FALSE,FALSE,FALSE
07114000,07,0711,071140,FALSE,FALSE,FALSE,TRUE
07115100,07,0711,071151,FALSE,FALSE,FALSE,TRUE
07115900,07,0711,071159,FALSE,FALSE,FALSE,TRUE
07119010,07,0711,071190,FALSE,FALSE,FALSE,TRUE
07119030,07,0711,071190,FALSE,FALSE,FALSE,TRUE
07119040,07,0711,071190,FALSE,FALSE,FALSE,FALSE
07119050,07,0711,071190,FALSE,FALSE,FALSE,TRUE
07119060,07,0711,071190,FALSE,FALSE,FALSE,FALSE
07119070,07,0711,071190,FALSE,FALSE,FALSE,TRUE
07119080,07,0711,071190,FALSE,FALSE,FALSE,TRUE
07119090,07,0711,071190,FALSE,FALSE,FALSE,TRUE
07121000,07,0712,071210,FALSE,FALSE,FALSE,FALSE
07122000,07,0712,071220,FALSE,FALSE,FALSE,TRUE
07123000,07,0712,071230,FALSE,FALSE,FALSE,FALSE
07123100,07,0712,071231,FALSE,FALSE,FALSE,TRUE
07123200,07,0712,071232,FALSE,FALSE,FALSE,TRUE
07123300,07,0712,071233,FALSE,FALSE,FALSE,TRUE
07123900,07,0712,071239,FALSE,FALSE,FALSE,TRUE
07129005,07,0712,071290,FALSE,FALSE,FALSE,TRUE
07129011,07,0712,071290,FALSE,FALSE,FALSE,TRUE
07129019,07,0712,071290,FALSE,FALSE,FALSE,TRUE
07129030,07,0712,071290,FALSE,FALSE,FALSE,TRUE
07129050,07,0712,071290,FALSE,FALSE,FALSE,TRUE
07129090,07,0712,071290,FALSE,FALSE,FALSE,TRUE
07131010,07,0713,071310,FALSE,FALSE,FALSE,TRUE
07131090,07,0713,071310,FALSE,FALSE,FALSE,TRUE
07132000,07,0713,071320,FALSE,FALSE,FALSE,TRUE
07132010,07,0713,071320,FALSE,FALSE,FALSE,FALSE
07132090,07,0713,071320,FALSE,FALSE,FALSE,FALSE
07133100,07,0713,071331,FALSE,FALSE,FALSE,TRUE
07133110,07,0713,071331,FALSE,FALSE,FALSE,FALSE
07133190,07,0713,071331,FALSE,FALSE,FALSE,FALSE
07133200,07,0713,071332,FALSE,FALSE,FALSE,TRUE
07133210,07,0713,071332,FALSE,FALSE,FALSE,FALSE
07133290,07,0713,071332,FALSE,FALSE,FALSE,FALSE
07133310,07,0713,071333,FALSE,FALSE,FALSE,TRUE
07133390,07,0713,071333,FALSE,FALSE,FALSE,TRUE
07133400,07,0713,071334,FALSE,FALSE,FALSE,TRUE
07133500,07,0713,071335,FALSE,FALSE,FALSE,TRUE
07133900,07,0713,071339,FALSE,FALSE,FALSE,TRUE
07133910,07,0713,071339,FALSE,FALSE,FALSE,FALSE
07133990,07,0713,071339,FALSE,FALSE,FALSE,FALSE
07134000,07,0713,071340,FALSE,FALSE,FALSE,TRUE
07134010,07,0713,071340,FALSE,FALSE,FALSE,FALSE
07134090,07,0713,071340,FALSE,FALSE,FALSE,FALSE
07135000,07,0713,071350,FALSE,FALSE,FALSE,TRUE
07135010,07,0713,071350,FALSE,FALSE,FALSE,FALSE
07135090,07,0713,071350,FALSE,FALSE,FALSE,FALSE
07136000,07,0713,071360,FALSE,FALSE,FALSE,TRUE
07139000,07,0713,071390,FALSE,FALSE,FALSE,TRUE
07139010,07,0713,071390,FALSE,FALSE,FALSE,FALSE
07139090,07,0713,071390,FALSE,FALSE,FALSE,FALSE
07141000,07,0714,071410,FALSE,FALSE,FALSE,TRUE
07141010,07,0714,071410,FALSE,FALSE,FALSE,FALSE
07141091,07,0714,071410,FALSE,FALSE,FALSE,FALSE
07141098,07,0714,071410,FALSE,FALSE,FALSE,FALSE
07141099,07,0714,071410,FALSE,FALSE,FALSE,FALSE
07142010,07,0714,071420,FALSE,FALSE,FALSE,TRUE
07142090,07,0714,071420,FALSE,FALSE,FALSE,TRUE
07143000,07,0714,071430,FALSE,FALSE,FALSE,TRUE
07143010,07,0714,071430,FALSE,FALSE,FALSE,FALSE
07143090,07,0714,071430,FALSE,FALSE,FALSE,FALSE
07144000,07,0714,071440,FALSE,FALSE,FALSE,TRUE
07144010,07,0714,071440,FALSE,FALSE,FALSE,FALSE
07144090,07,0714,071440,FALSE,FALSE,FALSE,FALSE
07145000,07,0714,071450,FALSE,FALSE,FALSE,TRUE
07145010,07,0714,071450,FALSE,FALSE,FALSE,FALSE
07145090,07,0714,071450,FALSE,FALSE,FALSE,FALSE
07149011,07,0714,071490,FALSE,FALSE,FALSE,FALSE
07149012,07,0714,071490,FALSE,FALSE,FALSE,FALSE
07149018,07,0714,071490,FALSE,FALSE,FALSE,FALSE
07149019,07,0714,071490,FALSE,FALSE,FALSE,FALSE
07149020,07,0714,071490,FALSE,FALSE,FALSE,TRUE
07149090,07,0714,071490,FALSE,FALSE,FALSE,TRUE
08011010,08,0801,080110,FALSE,FALSE,FALSE,FALSE
08011090,08,0801,080110,FALSE,FALSE,FALSE,FALSE
08011100,08,0801,080111,FALSE,FALSE,FALSE,TRUE
08011200,08,0801,080112,FALSE,FALSE,FALSE,TRUE
08011900,08,0801,080119,FALSE,FALSE,FALSE,TRUE
08012000,08,0801,080120,FALSE,FALSE,FALSE,FALSE
08012100,08,0801,080121,FALSE,FALSE,FALSE,TRUE
08012200,08,0801,080122,FALSE,FALSE,FALSE,TRUE
08013000,08,0801,080130,FALSE,FALSE,FALSE,FALSE
08013100,08,0801,080131,FALSE,FALSE,FALSE,TRUE
08013200,08,0801,080132,FALSE,FALSE,FALSE,TRUE
08021110,08,0802,080211,FALSE,FALSE,FALSE,TRUE
08021190,08,0802,080211,FALSE,FALSE,FALSE,TRUE
08021210,08,0802,080212,FALSE,FALSE,FALSE,TRUE
08021290,08,0802,080212,FALSE,FALSE,FALSE,TRUE
08022100,08,0802,080221,FALSE,FALSE,FALSE,TRUE
08022200,08,0802,080222,FALSE,FALSE,FALSE,TRUE
08023100,08,0802,080231,FALSE,FALSE,FALSE,TRUE
08023200,08,0802,080232,FALSE,FALSE,FALSE,TRUE
08024000,08,0802,080240,FALSE,FALSE,FALSE,FALSE
08024100,08,0802,080241,FALSE,FALSE,FALSE,TRUE
08024200,08,0802,080242,FALSE,FALSE,FALSE,TRUE
08025000,08,0802,080250,FALSE,FALSE,FALSE,FALSE
08025100,08,0802,080251,FALSE,FALSE,FALSE,TRUE
08025200,08,0802,080252,FALSE,FALSE,FALSE,TRUE
08026000,08,0802,080260,FALSE,FALSE,FALSE,FALSE
08026100,08,0802,080261,FALSE,FALSE,FALSE,TRUE
08026200,08,0802,080262,FALSE,FALSE,FALSE,TRUE
08027000,08,0802,080270,FALSE,FALSE,FALSE,TRUE
08028000,08,0802,080280,FALSE,FALSE,FALSE,TRUE
08029010,08,0802,080290,FALSE,FALSE,FALSE,TRUE
08029020,08,0802,080290,FALSE,FALSE,FALSE,FALSE
08029030,08,0802,080290,FALSE,FALSE,FALSE,FALSE
08029050,08,0802,080290,FALSE,FALSE,FALSE,TRUE
08029060,08,0802,080290,FALSE,FALSE,FALSE,FALSE
08029085,08,0802,080290,FALSE,FALSE,FALSE,TRUE
08030011,08,0803,080300,FALSE,FALSE,FALSE,FALSE
08030019,08,0803,080300,FALSE,FALSE,FALSE,FALSE
08030090,08,0803,080300,FALSE,FALSE,FALSE,FALSE
08031010,08,0803,080310,FALSE,FALSE,FALSE,TRUE
08031090,08,0803,080310,FALSE,FALSE,FALSE,TRUE
08039010,08,0803,080390,FALSE,FALSE,FALSE,TRUE
08039090,08,0803,080390,FALSE,FALSE,FALSE,TRUE
08041000,08,0804,080410,FALSE,FALSE,FALSE,TRUE
08042010,08,0804,080420,FALSE,FALSE,FALSE,TRUE
08042090,08,0804,080420,FALSE,FALSE,FALSE,TRUE
08043000,08,0804,080430,FALSE,FALSE,FALSE,TRUE
08044000,08,0804,080440,FALSE,FALSE,FALSE,TRUE
08044010,08,0804,080440,FALSE,FALSE,FALSE,FALSE
08044020,08,0804,080440,FALSE,FALSE,FALSE,FALSE
08044090,08,0804,080440,FALSE,FALSE,FALSE,FALSE
08044095,08,0804,080440,FALSE,FALSE,FALSE,FALSE
08045000,08,0804,080450,FALSE,FALSE,FALSE,TRUE
08051001,08,0805,080510,FALSE,FALSE,FALSE,FALSE
08051005,08,0805,080510,FALSE,FALSE,FALSE,FALSE
08051009,08,0805,080510,FALSE,FALSE,FALSE,FALSE
08051010,08,0805,080510,FALSE,FALSE,FALSE,FALSE
08051011,08,0805,080510,FALSE,FALSE,FALSE,FALSE
08051015,08,0805,080510,FALSE,FALSE,FALSE,FALSE
08051019,08,0805,080510,FALSE,FALSE,FALSE,FALSE
08051020,08,0805,080510,FALSE,FALSE,FALSE,TRUE
08051021,08,0805,080510,FALSE,FALSE,FALSE,FALSE
08051022,08,0805,080510,FALSE,FALSE,FALSE,FALSE
08051024,08,0805,080510,FALSE,FALSE,FALSE,FALSE
08051025,08,0805,080510,FALSE,FALSE,FALSE,FALSE
08051028,08,0805,080510,FALSE,FALSE,FALSE,FALSE
08051029,08,0805,080510,FALSE,FALSE,FALSE,FALSE
08051030,08,0805,080510,FALSE,FALSE,FALSE,FALSE
08051031,08,0805,080510,FALSE,FALSE,FALSE,FALSE
08051032,08,0805,080510,FALSE,FALSE,FALSE,FALSE
08051033,08,0805,080510,FALSE,FALSE,FALSE,FALSE
08051034,08,0805,080510,FALSE,FALSE,FALSE,FALSE
08051035,08,0805,080510,FALSE,FALSE,FALSE,FALSE
08051036,08,0805,080510,FALSE,FALSE,FALSE,FALSE
08051037,08,0805,080510,FALSE,FALSE,FALSE,FALSE
08051038,08,0805,080510,FALSE,FALSE,FALSE,FALSE
08051039,08,0805,080510,FALSE,FALSE,FALSE,FALSE
08051042,08,0805,080510,FALSE,FALSE,FALSE,FALSE
08051044,08,0805,080510,FALSE,FALSE,FALSE,FALSE
08051046,08,0805,080510,FALSE,FALSE,FALSE,FALSE
08051050,08,0805,080510,FALSE,FALSE,FALSE,FALSE
08051051,08,0805,080510,FALSE,FALSE,FALSE,FALSE
08051055,08,0805,080510,FALSE,FALSE,FALSE,FALSE
08051059,08,0805,080510,FALSE,FALSE,FALSE,FALSE
08051061,08,0805,080510,FALSE,FALSE,FALSE,FALSE
08051065,08,0805,080510,FALSE,FALSE,FALSE,FALSE
08051069,08,0805,080510,FALSE,FALSE,FALSE,FALSE
08051080,08,0805,080510,FALSE,FALSE,FALSE,TRUE
08051082,08,0805,080510,FALSE,FALSE,FALSE,FALSE
08051084,08,0805,080510,FALSE,FALSE,FALSE,FALSE
08051086,08,0805,080510,FALSE,FALSE,FALSE,FALSE
08052010,08,0805,080520,FALSE,FALSE,FALSE,TRUE
08052011,08,0805,080520,FALSE,FALSE,FALSE,FALSE
08052013,08,0805,080520,FALSE,FALSE,FALSE,FALSE
08052015,08,0805,080520,FALSE,FALSE,FALSE,FALSE
08052017,08,0805,080520,FALSE,FALSE,FALSE,FALSE
08052019,08,0805,080520,FALSE,FALSE,FALSE,FALSE
08052021,08,0805,080520,FALSE,FALSE,FALSE,FALSE
08052023,08,0805,080520,FALSE,FALSE,FALSE,FALSE
08052025,08,0805,080520,FALSE,FALSE,FALSE,FALSE
08052027,08,0805,080520,FALSE,FALSE,FALSE,FALSE
08052029,08,0805,080520,FALSE,FALSE,FALSE,FALSE
08052030,08,0805,080520,FALSE,FALSE,FALSE,TRUE
08052031,08,0805,080520,FALSE,FALSE,FALSE,FALSE
08052033,08,0805,080520,FALSE,FALSE,FALSE,FALSE
08052035,08,0805,080520,FALSE,FALSE,FALSE,FALSE
08052037,08,0805,080520,FALSE,FALSE,FALSE,FALSE
08052039,08,0805,080520,FALSE,FALSE,FALSE,FALSE
08052050,08,0805,080520,FALSE,FALSE,FALSE,TRUE
08052070,08,0805,080520,FALSE,FALSE,FALSE,TRUE
08052090,08,0805,080520,FALSE,FALSE,FALSE,TRUE
08052110,08,0805,080521,FALSE,FALSE,FALSE,FALSE
08052190,08,0805,080521,FALSE,FALSE,FALSE,FALSE
08052200,08,0805,080522,FALSE,FALSE,FALSE,FALSE
08052900,08,0805,080529,FALSE,FALSE,FALSE,FALSE
08053010,08,0805,080530,FALSE,FALSE,FALSE,FALSE
08053020,08,0805,080530,FALSE,FALSE,FALSE,FALSE
08053030,08,0805,080530,FALSE,FALSE,FALSE,FALSE
08053040,08,0805,080530,FALSE,FALSE,FALSE,FALSE
08053090,08,0805,080530,FALSE,FALSE,FALSE,FALSE
08054000,08,0805,080540,FALSE,FALSE,FALSE,TRUE
08054010,08,0805,080540,FALSE,FALSE,FALSE,FALSE
08054020,08,0805,080540,FALSE,FALSE,FALSE,FALSE
08054090,08,0805,080540,FALSE,FALSE,FALSE,FALSE
08054095,08,0805,080540,FALSE,FALSE,FALSE,FALSE
08055010,08,0805,080550,FALSE,FALSE,FALSE,TRUE
08055090,08,0805,080550,FALSE,FALSE,FALSE,TRUE
08059000,08,0805,080590,FALSE,FALSE,FALSE,TRUE
08061010,08,0806,080610,FALSE,FALSE,FALSE,TRUE
08061021,08,0806,080610,FALSE,FALSE,FALSE,FALSE
08061029,08,0806,080610,FALSE,FALSE,FALSE,FALSE
08061030,08,0806,080610,FALSE,FALSE,FALSE,FALSE
08061040,08,0806,080610,FALSE,FALSE,FALSE,FALSE
08061050,08,0806,080610,FALSE,FALSE,FALSE,FALSE
08061061,08,0806,080610,FALSE,FALSE,FALSE,FALSE
08061069,08,0806,080610,FALSE,FALSE,FALSE,FALSE
08061090,08,0806,080610,FALSE,FALSE,FALSE,TRUE
08061091,08,0806,080610,FALSE,FALSE,FALSE,FALSE
08061093,08,0806,080610,FALSE,FALSE,FALSE,FALSE
08061095,08,0806,080610,FALSE,FALSE,FALSE,FALSE
08061097,08,0806,080610,FALSE,FALSE,FALSE,FALSE
08061099,08,0806,080610,FALSE,FALSE,FALSE,FALSE
08062010,08,0806,080620,FALSE,FALSE,FALSE,TRUE
08062011,08,0806,080620,FALSE,FALSE,FALSE,FALSE
08062012,08,0806,080620,FALSE,FALSE,FALSE,FALSE
08062018,08,0806,080620,FALSE,FALSE,FALSE,FALSE
08062030,08,0806,080620,FALSE,FALSE,FALSE,TRUE
08062090,08,0806,080620,FALSE,FALSE,FALSE,TRUE
08062091,08,0806,080620,FALSE,FALSE,FALSE,FALSE
08062092,08,0806,080620,FALSE,FALSE,FALSE,FALSE
08062098,08,0806,080620,FALSE,FALSE,FALSE,FALSE
08071010,08,0807,080710,FALSE,FALSE,FALSE,FALSE
08071090,08,0807,080710,FALSE,FALSE,FALSE,FALSE
08071100,08,0807,080711,FALSE,FALSE,FALSE,TRUE
08071900,08,0807,080719,FALSE,FALSE,FALSE,TRUE
08072000,08,0807,080720,FALSE,FALSE,FALSE,TRUE
08081010,08,0808,080810,FALSE,FALSE,FALSE,TRUE
08081020,08,0808,080810,FALSE,FALSE,FALSE,FALSE
08081050,08,0808,080810,FALSE,FALSE,FALSE,FALSE
08081051,08,0808,080810,FALSE,FALSE,FALSE,FALSE
08081053,08,0808,080810,FALSE,FALSE,FALSE,FALSE
08081059,08,0808,080810,FALSE,FALSE,FALSE,FALSE
08081061,08,0808,080810,FALSE,FALSE,FALSE,FALSE
08081063,08,0808,080810,FALSE,FALSE,FALSE,FALSE
08081069,08,0808,080810,FALSE,FALSE,FALSE,FALSE
08081071,08,0808,080810,FALSE,FALSE,FALSE,FALSE
08081073,08,0808,080810,FALSE,FALSE,FALSE,FALSE
08081079,08,0808,080810,FALSE,FALSE,FALSE,FALSE
08081080,08,0808,080810,FALSE,FALSE,FALSE,TRUE
08081090,08,0808,080810,FALSE,FALSE,FALSE,FALSE
08081092,08,0808,080810,FALSE,FALSE,FALSE,FALSE
08081094,08,0808,080810,FALSE,FALSE,FALSE,FALSE
08081098,08,0808,080810,FALSE,FALSE,FALSE,FALSE
08082010,08,0808,080820,FALSE,FALSE,FALSE,FALSE
08082031,08,0808,080820,FALSE,FALSE,FALSE,FALSE
08082037,08,0808,080820,FALSE,FALSE,FALSE,FALSE
08082041,08,0808,080820,FALSE,FALSE,FALSE,FALSE
08082047,08,0808,080820,FALSE,FALSE,FALSE,FALSE
08082050,08,0808,080820,FALSE,FALSE,FALSE,FALSE
08082051,08,0808,080820,FALSE,FALSE,FALSE,FALSE
08082057,08,0808,080820,FALSE,FALSE,FALSE,FALSE
08082067,08,0808,080820,FALSE,FALSE,FALSE,FALSE
08082090,08,0808,080820,FALSE,FALSE,FALSE,FALSE
08083010,08,0808,080830,FALSE,FALSE,FALSE,TRUE
08083090,08,0808,080830,FALSE,FALSE,FALSE,TRUE
08084000,08,0808,080840,FALSE,FALSE,FALSE,TRUE
08091000,08,0809,080910,FALSE,FALSE,FALSE,TRUE
08091010,08,0809,080910,FALSE,FALSE,FALSE,FALSE
08091020,08,0809,080910,FALSE,FALSE,FALSE,FALSE
08091030,08,0809,080910,FALSE,FALSE,FALSE,FALSE
08091040,08,0809,080910,FALSE,FALSE,FALSE,FALSE
08091050,08,0809,080910,FALSE,FALSE,FALSE,FALSE
08092005,08,0809,080920,FALSE,FALSE,FALSE,FALSE
08092011,08,0809,080920,FALSE,FALSE,FALSE,FALSE
08092019,08,0809,080920,FALSE,FALSE,FALSE,FALSE
08092021,08,0809,080920,FALSE,FALSE,FALSE,FALSE
08092029,08,0809,080920,FALSE,FALSE,FALSE,FALSE
08092031,08,0809,080920,FALSE,FALSE,FALSE,FALSE
08092039,08,0809,080920,FALSE,FALSE,FALSE,FALSE
08092041,08,0809,080920,FALSE,FALSE,FALSE,FALSE
08092049,08,0809,080920,FALSE,FALSE,FALSE,FALSE
08092051,08,0809,080920,FALSE,FALSE,FALSE,FALSE
08092059,08,0809,080920,FALSE,FALSE,FALSE,FALSE
08092061,08,0809,080920,FALSE,FALSE,FALSE,FALSE
08092069,08,0809,080920,FALSE,FALSE,FALSE,FALSE
08092071,08,0809,080920,FALSE,FALSE,FALSE,FALSE
08092079,08,0809,080920,FALSE,FALSE,FALSE,FALSE
08092095,08,0809,080920,FALSE,FALSE,FALSE,FALSE
08092100,08,0809,080921,FALSE,FALSE,FALSE,TRUE
08092900,08,0809,080929,FALSE,FALSE,FALSE,TRUE
08093010,08,0809,080930,FALSE,FALSE,FALSE,TRUE
08093011,08,0809,080930,FALSE,FALSE,FALSE,FALSE
08093019,08,0809,080930,FALSE,FALSE,FALSE,FALSE
08093021,08,0809,080930,FALSE,FALSE,FALSE,FALSE
08093029,08,0809,080930,FALSE,FALSE,FALSE,FALSE
08093031,08,0809,080930,FALSE,FALSE,FALSE,FALSE
08093039,08,0809,080930,FALSE,FALSE,FALSE,FALSE
08093041,08,0809,080930,FALSE,FALSE,FALSE,FALSE
08093049,08,0809,080930,FALSE,FALSE,FALSE,FALSE
08093051,08,0809,080930,FALSE,FALSE,FALSE,FALSE
08093059,08,0809,080930,FALSE,FALSE,FALSE,FALSE
08093090,08,0809,080930,FALSE,FALSE,FALSE,TRUE
08094005,08,0809,080940,FALSE,FALSE,FALSE,TRUE
08094010,08,0809,080940,FALSE,FALSE,FALSE,FALSE
08094020,08,0809,080940,FALSE,FALSE,FALSE,FALSE
08094030,08,0809,080940,FALSE,FALSE,FALSE,FALSE
08094040,08,0809,080940,FALSE,FALSE,FALSE,FALSE
08094090,08,0809,080940,FALSE,FALSE,FALSE,TRUE
08101000,08,0810,081010,FALSE,FALSE,FALSE,TRUE
08101005,08,0810,081010,FALSE,FALSE,FALSE,FALSE
08101010,08,0810,081010,FALSE,FALSE,FALSE,FALSE
08101080,08,0810,081010,FALSE,FALSE,FALSE,FALSE
08101090,08,0810,081010,FALSE,FALSE,FALSE,FALSE
08102010,08,0810,081020,FALSE,FALSE,FALSE,TRUE
08102090,08,0810,081020,FALSE,FALSE,FALSE,TRUE
08103010,08,0810,081030,FALSE,FALSE,FALSE,TRUE
08103030,08,0810,081030,FALSE,FALSE,FALSE,TRUE
08103090,08,0810,081030,FALSE,FALSE,FALSE,TRUE
08104010,08,0810,081040,FALSE,FALSE,FALSE,TRUE
08104030,08,0810,081040,FALSE,FALSE,FALSE,TRUE
08104050,08,0810,081040,FALSE,FALSE,FALSE,TRUE
08104090,08,0810,081040,FALSE,FALSE,FALSE,TRUE
08105000,08,0810,081050,FALSE,FALSE,FALSE,TRUE
08105010,08,0810,081050,FALSE,FALSE,FALSE,FALSE
08105020,08,0810,081050,FALSE,FALSE,FALSE,FALSE
08105030,08,0810,081050,FALSE,FALSE,FALSE,FALSE
08106000,08,0810,081060,FALSE,FALSE,FALSE,TRUE
08107000,08,0810,081070,FALSE,FALSE,FALSE,TRUE
08109010,08,0810,081090,FALSE,FALSE,FALSE,FALSE
08109020,08,0810,081090,FALSE,FALSE,FALSE,TRUE
08109030,08,0810,081090,FALSE,FALSE,FALSE,FALSE
08109040,08,0810,081090,FALSE,FALSE,FALSE,FALSE
08109050,08,0810,081090,FALSE,FALSE,FALSE,FALSE
08109060,08,0810,081090,FALSE,FALSE,FALSE,FALSE
08109070,08,0810,081090,FALSE,FALSE,FALSE,FALSE
08109075,08,0810,081090,FALSE,FALSE,FALSE,TRUE
08109085,08,0810,081090,FALSE,FALSE,FALSE,FALSE
08109095,08,0810,081090,FALSE,FALSE,FALSE,FALSE
08111011,08,0811,081110,FALSE,FALSE,FALSE,TRUE
08111019,08,0811,081110,FALSE,FALSE,FALSE,TRUE
08111090,08,0811,081110,FALSE,FALSE,FALSE,TRUE
08112011,08,0811,081120,FALSE,FALSE,FALSE,TRUE
08112019,08,0811,081120,FALSE,FALSE,FALSE,TRUE
08112031,08,0811,081120,FALSE,FALSE,FALSE,TRUE
08112039,08,0811,081120,FALSE,FALSE,FALSE,TRUE
08112051,08,0811,081120,FALSE,FALSE,FALSE,TRUE
08112059,08,0811,081120,FALSE,FALSE,FALSE,TRUE
08112090,08,0811,081120,FALSE,FALSE,FALSE,TRUE
08119011,08,0811,081190,FALSE,FALSE,FALSE,TRUE
08119019,08,0811,081190,FALSE,FALSE,FALSE,TRUE
08119031,08,0811,081190,FALSE,FALSE,FALSE,TRUE
08119039,08,0811,081190,FALSE,FALSE,FALSE,TRUE
08119050,08,0811,081190,FALSE,FALSE,FALSE,TRUE
08119070,08,0811,081190,FALSE,FALSE,FALSE,TRUE
08119075,08,0811,081190,FALSE,FALSE,FALSE,TRUE
08119080,08,0811,081190,FALSE,FALSE,FALSE,TRUE
08119085,08,0811,081190,FALSE,FALSE,FALSE,TRUE
08119095,08,0811,081190,FALSE,FALSE,FALSE,TRUE
08121000,08,0812,081210,FALSE,FALSE,FALSE,TRUE
08122000,08,0812,081220,FALSE,FALSE,FALSE,FALSE
08129010,08,0812,081290,FALSE,FALSE,FALSE,FALSE
08129020,08,0812,081290,FALSE,FALSE,FALSE,FALSE
08129025,08,0812,081290,FALSE,FALSE,FALSE,TRUE
08129030,08,0812,081290,FALSE,FALSE,FALSE,TRUE
08129040,08,0812,081290,FALSE,FALSE,FALSE,TRUE
08129050,08,0812,081290,FALSE,FALSE,FALSE,FALSE
08129060,08,0812,081290,FALSE,FALSE,FALSE,FALSE
08129070,08,0812,081290,FALSE,FALSE,FALSE,TRUE
08129095,08,0812,081290,FALSE,FALSE,FALSE,FALSE
08129098,08,0812,081290,FALSE,FALSE,FALSE,TRUE
08129099,08,0812,081290,FALSE,FALSE,FALSE,FALSE
08131000,08,0813,081310,FALSE,FALSE,FALSE,TRUE
08132000,08,0813,081320,FALSE,FALSE,FALSE,TRUE
08133000,08,0813,081330,FALSE,FALSE,FALSE,TRUE
08134010,08,0813,081340,FALSE,FALSE,FALSE,TRUE
08134030,08,0813,081340,FALSE,FALSE,FALSE,TRUE
08134050,08,0813,081340,FALSE,FALSE,FALSE,TRUE
08134060,08,0813,081340,FALSE,FALSE,FALSE,FALSE
08134065,08,0813,081340,FALSE,FALSE,FALSE,TRUE
08134070,08,0813,081340,FALSE,FALSE,FALSE,FALSE
08134095,08,0813,081340,FALSE,FALSE,FALSE,TRUE
08135012,08,0813,081350,FALSE,FALSE,FALSE,TRUE
08135015,08,0813,081350,FALSE,FALSE,FALSE,TRUE
08135019,08,0813,081350,FALSE,FALSE,FALSE,TRUE
08135031,08,0813,081350,FALSE,FALSE,FALSE,TRUE
08135039,08,0813,081350,FALSE,FALSE,FALSE,TRUE
08135091,08,0813,081350,FALSE,FALSE,FALSE,TRUE
08135099,08,0813,081350,FALSE,FALSE,FALSE,TRUE
08140000,08,0814,081400,FALSE,FALSE,FALSE,TRUE
09011100,09,0901,090111,FALSE,FALSE,FALSE,TRUE
09011200,09,0901,090112,FALSE,FALSE,FALSE,TRUE
09012100,09,0901,090121,FALSE,FALSE,FALSE,TRUE
09012200,09,0901,090122,FALSE,FALSE,FALSE,TRUE
09013000,09,0901,090130,FALSE,FALSE,FALSE,FALSE
09014000,09,0901,090140,FALSE,FALSE,FALSE,FALSE
09019010,09,0901,090190,FALSE,FALSE,FALSE,TRUE
09019090,09,0901,090190,FALSE,FALSE,FALSE,TRUE
09021000,09,0902,090210,FALSE,FALSE,FALSE,TRUE
09022000,09,0902,090220,FALSE,FALSE,FALSE,TRUE
09023000,09,0902,090230,FALSE,FALSE,FALSE,TRUE
09024000,09,0902,090240,FALSE,FALSE,FALSE,TRUE
09030000,09,0903,090300,FALSE,FALSE,FALSE,TRUE
09041100,09,0904,090411,FALSE,FALSE,FALSE,TRUE
09041110,09,0904,090411,FALSE,FALSE,FALSE,FALSE
09041190,09,0904,090411,FALSE,FALSE,FALSE,FALSE
09041200,09,0904,090412,FALSE,FALSE,FALSE,TRUE
09042010,09,0904,090420,FALSE,FALSE,FALSE,FALSE
09042030,09,0904,090420,FALSE,FALSE,FALSE,FALSE
09042031,09,0904,090420,FALSE,FALSE,FALSE,FALSE
09042035,09,0904,090420,FALSE,FALSE,FALSE,FALSE
09042039,09,0904,090420,FALSE,FALSE,FALSE,FALSE
09042090,09,0904,090420,FALSE,FALSE,FALSE,FALSE
09042110,09,0904,090421,FALSE,FALSE,FALSE,TRUE
09042190,09,0904,090421,FALSE,FALSE,FALSE,TRUE
09042200,09,0904,090422,FALSE,FALSE,FALSE,TRUE
09050000,09,0905,090500,FALSE,FALSE,FALSE,FALSE
09051000,09,0905,090510,FALSE,FALSE,FALSE,TRUE
09052000,09,0905,090520,FALSE,FALSE,FALSE,TRUE
09061000,09,0906,090610,FALSE,FALSE,FALSE,FALSE
09061100,09,0906,090611,FALSE,FALSE,FALSE,TRUE
09061900,09,0906,090619,FALSE,FALSE,FALSE,TRUE
09062000,09,0906,090620,FALSE,FALSE,FALSE,TRUE
09070000,09,0907,090700,FALSE,FALSE,FALSE,FALSE
09071000,09,0907,090710,FALSE,FALSE,FALSE,TRUE
09072000,09,0907,090720,FALSE,FALSE,FALSE,TRUE
09081000,09,0908,090810,FALSE,FALSE,FALSE,FALSE
09081010,09,0908,090810,FALSE,FALSE,FALSE,FALSE
09081090,09,0908,090810,FALSE,FALSE,FALSE,FALSE
09081100,09,0908,090811,FALSE,FALSE,FALSE,TRUE
09081200,09,0908,090812,FALSE,FALSE,FALSE,TRUE
09082000,09,0908,090820,FALSE,FALSE,FALSE,FALSE
09082010,09,0908,090820,FALSE,FALSE,FALSE,FALSE
09082090,09,0908,090820,FALSE,FALSE,FALSE,FALSE
09082100,09,0908,090821,FALSE,FALSE,FALSE,TRUE
09082200,09,0908,090822,FALSE,FALSE,FALSE,TRUE
09083000,09,0908,090830,FALSE,FALSE,FALSE,FALSE
09083100,09,0908,090831,FALSE,FALSE,FALSE,TRUE
09083200,09,0908,090832,FALSE,FALSE,FALSE,TRUE
09091000,09,0909,090910,FALSE,FALSE,FALSE,FALSE
09091010,09,0909,090910,FALSE,FALSE,FALSE,FALSE
09091090,09,0909,090910,FALSE,FALSE,FALSE,FALSE
09092000,09,0909,090920,FALSE,FALSE,FALSE,FALSE
09092100,09,0909,090921,FALSE,FALSE,FALSE,TRUE
09092200,09,0909,090922,FALSE,FALSE,FALSE,TRUE
09093000,09,0909,090930,FALSE,FALSE,FALSE,FALSE
09093011,09,0909,090930,FALSE,FALSE,FALSE,FALSE
09093019,09,0909,090930,FALSE,FALSE,FALSE,FALSE
09093090,09,0909,090930,FALSE,FALSE,FALSE,FALSE
09093100,09,0909,090931,FALSE,FALSE,FALSE,TRUE
09093200,09,0909,090932,FALSE,FALSE,FALSE,TRUE
09094000,09,0909,090940,FALSE,FALSE,FALSE,FALSE
09094011,09,0909,090940,FALSE,FALSE,FALSE,FALSE
09094019,09,0909,090940,FALSE,FALSE,FALSE,FALSE
09094090,09,0909,090940,FALSE,FALSE,FALSE,FALSE
09095000,09,0909,090950,FALSE,FALSE,FALSE,FALSE
09095011,09,0909,090950,FALSE,FALSE,FALSE,FALSE
09095019,09,0909,090950,FALSE,FALSE,FALSE,FALSE
09095090,09,0909,090950,FALSE,FALSE,FALSE,FALSE
09096100,09,0909,090961,FALSE,FALSE,FALSE,TRUE
09096200,09,0909,090962,FALSE,FALSE,FALSE,TRUE
09101000,09,0910,091010,FALSE,FALSE,FALSE,FALSE
09101011,09,0910,091010,FALSE,FALSE,FALSE,FALSE
09101019,09,0910,091010,FALSE,FALSE,FALSE,FALSE
09101090,09,0910,091010,FALSE,FALSE,FALSE,FALSE
09101100,09,0910,091011,FALSE,FALSE,FALSE,TRUE
09101200,09,0910,091012,FALSE,FALSE,FALSE,TRUE
09102010,09,0910,091020,FALSE,FALSE,FALSE,TRUE
09102090,09,0910,091020,FALSE,FALSE,FALSE,TRUE
09103000,09,0910,091030,FALSE,FALSE,FALSE,TRUE
09104011,09,0910,091040,FALSE,FALSE,FALSE,FALSE
09104013,09,0910,091040,FALSE,FALSE,FALSE,FALSE
09104019,09,0910,091040,FALSE,FALSE,FALSE,FALSE
09104090,09,0910,091040,FALSE,FALSE,FALSE,FALSE
09105000,09,0910,091050,FALSE,FALSE,FALSE,FALSE
09109105,09,0910,091091,FALSE,FALSE,FALSE,TRUE
09109110,09,0910,091091,FALSE,FALSE,FALSE,TRUE
09109190,09,0910,091091,FALSE,FALSE,FALSE,TRUE
09109910,09,0910,091099,FALSE,FALSE,FALSE,TRUE
09109931,09,0910,091099,FALSE,FALSE,FALSE,TRUE
09109933,09,0910,091099,FALSE,FALSE,FALSE,TRUE
09109939,09,0910,091099,FALSE,FALSE,FALSE,TRUE
09109950,09,0910,091099,FALSE,FALSE,FALSE,TRUE
09109960,09,0910,091099,FALSE,FALSE,FALSE,FALSE
09109991,09,0910,091099,FALSE,FALSE,FALSE,TRUE
09109999,09,0910,091099,FALSE,FALSE,FALSE,TRUE
10011000,10,1001,100110,FALSE,FALSE,FALSE,FALSE
10011100,10,1001,100111,FALSE,FALSE,FALSE,TRUE
10011900,10,1001,100119,FALSE,FALSE,FALSE,TRUE
10019010,10,1001,100190,FALSE,FALSE,FALSE,FALSE
10019091,10,1001,100190,FALSE,FALSE,FALSE,FALSE
10019099,10,1001,100190,FALSE,FALSE,FALSE,FALSE
10019110,10,1001,100191,FALSE,FALSE,FALSE,TRUE
10019120,10,1001,100191,FALSE,FALSE,FALSE,TRUE
10019190,10,1001,100191,FALSE,FALSE,FALSE,TRUE
10019900,10,1001,100199,FALSE,FALSE,FALSE,TRUE
10020000,10,1002,100200,FALSE,FALSE,FALSE,FALSE
10021000,10,1002,100210,FALSE,FALSE,FALSE,TRUE
10029000,10,1002,100290,FALSE,FALSE,FALSE,TRUE
10030010,10,1003,100300,FALSE,FALSE,FALSE,FALSE
10030090,10,1003,100300,FALSE,FALSE,FALSE,FALSE
10031000,10,1003,100310,FALSE,FALSE,FALSE,TRUE
10039000,10,1003,100390,FALSE,FALSE,FALSE,TRUE
10040000,10,1004,100400,FALSE,FALSE,FALSE,FALSE
10041000,10,1004,100410,FALSE,FALSE,FALSE,TRUE
10049000,10,1004,100490,FALSE,FALSE,FALSE,TRUE
10051011,10,1005,100510,FALSE,FALSE,FALSE,FALSE
10051013,10,1005,100510,FALSE,FALSE,FALSE,TRUE
10051015,10,1005,100510,FALSE,FALSE,FALSE,TRUE
10051018,10,1005,100510,FALSE,FALSE,FALSE,TRUE
10051019,10,1005,100510,FALSE,FALSE,FALSE,FALSE
10051090,10,1005,100510,FALSE,FALSE,FALSE,TRUE
10059000,10,1005,100590,FALSE,FALSE,FALSE,TRUE
10061010,10,1006,100610,FALSE,FALSE,FALSE,TRUE
10061021,10,1006,100610,FALSE,FALSE,FALSE,TRUE
10061023,10,1006,100610,FALSE,FALSE,FALSE,TRUE
10061025,10,1006,100610,FALSE,FALSE,FALSE,TRUE
10061027,10,1006,100610,FALSE,FALSE,FALSE,TRUE
10061030,10,1006,100610,FALSE,FALSE,FALSE,FALSE
10061050,10,1006,100610,FALSE,FALSE,FALSE,FALSE
10061071,10,1006,100610,FALSE,FALSE,FALSE,FALSE
10061079,10,1006,100610,FALSE,FALSE,FALSE,FALSE
10061092,10,1006,100610,FALSE,FALSE,FALSE,TRUE
10061094,10,1006,100610,FALSE,FALSE,FALSE,TRUE
10061096,10,1006,100610,FALSE,FALSE,FALSE,TRUE
10061098,10,1006,100610,FALSE,FALSE,FALSE,TRUE
10062011,10,1006,100620,FALSE,FALSE,FALSE,TRUE
10062013,10,1006,100620,FALSE,FALSE,FALSE,TRUE
10062015,10,1006,100620,FALSE,FALSE,FALSE,TRUE
10062017,10,1006,100620,FALSE,FALSE,FALSE,TRUE
10062092,10,1006,100620,FALSE,FALSE,FALSE,TRUE
10062094,10,1006,100620,FALSE,FALSE,FALSE,TRUE
10062096,10,1006,100620,FALSE,FALSE,FALSE,TRUE
10062098,10,1006,100620,FALSE,FALSE,FALSE,TRUE
10063021,10,1006,100630,FALSE,FALSE,FALSE,TRUE
10063023,10,1006,100630,FALSE,FALSE,FALSE,TRUE
10063025,10,1006,100630,FALSE,FALSE,FALSE,TRUE
10063027,10,1006,100630,FALSE,FALSE,FALSE,TRUE
10063042,10,1006,100630,FALSE,FALSE,FALSE,TRUE
10063044,10,1006,100630,FALSE,FALSE,FALSE,TRUE
10063046,10,1006,100630,FALSE,FALSE,FALSE,TRUE
10063048,10,1006,100630,FALSE,FALSE,FALSE,TRUE
10063061,10,1006,100630,FALSE,FALSE,FALSE,TRUE
10063063,10,1006,100630,FALSE,FALSE,FALSE,TRUE
10063065,10,1006,100630,FALSE,FALSE,FALSE,TRUE
10063067,10,1006,100630,FALSE,FALSE,FALSE,TRUE
10063092,10,1006,100630,FALSE,FALSE,FALSE,TRUE
10063094,10,1006,100630,FALSE,FALSE,FALSE,TRUE
10063096,10,1006,100630,FALSE,FALSE,FALSE,TRUE
10063098,10,1006,100630,FALSE,FALSE,FALSE,TRUE
10064000,10,1006,100640,FALSE,FALSE,FALSE,TRUE
10070010,10,1007,100700,FALSE,FALSE,FALSE,FALSE
10070090,10,1007,100700,FALSE,FALSE,FALSE,FALSE
10071010,10,1007,100710,FALSE,FALSE,FALSE,TRUE
10071090,10,1007,100710,FALSE,FALSE,FALSE,TRUE
10079000,10,1007,100790,FALSE,FALSE,FALSE,TRUE
10081000,10,1008,100810,FALSE,FALSE,FALSE,TRUE
10082000,10,1008,100820,FALSE,FALSE,FALSE,FALSE
10082100,10,1008,100821,FALSE,FALSE,FALSE,TRUE
10082900,10,1008,100829,FALSE,FALSE,FALSE,TRUE
10083000,10,1008,100830,FALSE,FALSE,FALSE,TRUE
10084000,10,1008,100840,FALSE,FALSE,FALSE,TRUE
10085000,10,1008,100850,FALSE,FALSE,FALSE,TRUE
10086000,10,1008,100860,FALSE,FALSE,FALSE,TRUE
10089000,10,1008,100890,FALSE,FALSE,FALSE,TRUE
10089010,10,1008,100890,FALSE,FALSE,FALSE,FALSE
10089090,10,1008,100890,FALSE,FALSE,FALSE,FALSE
11010011,11,1101,110100,FALSE,FALSE,FALSE,TRUE
11010015,11,1101,110100,FALSE,FALSE,FALSE,TRUE
11010090,11,1101,110100,FALSE,FALSE,FALSE,TRUE
11021000,11,1102,110210,FALSE,FALSE,FALSE,FALSE
11022010,11,1102,110220,FALSE,FALSE,FALSE,TRUE
11022090,11,1102,110220,FALSE,FALSE,FALSE,TRUE
11023000,11,1102,110230,FALSE,FALSE,FALSE,FALSE
11029010,11,1102,110290,FALSE,FALSE,FALSE,TRUE
11029030,11,1102,110290,FALSE,FALSE,FALSE,TRUE
11029050,11,1102,110290,FALSE,FALSE,FALSE,TRUE
11029070,11,1102,110290,FALSE,FALSE,FALSE,TRUE
11029090,11,1102,110290,FALSE,FALSE,FALSE,TRUE
11031110,11,1103,110311,FALSE,FALSE,FALSE,TRUE
11031190,11,1103,110311,FALSE,FALSE,FALSE,TRUE
11031200,11,1103,110312,FALSE,FALSE,FALSE,FALSE
11031310,11,1103,110313,FALSE,FALSE,FALSE,TRUE
11031390,11,1103,110313,FALSE,FALSE,FALSE,TRUE
11031400,11,1103,110314,FALSE,FALSE,FALSE,FALSE
11031910,11,1103,110319,FALSE,FALSE,FALSE,FALSE
11031920,11,1103,110319,FALSE,FALSE,FALSE,TRUE
11031930,11,1103,110319,FALSE,FALSE,FALSE,FALSE
11031940,11,1103,110319,FALSE,FALSE,FALSE,TRUE
11031950,11,1103,110319,FALSE,FALSE,FALSE,TRUE
11031990,11,1103,110319,FALSE,FALSE,FALSE,TRUE
11032010,11,1103,110320,FALSE,FALSE,FALSE,FALSE
11032020,11,1103,110320,FALSE,FALSE,FALSE,FALSE
11032025,11,1103,110320,FALSE,FALSE,FALSE,TRUE
11032030,11,1103,110320,FALSE,FALSE,FALSE,TRUE
11032040,11,1103,110320,FALSE,FALSE,FALSE,TRUE
11032050,11,1103,110320,FALSE,FALSE,FALSE,TRUE
11032060,11,1103,110320,FALSE,FALSE,FALSE,TRUE
11032090,11,1103,110320,FALSE,FALSE,FALSE,TRUE
11032100,11,1103,110321,FALSE,FALSE,FALSE,FALSE
11032910,11,1103,110329,FALSE,FALSE,FALSE,FALSE
11032920,11,1103,110329,FALSE,FALSE,FALSE,FALSE
11032930,11,1103,110329,FALSE,FALSE,FALSE,FALSE
11032940,11,1103,110329,FALSE,FALSE,FALSE,FALSE
11032950,11,1103,110329,FALSE,FALSE,FALSE,FALSE
11032990,11,1103,110329,FALSE,FALSE,FALSE,FALSE
11041110,11,1104,110411,FALSE,FALSE,FALSE,FALSE
11041190,11,1104,110411,FALSE,FALSE,FALSE,FALSE
11041210,11,1104,110412,FALSE,FALSE,FALSE,TRUE
11041290,11,1104,110412,FALSE,FALSE,FALSE,TRUE
11041910,11,1104,110419,FALSE,FALSE,FALSE,TRUE
11041930,11,1104,110419,FALSE,FALSE,FALSE,TRUE
11041950,11,1104,110419,FALSE,FALSE,FALSE,TRUE
11041961,11,1104,110419,FALSE,FALSE,FALSE,TRUE
11041969,11,1104,110419,FALSE,FALSE,FALSE,TRUE
11041991,11,1104,110419,FALSE,FALSE,FALSE,TRUE
11041999,11,1104,110419,FALSE,FALSE,FALSE,TRUE
11042110,11,1104,110421,FALSE,FALSE,FALSE,FALSE
11042130,11,1104,110421,FALSE,FALSE,FALSE,FALSE
11042150,11,1104,110421,FALSE,FALSE,FALSE,FALSE
11042190,11,1104,110421,FALSE,FALSE,FALSE,FALSE
11042199,11,1104,110421,FALSE,FALSE,FALSE,FALSE
11042210,11,1104,110422,FALSE,FALSE,FALSE,FALSE
11042220,11,1104,110422,FALSE,FALSE,FALSE,FALSE
11042230,11,1104,110422,FALSE,FALSE,FALSE,FALSE
11042240,11,1104,110422,FALSE,FALSE,FALSE,TRUE
11042250,11,1104,110422,FALSE,FALSE,FALSE,TRUE
11042290,11,1104,110422,FALSE,FALSE,FALSE,FALSE
11042292,11,1104,110422,FALSE,FALSE,FALSE,FALSE
11042295,11,1104,110422,FALSE,FALSE,FALSE,TRUE
11042298,11,1104,110422,FALSE,FALSE,FALSE,FALSE
11042299,11,1104,110422,FALSE,FALSE,FALSE,FALSE
11042310,11,1104,110423,FALSE,FALSE,FALSE,FALSE
11042330,11,1104,110423,FALSE,FALSE,FALSE,FALSE
11042340,11,1104,110423,FALSE,FALSE,FALSE,TRUE
11042390,11,1104,110423,FALSE,FALSE,FALSE,FALSE
11042398,11,1104,110423,FALSE,FALSE,FALSE,TRUE
11042399,11,1104,110423,FALSE,FALSE,FALSE,FALSE
11042901,11,1104,110429,FALSE,FALSE,FALSE,FALSE
11042903,11,1104,110429,FALSE,FALSE,FALSE,FALSE
11042904,11,1104,110429,FALSE,FALSE,FALSE,TRUE
11042905,11,1104,110429,FALSE,FALSE,FALSE,TRUE
11042907,11,1104,110429,FALSE,FALSE,FALSE,FALSE
11042908,11,1104,110429,FALSE,FALSE,FALSE,TRUE
11042909,11,1104,110429,FALSE,FALSE,FALSE,FALSE
11042911,11,1104,110429,FALSE,FALSE,FALSE,FALSE
11042915,11,1104,110429,FALSE,FALSE,FALSE,FALSE
11042917,11,1104,110429,FALSE,FALSE,FALSE,TRUE
11042918,11,1104,110429,FALSE,FALSE,FALSE,FALSE
11042919,11,1104,110429,FALSE,FALSE,FALSE,FALSE
11042930,11,1104,110429,FALSE,FALSE,FALSE,TRUE
11042931,11,1104,110429,FALSE,FALSE,FALSE,FALSE
11042935,11,1104,110429,FALSE,FALSE,FALSE,FALSE
11042939,11,1104,110429,FALSE,FALSE,FALSE,FALSE
11042951,11,1104,110429,FALSE,FALSE,FALSE,TRUE
11042955,11,1104,110429,FALSE,FALSE,FALSE,TRUE
11042959,11,1104,110429,FALSE,FALSE,FALSE,TRUE
11042981,11,1104,110429,FALSE,FALSE,FALSE,TRUE
11042985,11,1104,110429,FALSE,FALSE,FALSE,TRUE
11042989,11,1104,110429,FALSE,FALSE,FALSE,TRUE
11043010,11,1104,110430,FALSE,FALSE,FALSE,TRUE
11043090,11,1104,110430,FALSE,FALSE,FALSE,TRUE
11051000,11,1105,110510,FALSE,FALSE,FALSE,TRUE
11052000,11,1105,110520,FALSE,FALSE,FALSE,TRUE
11061000,11,1106,110610,FALSE,FALSE,FALSE,TRUE
11062010,11,1106,110620,FALSE,FALSE,FALSE,TRUE
11062090,11,1106,110620,FALSE,FALSE,FALSE,TRUE
11063010,11,1106,110630,FALSE,FALSE,FALSE,TRUE
11063090,11,1106,110630,FALSE,FALSE,FALSE,TRUE
11071011,11,1107,110710,FALSE,FALSE,FALSE,TRUE
11071019,11,1107,110710,FALSE,FALSE,FALSE,TRUE
11071091,11,1107,110710,FALSE,FALSE,FALSE,TRUE
11071099,11,1107,110710,FALSE,FALSE,FALSE,TRUE
11072000,11,1107,110720,FALSE,FALSE,FALSE,TRUE
11081100,11,1108,110811,FALSE,FALSE,FALSE,TRUE
11081200,11,1108,110812,FALSE,FALSE,FALSE,TRUE
11081300,11,1108,110813,FALSE,FALSE,FALSE,TRUE
11081400,11,1108,110814,FALSE,FALSE,FALSE,TRUE
11081910,11,1108,110819,FALSE,FALSE,FALSE,TRUE
11081990,11,1108,110819,FALSE,FALSE,FALSE,TRUE
11082000,11,1108,110820,FALSE,FALSE,FALSE,TRUE
11090000,11,1109,110900,FALSE,FALSE,FALSE,TRUE
12010010,12,1201,120100,FALSE,FALSE,FALSE,FALSE
12010090,12,1201,120100,FALSE,FALSE,FALSE,FALSE
12011000,12,1201,120110,FALSE,FALSE,FALSE,TRUE
12019000,12,1201,120190,FALSE,FALSE,FALSE,TRUE
12021010,12,1202,120210,FALSE,FALSE,FALSE,FALSE
12021090,12,1202,120210,FALSE,FALSE,FALSE,FALSE
12022000,12,1202,120220,FALSE,FALSE,FALSE,FALSE
12023000,12,1202,120230,FALSE,FALSE,FALSE,TRUE
12024100,12,1202,120241,FALSE,FALSE,FALSE,TRUE
12024200,12,1202,120242,FALSE,FALSE,FALSE,TRUE
12030000,12,1203,120300,FALSE,FALSE,FALSE,TRUE
12040010,12,1204,120400,FALSE,FALSE,FALSE,TRUE
12040090,12,1204,120400,FALSE,FALSE,FALSE,TRUE
12050010,12,1205,120500,FALSE,FALSE,FALSE,FALSE
12050090,12,1205,120500,FALSE,FALSE,FALSE,FALSE
12051010,12,1205,120510,FALSE,FALSE,FALSE,TRUE
12051090,12,1205,120510,FALSE,FALSE,FALSE,TRUE
12059000,12,1205,120590,FALSE,FALSE,FALSE,TRUE
12060010,12,1206,120600,FALSE,FALSE,FALSE,TRUE
12060091,12,1206,120600,FALSE,FALSE,FALSE,TRUE
12060099,12,1206,120600,FALSE,FALSE,FALSE,TRUE
12071000,12,1207,120710,FALSE,FALSE,FALSE,TRUE
12071010,12,1207,120710,FALSE,FALSE,FALSE,FALSE
12071090,12,1207,120710,FALSE,FALSE,FALSE,FALSE
12072010,12,1207,120720,FALSE,FALSE,FALSE,FALSE
12072090,12,1207,120720,FALSE,FALSE,FALSE,FALSE
12072100,12,1207,120721,FALSE,FALSE,FALSE,TRUE
12072900,12,1207,120729,FALSE,FALSE,FALSE,TRUE
12073000,12,1207,120730,FALSE,FALSE,FALSE,TRUE
12073010,12,1207,120730,FALSE,FALSE,FALSE,FALSE
12073090,12,1207,120730,FALSE,FALSE,FALSE,FALSE
12074010,12,1207,120740,FALSE,FALSE,FALSE,TRUE
12074090,12,1207,120740,FALSE,FALSE,FALSE,TRUE
12075010,12,1207,120750,FALSE,FALSE,FALSE,TRUE
12075090,12,1207,120750,FALSE,FALSE,FALSE,TRUE
12076000,12,1207,120760,FALSE,FALSE,FALSE,TRUE
12076010,12,1207,120760,FALSE,FALSE,FALSE,FALSE
12076090,12,1207,120760,FALSE,FALSE,FALSE,FALSE
12077000,12,1207,120770,FALSE,FALSE,FALSE,TRUE
12079110,12,1207,120791,FALSE,FALSE,FALSE,TRUE
12079190,12,1207,120791,FALSE,FALSE,FALSE,TRUE
12079210,12,1207,120792,FALSE,FALSE,FALSE,FALSE
12079290,12,1207,120792,FALSE,FALSE,FALSE,FALSE
12079910,12,1207,120799,FALSE,FALSE,FALSE,FALSE
12079915,12,1207,120799,FALSE,FALSE,FALSE,FALSE
12079920,12,1207,120799,FALSE,FALSE,FALSE,TRUE
12079991,12,1207,120799,FALSE,FALSE,FALSE,TRUE
12079996,12,1207,120799,FALSE,FALSE,FALSE,TRUE
12079997,12,1207,120799,FALSE,FALSE,FALSE,FALSE
12079998,12,1207,120799,FALSE,FALSE,FALSE,FALSE
12079999,12,1207,120799,FALSE,FALSE,FALSE,FALSE
12081000,12,1208,120810,FALSE,FALSE,FALSE,TRUE
12089000,12,1208,120890,FALSE,FALSE,FALSE,TRUE
12091000,12,1209,120910,FALSE,FALSE,FALSE,TRUE
12091100,12,1209,120911,FALSE,FALSE,FALSE,FALSE
12091900,12,1209,120919,FALSE,FALSE,FALSE,FALSE
12092100,12,1209,120921,FALSE,FALSE,FALSE,TRUE
12092210,12,1209,120922,FALSE,FALSE,FALSE,TRUE
12092280,12,1209,120922,FALSE,FALSE,FALSE,TRUE
12092311,12,1209,120923,FALSE,FALSE,FALSE,TRUE
12092315,12,1209,120923,FALSE,FALSE,FALSE,TRUE
12092380,12,1209,120923,FALSE,FALSE,FALSE,TRUE
12092400,12,1209,120924,FALSE,FALSE,FALSE,TRUE
12092510,12,1209,120925,FALSE,FALSE,FALSE,TRUE
12092590,12,1209,120925,FALSE,FALSE,FALSE,TRUE
12092600,12,1209,120926,FALSE,FALSE,FALSE,FALSE
12092910,12,1209,120929,FALSE,FALSE,FALSE,FALSE
12092935,12,1209,120929,FALSE,FALSE,FALSE,FALSE
12092945,12,1209,120929,FALSE,FALSE,FALSE,TRUE
12092950,12,1209,120929,FALSE,FALSE,FALSE,TRUE
12092960,12,1209,120929,FALSE,FALSE,FALSE,TRUE
12092980,12,1209,120929,FALSE,FALSE,FALSE,TRUE
12093000,12,1209,120930,FALSE,FALSE,FALSE,TRUE
12099110,12,1209,120991,FALSE,FALSE,FALSE,FALSE
12099130,12,1209,120991,FALSE,FALSE,FALSE,TRUE
12099180,12,1209,120991,FALSE,FALSE,FALSE,TRUE
12099190,12,1209,120991,FALSE,FALSE,FALSE,FALSE
12099910,12,1209,120999,FALSE,FALSE,FALSE,TRUE
12099991,12,1209,120999,FALSE,FALSE,FALSE,TRUE
12099999,12,1209,120999,FALSE,FALSE,FALSE,TRUE
12101000,12,1210,121010,FALSE,FALSE,FALSE,TRUE
12102010,12,1210,121020,FALSE,FALSE,FALSE,TRUE
12102090,12,1210,121020,FALSE,FALSE,FALSE,TRUE
12111000,12,1211,121110,FALSE,FALSE,FALSE,FALSE
12112000,12,1211,121120,FALSE,FALSE,FALSE,TRUE
12113000,12,1211,121130,FALSE,FALSE,FALSE,TRUE
12114000,12,1211,121140,FALSE,FALSE,FALSE,TRUE
12115000,12,1211,121150,FALSE,FALSE,FALSE,FALSE
12119010,12,1211,121190,FALSE,FALSE,FALSE,FALSE
12119020,12,1211,121190,FALSE,FALSE,FALSE,TRUE
12119030,12,1211,121190,FALSE,FALSE,FALSE,TRUE
12119040,12,1211,121190,FALSE,FALSE,FALSE,FALSE
12119060,12,1211,121190,FALSE,FALSE,FALSE,FALSE
12119065,12,1211,121190,FALSE,FALSE,FALSE,FALSE
12119070,12,1211,121190,FALSE,FALSE,FALSE,FALSE
12119075,12,1211,121190,FALSE,FALSE,FALSE,FALSE
12119080,12,1211,121190,FALSE,FALSE,FALSE,FALSE
12119085,12,1211,121190,FALSE,FALSE,FALSE,FALSE
12119086,12,1211,121190,FALSE,FALSE,FALSE,TRUE
12119095,12,1211,121190,FALSE,FALSE,FALSE,FALSE
12119097,12,1211,121190,FALSE,FALSE,FALSE,FALSE
12119098,12,1211,121190,FALSE,FALSE,FALSE,FALSE
12119099,12,1211,121190,FALSE,FALSE,FALSE,FALSE
12121010,12,1212,121210,FALSE,FALSE,FALSE,FALSE
12121091,12,1212,121210,FALSE,FALSE,FALSE,FALSE
12121099,12,1212,121210,FALSE,FALSE,FALSE,FALSE
12122000,12,1212,121220,FALSE,FALSE,FALSE,FALSE
12122100,12,1212,121221,FALSE,FALSE,FALSE,TRUE
12122900,12,1212,121229,FALSE,FALSE,FALSE,TRUE
12123000,12,1212,121230,FALSE,FALSE,FALSE,FALSE
12129110,12,1212,121291,FALSE,FALSE,FALSE,FALSE
12129120,12,1212,121291,FALSE,FALSE,FALSE,TRUE
12129180,12,1212,121291,FALSE,FALSE,FALSE,TRUE
12129190,12,1212,121291,FALSE,FALSE,FALSE,FALSE
12129200,12,1212,121292,FALSE,FALSE,FALSE,TRUE
12129300,12,1212,121293,FALSE,FALSE,FALSE,TRUE
12129400,12,1212,121294,FALSE,FALSE,FALSE,TRUE
12129900,12,1212,121299,FALSE,FALSE,FALSE,FALSE
12129910,12,1212,121299,FALSE,FALSE,FALSE,FALSE
12129920,12,1212,121299,FALSE,FALSE,FALSE,FALSE
12129930,12,1212,121299,FALSE,FALSE,FALSE,FALSE
12129941,12,1212,121299,FALSE,FALSE,FALSE,TRUE
12129949,12,1212,121299,FALSE,FALSE,FALSE,TRUE
12129970,12,1212,121299,FALSE,FALSE,FALSE,FALSE
12129980,12,1212,121299,FALSE,FALSE,FALSE,FALSE
12129990,12,1212,121299,FALSE,FALSE,FALSE,FALSE
12129995,12,1212,121299,FALSE,FALSE,FALSE,TRUE
12130000,12,1213,121300,FALSE,FALSE,FALSE,TRUE
12141000,12,1214,121410,FALSE,FALSE,FALSE,TRUE
12149010,12,1214,121490,FALSE,FALSE,FALSE,TRUE
12149090,12,1214,121490,FALSE,FALSE,FALSE,TRUE
12149091,12,1214,121490,FALSE,FALSE,FALSE,FALSE
12149099,12,1214,121490,FALSE,FALSE,FALSE,FALSE
13011000,13,1301,130110,FALSE,FALSE,FALSE,FALSE
13012000,13,1301,130120,FALSE,FALSE,FALSE,TRUE
13019000,13,1301,130190,FALSE,FALSE,FALSE,TRUE
13019010,13,1301,130190,FALSE,FALSE,FALSE,FALSE
13019090,13,1301,130190,FALSE,FALSE,FALSE,FALSE
13021100,13,1302,130211,FALSE,FALSE,FALSE,TRUE
13021200,13,1302,130212,FALSE,FALSE,FALSE,TRUE
13021300,13,1302,130213,FALSE,FALSE,FALSE,TRUE
13021400,13,1302,130214,FALSE,FALSE,FALSE,FALSE
13021905,13,1302,130219,FALSE,FALSE,FALSE,TRUE
13021910,13,1302,130219,FALSE,FALSE,FALSE,FALSE
13021920,13,1302,130219,FALSE,FALSE,FALSE,TRUE
13021930,13,1302,130219,FALSE,FALSE,FALSE,FALSE
13021970,13,1302,130219,FALSE,FALSE,FALSE,TRUE
13021980,13,1302,130219,FALSE,FALSE,FALSE,FALSE
13021990,13,1302,130219,FALSE,FALSE,FALSE,FALSE
13021991,13,1302,130219,FALSE,FALSE,FALSE,FALSE
13021998,13,1302,130219,FALSE,FALSE,FALSE,FALSE
13021999,13,1302,130219,FALSE,FALSE,FALSE,FALSE
13022010,13,1302,130220,FALSE,FALSE,FALSE,TRUE
13022090,13,1302,130220,FALSE,FALSE,FALSE,TRUE
13023100,13,1302,130231,FALSE,FALSE,FALSE,TRUE
13023210,13,1302,130232,FALSE,FALSE,FALSE,TRUE
13023290,13,1302,130232,FALSE,FALSE,FALSE,TRUE
13023900,13,1302,130239,FALSE,FALSE,FALSE,TRUE
14011000,14,1401,140110,FALSE,FALSE,FALSE,TRUE
14012000,14,1401,140120,FALSE,FALSE,FALSE,TRUE
14019000,14,1401,140190,FALSE,FALSE,FALSE,TRUE
14020000,14,1402,140200,FALSE,FALSE,FALSE,FALSE
14021000,14,1402,140210,FALSE,FALSE,FALSE,FALSE
14021010,14,1402,140210,FALSE,FALSE,FALSE,FALSE
14021091,14,1402,140210,FALSE,FALSE,FALSE,FALSE
14021099,14,1402,140210,FALSE,FALSE,FALSE,FALSE
14029000,14,1402,140290,FALSE,FALSE,FALSE,FALSE
14029100,14,1402,140291,FALSE,FALSE,FALSE,FALSE
14029900,14,1402,140299,FALSE,FALSE,FALSE,FALSE
14030000,14,1403,140300,FALSE,FALSE,FALSE,FALSE
14031000,14,1403,140310,FALSE,FALSE,FALSE,FALSE
14039000,14,1403,140390,FALSE,FALSE,FALSE,FALSE
14041000,14,1404,140410,FALSE,FALSE,FALSE,FALSE
14042000,14,1404,140420,FALSE,FALSE,FALSE,TRUE
14049000,14,1404,140490,FALSE,FALSE,FALSE,TRUE
15010011,15,1501,150100,FALSE,FALSE,FALSE,FALSE
15010019,15,1501,150100,FALSE,FALSE,FALSE,FALSE
15010090,15,1501,150100,FALSE,FALSE,FALSE,FALSE
15011010,15,1501,150110,FALSE,FALSE,FALSE,TRUE
15011090,15,1501,150110,FALSE,FALSE,FALSE,TRUE
15012010,15,1501,150120,FALSE,FALSE,FALSE,TRUE
15012090,15,1501,150120,FALSE,FALSE,FALSE,TRUE
15019000,15,1501,150190,FALSE,FALSE,FALSE,TRUE
15020010,15,1502,150200,FALSE,FALSE,FALSE,FALSE
15020090,15,1502,150200,FALSE,FALSE,FALSE,FALSE
15021010,15,1502,150210,FALSE,FALSE,FALSE,TRUE
15021090,15,1502,150210,FALSE,FALSE,FALSE,TRUE
15029010,15,1502,150290,FALSE,FALSE,FALSE,TRUE
15029090,15,1502,150290,FALSE,FALSE,FALSE,TRUE
15030011,15,1503,150300,FALSE,FALSE,FALSE,TRUE
15030019,15,1503,150300,FALSE,FALSE,FALSE,TRUE
15030030,15,1503,150300,FALSE,FALSE,FALSE,TRUE
15030090,15,1503,150300,FALSE,FALSE,FALSE,TRUE
15041010,15,1504,150410,FALSE,FALSE,FALSE,TRUE
15041091,15,1504,150410,FALSE,FALSE,FALSE,TRUE
15041099,15,1504,150410,FALSE,FALSE,FALSE,TRUE
15042010,15,1504,150420,FALSE,FALSE,FALSE,TRUE
15042090,15,1504,150420,FALSE,FALSE,FALSE,TRUE
15043010,15,1504,150430,FALSE,FALSE,FALSE,TRUE
15043011,15,1504,150430,FALSE,FALSE,FALSE,FALSE
15043019,15,1504,150430,FALSE,FALSE,FALSE,FALSE
15043090,15,1504,150430,FALSE,FALSE,FALSE,TRUE
15050010,15,1505,150500,FALSE,FALSE,FALSE,TRUE
15050090,15,1505,150500,FALSE,FALSE,FALSE,TRUE
15051000,15,1505,150510,FALSE,FALSE,FALSE,FALSE
15059000,15,1505,150590,FALSE,FALSE,FALSE,FALSE
15060000,15,1506,150600,FALSE,FALSE,FALSE,TRUE
15071010,15,1507,150710,FALSE,FALSE,FALSE,TRUE
15071090,15,1507,150710,FALSE,FALSE,FALSE,TRUE
15079010,15,1507,150790,FALSE,FALSE,FALSE,TRUE
15079090,15,1507,150790,FALSE,FALSE,FALSE,TRUE
15081010,15,1508,150810,FALSE,FALSE,FALSE,TRUE
15081090,15,1508,150810,FALSE,FALSE,FALSE,TRUE
15089010,15,1508,150890,FALSE,FALSE,FALSE,TRUE
15089090,15,1508,150890,FALSE,FALSE,FALSE,TRUE
15091010,15,1509,150910,FALSE,FALSE,FALSE,TRUE
15091020,15,1509,150910,FALSE,FALSE,FALSE,FALSE
15091080,15,1509,150910,FALSE,FALSE,FALSE,FALSE
15091090,15,1509,150910,FALSE,FALSE,FALSE,TRUE
15099000,15,1509,150990,FALSE,FALSE,FALSE,TRUE
15100010,15,1510,151000,FALSE,FALSE,FALSE,TRUE
15100090,15,1510,151000,FALSE,FALSE,FALSE,TRUE
15111010,15,1511,151110,FALSE,FALSE,FALSE,TRUE
15111090,15,1511,151110,FALSE,FALSE,FALSE,TRUE
15119011,15,1511,151190,FALSE,FALSE,FALSE,TRUE
15119019,15,1511,151190,FALSE,FALSE,FALSE,TRUE
15119091,15,1511,151190,FALSE,FALSE,FALSE,TRUE
15119099,15,1511,151190,FALSE,FALSE,FALSE,TRUE
15121110,15,1512,151211,FALSE,FALSE,FALSE,TRUE
15121191,15,1512,151211,FALSE,FALSE,FALSE,TRUE
15121199,15,1512,151211,FALSE,FALSE,FALSE,TRUE
15121910,15,1512,151219,FALSE,FALSE,FALSE,TRUE
15121990,15,1512,151219,FALSE,FALSE,FALSE,TRUE
15121991,15,1512,151219,FALSE,FALSE,FALSE,FALSE
15121999,15,1512,151219,FALSE,FALSE,FALSE,FALSE
15122110,15,1512,151221,FALSE,FALSE,FALSE,TRUE
15122190,15,1512,151221,FALSE,FALSE,FALSE,TRUE
15122910,15,1512,151229,FALSE,FALSE,FALSE,TRUE
15122990,15,1512,151229,FALSE,FALSE,FALSE,TRUE
15131110,15,1513,151311,FALSE,FALSE,FALSE,TRUE
15131191,15,1513,151311,FALSE,FALSE,FALSE,TRUE
15131199,15,1513,151311,FALSE,FALSE,FALSE,TRUE
15131911,15,1513,151319,FALSE,FALSE,FALSE,TRUE
15131919,15,1513,151319,FALSE,FALSE,FALSE,TRUE
15131930,15,1513,151319,FALSE,FALSE,FALSE,TRUE
15131991,15,1513,151319,FALSE,FALSE,FALSE,TRUE
15131999,15,1513,151319,FALSE,FALSE,FALSE,TRUE
15132110,15,1513,151321,FALSE,FALSE,FALSE,TRUE
15132111,15,1513,151321,FALSE,FALSE,FALSE,FALSE
15132119,15,1513,151321,FALSE,FALSE,FALSE,FALSE
15132130,15,1513,151321,FALSE,FALSE,FALSE,TRUE
15132190,15,1513,151321,FALSE,FALSE,FALSE,TRUE
15132911,15,1513,151329,FALSE,FALSE,FALSE,TRUE
15132919,15,1513,151329,FALSE,FALSE,FALSE,TRUE
15132930,15,1513,151329,FALSE,FALSE,FALSE,TRUE
15132950,15,1513,151329,FALSE,FALSE,FALSE,TRUE
15132990,15,1513,151329,FALSE,FALSE,FALSE,TRUE
15132991,15,1513,151329,FALSE,FALSE,FALSE,FALSE
15132999,15,1513,151329,FALSE,FALSE,FALSE,FALSE
15141010,15,1514,151410,FALSE,FALSE,FALSE,FALSE
15141090,15,1514,151410,FALSE,FALSE,FALSE,FALSE
15141110,15,1514,151411,FALSE,FALSE,FALSE,TRUE
15141190,15,1514,151411,FALSE,FALSE,FALSE,TRUE
15141910,15,1514,151419,FALSE,FALSE,FALSE,TRUE
15141990,15,1514,151419,FALSE,FALSE,FALSE,TRUE
15149010,15,1514,151490,FALSE,FALSE,FALSE,FALSE
15149090,15,1514,151490,FALSE,FALSE,FALSE,FALSE
15149110,15,1514,151491,FALSE,FALSE,FALSE,TRUE
15149190,15,1514,151491,FALSE,FALSE,FALSE,TRUE
15149910,15,1514,151499,FALSE,FALSE,FALSE,TRUE
15149990,15,1514,151499,FALSE,FALSE,FALSE,TRUE
15151100,15,1515,151511,FALSE,FALSE,FALSE,TRUE
15151910,15,1515,151519,FALSE,FALSE,FALSE,TRUE
15151990,15,1515,151519,FALSE,FALSE,FALSE,TRUE
15152110,15,1515,151521,FALSE,FALSE,FALSE,TRUE
15152190,15,1515,151521,FALSE,FALSE,FALSE,TRUE
15152910,15,1515,151529,FALSE,FALSE,FALSE,TRUE
15152990,15,1515,151529,FALSE,FALSE,FALSE,TRUE
15153010,15,1515,151530,FALSE,FALSE,FALSE,TRUE
15153090,15,1515,151530,FALSE,FALSE,FALSE,TRUE
15154000,15,1515,151540,FALSE,FALSE,FALSE,FALSE
15155011,15,1515,151550,FALSE,FALSE,FALSE,TRUE
15155019,15,1515,151550,FALSE,FALSE,FALSE,TRUE
15155091,15,1515,151550,FALSE,FALSE,FALSE,TRUE
15155099,15,1515,151550,FALSE,FALSE,FALSE,TRUE
15156000,15,1515,151560,FALSE,FALSE,FALSE,FALSE
15156010,15,1515,151560,FALSE,FALSE,FALSE,FALSE
15156090,15,1515,151560,FALSE,FALSE,FALSE,FALSE
15159010,15,1515,151590,FALSE,FALSE,FALSE,FALSE
15159011,15,1515,151590,FALSE,FALSE,FALSE,TRUE
15159015,15,1515,151590,FALSE,FALSE,FALSE,FALSE
15159021,15,1515,151590,FALSE,FALSE,FALSE,TRUE
15159029,15,1515,151590,FALSE,FALSE,FALSE,TRUE
15159031,15,1515,151590,FALSE,FALSE,FALSE,TRUE
15159039,15,1515,151590,FALSE,FALSE,FALSE,TRUE
15159040,15,1515,151590,FALSE,FALSE,FALSE,TRUE
15159051,15,1515,151590,FALSE,FALSE,FALSE,TRUE
15159059,15,1515,151590,FALSE,FALSE,FALSE,TRUE
15159060,15,1515,151590,FALSE,FALSE,FALSE,TRUE
15159091,15,1515,151590,FALSE,FALSE,FALSE,TRUE
15159099,15,1515,151590,FALSE,FALSE,FALSE,TRUE
15161010,15,1516,151610,FALSE,FALSE,FALSE,TRUE
15161090,15,1516,151610,FALSE,FALSE,FALSE,TRUE
15162010,15,1516,151620,FALSE,FALSE,FALSE,TRUE
15162091,15,1516,151620,FALSE,FALSE,FALSE,TRUE
15162095,15,1516,151620,FALSE,FALSE,FALSE,TRUE
15162096,15,1516,151620,FALSE,FALSE,FALSE,TRUE
15162098,15,1516,151620,FALSE,FALSE,FALSE,TRUE
15171010,15,1517,151710,FALSE,FALSE,FALSE,TRUE
15171090,15,1517,151710,FALSE,FALSE,FALSE,TRUE
15179010,15,1517,151790,FALSE,FALSE,FALSE,TRUE
15179091,15,1517,151790,FALSE,FALSE,FALSE,TRUE
15179093,15,1517,151790,FALSE,FALSE,FALSE,TRUE
15179099,15,1517,151790,FALSE,FALSE,FALSE,TRUE
15180010,15,1518,151800,FALSE,FALSE,FALSE,TRUE
15180031,15,1518,151800,FALSE,FALSE,FALSE,TRUE
15180039,15,1518,151800,FALSE,FALSE,FALSE,TRUE
15180091,15,1518,151800,FALSE,FALSE,FALSE,TRUE
15180095,15,1518,151800,FALSE,FALSE,FALSE,TRUE
15180099,15,1518,151800,FALSE,FALSE,FALSE,TRUE
15191100,15,1519,151911,FALSE,FALSE,FALSE,FALSE
15191200,15,1519,151912,FALSE,FALSE,FALSE,FALSE
15191300,15,1519,151913,FALSE,FALSE,FALSE,FALSE
15191910,15,1519,151919,FALSE,FALSE,FALSE,FALSE
15191930,15,1519,151919,FALSE,FALSE,FALSE,FALSE
15191990,15,1519,151919,FALSE,FALSE,FALSE,FALSE
15192000,15,1519,151920,FALSE,FALSE,FALSE,FALSE
15200000,15,1520,152000,FALSE,FALSE,FALSE,TRUE
15201000,15,1520,152010,FALSE,FALSE,FALSE,FALSE
15209000,15,1520,152090,FALSE,FALSE,FALSE,FALSE
15211000,15,1521,152110,FALSE,FALSE,FALSE,TRUE
15211010,15,1521,152110,FALSE,FALSE,FALSE,FALSE
15211090,15,1521,152110,FALSE,FALSE,FALSE,FALSE
15219010,15,1521,152190,FALSE,FALSE,FALSE,TRUE
15219091,15,1521,152190,FALSE,FALSE,FALSE,TRUE
15219099,15,1521,152190,FALSE,FALSE,FALSE,TRUE
15220010,15,1522,152200,FALSE,FALSE,FALSE,TRUE
15220031,15,1522,152200,FALSE,FALSE,FALSE,TRUE
15220039,15,1522,152200,FALSE,FALSE,FALSE,TRUE
15220091,15,1522,152200,FALSE,FALSE,FALSE,TRUE
15220099,15,1522,152200,FALSE,FALSE,FALSE,TRUE
16010010,16,1601,160100,FALSE,FALSE,FALSE,TRUE
16010091,16,1601,160100,FALSE,FALSE,FALSE,TRUE
16010099,16,1601,160100,FALSE,FALSE,FALSE,TRUE
16021000,16,1602,160210,FALSE,FALSE,FALSE,TRUE
16022010,16,1602,160220,FALSE,FALSE,FALSE,TRUE
16022011,16,1602,160220,FALSE,FALSE,FALSE,FALSE
16022019,16,1602,160220,FALSE,FALSE,FALSE,FALSE
16022090,16,1602,160220,FALSE,FALSE,FALSE,TRUE
16023111,16,1602,160231,FALSE,FALSE,FALSE,TRUE
16023119,16,1602,160231,FALSE,FALSE,FALSE,TRUE
16023130,16,1602,160231,FALSE,FALSE,FALSE,FALSE
16023180,16,1602,160231,FALSE,FALSE,FALSE,TRUE
16023190,16,1602,160231,FALSE,FALSE,FALSE,FALSE
16023211,16,1602,160232,FALSE,FALSE,FALSE,TRUE
16023219,16,1602,160232,FALSE,FALSE,FALSE,TRUE
16023230,16,1602,160232,FALSE,FALSE,FALSE,TRUE
16023290,16,1602,160232,FALSE,FALSE,FALSE,TRUE
16023911,16,1602,160239,FALSE,FALSE,FALSE,FALSE
16023919,16,1602,160239,FALSE,FALSE,FALSE,FALSE
16023921,16,1602,160239,FALSE,FALSE,FALSE,TRUE
16023929,16,1602,160239,FALSE,FALSE,FALSE,TRUE
16023930,16,1602,160239,FALSE,FALSE,FALSE,FALSE
16023940,16,1602,160239,FALSE,FALSE,FALSE,FALSE
16023980,16,1602,160239,FALSE,FALSE,FALSE,FALSE
16023985,16,1602,160239,FALSE,FALSE,FALSE,TRUE
16023990,16,1602,160239,FALSE,FALSE,FALSE,FALSE
16024110,16,1602,160241,FALSE,FALSE,FALSE,TRUE
16024190,16,1602,160241,FALSE,FALSE,FALSE,TRUE
16024210,16,1602,160242,FALSE,FALSE,FALSE,TRUE
16024290,16,1602,160242,FALSE,FALSE,FALSE,TRUE
16024911,16,1602,160249,FALSE,FALSE,FALSE,TRUE
16024913,16,1602,160249,FALSE,FALSE,FALSE,TRUE
16024915,16,1602,160249,FALSE,FALSE,FALSE,TRUE
16024919,16,1602,160249,FALSE,FALSE,FALSE,TRUE
16024930,16,1602,160249,FALSE,FALSE,FALSE,TRUE
16024950,16,1602,160249,FALSE,FALSE,FALSE,TRUE
16024990,16,1602,160249,FALSE,FALSE,FALSE,TRUE
16025010,16,1602,160250,FALSE,FALSE,FALSE,TRUE
16025031,16,1602,160250,FALSE,FALSE,FALSE,TRUE
16025039,16,1602,160250,FALSE,FALSE,FALSE,FALSE
16025080,16,1602,160250,FALSE,FALSE,FALSE,FALSE
16025095,16,1602,160250,FALSE,FALSE,FALSE,TRUE
16029010,16,1602,160290,FALSE,FALSE,FALSE,TRUE
16029031,16,1602,160290,FALSE,FALSE,FALSE,TRUE
16029041,16,1602,160290,FALSE,FALSE,FALSE,FALSE
16029051,16,1602,160290,FALSE,FALSE,FALSE,TRUE
16029061,16,1602,160290,FALSE,FALSE,FALSE,TRUE
16029069,16,1602,160290,FALSE,FALSE,FALSE,TRUE
16029072,16,1602,160290,FALSE,FALSE,FALSE,FALSE
16029074,16,1602,160290,FALSE,FALSE,FALSE,FALSE
16029076,16,1602,160290,FALSE,FALSE,FALSE,FALSE
16029078,16,1602,160290,FALSE,FALSE,FALSE,FALSE
16029091,16,1602,160290,FALSE,FALSE,FALSE,TRUE
16029095,16,1602,160290,FALSE,FALSE,FALSE,TRUE
16029098,16,1602,160290,FALSE,FALSE,FALSE,FALSE
16029099,16,1602,160290,FALSE,FALSE,FALSE,TRUE
16030010,16,1603,160300,FALSE,FALSE,FALSE,TRUE
16030030,16,1603,160300,FALSE,FALSE,FALSE,FALSE
16030080,16,1603,160300,FALSE,FALSE,FALSE,TRUE
16030090,16,1603,160300,FALSE,FALSE,FALSE,FALSE
16041100,16,1604,160411,FALSE,FALSE,FALSE,TRUE
16041210,16,1604,160412,FALSE,FALSE,FALSE,TRUE
16041291,16,1604,160412,FALSE,FALSE,FALSE,TRUE
16041299,16,1604,160412,FALSE,FALSE,FALSE,TRUE
16041311,16,1604,160413,FALSE,FALSE,FALSE,TRUE
16041319,16,1604,160413,FALSE,FALSE,FALSE,TRUE
16041390,16,1604,160413,FALSE,FALSE,FALSE,TRUE
16041411,16,1604,160414,FALSE,FALSE,FALSE,TRUE
16041412,16,1604,160414,FALSE,FALSE,FALSE,FALSE
16041414,16,1604,160414,FALSE,FALSE,FALSE,FALSE
16041416,16,1604,160414,FALSE,FALSE,FALSE,TRUE
16041418,16,1604,160414,FALSE,FALSE,FALSE,TRUE
16041421,16,1604,160414,FALSE,FALSE,FALSE,FALSE
16041426,16,1604,160414,FALSE,FALSE,FALSE,FALSE
16041428,16,1604,160414,FALSE,FALSE,FALSE,FALSE
16041431,16,1604,160414,FALSE,FALSE,FALSE,FALSE
16041436,16,1604,160414,FALSE,FALSE,FALSE,FALSE
16041438,16,1604,160414,FALSE,FALSE,FALSE,FALSE
16041441,16,1604,160414,FALSE,FALSE,FALSE,FALSE
16041446,16,1604,160414,FALSE,FALSE,FALSE,FALSE
16041448,16,1604,160414,FALSE,FALSE,FALSE,FALSE
16041490,16,1604,160414,FALSE,FALSE,FALSE,TRUE
16041511,16,1604,160415,FALSE,FALSE,FALSE,TRUE
16041519,16,1604,160415,FALSE,FALSE,FALSE,TRUE
16041590,16,1604,160415,FALSE,FALSE,FALSE,TRUE
16041600,16,1604,160416,FALSE,FALSE,FALSE,TRUE
16041700,16,1604,160417,FALSE,FALSE,FALSE,TRUE
16041800,16,1604,160418,FALSE,FALSE,FALSE,FALSE
16041910,16,1604,160419,FALSE,FALSE,FALSE,TRUE
16041931,16,1604,160419,FALSE,FALSE,FALSE,TRUE
16041939,16,1604,160419,FALSE,FALSE,FALSE,TRUE
16041950,16,1604,160419,FALSE,FALSE,FALSE,TRUE
16041991,16,1604,160419,FALSE,FALSE,FALSE,TRUE
16041992,16,1604,160419,FALSE,FALSE,FALSE,TRUE
16041993,16,1604,160419,FALSE,FALSE,FALSE,TRUE
16041994,16,1604,160419,FALSE,FALSE,FALSE,TRUE
16041995,16,1604,160419,FALSE,FALSE,FALSE,TRUE
16041997,16,1604,160419,FALSE,FALSE,FALSE,TRUE
16041998,16,1604,160419,FALSE,FALSE,FALSE,FALSE
16042005,16,1604,160420,FALSE,FALSE,FALSE,TRUE
16042010,16,1604,160420,FALSE,FALSE,FALSE,TRUE
16042030,16,1604,160420,FALSE,FALSE,FALSE,TRUE
16042040,16,1604,160420,FALSE,FALSE,FALSE,TRUE
16042050,16,1604,160420,FALSE,FALSE,FALSE,TRUE
16042070,16,1604,160420,FALSE,FALSE,FALSE,TRUE
16042090,16,1604,160420,FALSE,FALSE,FALSE,TRUE
16043010,16,1604,160430,FALSE,FALSE,FALSE,FALSE
16043090,16,1604,160430,FALSE,FALSE,FALSE,FALSE
16043100,16,1604,160431,FALSE,FALSE,FALSE,TRUE
16043200,16,1604,160432,FALSE,FALSE,FALSE,TRUE
16051000,16,1605,160510,FALSE,FALSE,FALSE,TRUE
16052010,16,1605,160520,FALSE,FALSE,FALSE,FALSE
16052091,16,1605,160520,FALSE,FALSE,FALSE,FALSE
16052099,16,1605,160520,FALSE,FALSE,FALSE,FALSE
16052110,16,1605,160521,FALSE,FALSE,FALSE,TRUE
16052190,16,1605,160521,FALSE,FALSE,FALSE,TRUE
16052900,16,1605,160529,FALSE,FALSE,FALSE,TRUE
16053000,16,1605,160530,FALSE,FALSE,FALSE,FALSE
16053010,16,1605,160530,FALSE,FALSE,FALSE,TRUE
16053090,16,1605,160530,FALSE,FALSE,FALSE,TRUE
16054000,16,1605,160540,FALSE,FALSE,FALSE,TRUE
16055100,16,1605,160551,FALSE,FALSE,FALSE,TRUE
16055200,16,1605,160552,FALSE,FALSE,FALSE,TRUE
16055310,16,1605,160553,FALSE,FALSE,FALSE,TRUE
16055390,16,1605,160553,FALSE,FALSE,FALSE,TRUE
16055400,16,1605,160554,FALSE,FALSE,FALSE,TRUE
16055500,16,1605,160555,FALSE,FALSE,FALSE,TRUE
16055600,16,1605,160556,FALSE,FALSE,FALSE,TRUE
16055700,16,1605,160557,FALSE,FALSE,FALSE,TRUE
16055800,16,1605,160558,FALSE,FALSE,FALSE,TRUE
16055900,16,1605,160559,FALSE,FALSE,FALSE,TRUE
16056100,16,1605,160561,FALSE,FALSE,FALSE,TRUE
16056200,16,1605,160562,FALSE,FALSE,FALSE,TRUE
16056300,16,1605,160563,FALSE,FALSE,FALSE,TRUE
16056900,16,1605,160569,FALSE,FALSE,FALSE,TRUE
16059011,16,1605,160590,FALSE,FALSE,FALSE,FALSE
16059019,16,1605,160590,FALSE,FALSE,FALSE,FALSE
16059030,16,1605,160590,FALSE,FALSE,FALSE,FALSE
16059090,16,1605,160590,FALSE,FALSE,FALSE,FALSE
17011110,17,1701,170111,FALSE,FALSE,FALSE,FALSE
17011190,17,1701,170111,FALSE,FALSE,FALSE,FALSE
17011210,17,1701,170112,FALSE,FALSE,FALSE,TRUE
17011290,17,1701,170112,FALSE,FALSE,FALSE,TRUE
17011310,17,1701,170113,FALSE,FALSE,FALSE,TRUE
17011390,17,1701,170113,FALSE,FALSE,FALSE,TRUE
17011410,17,1701,170114,FALSE,FALSE,FALSE,TRUE
17011490,17,1701,170114,FALSE,FALSE,FALSE,TRUE
17019100,17,1701,170191,FALSE,FALSE,FALSE,TRUE
17019910,17,1701,170199,FALSE,FALSE,FALSE,TRUE
17019990,17,1701,170199,FALSE,FALSE,FALSE,TRUE
17021010,17,1702,170210,FALSE,FALSE,FALSE,FALSE
17021090,17,1702,170210,FALSE,FALSE,FALSE,FALSE
17021100,17,1702,170211,FALSE,FALSE,FALSE,TRUE
17021900,17,1702,170219,FALSE,FALSE,FALSE,TRUE
17022010,17,1702,170220,FALSE,FALSE,FALSE,TRUE
17022090,17,1702,170220,FALSE,FALSE,FALSE,TRUE
17023010,17,1702,170230,FALSE,FALSE,FALSE,TRUE
17023050,17,1702,170230,FALSE,FALSE,FALSE,TRUE
17023051,17,1702,170230,FALSE,FALSE,FALSE,FALSE
17023059,17,1702,170230,FALSE,FALSE,FALSE,FALSE
17023090,17,1702,170230,FALSE,FALSE,FALSE,TRUE
17023091,17,1702,170230,FALSE,FALSE,FALSE,FALSE
17023099,17,1702,170230,FALSE,FALSE,FALSE,FALSE
17024010,17,1702,170240,FALSE,FALSE,FALSE,TRUE
17024090,17,1702,170240,FALSE,FALSE,FALSE,TRUE
17025000,17,1702,170250,FALSE,FALSE,FALSE,TRUE
17026010,17,1702,170260,FALSE,FALSE,FALSE,TRUE
17026080,17,1702,170260,FALSE,FALSE,FALSE,TRUE
17026090,17,1702,170260,FALSE,FALSE,FALSE,FALSE
17026095,17,1702,170260,FALSE,FALSE,FALSE,TRUE
17029010,17,1702,170290,FALSE,FALSE,FALSE,TRUE
17029030,17,1702,170290,FALSE,FALSE,FALSE,TRUE
17029050,17,1702,170290,FALSE,FALSE,FALSE,TRUE
17029060,17,1702,170290,FALSE,FALSE,FALSE,FALSE
17029071,17,1702,170290,FALSE,FALSE,FALSE,TRUE
17029075,17,1702,170290,FALSE,FALSE,FALSE,TRUE
17029079,17,1702,170290,FALSE,FALSE,FALSE,TRUE
17029080,17,1702,170290,FALSE,FALSE,FALSE,TRUE
17029095,17,1702,170290,FALSE,FALSE,FALSE,TRUE
17029099,17,1702,170290,FALSE,FALSE,FALSE,FALSE
17031000,17,1703,170310,FALSE,FALSE,FALSE,TRUE
17039000,17,1703,170390,FALSE,FALSE,FALSE,TRUE
17041010,17,1704,170410,FALSE,FALSE,FALSE,TRUE
17041011,17,1704,170410,FALSE,FALSE,FALSE,FALSE
17041019,17,1704,170410,FALSE,FALSE,FALSE,FALSE
17041090,17,1704,170410,FALSE,FALSE,FALSE,TRUE
17041091,17,1704,170410,FALSE,FALSE,FALSE,FALSE
17041099,17,1704,170410,FALSE,FALSE,FALSE,FALSE
17049010,17,1704,170490,FALSE,FALSE,FALSE,TRUE
17049030,17,1704,170490,FALSE,FALSE,FALSE,TRUE
17049051,17,1704,170490,FALSE,FALSE,FALSE,TRUE
17049055,17,1704,170490,FALSE,FALSE,FALSE,TRUE
17049061,17,1704,170490,FALSE,FALSE,FALSE,TRUE
17049065,17,1704,170490,FALSE,FALSE,FALSE,TRUE
17049071,17,1704,170490,FALSE,FALSE,FALSE,TRUE
17049075,17,1704,170490,FALSE,FALSE,FALSE,TRUE
17049081,17,1704,170490,FALSE,FALSE,FALSE,TRUE
17049099,17,1704,170490,FALSE,FALSE,FALSE,TRUE
18010000,18,1801,180100,FALSE,FALSE,FALSE,TRUE
18020000,18,1802,180200,FALSE,FALSE,FALSE,TRUE
18031000,18,1803,180310,FALSE,FALSE,FALSE,TRUE
18032000,18,1803,180320,FALSE,FALSE,FALSE,TRUE
18040000,18,1804,180400,FALSE,FALSE,FALSE,TRUE
18050000,18,1805,180500,FALSE,FALSE,FALSE,TRUE
18061015,18,1806,180610,FALSE,FALSE,FALSE,TRUE
18061020,18,1806,180610,FALSE,FALSE,FALSE,TRUE
18061030,18,1806,180610,FALSE,FALSE,FALSE,TRUE
18061090,18,1806,180610,FALSE,FALSE,FALSE,TRUE
18062010,18,1806,180620,FALSE,FALSE,FALSE,TRUE
18062030,18,1806,180620,FALSE,FALSE,FALSE,TRUE
18062050,18,1806,180620,FALSE,FALSE,FALSE,TRUE
18062070,18,1806,180620,FALSE,FALSE,FALSE,TRUE
18062080,18,1806,180620,FALSE,FALSE,FALSE,TRUE
18062095,18,1806,180620,FALSE,FALSE,FALSE,TRUE
18063100,18,1806,180631,FALSE,FALSE,FALSE,TRUE
18063210,18,1806,180632,FALSE,FALSE,FALSE,TRUE
18063290,18,1806,180632,FALSE,FALSE,FALSE,TRUE
18069011,18,1806,180690,FALSE,FALSE,FALSE,TRUE
18069019,18,1806,180690,FALSE,FALSE,FALSE,TRUE
18069031,18,1806,180690,FALSE,FALSE,FALSE,TRUE
18069039,18,1806,180690,FALSE,FALSE,FALSE,TRUE
18069050,18,1806,180690,FALSE,FALSE,FALSE,TRUE
18069060,18,1806,180690,FALSE,FALSE,FALSE,TRUE
18069070,18,1806,180690,FALSE,FALSE,FALSE,TRUE
18069090,18,1806,180690,FALSE,FALSE,FALSE,TRUE
19011000,19,1901,190110,FALSE,FALSE,FALSE,TRUE
19012000,19,1901,190120,FALSE,FALSE,FALSE,TRUE
19019011,19,1901,190190,FALSE,FALSE,FALSE,TRUE
19019019,19,1901,190190,FALSE,FALSE,FALSE,TRUE
19019091,19,1901,190190,FALSE,FALSE,FALSE,TRUE
19019099,19,1901,190190,FALSE,FALSE,FALSE,TRUE
19021100,19,1902,190211,FALSE,FALSE,FALSE,TRUE
19021910,19,1902,190219,FALSE,FALSE,FALSE,TRUE
19021990,19,1902,190219,FALSE,FALSE,FALSE,TRUE
19022010,19,1902,190220,FALSE,FALSE,FALSE,TRUE
19022030,19,1902,190220,FALSE,FALSE,FALSE,TRUE
19022091,19,1902,190220,FALSE,FALSE,FALSE,TRUE
19022099,19,1902,190220,FALSE,FALSE,FALSE,TRUE
19023010,19,1902,190230,FALSE,FALSE,FALSE,TRUE
19023090,19,1902,190230,FALSE,FALSE,FALSE,TRUE
19024010,19,1902,190240,FALSE,FALSE,FALSE,TRUE
19024090,19,1902,190240,FALSE,FALSE,FALSE,TRUE
19030000,19,1903,190300,FALSE,FALSE,FALSE,TRUE
19041010,19,1904,190410,FALSE,FALSE,FALSE,TRUE
19041030,19,1904,190410,FALSE,FALSE,FALSE,TRUE
19041090,19,1904,190410,FALSE,FALSE,FALSE,TRUE
19042010,19,1904,190420,FALSE,FALSE,FALSE,TRUE
19042091,19,1904,190420,FALSE,FALSE,FALSE,TRUE
19042095,19,1904,190420,FALSE,FALSE,FALSE,TRUE
19042099,19,1904,190420,FALSE,FALSE,FALSE,TRUE
19043000,19,1904,190430,FALSE,FALSE,FALSE,TRUE
19049010,19,1904,190490,FALSE,FALSE,FALSE,TRUE
19049080,19,1904,190490,FALSE,FALSE,FALSE,TRUE
19049090,19,1904,190490,FALSE,FALSE,FALSE,FALSE
19051000,19,1905,190510,FALSE,FALSE,FALSE,TRUE
19052010,19,1905,190520,FALSE,FALSE,FALSE,TRUE
19052030,19,1905,190520,FALSE,FALSE,FALSE,TRUE
19052090,19,1905,190520,FALSE,FALSE,FALSE,TRUE
19053011,19,1905,190530,FALSE,FALSE,FALSE,FALSE
19053019,19,1905,190530,FALSE,FALSE,FALSE,FALSE
19053030,19,1905,190530,FALSE,FALSE,FALSE,FALSE
19053051,19,1905,190530,FALSE,FALSE,FALSE,FALSE
19053059,19,1905,190530,FALSE,FALSE,FALSE,FALSE
19053091,19,1905,190530,FALSE,FALSE,FALSE,FALSE
19053099,19,1905,190530,FALSE,FALSE,FALSE,FALSE
19053111,19,1905,190531,FALSE,FALSE,FALSE,TRUE
19053119,19,1905,190531,FALSE,FALSE,FALSE,TRUE
19053130,19,1905,190531,FALSE,FALSE,FALSE,TRUE
19053191,19,1905,190531,FALSE,FALSE,FALSE,TRUE
19053199,19,1905,190531,FALSE,FALSE,FALSE,TRUE
19053205,19,1905,190532,FALSE,FALSE,FALSE,TRUE
19053211,19,1905,190532,FALSE,FALSE,FALSE,TRUE
19053219,19,1905,190532,FALSE,FALSE,FALSE,TRUE
19053291,19,1905,190532,FALSE,FALSE,FALSE,TRUE
19053299,19,1905,190532,FALSE,FALSE,FALSE,TRUE
19054010,19,1905,190540,FALSE,FALSE,FALSE,TRUE
19054090,19,1905,190540,FALSE,FALSE,FALSE,TRUE
19059010,19,1905,190590,FALSE,FALSE,FALSE,TRUE
19059020,19,1905,190590,FALSE,FALSE,FALSE,TRUE
19059030,19,1905,190590,FALSE,FALSE,FALSE,TRUE
19059040,19,1905,190590,FALSE,FALSE,FALSE,FALSE
19059045,19,1905,190590,FALSE,FALSE,FALSE,TRUE
19059055,19,1905,190590,FALSE,FALSE,FALSE,TRUE
19059060,19,1905,190590,FALSE,FALSE,FALSE,TRUE
19059070,19,1905,190590,FALSE,FALSE,FALSE,FALSE
19059080,19,1905,190590,FALSE,FALSE,FALSE,FALSE
19059090,19,1905,190590,FALSE,FALSE,FALSE,TRUE
20011000,20,2001,200110,FALSE,FALSE,FALSE,TRUE
20012000,20,2001,200120,FALSE,FALSE,FALSE,FALSE
20019010,20,2001,200190,FALSE,FALSE,FALSE,TRUE
20019020,20,2001,200190,FALSE,FALSE,FALSE,TRUE
20019030,20,2001,200190,FALSE,FALSE,FALSE,TRUE
20019040,20,2001,200190,FALSE,FALSE,FALSE,TRUE
20019050,20,2001,200190,FALSE,FALSE,FALSE,TRUE
20019060,20,2001,200190,FALSE,FALSE,FALSE,FALSE
20019065,20,2001,200190,FALSE,FALSE,FALSE,TRUE
20019070,20,2001,200190,FALSE,FALSE,FALSE,TRUE
20019075,20,2001,200190,FALSE,FALSE,FALSE,FALSE
20019085,20,2001,200190,FALSE,FALSE,FALSE,FALSE
20019091,20,2001,200190,FALSE,FALSE,FALSE,FALSE
20019092,20,2001,200190,FALSE,FALSE,FALSE,TRUE
20019093,20,2001,200190,FALSE,FALSE,FALSE,FALSE
20019096,20,2001,200190,FALSE,FALSE,FALSE,FALSE
20019097,20,2001,200190,FALSE,FALSE,FALSE,TRUE
20019099,20,2001,200190,FALSE,FALSE,FALSE,FALSE
20021010,20,2002,200210,FALSE,FALSE,FALSE,TRUE
20021090,20,2002,200210,FALSE,FALSE,FALSE,TRUE
20029011,20,2002,200290,FALSE,FALSE,FALSE,TRUE
20029019,20,2002,200290,FALSE,FALSE,FALSE,TRUE
20029031,20,2002,200290,FALSE,FALSE,FALSE,TRUE
20029039,20,2002,200290,FALSE,FALSE,FALSE,TRUE
20029091,20,2002,200290,FALSE,FALSE,FALSE,TRUE
20029099,20,2002,200290,FALSE,FALSE,FALSE,TRUE
20031020,20,2003,200310,FALSE,FALSE,FALSE,TRUE
20031030,20,2003,200310,FALSE,FALSE,FALSE,TRUE
20031080,20,2003,200310,FALSE,FALSE,FALSE,FALSE
20032000,20,2003,200320,FALSE,FALSE,FALSE,FALSE
20039000,20,2003,200390,FALSE,FALSE,FALSE,FALSE
20039010,20,2003,200390,FALSE,FALSE,FALSE,TRUE
20039090,20,2003,200390,FALSE,FALSE,FALSE,TRUE
20041010,20,2004,200410,FALSE,FALSE,FALSE,TRUE
20041091,20,2004,200410,FALSE,FALSE,FALSE,TRUE
20041099,20,2004,200410,FALSE,FALSE,FALSE,TRUE
20049010,20,2004,200490,FALSE,FALSE,FALSE,TRUE
20049030,20,2004,200490,FALSE,FALSE,FALSE,TRUE
20049050,20,2004,200490,FALSE,FALSE,FALSE,TRUE
20049091,20,2004,200490,FALSE,FALSE,FALSE,TRUE
20049095,20,2004,200490,FALSE,FALSE,FALSE,FALSE
20049098,20,2004,200490,FALSE,FALSE,FALSE,TRUE
20049099,20,2004,200490,FALSE,FALSE,FALSE,FALSE
20051000,20,2005,200510,FALSE,FALSE,FALSE,TRUE
20052010,20,2005,200520,FALSE,FALSE,FALSE,TRUE
20052020,20,2005,200520,FALSE,FALSE,FALSE,TRUE
20052080,20,2005,200520,FALSE,FALSE,FALSE,TRUE
20053000,20,2005,200530,FALSE,FALSE,FALSE,FALSE
20054000,20,2005,200540,FALSE,FALSE,FALSE,TRUE
20055100,20,2005,200551,FALSE,FALSE,FALSE,TRUE
20055900,20,2005,200559,FALSE,FALSE,FALSE,TRUE
20056000,20,2005,200560,FALSE,FALSE,FALSE,TRUE
20057000,20,2005,200570,FALSE,FALSE,FALSE,TRUE
20057010,20,2005,200570,FALSE,FALSE,FALSE,FALSE
20057090,20,2005,200570,FALSE,FALSE,FALSE,FALSE
20058000,20,2005,200580,FALSE,FALSE,FALSE,TRUE
20059010,20,2005,200590,FALSE,FALSE,FALSE,FALSE
20059030,20,2005,200590,FALSE,FALSE,FALSE,FALSE
20059050,20,2005,200590,FALSE,FALSE,FALSE,FALSE
20059060,20,2005,200590,FALSE,FALSE,FALSE,FALSE
20059070,20,2005,200590,FALSE,FALSE,FALSE,FALSE
20059075,20,2005,200590,FALSE,FALSE,FALSE,FALSE
20059080,20,2005,200590,FALSE,FALSE,FALSE,FALSE
20059100,20,2005,200591,FALSE,FALSE,FALSE,TRUE
20059910,20,2005,200599,FALSE,FALSE,FALSE,TRUE
20059920,20,2005,200599,FALSE,FALSE,FALSE,TRUE
20059930,20,2005,200599,FALSE,FALSE,FALSE,TRUE
20059940,20,2005,200599,FALSE,FALSE,FALSE,FALSE
20059950,20,2005,200599,FALSE,FALSE,FALSE,TRUE
20059960,20,2005,200599,FALSE,FALSE,FALSE,TRUE
20059980,20,2005,200599,FALSE,FALSE,FALSE,TRUE
20059990,20,2005,200599,FALSE,FALSE,FALSE,FALSE
20060010,20,2006,200600,FALSE,FALSE,FALSE,TRUE
20060031,20,2006,200600,FALSE,FALSE,FALSE,TRUE
20060035,20,2006,200600,FALSE,FALSE,FALSE,TRUE
20060038,20,2006,200600,FALSE,FALSE,FALSE,TRUE
20060091,20,2006,200600,FALSE,FALSE,FALSE,TRUE
20060099,20,2006,200600,FALSE,FALSE,FALSE,TRUE
20071010,20,2007,200710,FALSE,FALSE,FALSE,TRUE
20071091,20,2007,200710,FALSE,FALSE,FALSE,TRUE
20071099,20,2007,200710,FALSE,FALSE,FALSE,TRUE
20079110,20,2007,200791,FALSE,FALSE,FALSE,TRUE
20079130,20,2007,200791,FALSE,FALSE,FALSE,TRUE
20079190,20,2007,200791,FALSE,FALSE,FALSE,TRUE
20079910,20,2007,200799,FALSE,FALSE,FALSE,TRUE
20079920,20,2007,200799,FALSE,FALSE,FALSE,TRUE
20079931,20,2007,200799,FALSE,FALSE,FALSE,TRUE
20079933,20,2007,200799,FALSE,FALSE,FALSE,TRUE
20079935,20,2007,200799,FALSE,FALSE,FALSE,TRUE
20079939,20,2007,200799,FALSE,FALSE,FALSE,TRUE
20079950,20,2007,200799,FALSE,FALSE,FALSE,TRUE
20079951,20,2007,200799,FALSE,FALSE,FALSE,FALSE
20079955,20,2007,200799,FALSE,FALSE,FALSE,FALSE
20079957,20,2007,200799,FALSE,FALSE,FALSE,FALSE
20079958,20,2007,200799,FALSE,FALSE,FALSE,FALSE
20079991,20,2007,200799,FALSE,FALSE,FALSE,FALSE
20079993,20,2007,200799,FALSE,FALSE,FALSE,TRUE
20079997,20,2007,200799,FALSE,FALSE,FALSE,TRUE
20079998,20,2007,200799,FALSE,FALSE,FALSE,FALSE
20081110,20,2008,200811,FALSE,FALSE,FALSE,TRUE
20081191,20,2008,200811,FALSE,FALSE,FALSE,TRUE
20081192,20,2008,200811,FALSE,FALSE,FALSE,FALSE
20081194,20,2008,200811,FALSE,FALSE,FALSE,FALSE
20081196,20,2008,200811,FALSE,FALSE,FALSE,TRUE
20081198,20,2008,200811,FALSE,FALSE,FALSE,TRUE
20081911,20,2008,200819,FALSE,FALSE,FALSE,FALSE
20081912,20,2008,200819,FALSE,FALSE,FALSE,TRUE
20081913,20,2008,200819,FALSE,FALSE,FALSE,TRUE
20081919,20,2008,200819,FALSE,FALSE,FALSE,TRUE
20081951,20,2008,200819,FALSE,FALSE,FALSE,FALSE
20081959,20,2008,200819,FALSE,FALSE,FALSE,FALSE
20081991,20,2008,200819,FALSE,FALSE,FALSE,FALSE
20081992,20,2008,200819,FALSE,FALSE,FALSE,TRUE
20081993,20,2008,200819,FALSE,FALSE,FALSE,TRUE
20081995,20,2008,200819,FALSE,FALSE,FALSE,TRUE
20081999,20,2008,200819,FALSE,FALSE,FALSE,TRUE
20082011,20,2008,200820,FALSE,FALSE,FALSE,TRUE
20082019,20,2008,200820,FALSE,FALSE,FALSE,TRUE
20082031,20,2008,200820,FALSE,FALSE,FALSE,TRUE
20082039,20,2008,200820,FALSE,FALSE,FALSE,TRUE
20082051,20,2008,200820,FALSE,FALSE,FALSE,TRUE
20082059,20,2008,200820,FALSE,FALSE,FALSE,TRUE
20082071,20,2008,200820,FALSE,FALSE,FALSE,TRUE
20082079,20,2008,200820,FALSE,FALSE,FALSE,TRUE
20082090,20,2008,200820,FALSE,FALSE,FALSE,TRUE
20082091,20,2008,200820,FALSE,FALSE,FALSE,FALSE
20082099,20,2008,200820,FALSE,FALSE,FALSE,FALSE
20083011,20,2008,200830,FALSE,FALSE,FALSE,TRUE
20083019,20,2008,200830,FALSE,FALSE,FALSE,TRUE
20083031,20,2008,200830,FALSE,FALSE,FALSE,TRUE
20083039,20,2008,200830,FALSE,FALSE,FALSE,TRUE
20083051,20,2008,200830,FALSE,FALSE,FALSE,TRUE
20083055,20,2008,200830,FALSE,FALSE,FALSE,TRUE
20083059,20,2008,200830,FALSE,FALSE,FALSE,TRUE
20083071,20,2008,200830,FALSE,FALSE,FALSE,TRUE
20083075,20,2008,200830,FALSE,FALSE,FALSE,TRUE
20083079,20,2008,200830,FALSE,FALSE,FALSE,TRUE
20083090,20,2008,200830,FALSE,FALSE,FALSE,TRUE
20083091,20,2008,200830,FALSE,FALSE,FALSE,FALSE
20083099,20,2008,200830,FALSE,FALSE,FALSE,FALSE
20084011,20,2008,200840,FALSE,FALSE,FALSE,TRUE
20084019,20,2008,200840,FALSE,FALSE,FALSE,TRUE
20084021,20,2008,200840,FALSE,FALSE,FALSE,TRUE
20084029,20,2008,200840,FALSE,FALSE,FALSE,TRUE
20084031,20,2008,200840,FALSE,FALSE,FALSE,TRUE
20084039,20,2008,200840,FALSE,FALSE,FALSE,TRUE
20084051,20,2008,200840,FALSE,FALSE,FALSE,TRUE
20084059,20,2008,200840,FALSE,FALSE,FALSE,TRUE
20084071,20,2008,200840,FALSE,FALSE,FALSE,TRUE
20084079,20,2008,200840,FALSE,FALSE,FALSE,TRUE
20084090,20,2008,200840,FALSE,FALSE,FALSE,TRUE
20084091,20,2008,200840,FALSE,FALSE,FALSE,FALSE
20084099,20,2008,200840,FALSE,FALSE,FALSE,FALSE
20085011,20,2008,200850,FALSE,FALSE,FALSE,TRUE
20085019,20,2008,200850,FALSE,FALSE,FALSE,TRUE
20085031,20,2008,200850,FALSE,FALSE,FALSE,TRUE
20085039,20,2008,200850,FALSE,FALSE,FALSE,TRUE
20085051,20,2008,200850,FALSE,FALSE,FALSE,TRUE
20085059,20,2008,200850,FALSE,FALSE,FALSE,TRUE
20085061,20,2008,200850,FALSE,FALSE,FALSE,TRUE
20085069,20,2008,200850,FALSE,FALSE,FALSE,TRUE
20085071,20,2008,200850,FALSE,FALSE,FALSE,TRUE
20085079,20,2008,200850,FALSE,FALSE,FALSE,TRUE
20085092,20,2008,200850,FALSE,FALSE,FALSE,TRUE
20085094,20,2008,200850,FALSE,FALSE,FALSE,FALSE
20085098,20,2008,200850,FALSE,FALSE,FALSE,TRUE
20085099,20,2008,200850,FALSE,FALSE,FALSE,FALSE
20086011,20,2008,200860,FALSE,FALSE,FALSE,TRUE
20086019,20,2008,200860,FALSE,FALSE,FALSE,TRUE
20086031,20,2008,200860,FALSE,FALSE,FALSE,TRUE
20086039,20,2008,200860,FALSE,FALSE,FALSE,TRUE
20086050,20,2008,200860,FALSE,FALSE,FALSE,TRUE
20086051,20,2008,200860,FALSE,FALSE,FALSE,FALSE
20086059,20,2008,200860,FALSE,FALSE,FALSE,FALSE
20086060,20,2008,200860,FALSE,FALSE,FALSE,TRUE
20086061,20,2008,200860,FALSE,FALSE,FALSE,FALSE
20086069,20,2008,200860,FALSE,FALSE,FALSE,FALSE
20086070,20,2008,200860,FALSE,FALSE,FALSE,TRUE
20086071,20,2008,200860,FALSE,FALSE,FALSE,FALSE
20086079,20,2008,200860,FALSE,FALSE,FALSE,FALSE
20086090,20,2008,200860,FALSE,FALSE,FALSE,TRUE
20086091,20,2008,200860,FALSE,FALSE,FALSE,FALSE
20086099,20,2008,200860,FALSE,FALSE,FALSE,FALSE
20087011,20,2008,200870,FALSE,FALSE,FALSE,TRUE
20087019,20,2008,200870,FALSE,FALSE,FALSE,TRUE
20087031,20,2008,200870,FALSE,FALSE,FALSE,TRUE
20087039,20,2008,200870,FALSE,FALSE,FALSE,TRUE
20087051,20,2008,200870,FALSE,FALSE,FALSE,TRUE
20087059,20,2008,200870,FALSE,FALSE,FALSE,TRUE
20087061,20,2008,200870,FALSE,FALSE,FALSE,TRUE
20087069,20,2008,200870,FALSE,FALSE,FALSE,TRUE
20087071,20,2008,200870,FALSE,FALSE,FALSE,TRUE
20087079,20,2008,200870,FALSE,FALSE,FALSE,TRUE
20087092,20,2008,200870,FALSE,FALSE,FALSE,TRUE
20087094,20,2008,200870,FALSE,FALSE,FALSE,FALSE
20087098,20,2008,200870,FALSE,FALSE,FALSE,TRUE
20087099,20,2008,200870,FALSE,FALSE,FALSE,FALSE
20088011,20,2008,200880,FALSE,FALSE,FALSE,TRUE
20088019,20,2008,200880,FALSE,FALSE,FALSE,TRUE
20088031,20,2008,200880,FALSE,FALSE,FALSE,TRUE
20088039,20,2008,200880,FALSE,FALSE,FALSE,TRUE
20088050,20,2008,200880,FALSE,FALSE,FALSE,TRUE
20088070,20,2008,200880,FALSE,FALSE,FALSE,TRUE
20088090,20,2008,200880,FALSE,FALSE,FALSE,TRUE
20088091,20,2008,200880,FALSE,FALSE,FALSE,FALSE
20088099,20,2008,200880,FALSE,FALSE,FALSE,FALSE
20089100,20,2008,200891,FALSE,FALSE,FALSE,TRUE
20089212,20,2008,200892,FALSE,FALSE,FALSE,FALSE
20089214,20,2008,200892,FALSE,FALSE,FALSE,FALSE
20089216,20,2008,200892,FALSE,FALSE,FALSE,FALSE
20089218,20,2008,200892,FALSE,FALSE,FALSE,FALSE
20089232,20,2008,200892,FALSE,FALSE,FALSE,FALSE
20089234,20,2008,200892,FALSE,FALSE,FALSE,FALSE
20089236,20,2008,200892,FALSE,FALSE,FALSE,FALSE
20089238,20,2008,200892,FALSE,FALSE,FALSE,FALSE
20089245,20,2008,200892,FALSE,FALSE,FALSE,FALSE
20089251,20,2008,200892,FALSE,FALSE,FALSE,FALSE
20089259,20,2008,200892,FALSE,FALSE,FALSE,FALSE
20089272,20,2008,200892,FALSE,FALSE,FALSE,FALSE
20089274,20,2008,200892,FALSE,FALSE,FALSE,FALSE
20089276,20,2008,200892,FALSE,FALSE,FALSE,FALSE
20089278,20,2008,200892,FALSE,FALSE,FALSE,FALSE
20089292,20,2008,200892,FALSE,FALSE,FALSE,FALSE
20089293,20,2008,200892,FALSE,FALSE,FALSE,FALSE
20089294,20,2008,200892,FALSE,FALSE,FALSE,FALSE
20089296,20,2008,200892,FALSE,FALSE,FALSE,FALSE
20089297,20,2008,200892,FALSE,FALSE,FALSE,FALSE
20089298,20,2008,200892,FALSE,FALSE,FALSE,FALSE
20089311,20,2008,200893,FALSE,FALSE,FALSE,TRUE
20089319,20,2008,200893,FALSE,FALSE,FALSE,TRUE
20089321,20,2008,200893,FALSE,FALSE,FALSE,TRUE
20089329,20,2008,200893,FALSE,FALSE,FALSE,TRUE
20089391,20,2008,200893,FALSE,FALSE,FALSE,TRUE
20089393,20,2008,200893,FALSE,FALSE,FALSE,TRUE
20089399,20,2008,200893,FALSE,FALSE,FALSE,TRUE
20089703,20,2008,200897,FALSE,FALSE,FALSE,TRUE
20089705,20,2008,200897,FALSE,FALSE,FALSE,TRUE
20089712,20,2008,200897,FALSE,FALSE,FALSE,TRUE
20089714,20,2008,200897,FALSE,FALSE,FALSE,TRUE
20089716,20,2008,200897,FALSE,FALSE,FALSE,TRUE
20089718,20,2008,200897,FALSE,FALSE,FALSE,TRUE
20089732,20,2008,200897,FALSE,FALSE,FALSE,TRUE
20089734,20,2008,200897,FALSE,FALSE,FALSE,TRUE
20089736,20,2008,200897,FALSE,FALSE,FALSE,TRUE
20089738,20,2008,200897,FALSE,FALSE,FALSE,TRUE
20089751,20,2008,200897,FALSE,FALSE,FALSE,TRUE
20089759,20,2008,200897,FALSE,FALSE,FALSE,TRUE
20089772,20,2008,200897,FALSE,FALSE,FALSE,TRUE
20089774,20,2008,200897,FALSE,FALSE,FALSE,TRUE
20089776,20,2008,200897,FALSE,FALSE,FALSE,TRUE
20089778,20,2008,200897,FALSE,FALSE,FALSE,TRUE
20089792,20,2008,200897,FALSE,FALSE,FALSE,TRUE
20089793,20,2008,200897,FALSE,FALSE,FALSE,TRUE
20089794,20,2008,200897,FALSE,FALSE,FALSE,TRUE
20089796,20,2008,200897,FALSE,FALSE,FALSE,TRUE
20089797,20,2008,200897,FALSE,FALSE,FALSE,TRUE
20089798,20,2008,200897,FALSE,FALSE,FALSE,TRUE
20089911,20,2008,200899,FALSE,FALSE,FALSE,TRUE
20089919,20,2008,200899,FALSE,FALSE,FALSE,TRUE
20089921,20,2008,200899,FALSE,FALSE,FALSE,TRUE
20089923,20,2008,200899,FALSE,FALSE,FALSE,TRUE
20089924,20,2008,200899,FALSE,FALSE,FALSE,TRUE
20089925,20,2008,200899,FALSE,FALSE,FALSE,FALSE
20089926,20,2008,200899,FALSE,FALSE,FALSE,FALSE
20089928,20,2008,200899,FALSE,FALSE,FALSE,TRUE
20089931,20,2008,200899,FALSE,FALSE,FALSE,TRUE
20089932,20,2008,200899,FALSE,FALSE,FALSE,FALSE
20089933,20,2008,200899,FALSE,FALSE,FALSE,FALSE
20089934,20,2008,200899,FALSE,FALSE,FALSE,TRUE
20089936,20,2008,200899,FALSE,FALSE,FALSE,TRUE
20089937,20,2008,200899,FALSE,FALSE,FALSE,TRUE
20089938,20,2008,200899,FALSE,FALSE,FALSE,TRUE
20089940,20,2008,200899,FALSE,FALSE,FALSE,TRUE
20089941,20,2008,200899,FALSE,FALSE,FALSE,TRUE
20089943,20,2008,200899,FALSE,FALSE,FALSE,TRUE
20089945,20,2008,200899,FALSE,FALSE,FALSE,TRUE
20089946,20,2008,200899,FALSE,FALSE,FALSE,FALSE
20089947,20,2008,200899,FALSE,FALSE,FALSE,FALSE
20089948,20,2008,200899,FALSE,FALSE,FALSE,TRUE
20089949,20,2008,200899,FALSE,FALSE,FALSE,TRUE
20089951,20,2008,200899,FALSE,FALSE,FALSE,TRUE
20089953,20,2008,200899,FALSE,FALSE,FALSE,FALSE
20089955,20,2008,200899,FALSE,FALSE,FALSE,FALSE
20089961,20,2008,200899,FALSE,FALSE,FALSE,FALSE
20089962,20,2008,200899,FALSE,FALSE,FALSE,FALSE
20089963,20,2008,200899,FALSE,FALSE,FALSE,TRUE
20089967,20,2008,200899,FALSE,FALSE,FALSE,TRUE
20089968,20,2008,200899,FALSE,FALSE,FALSE,FALSE
20089972,20,2008,200899,FALSE,FALSE,FALSE,TRUE
20089974,20,2008,200899,FALSE,FALSE,FALSE,FALSE
20089978,20,2008,200899,FALSE,FALSE,FALSE,TRUE
20089979,20,2008,200899,FALSE,FALSE,FALSE,FALSE
20089985,20,2008,200899,FALSE,FALSE,FALSE,TRUE
20089991,20,2008,200899,FALSE,FALSE,FALSE,TRUE
20089999,20,2008,200899,FALSE,FALSE,FALSE,TRUE
20091111,20,2009,200911,FALSE,FALSE,FALSE,TRUE
20091119,20,2009,200911,FALSE,FALSE,FALSE,TRUE
20091191,20,2009,200911,FALSE,FALSE,FALSE,TRUE
20091199,20,2009,200911,FALSE,FALSE,FALSE,TRUE
20091200,20,2009,200912,FALSE,FALSE,FALSE,TRUE
20091911,20,2009,200919,FALSE,FALSE,FALSE,TRUE
20091919,20,2009,200919,FALSE,FALSE,FALSE,TRUE
20091991,20,2009,200919,FALSE,FALSE,FALSE,TRUE
20091998,20,2009,200919,FALSE,FALSE,FALSE,TRUE
20091999,20,2009,200919,FALSE,FALSE,FALSE,FALSE
20092011,20,2009,200920,FALSE,FALSE,FALSE,FALSE
20092019,20,2009,200920,FALSE,FALSE,FALSE,FALSE
20092091,20,2009,200920,FALSE,FALSE,FALSE,FALSE
20092099,20,2009,200920,FALSE,FALSE,FALSE,FALSE
20092100,20,2009,200921,FALSE,FALSE,FALSE,TRUE
20092911,20,2009,200929,FALSE,FALSE,FALSE,TRUE
20092919,20,2009,200929,FALSE,FALSE,FALSE,TRUE
20092991,20,2009,200929,FALSE,FALSE,FALSE,TRUE
20092999,20,2009,200929,FALSE,FALSE,FALSE,TRUE
20093011,20,2009,200930,FALSE,FALSE,FALSE,FALSE
20093019,20,2009,200930,FALSE,FALSE,FALSE,FALSE
20093031,20,2009,200930,FALSE,FALSE,FALSE,FALSE
20093039,20,2009,200930,FALSE,FALSE,FALSE,FALSE
20093051,20,2009,200930,FALSE,FALSE,FALSE,FALSE
20093055,20,2009,200930,FALSE,FALSE,FALSE,FALSE
20093059,20,2009,200930,FALSE,FALSE,FALSE,FALSE
20093091,20,2009,200930,FALSE,FALSE,FALSE,FALSE
20093095,20,2009,200930,FALSE,FALSE,FALSE,FALSE
20093099,20,2009,200930,FALSE,FALSE,FALSE,FALSE
20093111,20,2009,200931,FALSE,FALSE,FALSE,TRUE
20093119,20,2009,200931,FALSE,FALSE,FALSE,TRUE
20093151,20,2009,200931,FALSE,FALSE,FALSE,TRUE
20093159,20,2009,200931,FALSE,FALSE,FALSE,TRUE
20093191,20,2009,200931,FALSE,FALSE,FALSE,TRUE
20093199,20,2009,200931,FALSE,FALSE,FALSE,TRUE
20093911,20,2009,200939,FALSE,FALSE,FALSE,TRUE
20093919,20,2009,200939,FALSE,FALSE,FALSE,TRUE
20093931,20,2009,200939,FALSE,FALSE,FALSE,TRUE
20093939,20,2009,200939,FALSE,FALSE,FALSE,TRUE
20093951,20,2009,200939,FALSE,FALSE,FALSE,TRUE
20093955,20,2009,200939,FALSE,FALSE,FALSE,TRUE
20093959,20,2009,200939,FALSE,FALSE,FALSE,TRUE
20093991,20,2009,200939,FALSE,FALSE,FALSE,TRUE
20093995,20,2009,200939,FALSE,FALSE,FALSE,TRUE
20093999,20,2009,200939,FALSE,FALSE,FALSE,TRUE
20094011,20,2009,200940,FALSE,FALSE,FALSE,FALSE
20094019,20,2009,200940,FALSE,FALSE,FALSE,FALSE
20094030,20,2009,200940,FALSE,FALSE,FALSE,FALSE
20094091,20,2009,200940,FALSE,FALSE,FALSE,FALSE
20094093,20,2009,200940,FALSE,FALSE,FALSE,FALSE
20094099,20,2009,200940,FALSE,FALSE,FALSE,FALSE
20094110,20,2009,200941,FALSE,FALSE,FALSE,FALSE
20094191,20,2009,200941,FALSE,FALSE,FALSE,FALSE
20094192,20,2009,200941,FALSE,FALSE,FALSE,TRUE
20094199,20,2009,200941,FALSE,FALSE,FALSE,TRUE
20094911,20,2009,200949,FALSE,FALSE,FALSE,TRUE
20094919,20,2009,200949,FALSE,FALSE,FALSE,TRUE
20094930,20,2009,200949,FALSE,FALSE,FALSE,TRUE
20094991,20,2009,200949,FALSE,FALSE,FALSE,TRUE
20094993,20,2009,200949,FALSE,FALSE,FALSE,TRUE
20094999,20,2009,200949,FALSE,FALSE,FALSE,TRUE
20095010,20,2009,200950,FALSE,FALSE,FALSE,TRUE
20095090,20,2009,200950,FALSE,FALSE,FALSE,TRUE
20096011,20,2009,200960,FALSE,FALSE,FALSE,FALSE
20096019,20,2009,200960,FALSE,FALSE,FALSE,FALSE
20096051,20,2009,200960,FALSE,FALSE,FALSE,FALSE
20096059,20,2009,200960,FALSE,FALSE,FALSE,FALSE
20096071,20,2009,200960,FALSE,FALSE,FALSE,FALSE
20096079,20,2009,200960,FALSE,FALSE,FALSE,FALSE
20096090,20,2009,200960,FALSE,FALSE,FALSE,FALSE
20096110,20,2009,200961,FALSE,FALSE,FALSE,TRUE
20096190,20,2009,200961,FALSE,FALSE,FALSE,TRUE
20096911,20,2009,200969,FALSE,FALSE,FALSE,TRUE
20096919,20,2009,200969,FALSE,FALSE,FALSE,TRUE
20096951,20,2009,200969,FALSE,FALSE,FALSE,TRUE
20096959,20,2009,200969,FALSE,FALSE,FALSE,TRUE
20096971,20,2009,200969,FALSE,FALSE,FALSE,TRUE
20096979,20,2009,200969,FALSE,FALSE,FALSE,TRUE
20096990,20,2009,200969,FALSE,FALSE,FALSE,TRUE
20097011,20,2009,200970,FALSE,FALSE,FALSE,FALSE
20097019,20,2009,200970,FALSE,FALSE,FALSE,FALSE
20097030,20,2009,200970,FALSE,FALSE,FALSE,FALSE
20097091,20,2009,200970,FALSE,FALSE,FALSE,FALSE
20097093,20,2009,200970,FALSE,FALSE,FALSE,FALSE
20097099,20,2009,200970,FALSE,FALSE,FALSE,FALSE
20097110,20,2009,200971,FALSE,FALSE,FALSE,FALSE
20097120,20,2009,200971,FALSE,FALSE,FALSE,TRUE
20097191,20,2009,200971,FALSE,FALSE,FALSE,FALSE
20097199,20,2009,200971,FALSE,FALSE,FALSE,TRUE
20097911,20,2009,200979,FALSE,FALSE,FALSE,TRUE
20097919,20,2009,200979,FALSE,FALSE,FALSE,TRUE
20097930,20,2009,200979,FALSE,FALSE,FALSE,TRUE
20097991,20,2009,200979,FALSE,FALSE,FALSE,TRUE
20097993,20,2009,200979,FALSE,FALSE,FALSE,FALSE
20097998,20,2009,200979,FALSE,FALSE,FALSE,TRUE
20097999,20,2009,200979,FALSE,FALSE,FALSE,FALSE
20098011,20,2009,200980,FALSE,FALSE,FALSE,FALSE
20098019,20,2009,200980,FALSE,FALSE,FALSE,FALSE
20098032,20,2009,200980,FALSE,FALSE,FALSE,FALSE
20098033,20,2009,200980,FALSE,FALSE,FALSE,FALSE
20098034,20,2009,200980,FALSE,FALSE,FALSE,FALSE
20098035,20,2009,200980,FALSE,FALSE,FALSE,FALSE
20098036,20,2009,200980,FALSE,FALSE,FALSE,FALSE
20098038,20,2009,200980,FALSE,FALSE,FALSE,FALSE
20098050,20,2009,200980,FALSE,FALSE,FALSE,FALSE
20098061,20,2009,200980,FALSE,FALSE,FALSE,FALSE
20098063,20,2009,200980,FALSE,FALSE,FALSE,FALSE
20098069,20,2009,200980,FALSE,FALSE,FALSE,FALSE
20098071,20,2009,200980,FALSE,FALSE,FALSE,FALSE
20098073,20,2009,200980,FALSE,FALSE,FALSE,FALSE
20098079,20,2009,200980,FALSE,FALSE,FALSE,FALSE
20098083,20,2009,200980,FALSE,FALSE,FALSE,FALSE
20098084,20,2009,200980,FALSE,FALSE,FALSE,FALSE
20098085,20,2009,200980,FALSE,FALSE,FALSE,FALSE
20098086,20,2009,200980,FALSE,FALSE,FALSE,FALSE
20098088,20,2009,200980,FALSE,FALSE,FALSE,FALSE
20098089,20,2009,200980,FALSE,FALSE,FALSE,FALSE
20098095,20,2009,200980,FALSE,FALSE,FALSE,FALSE
20098096,20,2009,200980,FALSE,FALSE,FALSE,FALSE
20098097,20,2009,200980,FALSE,FALSE,FALSE,FALSE
20098099,20,2009,200980,FALSE,FALSE,FALSE,FALSE
20098111,20,2009,200981,FALSE,FALSE,FALSE,TRUE
20098119,20,2009,200981,FALSE,FALSE,FALSE,TRUE
20098131,20,2009,200981,FALSE,FALSE,FALSE,TRUE
20098151,20,2009,200981,FALSE,FALSE,FALSE,TRUE
20098159,20,2009,200981,FALSE,FALSE,FALSE,TRUE
20098195,20,2009,200981,FALSE,FALSE,FALSE,TRUE
20098199,20,2009,200981,FALSE,FALSE,FALSE,TRUE
20098911,20,2009,200989,FALSE,FALSE,FALSE,TRUE
20098919,20,2009,200989,FALSE,FALSE,FALSE,TRUE
20098934,20,2009,200989,FALSE,FALSE,FALSE,TRUE
20098935,20,2009,200989,FALSE,FALSE,FALSE,TRUE
20098936,20,2009,200989,FALSE,FALSE,FALSE,TRUE
20098938,20,2009,200989,FALSE,FALSE,FALSE,TRUE
20098950,20,2009,200989,FALSE,FALSE,FALSE,TRUE
20098961,20,2009,200989,FALSE,FALSE,FALSE,TRUE
20098963,20,2009,200989,FALSE,FALSE,FALSE,TRUE
20098969,20,2009,200989,FALSE,FALSE,FALSE,TRUE
20098971,20,2009,200989,FALSE,FALSE,FALSE,TRUE
20098973,20,2009,200989,FALSE,FALSE,FALSE,TRUE
20098979,20,2009,200989,FALSE,FALSE,FALSE,TRUE
20098985,20,2009,200989,FALSE,FALSE,FALSE,TRUE
20098986,20,2009,200989,FALSE,FALSE,FALSE,TRUE
20098988,20,2009,200989,FALSE,FALSE,FALSE,TRUE
20098989,20,2009,200989,FALSE,FALSE,FALSE,TRUE
20098996,20,2009,200989,FALSE,FALSE,FALSE,TRUE
20098997,20,2009,200989,FALSE,FALSE,FALSE,TRUE
20098999,20,2009,200989,FALSE,FALSE,FALSE,TRUE
20099011,20,2009,200990,FALSE,FALSE,FALSE,TRUE
20099019,20,2009,200990,FALSE,FALSE,FALSE,TRUE
20099021,20,2009,200990,FALSE,FALSE,FALSE,TRUE
20099029,20,2009,200990,FALSE,FALSE,FALSE,TRUE
20099031,20,2009,200990,FALSE,FALSE,FALSE,TRUE
20099039,20,2009,200990,FALSE,FALSE,FALSE,TRUE
20099041,20,2009,200990,FALSE,FALSE,FALSE,TRUE
20099049,20,2009,200990,FALSE,FALSE,FALSE,TRUE
20099051,20,2009,200990,FALSE,FALSE,FALSE,TRUE
20099059,20,2009,200990,FALSE,FALSE,FALSE,TRUE
20099071,20,2009,200990,FALSE,FALSE,FALSE,TRUE
20099073,20,2009,200990,FALSE,FALSE,FALSE,TRUE
20099079,20,2009,200990,FALSE,FALSE,FALSE,TRUE
20099092,20,2009,200990,FALSE,FALSE,FALSE,TRUE
20099094,20,2009,200990,FALSE,FALSE,FALSE,TRUE
20099095,20,2009,200990,FALSE,FALSE,FALSE,TRUE
20099096,20,2009,200990,FALSE,FALSE,FALSE,TRUE
20099097,20,2009,200990,FALSE,FALSE,FALSE,TRUE
20099098,20,2009,200990,FALSE,FALSE,FALSE,TRUE
21011011,21,2101,210110,FALSE,FALSE,FALSE,FALSE
21011019,21,2101,210110,FALSE,FALSE,FALSE,FALSE
21011092,21,2101,210110,FALSE,FALSE,FALSE,FALSE
21011098,21,2101,210110,FALSE,FALSE,FALSE,FALSE
21011100,21,2101,210111,FALSE,FALSE,FALSE,TRUE
21011111,21,2101,210111,FALSE,FALSE,FALSE,FALSE
21011119,21,2101,210111,FALSE,FALSE,FALSE,FALSE
21011292,21,2101,210112,FALSE,FALSE,FALSE,TRUE
21011298,21,2101,210112,FALSE,FALSE,FALSE,TRUE
21012020,21,2101,210120,FALSE,FALSE,FALSE,TRUE
21012092,21,2101,210120,FALSE,FALSE,FALSE,TRUE
21012098,21,2101,210120,FALSE,FALSE,FALSE,TRUE
21013011,21,2101,210130,FALSE,FALSE,FALSE,TRUE
21013019,21,2101,210130,FALSE,FALSE,FALSE,TRUE
21013091,21,2101,210130,FALSE,FALSE,FALSE,TRUE
21013099,21,2101,210130,FALSE,FALSE,FALSE,TRUE
21021010,21,2102,210210,FALSE,FALSE,FALSE,TRUE
21021031,21,2102,210210,FALSE,FALSE,FALSE,TRUE
21021039,21,2102,210210,FALSE,FALSE,FALSE,TRUE
21021090,21,2102,210210,FALSE,FALSE,FALSE,TRUE
21022011,21,2102,210220,FALSE,FALSE,FALSE,TRUE
21022019,21,2102,210220,FALSE,FALSE,FALSE,TRUE
21022090,21,2102,210220,FALSE,FALSE,FALSE,TRUE
21023000,21,2102,210230,FALSE,FALSE,FALSE,TRUE
21031000,21,2103,210310,FALSE,FALSE,FALSE,TRUE
21032000,21,2103,210320,FALSE,FALSE,FALSE,TRUE
21033010,21,2103,210330,FALSE,FALSE,FALSE,TRUE
21033090,21,2103,210330,FALSE,FALSE,FALSE,TRUE
21039010,21,2103,210390,FALSE,FALSE,FALSE,TRUE
21039030,21,2103,210390,FALSE,FALSE,FALSE,TRUE
21039090,21,2103,210390,FALSE,FALSE,FALSE,TRUE
21041000,21,2104,210410,FALSE,FALSE,FALSE,TRUE
21041010,21,2104,210410,FALSE,FALSE,FALSE,FALSE
21041090,21,2104,210410,FALSE,FALSE,FALSE,FALSE
21042000,21,2104,210420,FALSE,FALSE,FALSE,TRUE
21050010,21,2105,210500,FALSE,FALSE,FALSE,TRUE
21050091,21,2105,210500,FALSE,FALSE,FALSE,TRUE
21050099,21,2105,210500,FALSE,FALSE,FALSE,TRUE
21061020,21,2106,210610,FALSE,FALSE,FALSE,TRUE
21061080,21,2106,210610,FALSE,FALSE,FALSE,TRUE
21069010,21,2106,210690,FALSE,FALSE,FALSE,FALSE
21069020,21,2106,210690,FALSE,FALSE,FALSE,TRUE
21069030,21,2106,210690,FALSE,FALSE,FALSE,TRUE
21069051,21,2106,210690,FALSE,FALSE,FALSE,TRUE
21069055,21,2106,210690,FALSE,FALSE,FALSE,TRUE
21069059,21,2106,210690,FALSE,FALSE,FALSE,TRUE
21069092,21,2106,210690,FALSE,FALSE,FALSE,TRUE
21069098,21,2106,210690,FALSE,FALSE,FALSE,TRUE
22011011,22,2201,220110,FALSE,FALSE,FALSE,TRUE
22011019,22,2201,220110,FALSE,FALSE,FALSE,TRUE
22011090,22,2201,220110,FALSE,FALSE,FALSE,TRUE
22011091,22,2201,220110,FALSE,FALSE,FALSE,FALSE
22011099,22,2201,220110,FALSE,FALSE,FALSE,FALSE
22019000,22,2201,220190,FALSE,FALSE,FALSE,TRUE
22021000,22,2202,220210,FALSE,FALSE,FALSE,TRUE
22029010,22,2202,220290,FALSE,FALSE,FALSE,TRUE
22029011,22,2202,220290,FALSE,FALSE,FALSE,FALSE
22029015,22,2202,220290,FALSE,FALSE,FALSE,FALSE
22029019,22,2202,220290,FALSE,FALSE,FALSE,FALSE
22029091,22,2202,220290,FALSE,FALSE,FALSE,TRUE
22029095,22,2202,220290,FALSE,FALSE,FALSE,TRUE
22029099,22,2202,220290,FALSE,FALSE,FALSE,TRUE
22029100,22,2202,220291,FALSE,FALSE,FALSE,FALSE
22029911,22,2202,220299,FALSE,FALSE,FALSE,FALSE
22029915,22,2202,220299,FALSE,FALSE,FALSE,FALSE
22029919,22,2202,220299,FALSE,FALSE,FALSE,FALSE
22029991,22,2202,220299,FALSE,FALSE,FALSE,FALSE
22029995,22,2202,220299,FALSE,FALSE,FALSE,FALSE
22029999,22,2202,220299,FALSE,FALSE,FALSE,FALSE
22030001,22,2203,220300,FALSE,FALSE,FALSE,TRUE
22030009,22,2203,220300,FALSE,FALSE,FALSE,TRUE
22030010,22,2203,220300,FALSE,FALSE,FALSE,TRUE
22041011,22,2204,220410,FALSE,FALSE,FALSE,TRUE
22041013,22,2204,220410,FALSE,FALSE,FALSE,FALSE
22041015,22,2204,220410,FALSE,FALSE,FALSE,FALSE
22041019,22,2204,220410,FALSE,FALSE,FALSE,FALSE
22041091,22,2204,220410,FALSE,FALSE,FALSE,TRUE
22041093,22,2204,220410,FALSE,FALSE,FALSE,TRUE
22041094,22,2204,220410,FALSE,FALSE,FALSE,TRUE
22041096,22,2204,220410,FALSE,FALSE,FALSE,TRUE
22041098,22,2204,220410,FALSE,FALSE,FALSE,TRUE
22041099,22,2204,220410,FALSE,FALSE,FALSE,FALSE
22042106,22,2204,220421,FALSE,FALSE,FALSE,TRUE
22042107,22,2204,220421,FALSE,FALSE,FALSE,TRUE
22042108,22,2204,220421,FALSE,FALSE,FALSE,TRUE
22042109,22,2204,220421,FALSE,FALSE,FALSE,TRUE
22042110,22,2204,220421,FALSE,FALSE,FALSE,FALSE
22042111,22,2204,220421,FALSE,FALSE,FALSE,TRUE
22042112,22,2204,220421,FALSE,FALSE,FALSE,TRUE
22042113,22,2204,220421,FALSE,FALSE,FALSE,TRUE
22042117,22,2204,220421,FALSE,FALSE,FALSE,TRUE
22042118,22,2204,220421,FALSE,FALSE,FALSE,TRUE
22042119,22,2204,220421,FALSE,FALSE,FALSE,TRUE
22042122,22,2204,220421,FALSE,FALSE,FALSE,TRUE
22042123,22,2204,220421,FALSE,FALSE,FALSE,TRUE
22042124,22,2204,220421,FALSE,FALSE,FALSE,TRUE
22042126,22,2204,220421,FALSE,FALSE,FALSE,TRUE
22042127,22,2204,220421,FALSE,FALSE,FALSE,TRUE
22042128,22,2204,220421,FALSE,FALSE,FALSE,TRUE
22042131,22,2204,220421,FALSE,FALSE,FALSE,FALSE
22042132,22,2204,220421,FALSE,FALSE,FALSE,TRUE
22042134,22,2204,220421,FALSE,FALSE,FALSE,TRUE
22042136,22,2204,220421,FALSE,FALSE,FALSE,TRUE
22042137,22,2204,220421,FALSE,FALSE,FALSE,TRUE
22042138,22,2204,220421,FALSE,FALSE,FALSE,TRUE
22042142,22,2204,220421,FALSE,FALSE,FALSE,TRUE
22042143,22,2204,220421,FALSE,FALSE,FALSE,TRUE
22042144,22,2204,220421,FALSE,FALSE,FALSE,TRUE
22042146,22,2204,220421,FALSE,FALSE,FALSE,TRUE
22042147,22,2204,220421,FALSE,FALSE,FALSE,TRUE
22042148,22,2204,220421,FALSE,FALSE,FALSE,TRUE
22042161,22,2204,220421,FALSE,FALSE,FALSE,FALSE
22042162,22,2204,220421,FALSE,FALSE,FALSE,TRUE
22042166,22,2204,220421,FALSE,FALSE,FALSE,TRUE
22042167,22,2204,220421,FALSE,FALSE,FALSE,TRUE
22042168,22,2204,220421,FALSE,FALSE,FALSE,TRUE
22042169,22,2204,220421,FALSE,FALSE,FALSE,TRUE
22042171,22,2204,220421,FALSE,FALSE,FALSE,TRUE
22042174,22,2204,220421,FALSE,FALSE,FALSE,TRUE
22042176,22,2204,220421,FALSE,FALSE,FALSE,TRUE
22042177,22,2204,220421,FALSE,FALSE,FALSE,TRUE
22042178,22,2204,220421,FALSE,FALSE,FALSE,TRUE
22042179,22,2204,220421,FALSE,FALSE,FALSE,TRUE
22042180,22,2204,220421,FALSE,FALSE,FALSE,TRUE
22042181,22,2204,220421,FALSE,FALSE,FALSE,TRUE
22042182,22,2204,220421,FALSE,FALSE,FALSE,TRUE
22042183,22,2204,220421,FALSE,FALSE,FALSE,TRUE
22042184,22,2204,220421,FALSE,FALSE,FALSE,TRUE
22042185,22,2204,220421,FALSE,FALSE,FALSE,TRUE
22042186,22,2204,220421,FALSE,FALSE,FALSE,TRUE
22042187,22,2204,220421,FALSE,FALSE,FALSE,TRUE
22042188,22,2204,220421,FALSE,FALSE,FALSE,TRUE
22042189,22,2204,220421,FALSE,FALSE,FALSE,TRUE
22042190,22,2204,220421,FALSE,FALSE,FALSE,TRUE
22042191,22,2204,220421,FALSE,FALSE,FALSE,TRUE
22042192,22,2204,220421,FALSE,FALSE,FALSE,TRUE
22042193,22,2204,220421,FALSE,FALSE,FALSE,TRUE
22042194,22,2204,220421,FALSE,FALSE,FALSE,TRUE
22042195,22,2204,220421,FALSE,FALSE,FALSE,TRUE
22042196,22,2204,220421,FALSE,FALSE,FALSE,TRUE
22042197,22,2204,220421,FALSE,FALSE,FALSE,TRUE
22042198,22,2204,220421,FALSE,FALSE,FALSE,TRUE
22042199,22,2204,220421,FALSE,FALSE,FALSE,FALSE
22042210,22,2204,220422,FALSE,FALSE,FALSE,FALSE
22042222,22,2204,220422,FALSE,FALSE,FALSE,FALSE
22042223,22,2204,220422,FALSE,FALSE,FALSE,FALSE
22042224,22,2204,220422,FALSE,FALSE,FALSE,FALSE
22042226,22,2204,220422,FALSE,FALSE,FALSE,FALSE
22042227,22,2204,220422,FALSE,FALSE,FALSE,FALSE
22042228,22,2204,220422,FALSE,FALSE,FALSE,FALSE
22042232,22,2204,220422,FALSE,FALSE,FALSE,FALSE
22042233,22,2204,220422,FALSE,FALSE,FALSE,FALSE
22042238,22,2204,220422,FALSE,FALSE,FALSE,FALSE
22042278,22,2204,220422,FALSE,FALSE,FALSE,FALSE
22042279,22,2204,220422,FALSE,FALSE,FALSE,FALSE
22042280,22,2204,220422,FALSE,FALSE,FALSE,FALSE
22042281,22,2204,220422,FALSE,FALSE,FALSE,FALSE
22042282,22,2204,220422,FALSE,FALSE,FALSE,FALSE
22042283,22,2204,220422,FALSE,FALSE,FALSE,FALSE
22042284,22,2204,220422,FALSE,FALSE,FALSE,FALSE
22042285,22,2204,220422,FALSE,FALSE,FALSE,FALSE
22042286,22,2204,220422,FALSE,FALSE,FALSE,FALSE
22042288,22,2204,220422,FALSE,FALSE,FALSE,FALSE
22042290,22,2204,220422,FALSE,FALSE,FALSE,FALSE
22042291,22,2204,220422,FALSE,FALSE,FALSE,FALSE
22042293,22,2204,220422,FALSE,FALSE,FALSE,FALSE
22042294,22,2204,220422,FALSE,FALSE,FALSE,FALSE
22042295,22,2204,220422,FALSE,FALSE,FALSE,FALSE
22042296,22,2204,220422,FALSE,FALSE,FALSE,FALSE
22042297,22,2204,220422,FALSE,FALSE,FALSE,FALSE
22042298,22,2204,220422,FALSE,FALSE,FALSE,FALSE
22042910,22,2204,220429,FALSE,FALSE,FALSE,TRUE
22042911,22,2204,220429,FALSE,FALSE,FALSE,TRUE
22042912,22,2204,220429,FALSE,FALSE,FALSE,TRUE
22042913,22,2204,220429,FALSE,FALSE,FALSE,TRUE
22042917,22,2204,220429,FALSE,FALSE,FALSE,TRUE
22042918,22,2204,220429,FALSE,FALSE,FALSE,TRUE
22042922,22,2204,220429,FALSE,FALSE,FALSE,FALSE
22042923,22,2204,220429,FALSE,FALSE,FALSE,FALSE
22042924,22,2204,220429,FALSE,FALSE,FALSE,FALSE
22042926,22,2204,220429,FALSE,FALSE,FALSE,FALSE
22042927,22,2204,220429,FALSE,FALSE,FALSE,FALSE
22042928,22,2204,220429,FALSE,FALSE,FALSE,FALSE
22042932,22,2204,220429,FALSE,FALSE,FALSE,FALSE
22042938,22,2204,220429,FALSE,FALSE,FALSE,FALSE
22042942,22,2204,220429,FALSE,FALSE,FALSE,TRUE
22042943,22,2204,220429,FALSE,FALSE,FALSE,TRUE
22042944,22,2204,220429,FALSE,FALSE,FALSE,TRUE
22042946,22,2204,220429,FALSE,FALSE,FALSE,TRUE
22042947,22,2204,220429,FALSE,FALSE,FALSE,TRUE
22042948,22,2204,220429,FALSE,FALSE,FALSE,TRUE
22042958,22,2204,220429,FALSE,FALSE,FALSE,TRUE
22042962,22,2204,220429,FALSE,FALSE,FALSE,FALSE
22042964,22,2204,220429,FALSE,FALSE,FALSE,FALSE
22042965,22,2204,220429,FALSE,FALSE,FALSE,FALSE
22042971,22,2204,220429,FALSE,FALSE,FALSE,FALSE
22042972,22,2204,220429,FALSE,FALSE,FALSE,FALSE
22042975,22,2204,220429,FALSE,FALSE,FALSE,FALSE
22042977,22,2204,220429,FALSE,FALSE,FALSE,FALSE
22042978,22,2204,220429,FALSE,FALSE,FALSE,FALSE
22042979,22,2204,220429,FALSE,FALSE,FALSE,TRUE
22042980,22,2204,220429,FALSE,FALSE,FALSE,TRUE
22042981,22,2204,220429,FALSE,FALSE,FALSE,TRUE
22042982,22,2204,220429,FALSE,FALSE,FALSE,TRUE
22042983,22,2204,220429,FALSE,FALSE,FALSE,TRUE
22042984,22,2204,220429,FALSE,FALSE,FALSE,TRUE
22042985,22,2204,220429,FALSE,FALSE,FALSE,TRUE
22042986,22,2204,220429,FALSE,FALSE,FALSE,TRUE
22042987,22,2204,220429,FALSE,FALSE,FALSE,TRUE
22042988,22,2204,220429,FALSE,FALSE,FALSE,TRUE
22042989,22,2204,220429,FALSE,FALSE,FALSE,TRUE
22042990,22,2204,220429,FALSE,FALSE,FALSE,TRUE
22042991,22,2204,220429,FALSE,FALSE,FALSE,TRUE
22042992,22,2204,220429,FALSE,FALSE,FALSE,TRUE
22042993,22,2204,220429,FALSE,FALSE,FALSE,TRUE
22042994,22,2204,220429,FALSE,FALSE,FALSE,TRUE
22042995,22,2204,220429,FALSE,FALSE,FALSE,TRUE
22042996,22,2204,220429,FALSE,FALSE,FALSE,TRUE
22042997,22,2204,220429,FALSE,FALSE,FALSE,TRUE
22042998,22,2204,220429,FALSE,FALSE,FALSE,TRUE
22042999,22,2204,220429,FALSE,FALSE,FALSE,FALSE
22043010,22,2204,220430,FALSE,FALSE,FALSE,TRUE
22043092,22,2204,220430,FALSE,FALSE,FALSE,TRUE
22043094,22,2204,220430,FALSE,FALSE,FALSE,TRUE
22043096,22,2204,220430,FALSE,FALSE,FALSE,TRUE
22043098,22,2204,220430,FALSE,FALSE,FALSE,TRUE
22051010,22,2205,220510,FALSE,FALSE,FALSE,TRUE
22051090,22,2205,220510,FALSE,FALSE,FALSE,TRUE
22059010,22,2205,220590,FALSE,FALSE,FALSE,TRUE
22059090,22,2205,220590,FALSE,FALSE,FALSE,TRUE
22060010,22,2206,220600,FALSE,FALSE,FALSE,TRUE
22060031,22,2206,220600,FALSE,FALSE,FALSE,TRUE
22060039,22,2206,220600,FALSE,FALSE,FALSE,TRUE
22060051,22,2206,220600,FALSE,FALSE,FALSE,TRUE
22060059,22,2206,220600,FALSE,FALSE,FALSE,TRUE
22060081,22,2206,220600,FALSE,FALSE,FALSE,TRUE
22060089,22,2206,220600,FALSE,FALSE,FALSE,TRUE
22071000,22,2207,220710,FALSE,FALSE,FALSE,TRUE
22072000,22,2207,220720,FALSE,FALSE,FALSE,TRUE
22081000,22,2208,220810,FALSE,FALSE,FALSE,FALSE
22082012,22,2208,220820,FALSE,FALSE,FALSE,TRUE
22082014,22,2208,220820,FALSE,FALSE,FALSE,TRUE
22082026,22,2208,220820,FALSE,FALSE,FALSE,TRUE
22082027,22,2208,220820,FALSE,FALSE,FALSE,TRUE
22082028,22,2208,220820,FALSE,FALSE,FALSE,FALSE
22082029,22,2208,220820,FALSE,FALSE,FALSE,TRUE
22082040,22,2208,220820,FALSE,FALSE,FALSE,TRUE
22082062,22,2208,220820,FALSE,FALSE,FALSE,TRUE
22082064,22,2208,220820,FALSE,FALSE,FALSE,TRUE
22082086,22,2208,220820,FALSE,FALSE,FALSE,TRUE
22082087,22,2208,220820,FALSE,FALSE,FALSE,TRUE
22082088,22,2208,220820,FALSE,FALSE,FALSE,FALSE
22082089,22,2208,220820,FALSE,FALSE,FALSE,TRUE
22083011,22,2208,220830,FALSE,FALSE,FALSE,TRUE
22083019,22,2208,220830,FALSE,FALSE,FALSE,TRUE
22083030,22,2208,220830,FALSE,FALSE,FALSE,TRUE
22083032,22,2208,220830,FALSE,FALSE,FALSE,FALSE
22083038,22,2208,220830,FALSE,FALSE,FALSE,FALSE
22083041,22,2208,220830,FALSE,FALSE,FALSE,TRUE
22083049,22,2208,220830,FALSE,FALSE,FALSE,TRUE
22083052,22,2208,220830,FALSE,FALSE,FALSE,FALSE
22083058,22,2208,220830,FALSE,FALSE,FALSE,FALSE
22083061,22,2208,220830,FALSE,FALSE,FALSE,TRUE
22083069,22,2208,220830,FALSE,FALSE,FALSE,TRUE
22083071,22,2208,220830,FALSE,FALSE,FALSE,TRUE
22083072,22,2208,220830,FALSE,FALSE,FALSE,FALSE
22083078,22,2208,220830,FALSE,FALSE,FALSE,FALSE
22083079,22,2208,220830,FALSE,FALSE,FALSE,TRUE
22083082,22,2208,220830,FALSE,FALSE,FALSE,TRUE
22083088,22,2208,220830,FALSE,FALSE,FALSE,TRUE
22084010,22,2208,220840,FALSE,FALSE,FALSE,FALSE
22084011,22,2208,220840,FALSE,FALSE,FALSE,TRUE
22084031,22,2208,220840,FALSE,FALSE,FALSE,TRUE
22084039,22,2208,220840,FALSE,FALSE,FALSE,TRUE
22084051,22,2208,220840,FALSE,FALSE,FALSE,TRUE
22084090,22,2208,220840,FALSE,FALSE,FALSE,FALSE
22084091,22,2208,220840,FALSE,FALSE,FALSE,TRUE
22084099,22,2208,220840,FALSE,FALSE,FALSE,TRUE
22085011,22,2208,220850,FALSE,FALSE,FALSE,TRUE
22085019,22,2208,220850,FALSE,FALSE,FALSE,TRUE
22085091,22,2208,220850,FALSE,FALSE,FALSE,TRUE
22085099,22,2208,220850,FALSE,FALSE,FALSE,TRUE
22086011,22,2208,220860,FALSE,FALSE,FALSE,TRUE
22086019,22,2208,220860,FALSE,FALSE,FALSE,TRUE
22086091,22,2208,220860,FALSE,FALSE,FALSE,TRUE
22086099,22,2208,220860,FALSE,FALSE,FALSE,TRUE
22087010,22,2208,220870,FALSE,FALSE,FALSE,TRUE
22087090,22,2208,220870,FALSE,FALSE,FALSE,TRUE
22089011,22,2208,220890,FALSE,FALSE,FALSE,TRUE
22089019,22,2208,220890,FALSE,FALSE,FALSE,TRUE
22089031,22,2208,220890,FALSE,FALSE,FALSE,FALSE
22089033,22,2208,220890,FALSE,FALSE,FALSE,TRUE
22089035,22,2208,220890,FALSE,FALSE,FALSE,FALSE
22089038,22,2208,220890,FALSE,FALSE,FALSE,TRUE
22089041,22,2208,220890,FALSE,FALSE,FALSE,TRUE
22089045,22,2208,220890,FALSE,FALSE,FALSE,TRUE
22089048,22,2208,220890,FALSE,FALSE,FALSE,TRUE
22089052,22,2208,220890,FALSE,FALSE,FALSE,FALSE
22089054,22,2208,220890,FALSE,FALSE,FALSE,TRUE
22089056,22,2208,220890,FALSE,FALSE,FALSE,TRUE
22089057,22,2208,220890,FALSE,FALSE,FALSE,FALSE
22089058,22,2208,220890,FALSE,FALSE,FALSE,FALSE
22089065,22,2208,220890,FALSE,FALSE,FALSE,FALSE
22089069,22,2208,220890,FALSE,FALSE,FALSE,TRUE
22089071,22,2208,220890,FALSE,FALSE,FALSE,TRUE
22089073,22,2208,220890,FALSE,FALSE,FALSE,FALSE
22089074,22,2208,220890,FALSE,FALSE,FALSE,FALSE
22089075,22,2208,220890,FALSE,FALSE,FALSE,TRUE
22089077,22,2208,220890,FALSE,FALSE,FALSE,TRUE
22089078,22,2208,220890,FALSE,FALSE,FALSE,TRUE
22089079,22,2208,220890,FALSE,FALSE,FALSE,FALSE
22089091,22,2208,220890,FALSE,FALSE,FALSE,TRUE
22089099,22,2208,220890,FALSE,FALSE,FALSE,TRUE
22090011,22,2209,220900,FALSE,FALSE,FALSE,TRUE
22090019,22,2209,220900,FALSE,FALSE,FALSE,TRUE
22090091,22,2209,220900,FALSE,FALSE,FALSE,TRUE
22090099,22,2209,220900,FALSE,FALSE,FALSE,TRUE
23011000,23,2301,230110,FALSE,FALSE,FALSE,TRUE
23012000,23,2301,230120,FALSE,FALSE,FALSE,TRUE
23021010,23,2302,230210,FALSE,FALSE,FALSE,TRUE
23021090,23,2302,230210,FALSE,FALSE,FALSE,TRUE
23022010,23,2302,230220,FALSE,FALSE,FALSE,FALSE
23022090,23,2302,230220,FALSE,FALSE,FALSE,FALSE
23023010,23,2302,230230,FALSE,FALSE,FALSE,TRUE
23023090,23,2302,230230,FALSE,FALSE,FALSE,TRUE
23024002,23,2302,230240,FALSE,FALSE,FALSE,TRUE
23024008,23,2302,230240,FALSE,FALSE,FALSE,TRUE
23024010,23,2302,230240,FALSE,FALSE,FALSE,TRUE
23024090,23,2302,230240,FALSE,FALSE,FALSE,TRUE
23025000,23,2302,230250,FALSE,FALSE,FALSE,TRUE
23031011,23,2303,230310,FALSE,FALSE,FALSE,TRUE
23031019,23,2303,230310,FALSE,FALSE,FALSE,TRUE
23031090,23,2303,230310,FALSE,FALSE,FALSE,TRUE
23032010,23,2303,230320,FALSE,FALSE,FALSE,TRUE
23032011,23,2303,230320,FALSE,FALSE,FALSE,FALSE
23032018,23,2303,230320,FALSE,FALSE,FALSE,FALSE
23032090,23,2303,230320,FALSE,FALSE,FALSE,TRUE
23033000,23,2303,230330,FALSE,FALSE,FALSE,TRUE
23040000,23,2304,230400,FALSE,FALSE,FALSE,TRUE
23050000,23,2305,230500,FALSE,FALSE,FALSE,TRUE
23061000,23,2306,230610,FALSE,FALSE,FALSE,TRUE
23062000,23,2306,230620,FALSE,FALSE,FALSE,TRUE
23063000,23,2306,230630,FALSE,FALSE,FALSE,TRUE
23064000,23,2306,230640,FALSE,FALSE,FALSE,FALSE
23064100,23,2306,230641,FALSE,FALSE,FALSE,TRUE
23064900,23,2306,230649,FALSE,FALSE,FALSE,TRUE
23065000,23,2306,230650,FALSE,FALSE,FALSE,TRUE
23066000,23,2306,230660,FALSE,FALSE,FALSE,TRUE
23067000,23,2306,230670,FALSE,FALSE,FALSE,FALSE
23069005,23,2306,230690,FALSE,FALSE,FALSE,TRUE
23069011,23,2306,230690,FALSE,FALSE,FALSE,TRUE
23069019,23,2306,230690,FALSE,FALSE,FALSE,TRUE
23069090,23,2306,230690,FALSE,FALSE,FALSE,TRUE
23069091,23,2306,230690,FALSE,FALSE,FALSE,FALSE
23069093,23,2306,230690,FALSE,FALSE,FALSE,FALSE
23069099,23,2306,230690,FALSE,FALSE,FALSE,FALSE
23070011,23,2307,230700,FALSE,FALSE,FALSE,TRUE
23070019,23,2307,230700,FALSE,FALSE,FALSE,TRUE
23070090,23,2307,230700,FALSE,FALSE,FALSE,TRUE
23080011,23,2308,230800,FALSE,FALSE,FALSE,TRUE
23080019,23,2308,230800,FALSE,FALSE,FALSE,TRUE
23080040,23,2308,230800,FALSE,FALSE,FALSE,TRUE
23080090,23,2308,230800,FALSE,FALSE,FALSE,TRUE
23081000,23,2308,230810,FALSE,FALSE,FALSE,FALSE
23089011,23,2308,230890,FALSE,FALSE,FALSE,FALSE
23089019,23,2308,230890,FALSE,FALSE,FALSE,FALSE
23089030,23,2308,230890,FALSE,FALSE,FALSE,FALSE
23089090,23,2308,230890,FALSE,FALSE,FALSE,FALSE
23091011,23,2309,230910,FALSE,FALSE,FALSE,TRUE
23091013,23,2309,230910,FALSE,FALSE,FALSE,TRUE
23091015,23,2309,230910,FALSE,FALSE,FALSE,TRUE
23091019,23,2309,230910,FALSE,FALSE,FALSE,TRUE
23091031,23,2309,230910,FALSE,FALSE,FALSE,TRUE
23091033,23,2309,230910,FALSE,FALSE,FALSE,TRUE
23091039,23,2309,230910,FALSE,FALSE,FALSE,TRUE
23091051,23,2309,230910,FALSE,FALSE,FALSE,TRUE
23091053,23,2309,230910,FALSE,FALSE,FALSE,TRUE
23091059,23,2309,230910,FALSE,FALSE,FALSE,TRUE
23091070,23,2309,230910,FALSE,FALSE,FALSE,TRUE
23091090,23,2309,230910,FALSE,FALSE,FALSE,TRUE
23099010,23,2309,230990,FALSE,FALSE,FALSE,TRUE
23099020,23,2309,230990,FALSE,FALSE,FALSE,TRUE
23099031,23,2309,230990,FALSE,FALSE,FALSE,TRUE
23099033,23,2309,230990,FALSE,FALSE,FALSE,TRUE
23099035,23,2309,230990,FALSE,FALSE,FALSE,TRUE
23099039,23,2309,230990,FALSE,FALSE,FALSE,TRUE
23099041,23,2309,230990,FALSE,FALSE,FALSE,TRUE
23099043,23,2309,230990,FALSE,FALSE,FALSE,TRUE
23099049,23,2309,230990,FALSE,FALSE,FALSE,TRUE
23099051,23,2309,230990,FALSE,FALSE,FALSE,TRUE
23099053,23,2309,230990,FALSE,FALSE,FALSE,TRUE
23099059,23,2309,230990,FALSE,FALSE,FALSE,TRUE
23099070,23,2309,230990,FALSE,FALSE,FALSE,TRUE
23099091,23,2309,230990,FALSE,FALSE,FALSE,TRUE
23099093,23,2309,230990,FALSE,FALSE,FALSE,FALSE
23099095,23,2309,230990,FALSE,FALSE,FALSE,FALSE
23099096,23,2309,230990,FALSE,FALSE,FALSE,TRUE
23099097,23,2309,230990,FALSE,FALSE,FALSE,FALSE
23099098,23,2309,230990,FALSE,FALSE,FALSE,FALSE
23099099,23,2309,230990,FALSE,FALSE,FALSE,FALSE
24011010,24,2401,240110,FALSE,FALSE,FALSE,FALSE
24011020,24,2401,240110,FALSE,FALSE,FALSE,FALSE
24011030,24,2401,240110,FALSE,FALSE,FALSE,FALSE
24011035,24,2401,240110,FALSE,FALSE,FALSE,TRUE
24011041,24,2401,240110,FALSE,FALSE,FALSE,FALSE
24011049,24,2401,240110,FALSE,FALSE,FALSE,FALSE
24011050,24,2401,240110,FALSE,FALSE,FALSE,FALSE
24011060,24,2401,240110,FALSE,FALSE,FALSE,TRUE
24011070,24,2401,240110,FALSE,FALSE,FALSE,TRUE
24011080,24,2401,240110,FALSE,FALSE,FALSE,FALSE
24011085,24,2401,240110,FALSE,FALSE,FALSE,TRUE
24011090,24,2401,240110,FALSE,FALSE,FALSE,FALSE
24011095,24,2401,240110,FALSE,FALSE,FALSE,TRUE
24012010,24,2401,240120,FALSE,FALSE,FALSE,FALSE
24012020,24,2401,240120,FALSE,FALSE,FALSE,FALSE
24012030,24,2401,240120,FALSE,FALSE,FALSE,FALSE
24012035,24,2401,240120,FALSE,FALSE,FALSE,TRUE
24012041,24,2401,240120,FALSE,FALSE,FALSE,FALSE
24012049,24,2401,240120,FALSE,FALSE,FALSE,FALSE
24012050,24,2401,240120,FALSE,FALSE,FALSE,FALSE
24012060,24,2401,240120,FALSE,FALSE,FALSE,TRUE
24012070,24,2401,240120,FALSE,FALSE,FALSE,TRUE
24012080,24,2401,240120,FALSE,FALSE,FALSE,FALSE
24012085,24,2401,240120,FALSE,FALSE,FALSE,TRUE
24012090,24,2401,240120,FALSE,FALSE,FALSE,FALSE
24012095,24,2401,240120,FALSE,FALSE,FALSE,TRUE
24013000,24,2401,240130,FALSE,FALSE,FALSE,TRUE
24021000,24,2402,240210,FALSE,FALSE,FALSE,TRUE
24022010,24,2402,240220,FALSE,FALSE,FALSE,TRUE
24022090,24,2402,240220,FALSE,FALSE,FALSE,TRUE
24029000,24,2402,240290,FALSE,FALSE,FALSE,TRUE
24031010,24,2403,240310,FALSE,FALSE,FALSE,FALSE
24031090,24,2403,240310,FALSE,FALSE,FALSE,FALSE
24031100,24,2403,240311,FALSE,FALSE,FALSE,TRUE
24031910,24,2403,240319,FALSE,FALSE,FALSE,TRUE
24031990,24,2403,240319,FALSE,FALSE,FALSE,TRUE
24039100,24,2403,240391,FALSE,FALSE,FALSE,TRUE
24039910,24,2403,240399,FALSE,FALSE,FALSE,TRUE
24039990,24,2403,240399,FALSE,FALSE,FALSE,TRUE
25010010,25,2501,250100,FALSE,FALSE,FALSE,TRUE
25010031,25,2501,250100,FALSE,FALSE,FALSE,TRUE
25010051,25,2501,250100,FALSE,FALSE,FALSE,TRUE
25010091,25,2501,250100,FALSE,FALSE,FALSE,TRUE
25010099,25,2501,250100,FALSE,FALSE,FALSE,TRUE
25020000,25,2502,250200,FALSE,FALSE,FALSE,TRUE
25030010,25,2503,250300,FALSE,FALSE,FALSE,TRUE
25030090,25,2503,250300,FALSE,FALSE,FALSE,TRUE
25031000,25,2503,250310,FALSE,FALSE,FALSE,FALSE
25039000,25,2503,250390,FALSE,FALSE,FALSE,FALSE
25041000,25,2504,250410,FALSE,FALSE,FALSE,TRUE
25049000,25,2504,250490,FALSE,FALSE,FALSE,TRUE
25051000,25,2505,250510,FALSE,FALSE,FALSE,TRUE
25059000,25,2505,250590,FALSE,FALSE,FALSE,TRUE
25061000,25,2506,250610,FALSE,FALSE,FALSE,TRUE
25062000,25,2506,250620,FALSE,FALSE,FALSE,TRUE
25062100,25,2506,250621,FALSE,FALSE,FALSE,FALSE
25062900,25,2506,250629,FALSE,FALSE,FALSE,FALSE
25070020,25,2507,250700,FALSE,TRUE,TRUE,TRUE
25070080,25,2507,250700,FALSE,TRUE,TRUE,TRUE
25081000,25,2508,250810,FALSE,FALSE,FALSE,TRUE
25082000,25,2508,250820,FALSE,FALSE,FALSE,FALSE
25083000,25,2508,250830,FALSE,FALSE,FALSE,TRUE
25084000,25,2508,250840,FALSE,FALSE,FALSE,TRUE
25085000,25,2508,250850,FALSE,FALSE,FALSE,TRUE
25086000,25,2508,250860,FALSE,FALSE,FALSE,TRUE
25087000,25,2508,250870,FALSE,FALSE,FALSE,TRUE
25087010,25,2508,250870,FALSE,FALSE,FALSE,FALSE
25087090,25,2508,250870,FALSE,FALSE,FALSE,FALSE
25090000,25,2509,250900,FALSE,FALSE,FALSE,TRUE
25101000,25,2510,251010,FALSE,FALSE,FALSE,TRUE
25102000,25,2510,251020,FALSE,FALSE,FALSE,TRUE
25111000,25,2511,251110,FALSE,FALSE,FALSE,TRUE
25112000,25,2511,251120,FALSE,FALSE,FALSE,TRUE
25120000,25,2512,251200,FALSE,FALSE,FALSE,TRUE
25131000,25,2513,251310,FALSE,FALSE,FALSE,TRUE
25131100,25,2513,251311,FALSE,FALSE,FALSE,FALSE
25131900,25,2513,251319,FALSE,FALSE,FALSE,FALSE
25132000,25,2513,251320,FALSE,FALSE,FALSE,TRUE
25132100,25,2513,251321,FALSE,FALSE,FALSE,FALSE
25132900,25,2513,251329,FALSE,FALSE,FALSE,FALSE
25140000,25,2514,251400,FALSE,FALSE,FALSE,TRUE
25151100,25,2515,251511,FALSE,FALSE,FALSE,TRUE
25151200,25,2515,251512,FALSE,FALSE,FALSE,TRUE
25151220,25,2515,251512,FALSE,FALSE,FALSE,FALSE
25151250,25,2515,251512,FALSE,FALSE,FALSE,FALSE
25151290,25,2515,251512,FALSE,FALSE,FALSE,FALSE
25152000,25,2515,251520,FALSE,FALSE,FALSE,TRUE
25161100,25,2516,251611,FALSE,FALSE,FALSE,TRUE
25161200,25,2516,251612,FALSE,FALSE,FALSE,TRUE
25161210,25,2516,251612,FALSE,FALSE,FALSE,FALSE
25161290,25,2516,251612,FALSE,FALSE,FALSE,FALSE
25162000,25,2516,251620,FALSE,FALSE,FALSE,TRUE
25162100,25,2516,251621,FALSE,FALSE,FALSE,FALSE
25162200,25,2516,251622,FALSE,FALSE,FALSE,FALSE
25162210,25,2516,251622,FALSE,FALSE,FALSE,FALSE
25162290,25,2516,251622,FALSE,FALSE,FALSE,FALSE
25169000,25,2516,251690,FALSE,FALSE,FALSE,TRUE
25169010,25,2516,251690,FALSE,FALSE,FALSE,FALSE
25169090,25,2516,251690,FALSE,FALSE,FALSE,FALSE
25171010,25,2517,251710,FALSE,FALSE,FALSE,TRUE
25171020,25,2517,251710,FALSE,FALSE,FALSE,TRUE
25171080,25,2517,251710,FALSE,FALSE,FALSE,TRUE
25172000,25,2517,251720,FALSE,FALSE,FALSE,TRUE
25173000,25,2517,251730,FALSE,FALSE,FALSE,TRUE
25174100,25,2517,251741,FALSE,FALSE,FALSE,TRUE
25174900,25,2517,251749,FALSE,FALSE,FALSE,TRUE
25181000,25,2518,251810,TRUE,FALSE,TRUE,TRUE
25182000,25,2518,251820,TRUE,FALSE,TRUE,TRUE
25183000,25,2518,251830,TRUE,FALSE,TRUE,TRUE
25191000,25,2519,251910,TRUE,FALSE,TRUE,TRUE
25199010,25,2519,251990,TRUE,FALSE,TRUE,TRUE
25199030,25,2519,251990,TRUE,FALSE,TRUE,TRUE
25199090,25,2519,251990,TRUE,FALSE,TRUE,TRUE
25201000,25,2520,252010,FALSE,FALSE,FALSE,TRUE
25202000,25,2520,252020,FALSE,FALSE,FALSE,TRUE
25202010,25,2520,252020,FALSE,FALSE,FALSE,FALSE
25202090,25,2520,252020,FALSE,FALSE,FALSE,FALSE
25210000,25,2521,252100,TRUE,FALSE,TRUE,TRUE
25221000,25,2522,252210,TRUE,FALSE,TRUE,TRUE
25222000,25,2522,252220,TRUE,FALSE,TRUE,TRUE
25223000,25,2522,252230,TRUE,FALSE,TRUE,TRUE
25231000,25,2523,252310,TRUE,TRUE,TRUE,TRUE
25232100,25,2523,252321,TRUE,TRUE,TRUE,TRUE
25232900,25,2523,252329,TRUE,TRUE,TRUE,TRUE
25233000,25,2523,252330,TRUE,TRUE,TRUE,TRUE
25239000,25,2523,252390,TRUE,TRUE,TRUE,TRUE
25239010,25,2523,252390,TRUE,TRUE,TRUE,FALSE
25239030,25,2523,252390,TRUE,TRUE,TRUE,FALSE
25239080,25,2523,252390,TRUE,TRUE,TRUE,FALSE
25239090,25,2523,252390,TRUE,TRUE,TRUE,FALSE
25240000,25,2524,252400,FALSE,FALSE,FALSE,FALSE
25240030,25,2524,252400,FALSE,FALSE,FALSE,FALSE
25240080,25,2524,252400,FALSE,FALSE,FALSE,FALSE
25241000,25,2524,252410,FALSE,FALSE,FALSE,TRUE
25249000,25,2524,252490,FALSE,FALSE,FALSE,TRUE
25251000,25,2525,252510,FALSE,FALSE,FALSE,TRUE
25252000,25,2525,252520,FALSE,FALSE,FALSE,TRUE
25253000,25,2525,252530,FALSE,FALSE,FALSE,TRUE
25261000,25,2526,252610,FALSE,FALSE,FALSE,TRUE
25262000,25,2526,252620,FALSE,FALSE,FALSE,TRUE
25270000,25,2527,252700,FALSE,FALSE,FALSE,FALSE
25280000,25,2528,252800,FALSE,FALSE,FALSE,TRUE
25281000,25,2528,252810,FALSE,FALSE,FALSE,FALSE
25289000,25,2528,252890,FALSE,FALSE,FALSE,FALSE
25291000,25,2529,252910,FALSE,FALSE,FALSE,TRUE
25292100,25,2529,252921,FALSE,FALSE,FALSE,TRUE
25292200,25,2529,252922,FALSE,FALSE,FALSE,TRUE
25293000,25,2529,252930,FALSE,FALSE,FALSE,TRUE
25301000,25,2530,253010,FALSE,FALSE,FALSE,TRUE
25301010,25,2530,253010,FALSE,FALSE,FALSE,FALSE
25301090,25,2530,253010,FALSE,FALSE,FALSE,FALSE
25302000,25,2530,253020,FALSE,FALSE,FALSE,TRUE
25303000,25,2530,253030,FALSE,FALSE,FALSE,FALSE
25304000,25,2530,253040,FALSE,FALSE,FALSE,FALSE
25309000,25,2530,253090,FALSE,FALSE,FALSE,TRUE
25309020,25,2530,253090,FALSE,FALSE,FALSE,FALSE
25309080,25,2530,253090,FALSE,FALSE,FALSE,FALSE
25309095,25,2530,253090,FALSE,FALSE,FALSE,FALSE
25309098,25,2530,253090,FALSE,FALSE,FALSE,FALSE
26011100,26,2601,260111,TRUE,FALSE,TRUE,TRUE
26011200,26,2601,260112,TRUE,TRUE,TRUE,TRUE
26012000,26,2601,260120,TRUE,FALSE,TRUE,TRUE
26020000,26,2602,260200,TRUE,FALSE,TRUE,TRUE
26030000,26,2603,260300,TRUE,FALSE,TRUE,TRUE
26040000,26,2604,260400,TRUE,FALSE,TRUE,TRUE
26050000,26,2605,260500,TRUE,FALSE,TRUE,TRUE
26060000,26,2606,260600,TRUE,FALSE,TRUE,TRUE
26070000,26,2607,260700,TRUE,FALSE,TRUE,TRUE
26080000,26,2608,260800,TRUE,FALSE,TRUE,TRUE
26090000,26,2609,260900,TRUE,FALSE,TRUE,TRUE
26100000,26,2610,261000,TRUE,FALSE,TRUE,TRUE
26110000,26,2611,261100,TRUE,FALSE,TRUE,TRUE
26121010,26,2612,261210,TRUE,FALSE,TRUE,TRUE
26121090,26,2612,261210,TRUE,FALSE,TRUE,TRUE
26122010,26,2612,261220,TRUE,FALSE,TRUE,TRUE
26122090,26,2612,261220,TRUE,FALSE,TRUE,TRUE
26131000,26,2613,261310,TRUE,FALSE,TRUE,TRUE
26139000,26,2613,261390,TRUE,FALSE,TRUE,TRUE
26140000,26,2614,261400,TRUE,FALSE,TRUE,TRUE
26140010,26,2614,261400,TRUE,FALSE,TRUE,FALSE
26140090,26,2614,261400,TRUE,FALSE,TRUE,FALSE
26151000,26,2615,261510,TRUE,FALSE,TRUE,TRUE
26159000,26,2615,261590,TRUE,FALSE,TRUE,TRUE
26159010,26,2615,261590,TRUE,FALSE,TRUE,FALSE
26159090,26,2615,261590,TRUE,FALSE,TRUE,FALSE
26161000,26,2616,261610,TRUE,FALSE,TRUE,TRUE
26169000,26,2616,261690,TRUE,FALSE,TRUE,TRUE
26171000,26,2617,261710,TRUE,FALSE,TRUE,TRUE
26179000,26,2617,261790,TRUE,FALSE,TRUE,TRUE
26180000,26,2618,261800,FALSE,FALSE,FALSE,TRUE
26190010,26,2619,261900,FALSE,FALSE,FALSE,FALSE
26190020,26,2619,261900,FALSE,FALSE,FALSE,TRUE
26190040,26,2619,261900,FALSE,FALSE,FALSE,FALSE
26190080,26,2619,261900,FALSE,FALSE,FALSE,FALSE
26190090,26,2619,261900,FALSE,FALSE,FALSE,TRUE
26190091,26,2619,261900,FALSE,FALSE,FALSE,FALSE
26190093,26,2619,261900,FALSE,FALSE,FALSE,FALSE
26190095,26,2619,261900,FALSE,FALSE,FALSE,FALSE
26190099,26,2619,261900,FALSE,FALSE,FALSE,FALSE
26201100,26,2620,262011,FALSE,FALSE,FALSE,TRUE
26201900,26,2620,262019,FALSE,FALSE,FALSE,TRUE
26202000,26,2620,262020,FALSE,FALSE,FALSE,FALSE
26202100,26,2620,262021,FALSE,FALSE,FALSE,TRUE
26202900,26,2620,262029,FALSE,FALSE,FALSE,TRUE
26203000,26,2620,262030,FALSE,FALSE,FALSE,TRUE
26204000,26,2620,262040,FALSE,FALSE,FALSE,TRUE
26205000,26,2620,262050,FALSE,FALSE,FALSE,FALSE
26206000,26,2620,262060,FALSE,FALSE,FALSE,TRUE
26209010,26,2620,262090,FALSE,FALSE,FALSE,FALSE
26209020,26,2620,262090,FALSE,FALSE,FALSE,FALSE
26209030,26,2620,262090,FALSE,FALSE,FALSE,FALSE
26209040,26,2620,262090,FALSE,FALSE,FALSE,FALSE
26209050,26,2620,262090,FALSE,FALSE,FALSE,FALSE
26209060,26,2620,262090,FALSE,FALSE,FALSE,FALSE
26209070,26,2620,262090,FALSE,FALSE,FALSE,FALSE
26209080,26,2620,262090,FALSE,FALSE,FALSE,FALSE
26209091,26,2620,262090,FALSE,FALSE,FALSE,FALSE
26209099,26,2620,262090,FALSE,FALSE,FALSE,FALSE
26209100,26,2620,262091,FALSE,FALSE,FALSE,TRUE
26209910,26,2620,262099,FALSE,FALSE,FALSE,TRUE
26209920,26,2620,262099,FALSE,FALSE,FALSE,TRUE
26209930,26,2620,262099,FALSE,FALSE,FALSE,FALSE
26209940,26,2620,262099,FALSE,FALSE,FALSE,TRUE
26209950,26,2620,262099,FALSE,FALSE,FALSE,FALSE
26209960,26,2620,262099,FALSE,FALSE,FALSE,TRUE
26209970,26,2620,262099,FALSE,FALSE,FALSE,FALSE
26209980,26,2620,262099,FALSE,FALSE,FALSE,FALSE
26209990,26,2620,262099,FALSE,FALSE,FALSE,FALSE
26209995,26,2620,262099,FALSE,FALSE,FALSE,TRUE
26210000,26,2621,262100,FALSE,FALSE,FALSE,FALSE
26211000,26,2621,262110,FALSE,FALSE,FALSE,TRUE
26219000,26,2621,262190,FALSE,FALSE,FALSE,TRUE
27011100,27,2701,270111,TRUE,FALSE,TRUE,TRUE
27011110,27,2701,270111,TRUE,FALSE,TRUE,FALSE
27011190,27,2701,270111,TRUE,FALSE,TRUE,FALSE
27011210,27,2701,270112,TRUE,FALSE,TRUE,TRUE
27011290,27,2701,270112,TRUE,FALSE,TRUE,TRUE
27011900,27,2701,270119,TRUE,FALSE,TRUE,TRUE
27012000,27,2701,270120,TRUE,FALSE,TRUE,TRUE
27021000,27,2702,270210,TRUE,FALSE,TRUE,TRUE
27022000,27,2702,270220,TRUE,FALSE,TRUE,TRUE
27030000,27,2703,270300,TRUE,FALSE,TRUE,TRUE
27040010,27,2704,270400,TRUE,FALSE,TRUE,TRUE
27040011,27,2704,270400,TRUE,FALSE,TRUE,FALSE
27040019,27,2704,270400,TRUE,FALSE,TRUE,FALSE
27040030,27,2704,270400,TRUE,FALSE,TRUE,TRUE
27040090,27,2704,270400,TRUE,FALSE,TRUE,TRUE
27050000,27,2705,270500,TRUE,FALSE,TRUE,TRUE
27060000,27,2706,270600,TRUE,FALSE,TRUE,TRUE
27071000,27,2707,270710,FALSE,FALSE,FALSE,TRUE
27071010,27,2707,270710,FALSE,FALSE,FALSE,FALSE
27071090,27,2707,270710,FALSE,FALSE,FALSE,FALSE
27072000,27,2707,270720,FALSE,FALSE,FALSE,TRUE
27072010,27,2707,270720,FALSE,FALSE,FALSE,FALSE
27072090,27,2707,270720,FALSE,FALSE,FALSE,FALSE
27073000,27,2707,270730,FALSE,FALSE,FALSE,TRUE
27073010,27,2707,270730,FALSE,FALSE,FALSE,FALSE
27073090,27,2707,270730,FALSE,FALSE,FALSE,FALSE
27074000,27,2707,270740,FALSE,FALSE,FALSE,TRUE
27075000,27,2707,270750,FALSE,FALSE,FALSE,TRUE
27075010,27,2707,270750,FALSE,FALSE,FALSE,FALSE
27075090,27,2707,270750,FALSE,FALSE,FALSE,FALSE
27075091,27,2707,270750,FALSE,FALSE,FALSE,FALSE
27075099,27,2707,270750,FALSE,FALSE,FALSE,FALSE
27076000,27,2707,270760,FALSE,FALSE,FALSE,FALSE
27079100,27,2707,270791,FALSE,FALSE,FALSE,TRUE
27079911,27,2707,270799,FALSE,FALSE,FALSE,TRUE
27079919,27,2707,270799,FALSE,FALSE,FALSE,TRUE
27079920,27,2707,270799,FALSE,FALSE,FALSE,TRUE
27079930,27,2707,270799,FALSE,FALSE,FALSE,FALSE
27079950,27,2707,270799,FALSE,FALSE,FALSE,TRUE
27079970,27,2707,270799,FALSE,FALSE,FALSE,FALSE
27079980,27,2707,270799,FALSE,FALSE,FALSE,TRUE
27079991,27,2707,270799,FALSE,FALSE,FALSE,TRUE
27079999,27,2707,270799,FALSE,FALSE,FALSE,TRUE
27081000,27,2708,270810,TRUE,FALSE,TRUE,TRUE
27082000,27,2708,270820,TRUE,FALSE,TRUE,TRUE
27090010,27,2709,270900,TRUE,FALSE,TRUE,TRUE
27090090,27,2709,270900,TRUE,FALSE,TRUE,TRUE
27100011,27,2710,271000,TRUE,FALSE,TRUE,FALSE
27100015,27,2710,271000,TRUE,FALSE,TRUE,FALSE
27100021,27,2710,271000,TRUE,FALSE,TRUE,FALSE
27100025,27,2710,271000,TRUE,FALSE,TRUE,FALSE
27100026,27,2710,271000,TRUE,FALSE,TRUE,FALSE
27100027,27,2710,271000,TRUE,FALSE,TRUE,FALSE
27100029,27,2710,271000,TRUE,FALSE,TRUE,FALSE
27100032,27,2710,271000,TRUE,FALSE,TRUE,FALSE
27100034,27,2710,271000,TRUE,FALSE,TRUE,FALSE
27100036,27,2710,271000,TRUE,FALSE,TRUE,FALSE
27100037,27,2710,271000,TRUE,FALSE,TRUE,FALSE
27100039,27,2710,271000,TRUE,FALSE,TRUE,FALSE
27100041,27,2710,271000,TRUE,FALSE,TRUE,FALSE
27100045,27,2710,271000,TRUE,FALSE,TRUE,FALSE
27100051,27,2710,271000,TRUE,FALSE,TRUE,FALSE
27100055,27,2710,271000,TRUE,FALSE,TRUE,FALSE
27100059,27,2710,271000,TRUE,FALSE,TRUE,FALSE
27100061,27,2710,271000,TRUE,FALSE,TRUE,FALSE
27100065,27,2710,271000,TRUE,FALSE,TRUE,FALSE
27100066,27,2710,271000,TRUE,FALSE,TRUE,FALSE
27100067,27,2710,271000,TRUE,FALSE,TRUE,FALSE
27100068,27,2710,271000,TRUE,FALSE,TRUE,FALSE
27100069,27,2710,271000,TRUE,FALSE,TRUE,FALSE
27100071,27,2710,271000,TRUE,FALSE,TRUE,FALSE
27100072,27,2710,271000,TRUE,FALSE,TRUE,FALSE
27100074,27,2710,271000,TRUE,FALSE,TRUE,FALSE
27100076,27,2710,271000,TRUE,FALSE,TRUE,FALSE
27100077,27,2710,271000,TRUE,FALSE,TRUE,FALSE
27100078,27,2710,271000,TRUE,FALSE,TRUE,FALSE
27100081,27,2710,271000,TRUE,FALSE,TRUE,FALSE
27100083,27,2710,271000,TRUE,FALSE,TRUE,FALSE
27100085,27,2710,271000,TRUE,FALSE,TRUE,FALSE
27100087,27,2710,271000,TRUE,FALSE,TRUE,FALSE
27100088,27,2710,271000,TRUE,FALSE,TRUE,FALSE
27100089,27,2710,271000,TRUE,FALSE,TRUE,FALSE
27100092,27,2710,271000,TRUE,FALSE,TRUE,FALSE
27100094,27,2710,271000,TRUE,FALSE,TRUE,FALSE
27100096,27,2710,271000,TRUE,FALSE,TRUE,FALSE
27100097,27,2710,271000,TRUE,FALSE,TRUE,FALSE
27100098,27,2710,271000,TRUE,FALSE,TRUE,FALSE
27101111,27,2710,271011,TRUE,FALSE,TRUE,FALSE
27101115,27,2710,271011,TRUE,FALSE,TRUE,FALSE
27101121,27,2710,271011,TRUE,FALSE,TRUE,FALSE
27101125,27,2710,271011,TRUE,FALSE,TRUE,FALSE
27101131,27,2710,271011,TRUE,FALSE,TRUE,FALSE
27101141,27,2710,271011,TRUE,FALSE,TRUE,FALSE
27101145,27,2710,271011,TRUE,FALSE,TRUE,FALSE
27101149,27,2710,271011,TRUE,FALSE,TRUE,FALSE
27101151,27,2710,271011,TRUE,FALSE,TRUE,FALSE
27101159,27,2710,271011,TRUE,FALSE,TRUE,FALSE
27101170,27,2710,271011,TRUE,FALSE,TRUE,FALSE
27101190,27,2710,271011,TRUE,FALSE,TRUE,FALSE
27101211,27,2710,271012,TRUE,FALSE,TRUE,TRUE
27101215,27,2710,271012,TRUE,FALSE,TRUE,TRUE
27101221,27,2710,271012,TRUE,FALSE,TRUE,TRUE
27101225,27,2710,271012,TRUE,FALSE,TRUE,TRUE
27101231,27,2710,271012,TRUE,FALSE,TRUE,TRUE
27101241,27,2710,271012,TRUE,FALSE,TRUE,TRUE
27101245,27,2710,271012,TRUE,FALSE,TRUE,TRUE
27101249,27,2710,271012,TRUE,FALSE,TRUE,TRUE
27101251,27,2710,271012,TRUE,FALSE,TRUE,TRUE
27101259,27,2710,271012,TRUE,FALSE,TRUE,TRUE
27101270,27,2710,271012,TRUE,FALSE,TRUE,TRUE
27101290,27,2710,271012,TRUE,FALSE,TRUE,TRUE
27101911,27,2710,271019,TRUE,FALSE,TRUE,TRUE
27101915,27,2710,271019,TRUE,FALSE,TRUE,TRUE
27101921,27,2710,271019,TRUE,FALSE,TRUE,TRUE
27101925,27,2710,271019,TRUE,FALSE,TRUE,TRUE
27101929,27,2710,271019,TRUE,FALSE,TRUE,TRUE
27101931,27,2710,271019,TRUE,FALSE,TRUE,TRUE
27101935,27,2710,271019,TRUE,FALSE,TRUE,TRUE
27101941,27,2710,271019,TRUE,FALSE,TRUE,FALSE
27101943,27,2710,271019,TRUE,FALSE,TRUE,TRUE
27101945,27,2710,271019,TRUE,FALSE,TRUE,FALSE
27101946,27,2710,271019,TRUE,FALSE,TRUE,TRUE
27101947,27,2710,271019,TRUE,FALSE,TRUE,TRUE
27101948,27,2710,271019,TRUE,FALSE,TRUE,TRUE
27101949,27,2710,271019,TRUE,FALSE,TRUE,FALSE
27101951,27,2710,271019,TRUE,FALSE,TRUE,TRUE
27101955,27,2710,271019,TRUE,FALSE,TRUE,TRUE
27101961,27,2710,271019,TRUE,FALSE,TRUE,FALSE
27101962,27,2710,271019,TRUE,FALSE,TRUE,TRUE
27101963,27,2710,271019,TRUE,FALSE,TRUE,FALSE
27101964,27,2710,271019,TRUE,FALSE,TRUE,TRUE
27101965,27,2710,271019,TRUE,FALSE,TRUE,FALSE
27101968,27,2710,271019,TRUE,FALSE,TRUE,TRUE
27101969,27,2710,271019,TRUE,FALSE,TRUE,FALSE
27101971,27,2710,271019,TRUE,FALSE,TRUE,TRUE
27101975,27,2710,271019,TRUE,FALSE,TRUE,TRUE
27101981,27,2710,271019,TRUE,FALSE,TRUE,TRUE
27101983,27,2710,271019,TRUE,FALSE,TRUE,TRUE
27101985,27,2710,271019,TRUE,FALSE,TRUE,TRUE
27101987,27,2710,271019,TRUE,FALSE,TRUE,TRUE
27101991,27,2710,271019,TRUE,FALSE,TRUE,TRUE
27101993,27,2710,271019,TRUE,FALSE,TRUE,TRUE
27101999,27,2710,271019,TRUE,FALSE,TRUE,TRUE
27102011,27,2710,271020,TRUE,FALSE,TRUE,TRUE
27102015,27,2710,271020,TRUE,FALSE,TRUE,TRUE
27102017,27,2710,271020,TRUE,FALSE,TRUE,TRUE
27102019,27,2710,271020,TRUE,FALSE,TRUE,TRUE
27102031,27,2710,271020,TRUE,FALSE,TRUE,TRUE
27102035,27,2710,271020,TRUE,FALSE,TRUE,TRUE
27102039,27,2710,271020,TRUE,FALSE,TRUE,TRUE
27102090,27,2710,271020,TRUE,FALSE,TRUE,TRUE
27109100,27,2710,271091,TRUE,FALSE,TRUE,TRUE
27109900,27,2710,271099,TRUE,FALSE,TRUE,TRUE
27111100,27,2711,271111,TRUE,FALSE,TRUE,TRUE
27111211,27,2711,271112,TRUE,FALSE,TRUE,TRUE
27111219,27,2711,271112,TRUE,FALSE,TRUE,TRUE
27111291,27,2711,271112,TRUE,FALSE,TRUE,TRUE
27111293,27,2711,271112,TRUE,FALSE,TRUE,TRUE
27111294,27,2711,271112,TRUE,FALSE,TRUE,TRUE
27111296,27,2711,271112,TRUE,FALSE,TRUE,FALSE
27111297,27,2711,271112,TRUE,FALSE,TRUE,TRUE
27111298,27,2711,271112,TRUE,FALSE,TRUE,FALSE
27111310,27,2711,271113,TRUE,FALSE,TRUE,TRUE
27111330,27,2711,271113,TRUE,FALSE,TRUE,TRUE
27111391,27,2711,271113,TRUE,FALSE,TRUE,TRUE
27111393,27,2711,271113,TRUE,FALSE,TRUE,FALSE
27111397,27,2711,271113,TRUE,FALSE,TRUE,TRUE
27111398,27,2711,271113,TRUE,FALSE,TRUE,FALSE
27111400,27,2711,271114,TRUE,FALSE,TRUE,TRUE
27111900,27,2711,271119,TRUE,FALSE,TRUE,TRUE
27112100,27,2711,271121,TRUE,FALSE,TRUE,TRUE
27112900,27,2711,271129,TRUE,FALSE,TRUE,TRUE
27121010,27,2712,271210,TRUE,FALSE,TRUE,TRUE
27121090,27,2712,271210,TRUE,FALSE,TRUE,TRUE
27122000,27,2712,271220,TRUE,FALSE,TRUE,FALSE
27122010,27,2712,271220,TRUE,FALSE,TRUE,TRUE
27122090,27,2712,271220,TRUE,FALSE,TRUE,TRUE
27129011,27,2712,271290,TRUE,FALSE,TRUE,TRUE
27129019,27,2712,271290,TRUE,FALSE,TRUE,TRUE
27129031,27,2712,271290,TRUE,FALSE,TRUE,TRUE
27129033,27,2712,271290,TRUE,FALSE,TRUE,TRUE
27129039,27,2712,271290,TRUE,FALSE,TRUE,TRUE
27129090,27,2712,271290,TRUE,FALSE,TRUE,FALSE
27129091,27,2712,271290,TRUE,FALSE,TRUE,TRUE
27129099,27,2712,271290,TRUE,FALSE,TRUE,TRUE
27131100,27,2713,271311,TRUE,FALSE,TRUE,TRUE
27131200,27,2713,271312,TRUE,FALSE,TRUE,TRUE
27132000,27,2713,271320,TRUE,FALSE,TRUE,TRUE
27139010,27,2713,271390,TRUE,FALSE,TRUE,TRUE
27139090,27,2713,271390,TRUE,FALSE,TRUE,TRUE
27141000,27,2714,271410,TRUE,FALSE,TRUE,TRUE
27149000,27,2714,271490,TRUE,FALSE,TRUE,TRUE
27150000,27,2715,271500,TRUE,FALSE,TRUE,TRUE
27150010,27,2715,271500,TRUE,FALSE,TRUE,FALSE
27150090,27,2715,271500,TRUE,FALSE,TRUE,FALSE
27160000,27,2716,271600,TRUE,TRUE,TRUE,TRUE
28011000,28,2801,280110,TRUE,FALSE,TRUE,TRUE
28012000,28,2801,280120,TRUE,FALSE,TRUE,TRUE
28013010,28,2801,280130,TRUE,FALSE,TRUE,TRUE
28013090,28,2801,280130,TRUE,FALSE,TRUE,TRUE
28020000,28,2802,280200,TRUE,FALSE,TRUE,TRUE
28030000,28,2803,280300,TRUE,FALSE,TRUE,TRUE
28030010,28,2803,280300,TRUE,FALSE,TRUE,FALSE
28030030,28,2803,280300,TRUE,FALSE,TRUE,FALSE
28030080,28,2803,280300,TRUE,FALSE,TRUE,FALSE
28030090,28,2803,280300,TRUE,FALSE,TRUE,FALSE
28041000,28,2804,280410,TRUE,TRUE,TRUE,TRUE
28042100,28,2804,280421,TRUE,FALSE,TRUE,TRUE
28042900,28,2804,280429,TRUE,FALSE,TRUE,FALSE
28042910,28,2804,280429,TRUE,FALSE,TRUE,TRUE
28042990,28,2804,280429,TRUE,FALSE,TRUE,TRUE
28043000,28,2804,280430,TRUE,FALSE,TRUE,TRUE
28044000,28,2804,280440,TRUE,FALSE,TRUE,TRUE
28045010,28,2804,280450,TRUE,FALSE,TRUE,TRUE
28045090,28,2804,280450,TRUE,FALSE,TRUE,TRUE
28046100,28,2804,280461,TRUE,FALSE,TRUE,TRUE
28046900,28,2804,280469,TRUE,FALSE,TRUE,TRUE
28047000,28,2804,280470,TRUE,FALSE,TRUE,TRUE
28048000,28,2804,280480,TRUE,FALSE,TRUE,TRUE
28049000,28,2804,280490,TRUE,FALSE,TRUE,TRUE
28051100,28,2805,280511,TRUE,FALSE,TRUE,TRUE
28051200,28,2805,280512,TRUE,FALSE,TRUE,TRUE
28051900,28,2805,280519,TRUE,FALSE,TRUE,FALSE
28051910,28,2805,280519,TRUE,FALSE,TRUE,TRUE
28051990,28,2805,280519,TRUE,FALSE,TRUE,TRUE
28052100,28,2805,280521,TRUE,FALSE,TRUE,FALSE
28052200,28,2805,280522,TRUE,FALSE,TRUE,FALSE
28053010,28,2805,280530,TRUE,FALSE,TRUE,TRUE
28053020,28,2805,280530,TRUE,FALSE,TRUE,FALSE
28053030,28,2805,280530,TRUE,FALSE,TRUE,FALSE
28053040,28,2805,280530,TRUE,FALSE,TRUE,FALSE
28053080,28,2805,280530,TRUE,FALSE,TRUE,FALSE
28053090,28,2805,280530,TRUE,FALSE,TRUE,TRUE
28054010,28,2805,280540,TRUE,FALSE,TRUE,TRUE
28054090,28,2805,280540,TRUE,FALSE,TRUE,TRUE
28061000,28,2806,280610,TRUE,FALSE,TRUE,TRUE
28062000,28,2806,280620,TRUE,FALSE,TRUE,TRUE
28070000,28,2807,280700,TRUE,FALSE,TRUE,TRUE
28070010,28,2807,280700,TRUE,FALSE,TRUE,FALSE
28070090,28,2807,280700,TRUE,FALSE,TRUE,FALSE
28080000,28,2808,280800,TRUE,TRUE,TRUE,TRUE
28091000,28,2809,280910,TRUE,FALSE,TRUE,TRUE
28092000,28,2809,280920,TRUE,FALSE,TRUE,TRUE
28100000,28,2810,281000,TRUE,FALSE,TRUE,FALSE
28100010,28,2810,281000,TRUE,FALSE,TRUE,TRUE
28100090,28,2810,281000,TRUE,FALSE,TRUE,TRUE
28111100,28,2811,281111,TRUE,FALSE,TRUE,TRUE
28111200,28,2811,281112,TRUE,FALSE,TRUE,FALSE
28111910,28,2811,281119,TRUE,FALSE,TRUE,TRUE
28111920,28,2811,281119,TRUE,FALSE,TRUE,TRUE
28111980,28,2811,281119,TRUE,FALSE,TRUE,TRUE
28111990,28,2811,281119,TRUE,FALSE,TRUE,FALSE
28112100,28,2811,281121,TRUE,FALSE,TRUE,TRUE
28112200,28,2811,281122,TRUE,FALSE,TRUE,TRUE
28112300,28,2811,281123,TRUE,FALSE,TRUE,FALSE
28112905,28,2811,281129,TRUE,FALSE,TRUE,TRUE
28112910,28,2811,281129,TRUE,FALSE,TRUE,TRUE
28112930,28,2811,281129,TRUE,FALSE,TRUE,TRUE
28112990,28,2811,281129,TRUE,FALSE,TRUE,TRUE
28121011,28,2812,281210,TRUE,FALSE,TRUE,TRUE
28121015,28,2812,281210,TRUE,FALSE,TRUE,TRUE
28121016,28,2812,281210,TRUE,FALSE,TRUE,TRUE
28121018,28,2812,281210,TRUE,FALSE,TRUE,TRUE
28121019,28,2812,281210,TRUE,FALSE,TRUE,FALSE
28121090,28,2812,281210,TRUE,FALSE,TRUE,FALSE
28121091,28,2812,281210,TRUE,FALSE,TRUE,TRUE
28121093,28,2812,281210,TRUE,FALSE,TRUE,TRUE
28121094,28,2812,281210,TRUE,FALSE,TRUE,TRUE
28121095,28,2812,281210,TRUE,FALSE,TRUE,TRUE
28121099,28,2812,281210,TRUE,FALSE,TRUE,TRUE
28121100,28,2812,281211,TRUE,FALSE,TRUE,FALSE
28121200,28,2812,281212,TRUE,FALSE,TRUE,FALSE
28121300,28,2812,281213,TRUE,FALSE,TRUE,FALSE
28121400,28,2812,281214,TRUE,FALSE,TRUE,FALSE
28121500,28,2812,281215,TRUE,FALSE,TRUE,FALSE
28121600,28,2812,281216,TRUE,FALSE,TRUE,FALSE
28121700,28,2812,281217,TRUE,FALSE,TRUE,FALSE
28121910,28,2812,281219,TRUE,FALSE,TRUE,FALSE
28121990,28,2812,281219,TRUE,FALSE,TRUE,FALSE
28129000,28,2812,281290,TRUE,FALSE,TRUE,TRUE
28131000,28,2813,281310,TRUE,FALSE,TRUE,TRUE
28139010,28,2813,281390,TRUE,FALSE,TRUE,TRUE
28139090,28,2813,281390,TRUE,FALSE,TRUE,TRUE
28141000,28,2814,281410,TRUE,TRUE,TRUE,TRUE
28142000,28,2814,281420,TRUE,TRUE,TRUE,TRUE
28151100,28,2815,281511,TRUE,FALSE,TRUE,TRUE
28151200,28,2815,281512,TRUE,FALSE,TRUE,TRUE
28152000,28,2815,281520,TRUE,FALSE,TRUE,TRUE
28152010,28,2815,281520,TRUE,FALSE,TRUE,FALSE
28152090,28,2815,281520,TRUE,FALSE,TRUE,FALSE
28153000,28,2815,281530,TRUE,FALSE,TRUE,TRUE
28161000,28,2816,281610,TRUE,FALSE,TRUE,TRUE
28162000,28,2816,281620,TRUE,FALSE,TRUE,FALSE
28163000,28,2816,281630,TRUE,FALSE,TRUE,FALSE
28164000,28,2816,281640,TRUE,FALSE,TRUE,TRUE
28170000,28,2817,281700,TRUE,FALSE,TRUE,TRUE
28181000,28,2818,281810,TRUE,FALSE,TRUE,FALSE
28181010,28,2818,281810,TRUE,FALSE,TRUE,FALSE
28181011,28,2818,281810,TRUE,FALSE,TRUE,TRUE
28181019,28,2818,281810,TRUE,FALSE,TRUE,TRUE
28181090,28,2818,281810,TRUE,FALSE,TRUE,FALSE
28181091,28,2818,281810,TRUE,FALSE,TRUE,TRUE
28181099,28,2818,281810,TRUE,FALSE,TRUE,TRUE
28182000,28,2818,281820,TRUE,FALSE,TRUE,TRUE
28183000,28,2818,281830,TRUE,FALSE,TRUE,TRUE
28191000,28,2819,281910,TRUE,FALSE,TRUE,TRUE
28199000,28,2819,281990,TRUE,FALSE,TRUE,FALSE
28199010,28,2819,281990,TRUE,FALSE,TRUE,TRUE
28199090,28,2819,281990,TRUE,FALSE,TRUE,TRUE
28201000,28,2820,282010,TRUE,FALSE,TRUE,TRUE
28209000,28,2820,282090,TRUE,FALSE,TRUE,FALSE
28209010,28,2820,282090,TRUE,FALSE,TRUE,TRUE
28209090,28,2820,282090,TRUE,FALSE,TRUE,TRUE
28211000,28,2821,282110,TRUE,FALSE,TRUE,TRUE
28212000,28,2821,282120,TRUE,FALSE,TRUE,TRUE
28220000,28,2822,282200,TRUE,FALSE,TRUE,TRUE
28230000,28,2823,282300,TRUE,FALSE,TRUE,TRUE
28241000,28,2824,282410,TRUE,FALSE,TRUE,TRUE
28242000,28,2824,282420,TRUE,FALSE,TRUE,FALSE
28249000,28,2824,282490,TRUE,FALSE,TRUE,TRUE
28249010,28,2824,282490,TRUE,FALSE,TRUE,FALSE
28249090,28,2824,282490,TRUE,FALSE,TRUE,FALSE
28251000,28,2825,282510,TRUE,FALSE,TRUE,TRUE
28252000,28,2825,282520,TRUE,FALSE,TRUE,TRUE
28253000,28,2825,282530,TRUE,FALSE,TRUE,TRUE
28254000,28,2825,282540,TRUE,FALSE,TRUE,TRUE
28255000,28,2825,282550,TRUE,FALSE,TRUE,TRUE
28256000,28,2825,282560,TRUE,FALSE,TRUE,TRUE
28257000,28,2825,282570,TRUE,FALSE,TRUE,TRUE
28258000,28,2825,282580,TRUE,FALSE,TRUE,TRUE
28259010,28,2825,282590,TRUE,FALSE,TRUE,FALSE
28259011,28,2825,282590,TRUE,FALSE,TRUE,TRUE
28259019,28,2825,282590,TRUE,FALSE,TRUE,TRUE
28259020,28,2825,282590,TRUE,FALSE,TRUE,TRUE
28259030,28,2825,282590,TRUE,FALSE,TRUE,FALSE
28259040,28,2825,282590,TRUE,FALSE,TRUE,TRUE
28259050,28,2825,282590,TRUE,FALSE,TRUE,FALSE
28259060,28,2825,282590,TRUE,FALSE,TRUE,TRUE
28259080,28,2825,282590,TRUE,FALSE,TRUE,FALSE
28259085,28,2825,282590,TRUE,FALSE,TRUE,TRUE
28261100,28,2826,282611,TRUE,FALSE,TRUE,FALSE
28261200,28,2826,282612,TRUE,FALSE,TRUE,TRUE
28261900,28,2826,282619,TRUE,FALSE,TRUE,FALSE
28261910,28,2826,282619,TRUE,FALSE,TRUE,TRUE
28261990,28,2826,282619,TRUE,FALSE,TRUE,TRUE
28262000,28,2826,282620,TRUE,FALSE,TRUE,FALSE
28263000,28,2826,282630,TRUE,FALSE,TRUE,TRUE
28269010,28,2826,282690,TRUE,FALSE,TRUE,TRUE
28269080,28,2826,282690,TRUE,FALSE,TRUE,TRUE
28269090,28,2826,282690,TRUE,FALSE,TRUE,FALSE
28271000,28,2827,282710,TRUE,FALSE,TRUE,TRUE
28272000,28,2827,282720,TRUE,FALSE,TRUE,TRUE
28273100,28,2827,282731,TRUE,FALSE,TRUE,TRUE
28273200,28,2827,282732,TRUE,FALSE,TRUE,TRUE
28273300,28,2827,282733,TRUE,FALSE,TRUE,FALSE
28273400,28,2827,282734,TRUE,FALSE,TRUE,FALSE
28273500,28,2827,282735,TRUE,FALSE,TRUE,TRUE
28273600,28,2827,282736,TRUE,FALSE,TRUE,FALSE
28273700,28,2827,282737,TRUE,FALSE,TRUE,FALSE
28273800,28,2827,282738,TRUE,FALSE,TRUE,FALSE
28273900,28,2827,282739,TRUE,FALSE,TRUE,FALSE
28273910,28,2827,282739,TRUE,FALSE,TRUE,TRUE
28273920,28,2827,282739,TRUE,FALSE,TRUE,TRUE
28273930,28,2827,282739,TRUE,FALSE,TRUE,TRUE
28273980,28,2827,282739,TRUE,FALSE,TRUE,FALSE
28273985,28,2827,282739,TRUE,FALSE,TRUE,TRUE
28273990,28,2827,282739,TRUE,FALSE,TRUE,FALSE
28274100,28,2827,282741,TRUE,FALSE,TRUE,TRUE
28274910,28,2827,282749,TRUE,FALSE,TRUE,TRUE
28274990,28,2827,282749,TRUE,FALSE,TRUE,TRUE
28275100,28,2827,282751,TRUE,FALSE,TRUE,TRUE
28275900,28,2827,282759,TRUE,FALSE,TRUE,TRUE
28276000,28,2827,282760,TRUE,FALSE,TRUE,TRUE
28281000,28,2828,282810,TRUE,FALSE,TRUE,TRUE
28289000,28,2828,282890,TRUE,FALSE,TRUE,TRUE
28291100,28,2829,282911,TRUE,FALSE,TRUE,TRUE
28291900,28,2829,282919,TRUE,FALSE,TRUE,TRUE
28299010,28,2829,282990,TRUE,FALSE,TRUE,TRUE
28299040,28,2829,282990,TRUE,FALSE,TRUE,TRUE
28299050,28,2829,282990,TRUE,FALSE,TRUE,FALSE
28299060,28,2829,282990,TRUE,FALSE,TRUE,FALSE
28299080,28,2829,282990,TRUE,FALSE,TRUE,TRUE
28301000,28,2830,283010,TRUE,FALSE,TRUE,TRUE
28302000,28,2830,283020,TRUE,FALSE,TRUE,FALSE
28303000,28,2830,283030,TRUE,FALSE,TRUE,FALSE
28309011,28,2830,283090,TRUE,FALSE,TRUE,TRUE
28309019,28,2830,283090,TRUE,FALSE,TRUE,FALSE
28309080,28,2830,283090,TRUE,FALSE,TRUE,FALSE
28309085,28,2830,283090,TRUE,FALSE,TRUE,TRUE
28309090,28,2830,283090,TRUE,FALSE,TRUE,FALSE
28311000,28,2831,283110,TRUE,FALSE,TRUE,TRUE
28319000,28,2831,283190,TRUE,FALSE,TRUE,TRUE
28321000,28,2832,283210,TRUE,FALSE,TRUE,TRUE
28322000,28,2832,283220,TRUE,FALSE,TRUE,TRUE
28323000,28,2832,283230,TRUE,FALSE,TRUE,TRUE
28331100,28,2833,283311,TRUE,FALSE,TRUE,TRUE
28331900,28,2833,283319,TRUE,FALSE,TRUE,TRUE
28332100,28,2833,283321,TRUE,FALSE,TRUE,TRUE
28332200,28,2833,283322,TRUE,FALSE,TRUE,TRUE
28332300,28,2833,283323,TRUE,FALSE,TRUE,FALSE
28332400,28,2833,283324,TRUE,FALSE,TRUE,TRUE
28332500,28,2833,283325,TRUE,FALSE,TRUE,TRUE
28332600,28,2833,283326,TRUE,FALSE,TRUE,FALSE
28332700,28,2833,283327,TRUE,FALSE,TRUE,TRUE
28332910,28,2833,283329,TRUE,FALSE,TRUE,FALSE
28332920,28,2833,283329,TRUE,FALSE,TRUE,TRUE
28332930,28,2833,283329,TRUE,FALSE,TRUE,TRUE
28332950,28,2833,283329,TRUE,FALSE,TRUE,FALSE
28332960,28,2833,283329,TRUE,FALSE,TRUE,TRUE
28332970,28,2833,283329,TRUE,FALSE,TRUE,FALSE
28332980,28,2833,283329,TRUE,FALSE,TRUE,TRUE
28332990,28,2833,283329,TRUE,FALSE,TRUE,FALSE
28333000,28,2833,283330,TRUE,FALSE,TRUE,TRUE
28333010,28,2833,283330,TRUE,FALSE,TRUE,FALSE
28333090,28,2833,283330,TRUE,FALSE,TRUE,FALSE
28334000,28,2833,283340,TRUE,FALSE,TRUE,TRUE
28341000,28,2834,283410,TRUE,FALSE,TRUE,TRUE
28342100,28,2834,283421,TRUE,TRUE,TRUE,TRUE
28342200,28,2834,283422,TRUE,FALSE,TRUE,FALSE
28342910,28,2834,283429,TRUE,FALSE,TRUE,FALSE
28342920,28,2834,283429,TRUE,FALSE,TRUE,TRUE
28342930,28,2834,283429,TRUE,FALSE,TRUE,FALSE
28342940,28,2834,283429,TRUE,FALSE,TRUE,TRUE
28342950,28,2834,283429,TRUE,FALSE,TRUE,FALSE
28342980,28,2834,283429,TRUE,FALSE,TRUE,TRUE
28342990,28,2834,283429,TRUE,FALSE,TRUE,FALSE
28351000,28,2835,283510,TRUE,FALSE,TRUE,TRUE
28352100,28,2835,283521,TRUE,FALSE,TRUE,FALSE
28352200,28,2835,283522,TRUE,FALSE,TRUE,TRUE
28352300,28,2835,283523,TRUE,FALSE,TRUE,FALSE
28352400,28,2835,283524,TRUE,FALSE,TRUE,TRUE
28352500,28,2835,283525,TRUE,FALSE,TRUE,TRUE
28352510,28,2835,283525,TRUE,FALSE,TRUE,FALSE
28352590,28,2835,283525,TRUE,FALSE,TRUE,FALSE
28352600,28,2835,283526,TRUE,FALSE,TRUE,TRUE
28352610,28,2835,283526,TRUE,FALSE,TRUE,FALSE
28352690,28,2835,283526,TRUE,FALSE,TRUE,FALSE
28352900,28,2835,283529,TRUE,FALSE,TRUE,FALSE
28352910,28,2835,283529,TRUE,FALSE,TRUE,TRUE
28352930,28,2835,283529,TRUE,FALSE,TRUE,TRUE
28352990,28,2835,283529,TRUE,FALSE,TRUE,TRUE
28353100,28,2835,283531,TRUE,FALSE,TRUE,TRUE
28353900,28,2835,283539,TRUE,FALSE,TRUE,TRUE
28353910,28,2835,283539,TRUE,FALSE,TRUE,FALSE
28353930,28,2835,283539,TRUE,FALSE,TRUE,FALSE
28353970,28,2835,283539,TRUE,FALSE,TRUE,FALSE
28361000,28,2836,283610,TRUE,FALSE,TRUE,FALSE
28362000,28,2836,283620,TRUE,FALSE,TRUE,TRUE
28363000,28,2836,283630,TRUE,FALSE,TRUE,TRUE
28364000,28,2836,283640,TRUE,FALSE,TRUE,TRUE
28365000,28,2836,283650,TRUE,FALSE,TRUE,TRUE
28366000,28,2836,283660,TRUE,FALSE,TRUE,TRUE
28367000,28,2836,283670,TRUE,FALSE,TRUE,FALSE
28369100,28,2836,283691,TRUE,FALSE,TRUE,TRUE
28369200,28,2836,283692,TRUE,FALSE,TRUE,TRUE
28369300,28,2836,283693,TRUE,FALSE,TRUE,FALSE
28369911,28,2836,283699,TRUE,FALSE,TRUE,TRUE
28369917,28,2836,283699,TRUE,FALSE,TRUE,TRUE
28369918,28,2836,283699,TRUE,FALSE,TRUE,FALSE
28369919,28,2836,283699,TRUE,FALSE,TRUE,FALSE
28369990,28,2836,283699,TRUE,FALSE,TRUE,TRUE
28371100,28,2837,283711,TRUE,FALSE,TRUE,TRUE
28371900,28,2837,283719,TRUE,FALSE,TRUE,TRUE
28372000,28,2837,283720,TRUE,FALSE,TRUE,TRUE
28380000,28,2838,283800,TRUE,FALSE,TRUE,FALSE
28391100,28,2839,283911,TRUE,FALSE,TRUE,TRUE
28391900,28,2839,283919,TRUE,FALSE,TRUE,TRUE
28392000,28,2839,283920,TRUE,FALSE,TRUE,FALSE
28399000,28,2839,283990,TRUE,FALSE,TRUE,TRUE
28399010,28,2839,283990,TRUE,FALSE,TRUE,FALSE
28399090,28,2839,283990,TRUE,FALSE,TRUE,FALSE
28401100,28,2840,284011,TRUE,FALSE,TRUE,TRUE
28401900,28,2840,284019,TRUE,FALSE,TRUE,FALSE
28401910,28,2840,284019,TRUE,FALSE,TRUE,TRUE
28401990,28,2840,284019,TRUE,FALSE,TRUE,TRUE
28402010,28,2840,284020,TRUE,FALSE,TRUE,TRUE
28402090,28,2840,284020,TRUE,FALSE,TRUE,TRUE
28403000,28,2840,284030,TRUE,FALSE,TRUE,TRUE
28411000,28,2841,284110,TRUE,FALSE,TRUE,FALSE
28412000,28,2841,284120,TRUE,FALSE,TRUE,FALSE
28413000,28,2841,284130,TRUE,FALSE,TRUE,TRUE
28414000,28,2841,284140,TRUE,FALSE,TRUE,FALSE
28415000,28,2841,284150,TRUE,FALSE,TRUE,TRUE
28416010,28,2841,284160,TRUE,FALSE,TRUE,FALSE
28416090,28,2841,284160,TRUE,FALSE,TRUE,FALSE
28416100,28,2841,284161,TRUE,FALSE,TRUE,TRUE
28416900,28,2841,284169,TRUE,FALSE,TRUE,TRUE
28417000,28,2841,284170,TRUE,FALSE,TRUE,TRUE
28418000,28,2841,284180,TRUE,FALSE,TRUE,TRUE
28419010,28,2841,284190,TRUE,FALSE,TRUE,FALSE
28419030,28,2841,284190,TRUE,FALSE,TRUE,TRUE
28419080,28,2841,284190,TRUE,FALSE,TRUE,FALSE
28419085,28,2841,284190,TRUE,FALSE,TRUE,TRUE
28419090,28,2841,284190,TRUE,FALSE,TRUE,FALSE
28421000,28,2842,284210,TRUE,FALSE,TRUE,TRUE
28429010,28,2842,284290,TRUE,FALSE,TRUE,TRUE
28429080,28,2842,284290,TRUE,FALSE,TRUE,TRUE
28429090,28,2842,284290,TRUE,FALSE,TRUE,FALSE
28431010,28,2843,284310,TRUE,FALSE,TRUE,TRUE
28431090,28,2843,284310,TRUE,FALSE,TRUE,TRUE
28432100,28,2843,284321,TRUE,FALSE,TRUE,TRUE
28432900,28,2843,284329,TRUE,FALSE,TRUE,TRUE
28433000,28,2843,284330,TRUE,FALSE,TRUE,TRUE
28439010,28,2843,284390,TRUE,FALSE,TRUE,TRUE
28439090,28,2843,284390,TRUE,FALSE,TRUE,TRUE
28441010,28,2844,284410,TRUE,FALSE,TRUE,TRUE
28441030,28,2844,284410,TRUE,FALSE,TRUE,TRUE
28441031,28,2844,284410,TRUE,FALSE,TRUE,FALSE
28441039,28,2844,284410,TRUE,FALSE,TRUE,FALSE
28441050,28,2844,284410,TRUE,FALSE,TRUE,TRUE
28441090,28,2844,284410,TRUE,FALSE,TRUE,TRUE
28442021,28,2844,284420,TRUE,FALSE,TRUE,FALSE
28442025,28,2844,284420,TRUE,FALSE,TRUE,TRUE
28442029,28,2844,284420,TRUE,FALSE,TRUE,FALSE
28442031,28,2844,284420,TRUE,FALSE,TRUE,FALSE
28442035,28,2844,284420,TRUE,FALSE,TRUE,TRUE
28442039,28,2844,284420,TRUE,FALSE,TRUE,FALSE
28442051,28,2844,284420,TRUE,FALSE,TRUE,TRUE
28442059,28,2844,284420,TRUE,FALSE,TRUE,TRUE
28442081,28,2844,284420,TRUE,FALSE,TRUE,FALSE
28442089,28,2844,284420,TRUE,FALSE,TRUE,FALSE
28442099,28,2844,284420,TRUE,FALSE,TRUE,TRUE
28443011,28,2844,284430,TRUE,FALSE,TRUE,TRUE
28443019,28,2844,284430,TRUE,FALSE,TRUE,TRUE
28443051,28,2844,284430,TRUE,FALSE,TRUE,TRUE
28443055,28,2844,284430,TRUE,FALSE,TRUE,TRUE
28443061,28,2844,284430,TRUE,FALSE,TRUE,TRUE
28443069,28,2844,284430,TRUE,FALSE,TRUE,TRUE
28443091,28,2844,284430,TRUE,FALSE,TRUE,TRUE
28443099,28,2844,284430,TRUE,FALSE,TRUE,TRUE
28444010,28,2844,284440,TRUE,FALSE,TRUE,TRUE
28444011,28,2844,284440,TRUE,FALSE,TRUE,FALSE
28444019,28,2844,284440,TRUE,FALSE,TRUE,FALSE
28444020,28,2844,284440,TRUE,FALSE,TRUE,TRUE
28444030,28,2844,284440,TRUE,FALSE,TRUE,TRUE
28444040,28,2844,284440,TRUE,FALSE,TRUE,FALSE
28444080,28,2844,284440,TRUE,FALSE,TRUE,TRUE
28444090,28,2844,284440,TRUE,FALSE,TRUE,FALSE
28445000,28,2844,284450,TRUE,FALSE,TRUE,TRUE
28451000,28,2845,284510,TRUE,FALSE,TRUE,TRUE
28459010,28,2845,284590,TRUE,FALSE,TRUE,TRUE
28459090,28,2845,284590,TRUE,FALSE,TRUE,TRUE
28461000,28,2846,284610,TRUE,FALSE,TRUE,TRUE
28469000,28,2846,284690,TRUE,FALSE,TRUE,TRUE
28469010,28,2846,284690,TRUE,FALSE,TRUE,FALSE
28469020,28,2846,284690,TRUE,FALSE,TRUE,FALSE
28469030,28,2846,284690,TRUE,FALSE,TRUE,FALSE
28469090,28,2846,284690,TRUE,FALSE,TRUE,FALSE
28470000,28,2847,284700,TRUE,FALSE,TRUE,TRUE
28480000,28,2848,284800,TRUE,FALSE,TRUE,TRUE
28481000,28,2848,284810,TRUE,FALSE,TRUE,FALSE
28489000,28,2848,284890,TRUE,FALSE,TRUE,FALSE
28491000,28,2849,284910,TRUE,FALSE,TRUE,TRUE
28492000,28,2849,284920,TRUE,FALSE,TRUE,TRUE
28499010,28,2849,284990,TRUE,FALSE,TRUE,TRUE
28499030,28,2849,284990,TRUE,FALSE,TRUE,TRUE
28499050,28,2849,284990,TRUE,FALSE,TRUE,TRUE
28499090,28,2849,284990,TRUE,FALSE,TRUE,TRUE
28500010,28,2850,285000,TRUE,FALSE,TRUE,FALSE
28500020,28,2850,285000,TRUE,FALSE,TRUE,TRUE
28500030,28,2850,285000,TRUE,FALSE,TRUE,FALSE
28500050,28,2850,285000,TRUE,FALSE,TRUE,FALSE
28500060,28,2850,285000,TRUE,FALSE,TRUE,TRUE
28500070,28,2850,285000,TRUE,FALSE,TRUE,FALSE
28500090,28,2850,285000,TRUE,FALSE,TRUE,TRUE
28510010,28,2851,285100,TRUE,FALSE,TRUE,FALSE
28510030,28,2851,285100,TRUE,FALSE,TRUE,FALSE
28510050,28,2851,285100,TRUE,FALSE,TRUE,FALSE
28510080,28,2851,285100,TRUE,FALSE,TRUE,FALSE
28510090,28,2851,285100,TRUE,FALSE,TRUE,FALSE
28520000,28,2852,285200,TRUE,FALSE,TRUE,FALSE
28521000,28,2852,285210,TRUE,FALSE,TRUE,TRUE
28529000,28,2852,285290,TRUE,FALSE,TRUE,TRUE
28530010,28,2853,285300,TRUE,FALSE,TRUE,TRUE
28530030,28,2853,285300,TRUE,FALSE,TRUE,TRUE
28530050,28,2853,285300,TRUE,FALSE,TRUE,TRUE
28530090,28,2853,285300,TRUE,FALSE,TRUE,TRUE
28531000,28,2853,285310,TRUE,FALSE,TRUE,FALSE
28539010,28,2853,285390,TRUE,FALSE,TRUE,FALSE
28539030,28,2853,285390,TRUE,FALSE,TRUE,FALSE
28539090,28,2853,285390,TRUE,FALSE,TRUE,FALSE
29011000,29,2901,290110,TRUE,FALSE,TRUE,TRUE
29011010,29,2901,290110,TRUE,FALSE,TRUE,FALSE
29011090,29,2901,290110,TRUE,FALSE,TRUE,FALSE
29012100,29,2901,290121,TRUE,FALSE,TRUE,TRUE
29012110,29,2901,290121,TRUE,FALSE,TRUE,FALSE
29012190,29,2901,290121,TRUE,FALSE,TRUE,FALSE
29012200,29,2901,290122,TRUE,FALSE,TRUE,TRUE
29012210,29,2901,290122,TRUE,FALSE,TRUE,FALSE
29012290,29,2901,290122,TRUE,FALSE,TRUE,FALSE
29012300,29,2901,290123,TRUE,FALSE,TRUE,TRUE
29012310,29,2901,290123,TRUE,FALSE,TRUE,FALSE
29012311,29,2901,290123,TRUE,FALSE,TRUE,FALSE
29012319,29,2901,290123,TRUE,FALSE,TRUE,FALSE
29012390,29,2901,290123,TRUE,FALSE,TRUE,FALSE
29012391,29,2901,290123,TRUE,FALSE,TRUE,FALSE
29012399,29,2901,290123,TRUE,FALSE,TRUE,FALSE
29012400,29,2901,290124,TRUE,FALSE,TRUE,TRUE
29012410,29,2901,290124,TRUE,FALSE,TRUE,FALSE
29012411,29,2901,290124,TRUE,FALSE,TRUE,FALSE
29012419,29,2901,290124,TRUE,FALSE,TRUE,FALSE
29012490,29,2901,290124,TRUE,FALSE,TRUE,FALSE
29012491,29,2901,290124,TRUE,FALSE,TRUE,FALSE
29012499,29,2901,290124,TRUE,FALSE,TRUE,FALSE
29012900,29,2901,290129,TRUE,FALSE,TRUE,TRUE
29012920,29,2901,290129,TRUE,FALSE,TRUE,FALSE
29012980,29,2901,290129,TRUE,FALSE,TRUE,FALSE
29021100,29,2902,290211,TRUE,FALSE,TRUE,TRUE
29021110,29,2902,290211,TRUE,FALSE,TRUE,FALSE
29021190,29,2902,290211,TRUE,FALSE,TRUE,FALSE
29021900,29,2902,290219,TRUE,FALSE,TRUE,TRUE
29021910,29,2902,290219,TRUE,FALSE,TRUE,FALSE
29021930,29,2902,290219,TRUE,FALSE,TRUE,FALSE
29021980,29,2902,290219,TRUE,FALSE,TRUE,FALSE
29021990,29,2902,290219,TRUE,FALSE,TRUE,FALSE
29021991,29,2902,290219,TRUE,FALSE,TRUE,FALSE
29021999,29,2902,290219,TRUE,FALSE,TRUE,FALSE
29022000,29,2902,290220,TRUE,FALSE,TRUE,TRUE
29022010,29,2902,290220,TRUE,FALSE,TRUE,FALSE
29022090,29,2902,290220,TRUE,FALSE,TRUE,FALSE
29023000,29,2902,290230,TRUE,FALSE,TRUE,TRUE
29023010,29,2902,290230,TRUE,FALSE,TRUE,FALSE
29023090,29,2902,290230,TRUE,FALSE,TRUE,FALSE
29024100,29,2902,290241,TRUE,FALSE,TRUE,TRUE
29024200,29,2902,290242,TRUE,FALSE,TRUE,TRUE
29024300,29,2902,290243,TRUE,FALSE,TRUE,TRUE
29024400,29,2902,290244,TRUE,FALSE,TRUE,TRUE
29024410,29,2902,290244,TRUE,FALSE,TRUE,FALSE
29024490,29,2902,290244,TRUE,FALSE,TRUE,FALSE
29025000,29,2902,290250,TRUE,FALSE,TRUE,TRUE
29026000,29,2902,290260,TRUE,FALSE,TRUE,TRUE
29027000,29,2902,290270,TRUE,FALSE,TRUE,TRUE
29029000,29,2902,290290,TRUE,FALSE,TRUE,TRUE
29029010,29,2902,290290,TRUE,FALSE,TRUE,FALSE
29029030,29,2902,290290,TRUE,FALSE,TRUE,FALSE
29029050,29,2902,290290,TRUE,FALSE,TRUE,FALSE
29029060,29,2902,290290,TRUE,FALSE,TRUE,FALSE
29029080,29,2902,290290,TRUE,FALSE,TRUE,FALSE
29029090,29,2902,290290,TRUE,FALSE,TRUE,FALSE
29031100,29,2903,290311,TRUE,FALSE,TRUE,TRUE
29031200,29,2903,290312,TRUE,FALSE,TRUE,TRUE
29031300,29,2903,290313,TRUE,FALSE,TRUE,TRUE
29031400,29,2903,290314,TRUE,FALSE,TRUE,TRUE
29031500,29,2903,290315,TRUE,FALSE,TRUE,TRUE
29031600,29,2903,290316,TRUE,FALSE,TRUE,FALSE
29031900,29,2903,290319,TRUE,FALSE,TRUE,FALSE
29031910,29,2903,290319,TRUE,FALSE,TRUE,TRUE
29031980,29,2903,290319,TRUE,FALSE,TRUE,TRUE
29031990,29,2903,290319,TRUE,FALSE,TRUE,FALSE
29032100,29,2903,290321,TRUE,FALSE,TRUE,TRUE
29032200,29,2903,290322,TRUE,FALSE,TRUE,TRUE
29032300,29,2903,290323,TRUE,FALSE,TRUE,TRUE
29032900,29,2903,290329,TRUE,FALSE,TRUE,TRUE
29033010,29,2903,290330,TRUE,FALSE,TRUE,FALSE
29033031,29,2903,290330,TRUE,FALSE,TRUE,FALSE
29033033,29,2903,290330,TRUE,FALSE,TRUE,FALSE
29033035,29,2903,290330,TRUE,FALSE,TRUE,FALSE
29033036,29,2903,290330,TRUE,FALSE,TRUE,FALSE
29033037,29,2903,290330,TRUE,FALSE,TRUE,FALSE
29033038,29,2903,290330,TRUE,FALSE,TRUE,FALSE
29033080,29,2903,290330,TRUE,FALSE,TRUE,FALSE
29033090,29,2903,290330,TRUE,FALSE,TRUE,FALSE
29033100,29,2903,290331,TRUE,FALSE,TRUE,TRUE
29033911,29,2903,290339,TRUE,FALSE,TRUE,TRUE
29033915,29,2903,290339,TRUE,FALSE,TRUE,TRUE
29033919,29,2903,290339,TRUE,FALSE,TRUE,TRUE
29033921,29,2903,290339,TRUE,FALSE,TRUE,FALSE
29033923,29,2903,290339,TRUE,FALSE,TRUE,FALSE
29033924,29,2903,290339,TRUE,FALSE,TRUE,FALSE
29033925,29,2903,290339,TRUE,FALSE,TRUE,FALSE
29033926,29,2903,290339,TRUE,FALSE,TRUE,FALSE
29033927,29,2903,290339,TRUE,FALSE,TRUE,FALSE
29033928,29,2903,290339,TRUE,FALSE,TRUE,FALSE
29033929,29,2903,290339,TRUE,FALSE,TRUE,FALSE
29033931,29,2903,290339,TRUE,FALSE,TRUE,FALSE
29033935,29,2903,290339,TRUE,FALSE,TRUE,FALSE
29033939,29,2903,290339,TRUE,FALSE,TRUE,FALSE
29033980,29,2903,290339,TRUE,FALSE,TRUE,FALSE
29033990,29,2903,290339,TRUE,FALSE,TRUE,TRUE
29034010,29,2903,290340,TRUE,FALSE,TRUE,FALSE
29034020,29,2903,290340,TRUE,FALSE,TRUE,FALSE
29034021,29,2903,290340,TRUE,FALSE,TRUE,FALSE
29034022,29,2903,290340,TRUE,FALSE,TRUE,FALSE
29034023,29,2903,290340,TRUE,FALSE,TRUE,FALSE
29034030,29,2903,290340,TRUE,FALSE,TRUE,FALSE
29034040,29,2903,290340,TRUE,FALSE,TRUE,FALSE
29034050,29,2903,290340,TRUE,FALSE,TRUE,FALSE
29034051,29,2903,290340,TRUE,FALSE,TRUE,FALSE
29034052,29,2903,290340,TRUE,FALSE,TRUE,FALSE
29034053,29,2903,290340,TRUE,FALSE,TRUE,FALSE
29034054,29,2903,290340,TRUE,FALSE,TRUE,FALSE
29034055,29,2903,290340,TRUE,FALSE,TRUE,FALSE
29034056,29,2903,290340,TRUE,FALSE,TRUE,FALSE
29034057,29,2903,290340,TRUE,FALSE,TRUE,FALSE
29034062,29,2903,290340,TRUE,FALSE,TRUE,FALSE
29034066,29,2903,290340,TRUE,FALSE,TRUE,FALSE
29034068,29,2903,290340,TRUE,FALSE,TRUE,FALSE
29034070,29,2903,290340,TRUE,FALSE,TRUE,FALSE
29034080,29,2903,290340,TRUE,FALSE,TRUE,FALSE
29034091,29,2903,290340,TRUE,FALSE,TRUE,FALSE
29034092,29,2903,290340,TRUE,FALSE,TRUE,FALSE
29034098,29,2903,290340,TRUE,FALSE,TRUE,FALSE
29034100,29,2903,290341,TRUE,FALSE,TRUE,FALSE
29034200,29,2903,290342,TRUE,FALSE,TRUE,FALSE
29034300,29,2903,290343,TRUE,FALSE,TRUE,FALSE
29034410,29,2903,290344,TRUE,FALSE,TRUE,FALSE
29034490,29,2903,290344,TRUE,FALSE,TRUE,FALSE
29034510,29,2903,290345,TRUE,FALSE,TRUE,FALSE
29034515,29,2903,290345,TRUE,FALSE,TRUE,FALSE
29034520,29,2903,290345,TRUE,FALSE,TRUE,FALSE
29034525,29,2903,290345,TRUE,FALSE,TRUE,FALSE
29034530,29,2903,290345,TRUE,FALSE,TRUE,FALSE
29034535,29,2903,290345,TRUE,FALSE,TRUE,FALSE
29034540,29,2903,290345,TRUE,FALSE,TRUE,FALSE
29034545,29,2903,290345,TRUE,FALSE,TRUE,FALSE
29034550,29,2903,290345,TRUE,FALSE,TRUE,FALSE
29034555,29,2903,290345,TRUE,FALSE,TRUE,FALSE
29034590,29,2903,290345,TRUE,FALSE,TRUE,FALSE
29034610,29,2903,290346,TRUE,FALSE,TRUE,FALSE
29034620,29,2903,290346,TRUE,FALSE,TRUE,FALSE
29034690,29,2903,290346,TRUE,FALSE,TRUE,FALSE
29034700,29,2903,290347,TRUE,FALSE,TRUE,FALSE
29034910,29,2903,290349,TRUE,FALSE,TRUE,FALSE
29034911,29,2903,290349,TRUE,FALSE,TRUE,FALSE
29034915,29,2903,290349,TRUE,FALSE,TRUE,FALSE
29034919,29,2903,290349,TRUE,FALSE,TRUE,FALSE
29034920,29,2903,290349,TRUE,FALSE,TRUE,FALSE
29034930,29,2903,290349,TRUE,FALSE,TRUE,FALSE
29034940,29,2903,290349,TRUE,FALSE,TRUE,FALSE
29034980,29,2903,290349,TRUE,FALSE,TRUE,FALSE
29034990,29,2903,290349,TRUE,FALSE,TRUE,FALSE
29035100,29,2903,290351,TRUE,FALSE,TRUE,FALSE
29035110,29,2903,290351,TRUE,FALSE,TRUE,FALSE
29035190,29,2903,290351,TRUE,FALSE,TRUE,FALSE
29035200,29,2903,290352,TRUE,FALSE,TRUE,FALSE
29035910,29,2903,290359,TRUE,FALSE,TRUE,FALSE
29035920,29,2903,290359,TRUE,FALSE,TRUE,FALSE
29035930,29,2903,290359,TRUE,FALSE,TRUE,FALSE
29035980,29,2903,290359,TRUE,FALSE,TRUE,FALSE
29035990,29,2903,290359,TRUE,FALSE,TRUE,FALSE
29036100,29,2903,290361,TRUE,FALSE,TRUE,FALSE
29036200,29,2903,290362,TRUE,FALSE,TRUE,FALSE
29036910,29,2903,290369,TRUE,FALSE,TRUE,FALSE
29036990,29,2903,290369,TRUE,FALSE,TRUE,FALSE
29037100,29,2903,290371,TRUE,FALSE,TRUE,TRUE
29037200,29,2903,290372,TRUE,FALSE,TRUE,TRUE
29037300,29,2903,290373,TRUE,FALSE,TRUE,TRUE
29037400,29,2903,290374,TRUE,FALSE,TRUE,TRUE
29037500,29,2903,290375,TRUE,FALSE,TRUE,TRUE
29037610,29,2903,290376,TRUE,FALSE,TRUE,TRUE
29037620,29,2903,290376,TRUE,FALSE,TRUE,TRUE
29037690,29,2903,290376,TRUE,FALSE,TRUE,TRUE
29037710,29,2903,290377,TRUE,FALSE,TRUE,TRUE
29037720,29,2903,290377,TRUE,FALSE,TRUE,TRUE
29037730,29,2903,290377,TRUE,FALSE,TRUE,TRUE
29037740,29,2903,290377,TRUE,FALSE,TRUE,TRUE
29037750,29,2903,290377,TRUE,FALSE,TRUE,TRUE
29037760,29,2903,290377,TRUE,FALSE,TRUE,FALSE
29037790,29,2903,290377,TRUE,FALSE,TRUE,TRUE
29037800,29,2903,290378,TRUE,FALSE,TRUE,TRUE
29037911,29,2903,290379,TRUE,FALSE,TRUE,TRUE
29037919,29,2903,290379,TRUE,FALSE,TRUE,TRUE
29037921,29,2903,290379,TRUE,FALSE,TRUE,TRUE
29037929,29,2903,290379,TRUE,FALSE,TRUE,TRUE
29037930,29,2903,290379,TRUE,FALSE,TRUE,FALSE
29037980,29,2903,290379,TRUE,FALSE,TRUE,FALSE
29037990,29,2903,290379,TRUE,FALSE,TRUE,TRUE
29038100,29,2903,290381,TRUE,FALSE,TRUE,TRUE
29038200,29,2903,290382,TRUE,FALSE,TRUE,TRUE
29038300,29,2903,290383,TRUE,FALSE,TRUE,FALSE
29038910,29,2903,290389,TRUE,FALSE,TRUE,TRUE
29038980,29,2903,290389,TRUE,FALSE,TRUE,FALSE
29038990,29,2903,290389,TRUE,FALSE,TRUE,TRUE
29039100,29,2903,290391,TRUE,FALSE,TRUE,TRUE
29039200,29,2903,290392,TRUE,FALSE,TRUE,TRUE
29039300,29,2903,290393,TRUE,FALSE,TRUE,FALSE
29039400,29,2903,290394,TRUE,FALSE,TRUE,FALSE
29039910,29,2903,290399,TRUE,FALSE,TRUE,TRUE
29039980,29,2903,290399,TRUE,FALSE,TRUE,FALSE
29039990,29,2903,290399,TRUE,FALSE,TRUE,TRUE
29041000,29,2904,290410,TRUE,FALSE,TRUE,TRUE
29042000,29,2904,290420,TRUE,FALSE,TRUE,TRUE
29042010,29,2904,290420,TRUE,FALSE,TRUE,FALSE
29042090,29,2904,290420,TRUE,FALSE,TRUE,FALSE
29043100,29,2904,290431,TRUE,FALSE,TRUE,FALSE
29043200,29,2904,290432,TRUE,FALSE,TRUE,FALSE
29043300,29,2904,290433,TRUE,FALSE,TRUE,FALSE
29043400,29,2904,290434,TRUE,FALSE,TRUE,FALSE
29043500,29,2904,290435,TRUE,FALSE,TRUE,FALSE
29043600,29,2904,290436,TRUE,FALSE,TRUE,FALSE
29049010,29,2904,290490,TRUE,FALSE,TRUE,FALSE
29049020,29,2904,290490,TRUE,FALSE,TRUE,FALSE
29049040,29,2904,290490,TRUE,FALSE,TRUE,TRUE
29049080,29,2904,290490,TRUE,FALSE,TRUE,FALSE
29049085,29,2904,290490,TRUE,FALSE,TRUE,FALSE
29049090,29,2904,290490,TRUE,FALSE,TRUE,FALSE
29049095,29,2904,290490,TRUE,FALSE,TRUE,TRUE
29049100,29,2904,290491,TRUE,FALSE,TRUE,FALSE
29049900,29,2904,290499,TRUE,FALSE,TRUE,FALSE
29051100,29,2905,290511,TRUE,FALSE,TRUE,TRUE
29051200,29,2905,290512,TRUE,FALSE,TRUE,TRUE
29051300,29,2905,290513,TRUE,FALSE,TRUE,TRUE
29051410,29,2905,290514,TRUE,FALSE,TRUE,TRUE
29051490,29,2905,290514,TRUE,FALSE,TRUE,TRUE
29051500,29,2905,290515,TRUE,FALSE,TRUE,FALSE
29051610,29,2905,290516,TRUE,FALSE,TRUE,FALSE
29051620,29,2905,290516,TRUE,FALSE,TRUE,TRUE
29051680,29,2905,290516,TRUE,FALSE,TRUE,FALSE
29051685,29,2905,290516,TRUE,FALSE,TRUE,TRUE
29051690,29,2905,290516,TRUE,FALSE,TRUE,FALSE
29051700,29,2905,290517,TRUE,FALSE,TRUE,TRUE
29051900,29,2905,290519,TRUE,FALSE,TRUE,TRUE
29051910,29,2905,290519,TRUE,FALSE,TRUE,FALSE
29051990,29,2905,290519,TRUE,FALSE,TRUE,FALSE
29052100,29,2905,290521,TRUE,FALSE,TRUE,FALSE
29052200,29,2905,290522,TRUE,FALSE,TRUE,TRUE
29052210,29,2905,290522,TRUE,FALSE,TRUE,FALSE
29052290,29,2905,290522,TRUE,FALSE,TRUE,FALSE
29052900,29,2905,290529,TRUE,FALSE,TRUE,FALSE
29052910,29,2905,290529,TRUE,FALSE,TRUE,TRUE
29052990,29,2905,290529,TRUE,FALSE,TRUE,TRUE
29053100,29,2905,290531,TRUE,FALSE,TRUE,TRUE
29053200,29,2905,290532,TRUE,FALSE,TRUE,TRUE
29053910,29,2905,290539,TRUE,FALSE,TRUE,FALSE
29053920,29,2905,290539,TRUE,FALSE,TRUE,TRUE
29053925,29,2905,290539,TRUE,FALSE,TRUE,TRUE
29053926,29,2905,290539,TRUE,FALSE,TRUE,FALSE
29053928,29,2905,290539,TRUE,FALSE,TRUE,FALSE
29053930,29,2905,290539,TRUE,FALSE,TRUE,TRUE
29053980,29,2905,290539,TRUE,FALSE,TRUE,FALSE
29053985,29,2905,290539,TRUE,FALSE,TRUE,FALSE
29053990,29,2905,290539,TRUE,FALSE,TRUE,FALSE
29053995,29,2905,290539,TRUE,FALSE,TRUE,TRUE
29054100,29,2905,290541,TRUE,FALSE,TRUE,TRUE
29054200,29,2905,290542,TRUE,FALSE,TRUE,TRUE
29054300,29,2905,290543,TRUE,FALSE,TRUE,TRUE
29054411,29,2905,290544,TRUE,FALSE,TRUE,TRUE
29054419,29,2905,290544,TRUE,FALSE,TRUE,TRUE
29054491,29,2905,290544,TRUE,FALSE,TRUE,TRUE
29054499,29,2905,290544,TRUE,FALSE,TRUE,TRUE
29054500,29,2905,290545,TRUE,FALSE,TRUE,TRUE
29054900,29,2905,290549,TRUE,FALSE,TRUE,TRUE
29054910,29,2905,290549,TRUE,FALSE,TRUE,FALSE
29054951,29,2905,290549,TRUE,FALSE,TRUE,FALSE
29054959,29,2905,290549,TRUE,FALSE,TRUE,FALSE
29054980,29,2905,290549,TRUE,FALSE,TRUE,FALSE
29054990,29,2905,290549,TRUE,FALSE,TRUE,FALSE
29055010,29,2905,290550,TRUE,FALSE,TRUE,FALSE
29055020,29,2905,290550,TRUE,FALSE,TRUE,FALSE
29055030,29,2905,290550,TRUE,FALSE,TRUE,FALSE
29055091,29,2905,290550,TRUE,FALSE,TRUE,FALSE
29055099,29,2905,290550,TRUE,FALSE,TRUE,FALSE
29055100,29,2905,290551,TRUE,FALSE,TRUE,TRUE
29055910,29,2905,290559,TRUE,FALSE,TRUE,FALSE
29055991,29,2905,290559,TRUE,FALSE,TRUE,TRUE
29055998,29,2905,290559,TRUE,FALSE,TRUE,TRUE
29055999,29,2905,290559,TRUE,FALSE,TRUE,FALSE
29061100,29,2906,290611,TRUE,FALSE,TRUE,TRUE
29061200,29,2906,290612,TRUE,FALSE,TRUE,TRUE
29061310,29,2906,290613,TRUE,FALSE,TRUE,TRUE
29061390,29,2906,290613,TRUE,FALSE,TRUE,TRUE
29061400,29,2906,290614,TRUE,FALSE,TRUE,FALSE
29061900,29,2906,290619,TRUE,FALSE,TRUE,TRUE
29062100,29,2906,290621,TRUE,FALSE,TRUE,TRUE
29062900,29,2906,290629,TRUE,FALSE,TRUE,TRUE
29062910,29,2906,290629,TRUE,FALSE,TRUE,FALSE
29062990,29,2906,290629,TRUE,FALSE,TRUE,FALSE
29071100,29,2907,290711,TRUE,FALSE,TRUE,TRUE
29071200,29,2907,290712,TRUE,FALSE,TRUE,TRUE
29071300,29,2907,290713,TRUE,FALSE,TRUE,TRUE
29071400,29,2907,290714,TRUE,FALSE,TRUE,FALSE
29071500,29,2907,290715,TRUE,FALSE,TRUE,FALSE
29071510,29,2907,290715,TRUE,FALSE,TRUE,TRUE
29071590,29,2907,290715,TRUE,FALSE,TRUE,TRUE
29071900,29,2907,290719,TRUE,FALSE,TRUE,FALSE
29071910,29,2907,290719,TRUE,FALSE,TRUE,TRUE
29071990,29,2907,290719,TRUE,FALSE,TRUE,TRUE
29072100,29,2907,290721,TRUE,FALSE,TRUE,TRUE
29072200,29,2907,290722,TRUE,FALSE,TRUE,TRUE
29072210,29,2907,290722,TRUE,FALSE,TRUE,FALSE
29072290,29,2907,290722,TRUE,FALSE,TRUE,FALSE
29072300,29,2907,290723,TRUE,FALSE,TRUE,TRUE
29072310,29,2907,290723,TRUE,FALSE,TRUE,FALSE
29072390,29,2907,290723,TRUE,FALSE,TRUE,FALSE
29072900,29,2907,290729,TRUE,FALSE,TRUE,TRUE
29072910,29,2907,290729,TRUE,FALSE,TRUE,FALSE
29072990,29,2907,290729,TRUE,FALSE,TRUE,FALSE
29073000,29,2907,290730,TRUE,FALSE,TRUE,FALSE
29081000,29,2908,290810,TRUE,FALSE,TRUE,FALSE
29081010,29,2908,290810,TRUE,FALSE,TRUE,FALSE
29081090,29,2908,290810,TRUE,FALSE,TRUE,FALSE
29081100,29,2908,290811,TRUE,FALSE,TRUE,TRUE
29081900,29,2908,290819,TRUE,FALSE,TRUE,TRUE
29082000,29,2908,290820,TRUE,FALSE,TRUE,FALSE
29089000,29,2908,290890,TRUE,FALSE,TRUE,FALSE
29089100,29,2908,290891,TRUE,FALSE,TRUE,TRUE
29089200,29,2908,290892,TRUE,FALSE,TRUE,TRUE
29089900,29,2908,290899,TRUE,FALSE,TRUE,TRUE
29089910,29,2908,290899,TRUE,FALSE,TRUE,FALSE
29089990,29,2908,290899,TRUE,FALSE,TRUE,FALSE
29091100,29,2909,290911,TRUE,FALSE,TRUE,TRUE
29091900,29,2909,290919,TRUE,FALSE,TRUE,FALSE
29091910,29,2909,290919,TRUE,FALSE,TRUE,TRUE
29091990,29,2909,290919,TRUE,FALSE,TRUE,TRUE
29092000,29,2909,290920,TRUE,FALSE,TRUE,TRUE
29093010,29,2909,290930,TRUE,FALSE,TRUE,TRUE
29093031,29,2909,290930,TRUE,FALSE,TRUE,TRUE
29093035,29,2909,290930,TRUE,FALSE,TRUE,TRUE
29093038,29,2909,290930,TRUE,FALSE,TRUE,TRUE
29093039,29,2909,290930,TRUE,FALSE,TRUE,FALSE
29093090,29,2909,290930,TRUE,FALSE,TRUE,TRUE
29094100,29,2909,290941,TRUE,FALSE,TRUE,TRUE
29094200,29,2909,290942,TRUE,FALSE,TRUE,FALSE
29094300,29,2909,290943,TRUE,FALSE,TRUE,TRUE
29094400,29,2909,290944,TRUE,FALSE,TRUE,TRUE
29094910,29,2909,290949,TRUE,FALSE,TRUE,FALSE
29094911,29,2909,290949,TRUE,FALSE,TRUE,TRUE
29094918,29,2909,290949,TRUE,FALSE,TRUE,FALSE
29094919,29,2909,290949,TRUE,FALSE,TRUE,FALSE
29094980,29,2909,290949,TRUE,FALSE,TRUE,TRUE
29094990,29,2909,290949,TRUE,FALSE,TRUE,FALSE
29095000,29,2909,290950,TRUE,FALSE,TRUE,TRUE
29095010,29,2909,290950,TRUE,FALSE,TRUE,FALSE
29095090,29,2909,290950,TRUE,FALSE,TRUE,FALSE
29096000,29,2909,290960,TRUE,FALSE,TRUE,TRUE
29101000,29,2910,291010,TRUE,FALSE,TRUE,TRUE
29102000,29,2910,291020,TRUE,FALSE,TRUE,TRUE
29103000,29,2910,291030,TRUE,FALSE,TRUE,TRUE
29104000,29,2910,291040,TRUE,FALSE,TRUE,TRUE
29105000,29,2910,291050,TRUE,FALSE,TRUE,FALSE
29109000,29,2910,291090,TRUE,FALSE,TRUE,TRUE
29110000,29,2911,291100,TRUE,FALSE,TRUE,TRUE
29121100,29,2912,291211,TRUE,FALSE,TRUE,TRUE
29121200,29,2912,291212,TRUE,FALSE,TRUE,TRUE
29121300,29,2912,291213,TRUE,FALSE,TRUE,FALSE
29121900,29,2912,291219,TRUE,FALSE,TRUE,TRUE
29121910,29,2912,291219,TRUE,FALSE,TRUE,FALSE
29121990,29,2912,291219,TRUE,FALSE,TRUE,FALSE
29122100,29,2912,291221,TRUE,FALSE,TRUE,TRUE
29122900,29,2912,291229,TRUE,FALSE,TRUE,TRUE
29123000,29,2912,291230,TRUE,FALSE,TRUE,FALSE
29124100,29,2912,291241,TRUE,FALSE,TRUE,TRUE
29124200,29,2912,291242,TRUE,FALSE,TRUE,TRUE
29124900,29,2912,291249,TRUE,FALSE,TRUE,TRUE
29125000,29,2912,291250,TRUE,FALSE,TRUE,TRUE
29126000,29,2912,291260,TRUE,FALSE,TRUE,TRUE
29130000,29,2913,291300,TRUE,FALSE,TRUE,TRUE
29141100,29,2914,291411,TRUE,FALSE,TRUE,TRUE
29141200,29,2914,291412,TRUE,FALSE,TRUE,TRUE
29141300,29,2914,291413,TRUE,FALSE,TRUE,TRUE
29141900,29,2914,291419,TRUE,FALSE,TRUE,FALSE
29141910,29,2914,291419,TRUE,FALSE,TRUE,TRUE
29141990,29,2914,291419,TRUE,FALSE,TRUE,TRUE
29142100,29,2914,291421,TRUE,FALSE,TRUE,FALSE
29142200,29,2914,291422,TRUE,FALSE,TRUE,TRUE
29142300,29,2914,291423,TRUE,FALSE,TRUE,TRUE
29142900,29,2914,291429,TRUE,FALSE,TRUE,TRUE
29143010,29,2914,291430,TRUE,FALSE,TRUE,FALSE
29143090,29,2914,291430,TRUE,FALSE,TRUE,FALSE
29143100,29,2914,291431,TRUE,FALSE,TRUE,TRUE
29143900,29,2914,291439,TRUE,FALSE,TRUE,TRUE
29144010,29,2914,291440,TRUE,FALSE,TRUE,TRUE
29144090,29,2914,291440,TRUE,FALSE,TRUE,TRUE
29144100,29,2914,291441,TRUE,FALSE,TRUE,FALSE
29144900,29,2914,291449,TRUE,FALSE,TRUE,FALSE
29145000,29,2914,291450,TRUE,FALSE,TRUE,TRUE
29146100,29,2914,291461,TRUE,FALSE,TRUE,TRUE
29146200,29,2914,291462,TRUE,FALSE,TRUE,FALSE
29146900,29,2914,291469,TRUE,FALSE,TRUE,FALSE
29146910,29,2914,291469,TRUE,FALSE,TRUE,TRUE
29146980,29,2914,291469,TRUE,FALSE,TRUE,FALSE
29146990,29,2914,291469,TRUE,FALSE,TRUE,TRUE
29147000,29,2914,291470,TRUE,FALSE,TRUE,TRUE
29147010,29,2914,291470,TRUE,FALSE,TRUE,FALSE
29147090,29,2914,291470,TRUE,FALSE,TRUE,FALSE
29147100,29,2914,291471,TRUE,FALSE,TRUE,FALSE
29147900,29,2914,291479,TRUE,FALSE,TRUE,FALSE
29151100,29,2915,291511,TRUE,FALSE,TRUE,TRUE
29151200,29,2915,291512,TRUE,FALSE,TRUE,TRUE
29151300,29,2915,291513,TRUE,FALSE,TRUE,TRUE
29152100,29,2915,291521,TRUE,FALSE,TRUE,TRUE
29152200,29,2915,291522,TRUE,FALSE,TRUE,FALSE
29152300,29,2915,291523,TRUE,FALSE,TRUE,FALSE
29152400,29,2915,291524,TRUE,FALSE,TRUE,TRUE
29152900,29,2915,291529,TRUE,FALSE,TRUE,TRUE
29153100,29,2915,291531,TRUE,FALSE,TRUE,TRUE
29153200,29,2915,291532,TRUE,FALSE,TRUE,TRUE
29153300,29,2915,291533,TRUE,FALSE,TRUE,TRUE
29153400,29,2915,291534,TRUE,FALSE,TRUE,FALSE
29153500,29,2915,291535,TRUE,FALSE,TRUE,FALSE
29153600,29,2915,291536,TRUE,FALSE,TRUE,TRUE
29153900,29,2915,291539,TRUE,FALSE,TRUE,TRUE
29153910,29,2915,291539,TRUE,FALSE,TRUE,FALSE
29153930,29,2915,291539,TRUE,FALSE,TRUE,FALSE
29153950,29,2915,291539,TRUE,FALSE,TRUE,FALSE
29153980,29,2915,291539,TRUE,FALSE,TRUE,FALSE
29153990,29,2915,291539,TRUE,FALSE,TRUE,FALSE
29154000,29,2915,291540,TRUE,FALSE,TRUE,TRUE
29155000,29,2915,291550,TRUE,FALSE,TRUE,TRUE
29156010,29,2915,291560,TRUE,FALSE,TRUE,FALSE
29156011,29,2915,291560,TRUE,FALSE,TRUE,TRUE
29156019,29,2915,291560,TRUE,FALSE,TRUE,TRUE
29156090,29,2915,291560,TRUE,FALSE,TRUE,TRUE
29157000,29,2915,291570,TRUE,FALSE,TRUE,FALSE
29157015,29,2915,291570,TRUE,FALSE,TRUE,FALSE
29157020,29,2915,291570,TRUE,FALSE,TRUE,FALSE
29157025,29,2915,291570,TRUE,FALSE,TRUE,FALSE
29157030,29,2915,291570,TRUE,FALSE,TRUE,FALSE
29157040,29,2915,291570,TRUE,FALSE,TRUE,TRUE
29157050,29,2915,291570,TRUE,FALSE,TRUE,TRUE
29157080,29,2915,291570,TRUE,FALSE,TRUE,FALSE
29159000,29,2915,291590,TRUE,FALSE,TRUE,FALSE
29159010,29,2915,291590,TRUE,FALSE,TRUE,FALSE
29159020,29,2915,291590,TRUE,FALSE,TRUE,FALSE
29159030,29,2915,291590,TRUE,FALSE,TRUE,TRUE
29159070,29,2915,291590,TRUE,FALSE,TRUE,TRUE
29159080,29,2915,291590,TRUE,FALSE,TRUE,FALSE
29161100,29,2916,291611,TRUE,FALSE,TRUE,TRUE
29161110,29,2916,291611,TRUE,FALSE,TRUE,FALSE
29161190,29,2916,291611,TRUE,FALSE,TRUE,FALSE
29161200,29,2916,291612,TRUE,FALSE,TRUE,TRUE
29161210,29,2916,291612,TRUE,FALSE,TRUE,FALSE
29161220,29,2916,291612,TRUE,FALSE,TRUE,FALSE
29161290,29,2916,291612,TRUE,FALSE,TRUE,FALSE
29161300,29,2916,291613,TRUE,FALSE,TRUE,TRUE
29161400,29,2916,291614,TRUE,FALSE,TRUE,TRUE
29161410,29,2916,291614,TRUE,FALSE,TRUE,FALSE
29161490,29,2916,291614,TRUE,FALSE,TRUE,FALSE
29161500,29,2916,291615,TRUE,FALSE,TRUE,TRUE
29161600,29,2916,291616,TRUE,FALSE,TRUE,TRUE
29161910,29,2916,291619,TRUE,FALSE,TRUE,TRUE
29161930,29,2916,291619,TRUE,FALSE,TRUE,FALSE
29161940,29,2916,291619,TRUE,FALSE,TRUE,TRUE
29161950,29,2916,291619,TRUE,FALSE,TRUE,FALSE
29161970,29,2916,291619,TRUE,FALSE,TRUE,FALSE
29161980,29,2916,291619,TRUE,FALSE,TRUE,FALSE
29161990,29,2916,291619,TRUE,FALSE,TRUE,FALSE
29161995,29,2916,291619,TRUE,FALSE,TRUE,TRUE
29162000,29,2916,291620,TRUE,FALSE,TRUE,TRUE
29163100,29,2916,291631,TRUE,FALSE,TRUE,TRUE
29163200,29,2916,291632,TRUE,FALSE,TRUE,TRUE
29163210,29,2916,291632,TRUE,FALSE,TRUE,FALSE
29163290,29,2916,291632,TRUE,FALSE,TRUE,FALSE
29163310,29,2916,291633,TRUE,FALSE,TRUE,FALSE
29163390,29,2916,291633,TRUE,FALSE,TRUE,FALSE
29163400,29,2916,291634,TRUE,FALSE,TRUE,TRUE
29163500,29,2916,291635,TRUE,FALSE,TRUE,FALSE
29163600,29,2916,291636,TRUE,FALSE,TRUE,FALSE
29163900,29,2916,291639,TRUE,FALSE,TRUE,FALSE
29163910,29,2916,291639,TRUE,FALSE,TRUE,TRUE
29163990,29,2916,291639,TRUE,FALSE,TRUE,TRUE
29171100,29,2917,291711,TRUE,FALSE,TRUE,TRUE
29171200,29,2917,291712,TRUE,FALSE,TRUE,TRUE
29171210,29,2917,291712,TRUE,FALSE,TRUE,FALSE
29171290,29,2917,291712,TRUE,FALSE,TRUE,FALSE
29171300,29,2917,291713,TRUE,FALSE,TRUE,FALSE
29171310,29,2917,291713,TRUE,FALSE,TRUE,TRUE
29171390,29,2917,291713,TRUE,FALSE,TRUE,TRUE
29171400,29,2917,291714,TRUE,FALSE,TRUE,TRUE
29171910,29,2917,291719,TRUE,FALSE,TRUE,TRUE
29171920,29,2917,291719,TRUE,FALSE,TRUE,FALSE
29171980,29,2917,291719,TRUE,FALSE,TRUE,FALSE
29171990,29,2917,291719,TRUE,FALSE,TRUE,TRUE
29172000,29,2917,291720,TRUE,FALSE,TRUE,TRUE
29173100,29,2917,291731,TRUE,FALSE,TRUE,FALSE
29173200,29,2917,291732,TRUE,FALSE,TRUE,TRUE
29173300,29,2917,291733,TRUE,FALSE,TRUE,TRUE
29173400,29,2917,291734,TRUE,FALSE,TRUE,TRUE
29173410,29,2917,291734,TRUE,FALSE,TRUE,FALSE
29173490,29,2917,291734,TRUE,FALSE,TRUE,FALSE
29173500,29,2917,291735,TRUE,FALSE,TRUE,TRUE
29173600,29,2917,291736,TRUE,FALSE,TRUE,TRUE
29173700,29,2917,291737,TRUE,FALSE,TRUE,TRUE
29173910,29,2917,291739,TRUE,FALSE,TRUE,FALSE
29173911,29,2917,291739,TRUE,FALSE,TRUE,FALSE
29173919,29,2917,291739,TRUE,FALSE,TRUE,FALSE
29173920,29,2917,291739,TRUE,FALSE,TRUE,TRUE
29173930,29,2917,291739,TRUE,FALSE,TRUE,FALSE
29173940,29,2917,291739,TRUE,FALSE,TRUE,FALSE
29173950,29,2917,291739,TRUE,FALSE,TRUE,FALSE
29173960,29,2917,291739,TRUE,FALSE,TRUE,FALSE
29173970,29,2917,291739,TRUE,FALSE,TRUE,FALSE
29173980,29,2917,291739,TRUE,FALSE,TRUE,FALSE
29173990,29,2917,291739,TRUE,FALSE,TRUE,FALSE
29173995,29,2917,291739,TRUE,FALSE,TRUE,TRUE
29181100,29,2918,291811,TRUE,FALSE,TRUE,TRUE
29181200,29,2918,291812,TRUE,FALSE,TRUE,TRUE
29181300,29,2918,291813,TRUE,FALSE,TRUE,TRUE
29181400,29,2918,291814,TRUE,FALSE,TRUE,TRUE
29181500,29,2918,291815,TRUE,FALSE,TRUE,TRUE
29181600,29,2918,291816,TRUE,FALSE,TRUE,TRUE
29181700,29,2918,291817,TRUE,FALSE,TRUE,FALSE
29181800,29,2918,291818,TRUE,FALSE,TRUE,TRUE
29181910,29,2918,291819,TRUE,FALSE,TRUE,FALSE
29181930,29,2918,291819,TRUE,FALSE,TRUE,TRUE
29181940,29,2918,291819,TRUE,FALSE,TRUE,TRUE
29181950,29,2918,291819,TRUE,FALSE,TRUE,TRUE
29181980,29,2918,291819,TRUE,FALSE,TRUE,FALSE
29181985,29,2918,291819,TRUE,FALSE,TRUE,FALSE
29181990,29,2918,291819,TRUE,FALSE,TRUE,FALSE
29181998,29,2918,291819,TRUE,FALSE,TRUE,TRUE
29181999,29,2918,291819,TRUE,FALSE,TRUE,FALSE
29182100,29,2918,291821,TRUE,FALSE,TRUE,TRUE
29182200,29,2918,291822,TRUE,FALSE,TRUE,TRUE
29182300,29,2918,291823,TRUE,FALSE,TRUE,TRUE
29182310,29,2918,291823,TRUE,FALSE,TRUE,FALSE
29182390,29,2918,291823,TRUE,FALSE,TRUE,FALSE
29182900,29,2918,291829,TRUE,FALSE,TRUE,TRUE
29182910,29,2918,291829,TRUE,FALSE,TRUE,FALSE
29182930,29,2918,291829,TRUE,FALSE,TRUE,FALSE
29182950,29,2918,291829,TRUE,FALSE,TRUE,FALSE
29182980,29,2918,291829,TRUE,FALSE,TRUE,FALSE
29182990,29,2918,291829,TRUE,FALSE,TRUE,FALSE
29183000,29,2918,291830,TRUE,FALSE,TRUE,TRUE
29189000,29,2918,291890,TRUE,FALSE,TRUE,FALSE
29189010,29,2918,291890,TRUE,FALSE,TRUE,FALSE
29189020,29,2918,291890,TRUE,FALSE,TRUE,FALSE
29189030,29,2918,291890,TRUE,FALSE,TRUE,FALSE
29189090,29,2918,291890,TRUE,FALSE,TRUE,FALSE
29189100,29,2918,291891,TRUE,FALSE,TRUE,TRUE
29189910,29,2918,291899,TRUE,FALSE,TRUE,FALSE
29189920,29,2918,291899,TRUE,FALSE,TRUE,FALSE
29189930,29,2918,291899,TRUE,FALSE,TRUE,FALSE
29189940,29,2918,291899,TRUE,FALSE,TRUE,TRUE
29189990,29,2918,291899,TRUE,FALSE,TRUE,TRUE
29190010,29,2919,291900,TRUE,FALSE,TRUE,FALSE
29190090,29,2919,291900,TRUE,FALSE,TRUE,FALSE
29191000,29,2919,291910,TRUE,FALSE,TRUE,TRUE
29199000,29,2919,291990,TRUE,FALSE,TRUE,TRUE
29199010,29,2919,291990,TRUE,FALSE,TRUE,FALSE
29199090,29,2919,291990,TRUE,FALSE,TRUE,FALSE
29201000,29,2920,292010,TRUE,FALSE,TRUE,FALSE
29201100,29,2920,292011,TRUE,FALSE,TRUE,TRUE
29201900,29,2920,292019,TRUE,FALSE,TRUE,TRUE
29202100,29,2920,292021,TRUE,FALSE,TRUE,FALSE
29202200,29,2920,292022,TRUE,FALSE,TRUE,FALSE
29202300,29,2920,292023,TRUE,FALSE,TRUE,FALSE
29202400,29,2920,292024,TRUE,FALSE,TRUE,FALSE
29202900,29,2920,292029,TRUE,FALSE,TRUE,FALSE
29203000,29,2920,292030,TRUE,FALSE,TRUE,FALSE
29209010,29,2920,292090,TRUE,FALSE,TRUE,TRUE
29209020,29,2920,292090,TRUE,FALSE,TRUE,TRUE
29209030,29,2920,292090,TRUE,FALSE,TRUE,TRUE
29209040,29,2920,292090,TRUE,FALSE,TRUE,TRUE
29209050,29,2920,292090,TRUE,FALSE,TRUE,TRUE
29209070,29,2920,292090,TRUE,FALSE,TRUE,FALSE
29209080,29,2920,292090,TRUE,FALSE,TRUE,FALSE
29209085,29,2920,292090,TRUE,FALSE,TRUE,TRUE
29211100,29,2921,292111,TRUE,FALSE,TRUE,TRUE
29211110,29,2921,292111,TRUE,FALSE,TRUE,FALSE
29211190,29,2921,292111,TRUE,FALSE,TRUE,FALSE
29211200,29,2921,292112,TRUE,FALSE,TRUE,FALSE
29211300,29,2921,292113,TRUE,FALSE,TRUE,FALSE
29211400,29,2921,292114,TRUE,FALSE,TRUE,FALSE
29211910,29,2921,292119,TRUE,FALSE,TRUE,FALSE
29211930,29,2921,292119,TRUE,FALSE,TRUE,FALSE
29211940,29,2921,292119,TRUE,FALSE,TRUE,TRUE
29211950,29,2921,292119,TRUE,FALSE,TRUE,TRUE
29211960,29,2921,292119,TRUE,FALSE,TRUE,TRUE
29211980,29,2921,292119,TRUE,FALSE,TRUE,FALSE
29211985,29,2921,292119,TRUE,FALSE,TRUE,FALSE
29211990,29,2921,292119,TRUE,FALSE,TRUE,FALSE
29211999,29,2921,292119,TRUE,FALSE,TRUE,TRUE
29212100,29,2921,292121,TRUE,FALSE,TRUE,TRUE
29212200,29,2921,292122,TRUE,FALSE,TRUE,TRUE
29212900,29,2921,292129,TRUE,FALSE,TRUE,TRUE
29213010,29,2921,292130,TRUE,FALSE,TRUE,TRUE
29213090,29,2921,292130,TRUE,FALSE,TRUE,FALSE
29213091,29,2921,292130,TRUE,FALSE,TRUE,TRUE
29213099,29,2921,292130,TRUE,FALSE,TRUE,TRUE
29214100,29,2921,292141,TRUE,FALSE,TRUE,TRUE
29214200,29,2921,292142,TRUE,FALSE,TRUE,TRUE
29214210,29,2921,292142,TRUE,FALSE,TRUE,FALSE
29214290,29,2921,292142,TRUE,FALSE,TRUE,FALSE
29214300,29,2921,292143,TRUE,FALSE,TRUE,TRUE
29214310,29,2921,292143,TRUE,FALSE,TRUE,FALSE
29214390,29,2921,292143,TRUE,FALSE,TRUE,FALSE
29214400,29,2921,292144,TRUE,FALSE,TRUE,TRUE
29214500,29,2921,292145,TRUE,FALSE,TRUE,TRUE
29214600,29,2921,292146,TRUE,FALSE,TRUE,TRUE
29214900,29,2921,292149,TRUE,FALSE,TRUE,TRUE
29214910,29,2921,292149,TRUE,FALSE,TRUE,FALSE
29214980,29,2921,292149,TRUE,FALSE,TRUE,FALSE
29214990,29,2921,292149,TRUE,FALSE,TRUE,FALSE
29215110,29,2921,292151,TRUE,FALSE,TRUE,FALSE
29215111,29,2921,292151,TRUE,FALSE,TRUE,TRUE
29215119,29,2921,292151,TRUE,FALSE,TRUE,TRUE
29215190,29,2921,292151,TRUE,FALSE,TRUE,TRUE
29215900,29,2921,292159,TRUE,FALSE,TRUE,FALSE
29215910,29,2921,292159,TRUE,FALSE,TRUE,FALSE
29215920,29,2921,292159,TRUE,FALSE,TRUE,FALSE
29215930,29,2921,292159,TRUE,FALSE,TRUE,FALSE
29215940,29,2921,292159,TRUE,FALSE,TRUE,FALSE
29215950,29,2921,292159,TRUE,FALSE,TRUE,TRUE
29215990,29,2921,292159,TRUE,FALSE,TRUE,TRUE
29221100,29,2922,292211,TRUE,FALSE,TRUE,TRUE
29221200,29,2922,292212,TRUE,FALSE,TRUE,TRUE
29221300,29,2922,292213,TRUE,FALSE,TRUE,FALSE
29221310,29,2922,292213,TRUE,FALSE,TRUE,TRUE
29221390,29,2922,292213,TRUE,FALSE,TRUE,TRUE
29221400,29,2922,292214,TRUE,FALSE,TRUE,TRUE
29221500,29,2922,292215,TRUE,FALSE,TRUE,FALSE
29221600,29,2922,292216,TRUE,FALSE,TRUE,FALSE
29221700,29,2922,292217,TRUE,FALSE,TRUE,FALSE
29221800,29,2922,292218,TRUE,FALSE,TRUE,FALSE
29221900,29,2922,292219,TRUE,FALSE,TRUE,FALSE
29221910,29,2922,292219,TRUE,FALSE,TRUE,TRUE
29221920,29,2922,292219,TRUE,FALSE,TRUE,TRUE
29221930,29,2922,292219,TRUE,FALSE,TRUE,TRUE
29221980,29,2922,292219,TRUE,FALSE,TRUE,FALSE
29221985,29,2922,292219,TRUE,FALSE,TRUE,TRUE
29221990,29,2922,292219,TRUE,FALSE,TRUE,FALSE
29222100,29,2922,292221,TRUE,FALSE,TRUE,TRUE
29222200,29,2922,292222,TRUE,FALSE,TRUE,FALSE
29222900,29,2922,292229,TRUE,FALSE,TRUE,TRUE
29223000,29,2922,292230,TRUE,FALSE,TRUE,FALSE
29223100,29,2922,292231,TRUE,FALSE,TRUE,TRUE
29223900,29,2922,292239,TRUE,FALSE,TRUE,TRUE
29224100,29,2922,292241,TRUE,FALSE,TRUE,TRUE
29224200,29,2922,292242,TRUE,FALSE,TRUE,TRUE
29224210,29,2922,292242,TRUE,FALSE,TRUE,FALSE
29224290,29,2922,292242,TRUE,FALSE,TRUE,FALSE
29224300,29,2922,292243,TRUE,FALSE,TRUE,TRUE
29224400,29,2922,292244,TRUE,FALSE,TRUE,TRUE
29224910,29,2922,292249,TRUE,FALSE,TRUE,FALSE
29224920,29,2922,292249,TRUE,FALSE,TRUE,TRUE
29224950,29,2922,292249,TRUE,FALSE,TRUE,FALSE
29224970,29,2922,292249,TRUE,FALSE,TRUE,FALSE
29224980,29,2922,292249,TRUE,FALSE,TRUE,FALSE
29224985,29,2922,292249,TRUE,FALSE,TRUE,TRUE
29224995,29,2922,292249,TRUE,FALSE,TRUE,FALSE
29225000,29,2922,292250,TRUE,FALSE,TRUE,TRUE
29231000,29,2923,292310,TRUE,FALSE,TRUE,TRUE
29231010,29,2923,292310,TRUE,FALSE,TRUE,FALSE
29231090,29,2923,292310,TRUE,FALSE,TRUE,FALSE
29232000,29,2923,292320,TRUE,FALSE,TRUE,TRUE
29233000,29,2923,292330,TRUE,FALSE,TRUE,FALSE
29234000,29,2923,292340,TRUE,FALSE,TRUE,FALSE
29239000,29,2923,292390,TRUE,FALSE,TRUE,TRUE
29241000,29,2924,292410,TRUE,FALSE,TRUE,FALSE
29241100,29,2924,292411,TRUE,FALSE,TRUE,TRUE
29241200,29,2924,292412,TRUE,FALSE,TRUE,TRUE
29241900,29,2924,292419,TRUE,FALSE,TRUE,TRUE
29242100,29,2924,292421,TRUE,FALSE,TRUE,TRUE
29242110,29,2924,292421,TRUE,FALSE,TRUE,FALSE
29242190,29,2924,292421,TRUE,FALSE,TRUE,FALSE
29242200,29,2924,292422,TRUE,FALSE,TRUE,FALSE
29242300,29,2924,292423,TRUE,FALSE,TRUE,TRUE
29242400,29,2924,292424,TRUE,FALSE,TRUE,TRUE
29242500,29,2924,292425,TRUE,FALSE,TRUE,FALSE
29242910,29,2924,292429,TRUE,FALSE,TRUE,TRUE
29242930,29,2924,292429,TRUE,FALSE,TRUE,FALSE
29242940,29,2924,292429,TRUE,FALSE,TRUE,FALSE
29242970,29,2924,292429,TRUE,FALSE,TRUE,FALSE
29242990,29,2924,292429,TRUE,FALSE,TRUE,FALSE
29242995,29,2924,292429,TRUE,FALSE,TRUE,FALSE
29242998,29,2924,292429,TRUE,FALSE,TRUE,TRUE
29251100,29,2925,292511,TRUE,FALSE,TRUE,TRUE
29251200,29,2925,292512,TRUE,FALSE,TRUE,TRUE
29251910,29,2925,292519,TRUE,FALSE,TRUE,FALSE
29251920,29,2925,292519,TRUE,FALSE,TRUE,TRUE
29251930,29,2925,292519,TRUE,FALSE,TRUE,FALSE
29251980,29,2925,292519,TRUE,FALSE,TRUE,FALSE
29251995,29,2925,292519,TRUE,FALSE,TRUE,TRUE
29252000,29,2925,292520,TRUE,FALSE,TRUE,FALSE
29252100,29,2925,292521,TRUE,FALSE,TRUE,TRUE
29252900,29,2925,292529,TRUE,FALSE,TRUE,TRUE
29261000,29,2926,292610,TRUE,FALSE,TRUE,TRUE
29262000,29,2926,292620,TRUE,FALSE,TRUE,TRUE
29263000,29,2926,292630,TRUE,FALSE,TRUE,TRUE
29264000,29,2926,292640,TRUE,FALSE,TRUE,FALSE
29269010,29,2926,292690,TRUE,FALSE,TRUE,FALSE
29269020,29,2926,292690,TRUE,FALSE,TRUE,TRUE
29269070,29,2926,292690,TRUE,FALSE,TRUE,FALSE
29269080,29,2926,292690,TRUE,FALSE,TRUE,FALSE
29269090,29,2926,292690,TRUE,FALSE,TRUE,FALSE
29269095,29,2926,292690,TRUE,FALSE,TRUE,TRUE
29269099,29,2926,292690,TRUE,FALSE,TRUE,FALSE
29270000,29,2927,292700,TRUE,FALSE,TRUE,TRUE
29280000,29,2928,292800,TRUE,FALSE,TRUE,FALSE
29280010,29,2928,292800,TRUE,FALSE,TRUE,TRUE
29280090,29,2928,292800,TRUE,FALSE,TRUE,TRUE
29291000,29,2929,292910,TRUE,FALSE,TRUE,TRUE
29291010,29,2929,292910,TRUE,FALSE,TRUE,FALSE
29291090,29,2929,292910,TRUE,FALSE,TRUE,FALSE
29299000,29,2929,292990,TRUE,FALSE,TRUE,TRUE
29301000,29,2930,293010,TRUE,FALSE,TRUE,FALSE
29302000,29,2930,293020,TRUE,FALSE,TRUE,TRUE
29303000,29,2930,293030,TRUE,FALSE,TRUE,TRUE
29304000,29,2930,293040,TRUE,FALSE,TRUE,FALSE
29304010,29,2930,293040,TRUE,FALSE,TRUE,TRUE
29304090,29,2930,293040,TRUE,FALSE,TRUE,TRUE
29305000,29,2930,293050,TRUE,FALSE,TRUE,TRUE
29306000,29,2930,293060,TRUE,FALSE,TRUE,FALSE
29307000,29,2930,293070,TRUE,FALSE,TRUE,FALSE
29308000,29,2930,293080,TRUE,FALSE,TRUE,FALSE
29309010,29,2930,293090,TRUE,FALSE,TRUE,FALSE
29309012,29,2930,293090,TRUE,FALSE,TRUE,FALSE
29309013,29,2930,293090,TRUE,FALSE,TRUE,TRUE
29309014,29,2930,293090,TRUE,FALSE,TRUE,FALSE
29309016,29,2930,293090,TRUE,FALSE,TRUE,TRUE
29309020,29,2930,293090,TRUE,FALSE,TRUE,TRUE
29309030,29,2930,293090,TRUE,FALSE,TRUE,TRUE
29309040,29,2930,293090,TRUE,FALSE,TRUE,TRUE
29309050,29,2930,293090,TRUE,FALSE,TRUE,TRUE
29309060,29,2930,293090,TRUE,FALSE,TRUE,TRUE
29309070,29,2930,293090,TRUE,FALSE,TRUE,FALSE
29309085,29,2930,293090,TRUE,FALSE,TRUE,FALSE
29309095,29,2930,293090,TRUE,FALSE,TRUE,FALSE
29309098,29,2930,293090,TRUE,FALSE,TRUE,FALSE
29309099,29,2930,293090,TRUE,FALSE,TRUE,TRUE
29310010,29,2931,293100,TRUE,FALSE,TRUE,FALSE
29310020,29,2931,293100,TRUE,FALSE,TRUE,FALSE
29310030,29,2931,293100,TRUE,FALSE,TRUE,FALSE
29310040,29,2931,293100,TRUE,FALSE,TRUE,FALSE
29310050,29,2931,293100,TRUE,FALSE,TRUE,FALSE
29310080,29,2931,293100,TRUE,FALSE,TRUE,FALSE
29310095,29,2931,293100,TRUE,FALSE,TRUE,FALSE
29310099,29,2931,293100,TRUE,FALSE,TRUE,FALSE
29311000,29,2931,293110,TRUE,FALSE,TRUE,TRUE
29312000,29,2931,293120,TRUE,FALSE,TRUE,TRUE
29313100,29,2931,293131,TRUE,FALSE,TRUE,FALSE
29313200,29,2931,293132,TRUE,FALSE,TRUE,FALSE
29313300,29,2931,293133,TRUE,FALSE,TRUE,FALSE
29313400,29,2931,293134,TRUE,FALSE,TRUE,FALSE
29313500,29,2931,293135,TRUE,FALSE,TRUE,FALSE
29313600,29,2931,293136,TRUE,FALSE,TRUE,FALSE
29313700,29,2931,293137,TRUE,FALSE,TRUE,FALSE
29313800,29,2931,293138,TRUE,FALSE,TRUE,FALSE
29313920,29,2931,293139,TRUE,FALSE,TRUE,FALSE
29313930,29,2931,293139,TRUE,FALSE,TRUE,FALSE
29313950,29,2931,293139,TRUE,FALSE,TRUE,FALSE
29313960,29,2931,293139,TRUE,FALSE,TRUE,FALSE
29313990,29,2931,293139,TRUE,FALSE,TRUE,FALSE
29319000,29,2931,293190,TRUE,FALSE,TRUE,FALSE
29319010,29,2931,293190,TRUE,FALSE,TRUE,TRUE
29319020,29,2931,293190,TRUE,FALSE,TRUE,TRUE
29319030,29,2931,293190,TRUE,FALSE,TRUE,TRUE
29319040,29,2931,293190,TRUE,FALSE,TRUE,TRUE
29319050,29,2931,293190,TRUE,FALSE,TRUE,FALSE
29319060,29,2931,293190,TRUE,FALSE,TRUE,FALSE
29319080,29,2931,293190,TRUE,FALSE,TRUE,FALSE
29319090,29,2931,293190,TRUE,FALSE,TRUE,TRUE
29321100,29,2932,293211,TRUE,FALSE,TRUE,TRUE
29321200,29,2932,293212,TRUE,FALSE,TRUE,TRUE
29321300,29,2932,293213,TRUE,FALSE,TRUE,TRUE
29321400,29,2932,293214,TRUE,FALSE,TRUE,FALSE
29321900,29,2932,293219,TRUE,FALSE,TRUE,TRUE
29322010,29,2932,293220,TRUE,FALSE,TRUE,TRUE
29322020,29,2932,293220,TRUE,FALSE,TRUE,TRUE
29322090,29,2932,293220,TRUE,FALSE,TRUE,TRUE
29322100,29,2932,293221,TRUE,FALSE,TRUE,FALSE
29322910,29,2932,293229,TRUE,FALSE,TRUE,FALSE
29322920,29,2932,293229,TRUE,FALSE,TRUE,FALSE
29322930,29,2932,293229,TRUE,FALSE,TRUE,FALSE
29322940,29,2932,293229,TRUE,FALSE,TRUE,FALSE
29322950,29,2932,293229,TRUE,FALSE,TRUE,FALSE
29322960,29,2932,293229,TRUE,FALSE,TRUE,FALSE
29322980,29,2932,293229,TRUE,FALSE,TRUE,FALSE
29322985,29,2932,293229,TRUE,FALSE,TRUE,FALSE
29322990,29,2932,293229,TRUE,FALSE,TRUE,FALSE
29329010,29,2932,293290,TRUE,FALSE,TRUE,FALSE
29329030,29,2932,293290,TRUE,FALSE,TRUE,FALSE
29329050,29,2932,293290,TRUE,FALSE,TRUE,FALSE
29329071,29,2932,293290,TRUE,FALSE,TRUE,FALSE
29329073,29,2932,293290,TRUE,FALSE,TRUE,FALSE
29329075,29,2932,293290,TRUE,FALSE,TRUE,FALSE
29329077,29,2932,293290,TRUE,FALSE,TRUE,FALSE
29329079,29,2932,293290,TRUE,FALSE,TRUE,FALSE
29329090,29,2932,293290,TRUE,FALSE,TRUE,FALSE
29329100,29,2932,293291,TRUE,FALSE,TRUE,TRUE
29329200,29,2932,293292,TRUE,FALSE,TRUE,TRUE
29329300,29,2932,293293,TRUE,FALSE,TRUE,TRUE
29329400,29,2932,293294,TRUE,FALSE,TRUE,TRUE
29329500,29,2932,293295,TRUE,FALSE,TRUE,TRUE
29329900,29,2932,293299,TRUE,FALSE,TRUE,TRUE
29329910,29,2932,293299,TRUE,FALSE,TRUE,FALSE
29329930,29,2932,293299,TRUE,FALSE,TRUE,FALSE
29329950,29,2932,293299,TRUE,FALSE,TRUE,FALSE
29329970,29,2932,293299,TRUE,FALSE,TRUE,FALSE
29329980,29,2932,293299,TRUE,FALSE,TRUE,FALSE
29329985,29,2932,293299,TRUE,FALSE,TRUE,FALSE
29329990,29,2932,293299,TRUE,FALSE,TRUE,FALSE
29329995,29,2932,293299,TRUE,FALSE,TRUE,FALSE
29331110,29,2933,293311,TRUE,FALSE,TRUE,TRUE
29331190,29,2933,293311,TRUE,FALSE,TRUE,TRUE
29331910,29,2933,293319,TRUE,FALSE,TRUE,TRUE
29331990,29,2933,293319,TRUE,FALSE,TRUE,TRUE
29332100,29,2933,293321,TRUE,FALSE,TRUE,TRUE
29332910,29,2933,293329,TRUE,FALSE,TRUE,TRUE
29332990,29,2933,293329,TRUE,FALSE,TRUE,TRUE
29333100,29,2933,293331,TRUE,FALSE,TRUE,TRUE
29333200,29,2933,293332,TRUE,FALSE,TRUE,TRUE
29333300,29,2933,293333,TRUE,FALSE,TRUE,TRUE
29333910,29,2933,293339,TRUE,FALSE,TRUE,TRUE
29333920,29,2933,293339,TRUE,FALSE,TRUE,TRUE
29333925,29,2933,293339,TRUE,FALSE,TRUE,TRUE
29333930,29,2933,293339,TRUE,FALSE,TRUE,FALSE
29333935,29,2933,293339,TRUE,FALSE,TRUE,TRUE
29333940,29,2933,293339,TRUE,FALSE,TRUE,TRUE
29333945,29,2933,293339,TRUE,FALSE,TRUE,TRUE
29333950,29,2933,293339,TRUE,FALSE,TRUE,TRUE
29333955,29,2933,293339,TRUE,FALSE,TRUE,TRUE
29333980,29,2933,293339,TRUE,FALSE,TRUE,FALSE
29333995,29,2933,293339,TRUE,FALSE,TRUE,FALSE
29333999,29,2933,293339,TRUE,FALSE,TRUE,TRUE
29334010,29,2933,293340,TRUE,FALSE,TRUE,FALSE
29334030,29,2933,293340,TRUE,FALSE,TRUE,FALSE
29334090,29,2933,293340,TRUE,FALSE,TRUE,FALSE
29334100,29,2933,293341,TRUE,FALSE,TRUE,TRUE
29334910,29,2933,293349,TRUE,FALSE,TRUE,TRUE
29334930,29,2933,293349,TRUE,FALSE,TRUE,TRUE
29334990,29,2933,293349,TRUE,FALSE,TRUE,TRUE
29335110,29,2933,293351,TRUE,FALSE,TRUE,FALSE
29335120,29,2933,293351,TRUE,FALSE,TRUE,FALSE
29335130,29,2933,293351,TRUE,FALSE,TRUE,FALSE
29335190,29,2933,293351,TRUE,FALSE,TRUE,FALSE
29335200,29,2933,293352,TRUE,FALSE,TRUE,TRUE
29335310,29,2933,293353,TRUE,FALSE,TRUE,TRUE
29335390,29,2933,293353,TRUE,FALSE,TRUE,TRUE
29335400,29,2933,293354,TRUE,FALSE,TRUE,TRUE
29335500,29,2933,293355,TRUE,FALSE,TRUE,TRUE
29335910,29,2933,293359,TRUE,FALSE,TRUE,TRUE
29335920,29,2933,293359,TRUE,FALSE,TRUE,TRUE
29335970,29,2933,293359,TRUE,FALSE,TRUE,FALSE
29335980,29,2933,293359,TRUE,FALSE,TRUE,FALSE
29335990,29,2933,293359,TRUE,FALSE,TRUE,FALSE
29335995,29,2933,293359,TRUE,FALSE,TRUE,TRUE
29336100,29,2933,293361,TRUE,FALSE,TRUE,TRUE
29336910,29,2933,293369,TRUE,FALSE,TRUE,TRUE
29336920,29,2933,293369,TRUE,FALSE,TRUE,FALSE
29336930,29,2933,293369,TRUE,FALSE,TRUE,FALSE
29336940,29,2933,293369,TRUE,FALSE,TRUE,TRUE
29336980,29,2933,293369,TRUE,FALSE,TRUE,TRUE
29336990,29,2933,293369,TRUE,FALSE,TRUE,FALSE
29337100,29,2933,293371,TRUE,FALSE,TRUE,TRUE
29337200,29,2933,293372,TRUE,FALSE,TRUE,TRUE
29337900,29,2933,293379,TRUE,FALSE,TRUE,TRUE
29339020,29,2933,293390,TRUE,FALSE,TRUE,FALSE
29339040,29,2933,293390,TRUE,FALSE,TRUE,FALSE
29339050,29,2933,293390,TRUE,FALSE,TRUE,FALSE
29339060,29,2933,293390,TRUE,FALSE,TRUE,FALSE
29339065,29,2933,293390,TRUE,FALSE,TRUE,FALSE
29339080,29,2933,293390,TRUE,FALSE,TRUE,FALSE
29339095,29,2933,293390,TRUE,FALSE,TRUE,FALSE
29339110,29,2933,293391,TRUE,FALSE,TRUE,TRUE
29339190,29,2933,293391,TRUE,FALSE,TRUE,TRUE
29339200,29,2933,293392,TRUE,FALSE,TRUE,FALSE
29339910,29,2933,293399,TRUE,FALSE,TRUE,FALSE
29339920,29,2933,293399,TRUE,FALSE,TRUE,TRUE
29339930,29,2933,293399,TRUE,FALSE,TRUE,FALSE
29339940,29,2933,293399,TRUE,FALSE,TRUE,FALSE
29339950,29,2933,293399,TRUE,FALSE,TRUE,TRUE
29339980,29,2933,293399,TRUE,FALSE,TRUE,TRUE
29339990,29,2933,293399,TRUE,FALSE,TRUE,FALSE
29341000,29,2934,293410,TRUE,FALSE,TRUE,TRUE
29342020,29,2934,293420,TRUE,FALSE,TRUE,TRUE
29342050,29,2934,293420,TRUE,FALSE,TRUE,FALSE
29342080,29,2934,293420,TRUE,FALSE,TRUE,TRUE
29342090,29,2934,293420,TRUE,FALSE,TRUE,FALSE
29343010,29,2934,293430,TRUE,FALSE,TRUE,TRUE
29343090,29,2934,293430,TRUE,FALSE,TRUE,TRUE
29349010,29,2934,293490,TRUE,FALSE,TRUE,FALSE
29349030,29,2934,293490,TRUE,FALSE,TRUE,FALSE
29349040,29,2934,293490,TRUE,FALSE,TRUE,FALSE
29349050,29,2934,293490,TRUE,FALSE,TRUE,FALSE
29349060,29,2934,293490,TRUE,FALSE,TRUE,FALSE
29349070,29,2934,293490,TRUE,FALSE,TRUE,FALSE
29349080,29,2934,293490,TRUE,FALSE,TRUE,FALSE
29349085,29,2934,293490,TRUE,FALSE,TRUE,FALSE
29349089,29,2934,293490,TRUE,FALSE,TRUE,FALSE
29349091,29,2934,293490,TRUE,FALSE,TRUE,FALSE
29349093,29,2934,293490,TRUE,FALSE,TRUE,FALSE
29349096,29,2934,293490,TRUE,FALSE,TRUE,FALSE
29349097,29,2934,293490,TRUE,FALSE,TRUE,FALSE
29349098,29,2934,293490,TRUE,FALSE,TRUE,FALSE
29349099,29,2934,293490,TRUE,FALSE,TRUE,FALSE
29349100,29,2934,293491,TRUE,FALSE,TRUE,TRUE
29349910,29,2934,293499,TRUE,FALSE,TRUE,FALSE
29349920,29,2934,293499,TRUE,FALSE,TRUE,FALSE
29349930,29,2934,293499,TRUE,FALSE,TRUE,FALSE
29349940,29,2934,293499,TRUE,FALSE,TRUE,FALSE
29349950,29,2934,293499,TRUE,FALSE,TRUE,FALSE
29349960,29,2934,293499,TRUE,FALSE,TRUE,TRUE
29349990,29,2934,293499,TRUE,FALSE,TRUE,TRUE
29350000,29,2935,293500,TRUE,FALSE,TRUE,FALSE
29350010,29,2935,293500,TRUE,FALSE,TRUE,FALSE
29350020,29,2935,293500,TRUE,FALSE,TRUE,FALSE
29350030,29,2935,293500,TRUE,FALSE,TRUE,TRUE
29350090,29,2935,293500,TRUE,FALSE,TRUE,TRUE
29351000,29,2935,293510,TRUE,FALSE,TRUE,FALSE
29352000,29,2935,293520,TRUE,FALSE,TRUE,FALSE
29353000,29,2935,293530,TRUE,FALSE,TRUE,FALSE
29354000,29,2935,293540,TRUE,FALSE,TRUE,FALSE
29355000,29,2935,293550,TRUE,FALSE,TRUE,FALSE
29359030,29,2935,293590,TRUE,FALSE,TRUE,FALSE
29359090,29,2935,293590,TRUE,FALSE,TRUE,FALSE
29361000,29,2936,293610,TRUE,FALSE,TRUE,FALSE
29362100,29,2936,293621,TRUE,FALSE,TRUE,TRUE
29362200,29,2936,293622,TRUE,FALSE,TRUE,TRUE
29362300,29,2936,293623,TRUE,FALSE,TRUE,TRUE
29362400,29,2936,293624,TRUE,FALSE,TRUE,TRUE
29362500,29,2936,293625,TRUE,FALSE,TRUE,TRUE
29362600,29,2936,293626,TRUE,FALSE,TRUE,TRUE
29362700,29,2936,293627,TRUE,FALSE,TRUE,TRUE
29362800,29,2936,293628,TRUE,FALSE,TRUE,TRUE
29362900,29,2936,293629,TRUE,FALSE,TRUE,TRUE
29362910,29,2936,293629,TRUE,FALSE,TRUE,FALSE
29362930,29,2936,293629,TRUE,FALSE,TRUE,FALSE
29362990,29,2936,293629,TRUE,FALSE,TRUE,FALSE
29369000,29,2936,293690,TRUE,FALSE,TRUE,TRUE
29369011,29,2936,293690,TRUE,FALSE,TRUE,FALSE
29369019,29,2936,293690,TRUE,FALSE,TRUE,FALSE
29369080,29,2936,293690,TRUE,FALSE,TRUE,FALSE
29369090,29,2936,293690,TRUE,FALSE,TRUE,FALSE
29371000,29,2937,293710,TRUE,FALSE,TRUE,FALSE
29371010,29,2937,293710,TRUE,FALSE,TRUE,FALSE
29371090,29,2937,293710,TRUE,FALSE,TRUE,FALSE
29371100,29,2937,293711,TRUE,FALSE,TRUE,TRUE
29371200,29,2937,293712,TRUE,FALSE,TRUE,TRUE
29371900,29,2937,293719,TRUE,FALSE,TRUE,TRUE
29372100,29,2937,293721,TRUE,FALSE,TRUE,TRUE
29372200,29,2937,293722,TRUE,FALSE,TRUE,TRUE
29372300,29,2937,293723,TRUE,FALSE,TRUE,TRUE
29372900,29,2937,293729,TRUE,FALSE,TRUE,TRUE
29372910,29,2937,293729,TRUE,FALSE,TRUE,FALSE
29372990,29,2937,293729,TRUE,FALSE,TRUE,FALSE
29373100,29,2937,293731,TRUE,FALSE,TRUE,FALSE
29373900,29,2937,293739,TRUE,FALSE,TRUE,FALSE
29374000,29,2937,293740,TRUE,FALSE,TRUE,FALSE
29375000,29,2937,293750,TRUE,FALSE,TRUE,TRUE
29379000,29,2937,293790,TRUE,FALSE,TRUE,TRUE
29379100,29,2937,293791,TRUE,FALSE,TRUE,FALSE
29379200,29,2937,293792,TRUE,FALSE,TRUE,FALSE
29379900,29,2937,293799,TRUE,FALSE,TRUE,FALSE
29381000,29,2938,293810,TRUE,FALSE,TRUE,TRUE
29389010,29,2938,293890,TRUE,FALSE,TRUE,TRUE
29389030,29,2938,293890,TRUE,FALSE,TRUE,TRUE
29389090,29,2938,293890,TRUE,FALSE,TRUE,TRUE
29391000,29,2939,293910,TRUE,FALSE,TRUE,FALSE
29391100,29,2939,293911,TRUE,FALSE,TRUE,TRUE
29391900,29,2939,293919,TRUE,FALSE,TRUE,TRUE
29392000,29,2939,293920,TRUE,FALSE,TRUE,TRUE
29392100,29,2939,293921,TRUE,FALSE,TRUE,FALSE
29392110,29,2939,293921,TRUE,FALSE,TRUE,FALSE
29392190,29,2939,293921,TRUE,FALSE,TRUE,FALSE
29392900,29,2939,293929,TRUE,FALSE,TRUE,FALSE
29393000,29,2939,293930,TRUE,FALSE,TRUE,TRUE
29394010,29,2939,293940,TRUE,FALSE,TRUE,FALSE
29394030,29,2939,293940,TRUE,FALSE,TRUE,FALSE
29394090,29,2939,293940,TRUE,FALSE,TRUE,FALSE
29394100,29,2939,293941,TRUE,FALSE,TRUE,TRUE
29394200,29,2939,293942,TRUE,FALSE,TRUE,TRUE
29394300,29,2939,293943,TRUE,FALSE,TRUE,TRUE
29394400,29,2939,293944,TRUE,FALSE,TRUE,TRUE
29394900,29,2939,293949,TRUE,FALSE,TRUE,TRUE
29395000,29,2939,293950,TRUE,FALSE,TRUE,FALSE
29395010,29,2939,293950,TRUE,FALSE,TRUE,FALSE
29395090,29,2939,293950,TRUE,FALSE,TRUE,FALSE
29395100,29,2939,293951,TRUE,FALSE,TRUE,TRUE
29395900,29,2939,293959,TRUE,FALSE,TRUE,TRUE
29396010,29,2939,293960,TRUE,FALSE,TRUE,FALSE
29396030,29,2939,293960,TRUE,FALSE,TRUE,FALSE
29396050,29,2939,293960,TRUE,FALSE,TRUE,FALSE
29396090,29,2939,293960,TRUE,FALSE,TRUE,FALSE
29396100,29,2939,293961,TRUE,FALSE,TRUE,TRUE
29396200,29,2939,293962,TRUE,FALSE,TRUE,TRUE
29396300,29,2939,293963,TRUE,FALSE,TRUE,TRUE
29396900,29,2939,293969,TRUE,FALSE,TRUE,TRUE
29397000,29,2939,293970,TRUE,FALSE,TRUE,FALSE
29397100,29,2939,293971,TRUE,FALSE,TRUE,FALSE
29397900,29,2939,293979,TRUE,FALSE,TRUE,FALSE
29397910,29,2939,293979,TRUE,FALSE,TRUE,FALSE
29397990,29,2939,293979,TRUE,FALSE,TRUE,FALSE
29398000,29,2939,293980,TRUE,FALSE,TRUE,FALSE
29399011,29,2939,293990,TRUE,FALSE,TRUE,FALSE
29399019,29,2939,293990,TRUE,FALSE,TRUE,FALSE
29399030,29,2939,293990,TRUE,FALSE,TRUE,FALSE
29399090,29,2939,293990,TRUE,FALSE,TRUE,FALSE
29399100,29,2939,293991,TRUE,FALSE,TRUE,TRUE
29399111,29,2939,293991,TRUE,FALSE,TRUE,FALSE
29399119,29,2939,293991,TRUE,FALSE,TRUE,FALSE
29399190,29,2939,293991,TRUE,FALSE,TRUE,FALSE
29399900,29,2939,293999,TRUE,FALSE,TRUE,TRUE
29399910,29,2939,293999,TRUE,FALSE,TRUE,FALSE
29399990,29,2939,293999,TRUE,FALSE,TRUE,FALSE
29400000,29,2940,294000,TRUE,FALSE,TRUE,TRUE
29400010,29,2940,294000,TRUE,FALSE,TRUE,FALSE
29400090,29,2940,294000,TRUE,FALSE,TRUE,FALSE
29411000,29,2941,294110,TRUE,FALSE,TRUE,TRUE
29411010,29,2941,294110,TRUE,FALSE,TRUE,FALSE
29411020,29,2941,294110,TRUE,FALSE,TRUE,FALSE
29411090,29,2941,294110,TRUE,FALSE,TRUE,FALSE
29412010,29,2941,294120,TRUE,FALSE,TRUE,FALSE
29412020,29,2941,294120,TRUE,FALSE,TRUE,FALSE
29412030,29,2941,294120,TRUE,FALSE,TRUE,TRUE
29412080,29,2941,294120,TRUE,FALSE,TRUE,TRUE
29413000,29,2941,294130,TRUE,FALSE,TRUE,TRUE
29414000,29,2941,294140,TRUE,FALSE,TRUE,TRUE
29415000,29,2941,294150,TRUE,FALSE,TRUE,TRUE
29419000,29,2941,294190,TRUE,FALSE,TRUE,TRUE
29420000,29,2942,294200,TRUE,FALSE,TRUE,TRUE
30011010,30,3001,300110,FALSE,FALSE,FALSE,FALSE
30011090,30,3001,300110,FALSE,FALSE,FALSE,FALSE
30012010,30,3001,300120,FALSE,FALSE,FALSE,TRUE
30012090,30,3001,300120,FALSE,FALSE,FALSE,TRUE
30019010,30,3001,300190,FALSE,FALSE,FALSE,FALSE
30019020,30,3001,300190,FALSE,FALSE,FALSE,TRUE
30019091,30,3001,300190,FALSE,FALSE,FALSE,TRUE
30019098,30,3001,300190,FALSE,FALSE,FALSE,TRUE
30019099,30,3001,300190,FALSE,FALSE,FALSE,FALSE
30021010,30,3002,300210,FALSE,FALSE,FALSE,TRUE
30021091,30,3002,300210,FALSE,FALSE,FALSE,TRUE
30021095,30,3002,300210,FALSE,FALSE,FALSE,FALSE
30021098,30,3002,300210,FALSE,FALSE,FALSE,TRUE
30021099,30,3002,300210,FALSE,FALSE,FALSE,FALSE
30021100,30,3002,300211,FALSE,FALSE,FALSE,FALSE
30021200,30,3002,300212,FALSE,FALSE,FALSE,FALSE
30021300,30,3002,300213,FALSE,FALSE,FALSE,FALSE
30021400,30,3002,300214,FALSE,FALSE,FALSE,FALSE
30021500,30,3002,300215,FALSE,FALSE,FALSE,FALSE
30021900,30,3002,300219,FALSE,FALSE,FALSE,FALSE
30022000,30,3002,300220,FALSE,FALSE,FALSE,TRUE
30023000,30,3002,300230,FALSE,FALSE,FALSE,TRUE
30023100,30,3002,300231,FALSE,FALSE,FALSE,FALSE
30023900,30,3002,300239,FALSE,FALSE,FALSE,FALSE
30029010,30,3002,300290,FALSE,FALSE,FALSE,TRUE
30029030,30,3002,300290,FALSE,FALSE,FALSE,TRUE
30029050,30,3002,300290,FALSE,FALSE,FALSE,TRUE
30029090,30,3002,300290,FALSE,FALSE,FALSE,TRUE
30031000,30,3003,300310,FALSE,FALSE,FALSE,TRUE
30032000,30,3003,300320,FALSE,FALSE,FALSE,TRUE
30033100,30,3003,300331,FALSE,FALSE,FALSE,TRUE
30033900,30,3003,300339,FALSE,FALSE,FALSE,TRUE
30034000,30,3003,300340,FALSE,FALSE,FALSE,FALSE
30034020,30,3003,300340,FALSE,FALSE,FALSE,TRUE
30034030,30,3003,300340,FALSE,FALSE,FALSE,TRUE
30034040,30,3003,300340,FALSE,FALSE,FALSE,TRUE
30034080,30,3003,300340,FALSE,FALSE,FALSE,TRUE
30034100,30,3003,300341,FALSE,FALSE,FALSE,FALSE
30034200,30,3003,300342,FALSE,FALSE,FALSE,FALSE
30034300,30,3003,300343,FALSE,FALSE,FALSE,FALSE
30034900,30,3003,300349,FALSE,FALSE,FALSE,FALSE
30036000,30,3003,300360,FALSE,FALSE,FALSE,FALSE
30039000,30,3003,300390,FALSE,FALSE,FALSE,TRUE
30039010,30,3003,300390,FALSE,FALSE,FALSE,FALSE
30039090,30,3003,300390,FALSE,FALSE,FALSE,FALSE
30041000,30,3004,300410,FALSE,FALSE,FALSE,TRUE
30041010,30,3004,300410,FALSE,FALSE,FALSE,FALSE
30041090,30,3004,300410,FALSE,FALSE,FALSE,FALSE
30042000,30,3004,300420,FALSE,FALSE,FALSE,TRUE
30042010,30,3004,300420,FALSE,FALSE,FALSE,FALSE
30042090,30,3004,300420,FALSE,FALSE,FALSE,FALSE
30043100,30,3004,300431,FALSE,FALSE,FALSE,TRUE
30043110,30,3004,300431,FALSE,FALSE,FALSE,FALSE
30043190,30,3004,300431,FALSE,FALSE,FALSE,FALSE
30043200,30,3004,300432,FALSE,FALSE,FALSE,TRUE
30043210,30,3004,300432,FALSE,FALSE,FALSE,FALSE
30043290,30,3004,300432,FALSE,FALSE,FALSE,FALSE
30043900,30,3004,300439,FALSE,FALSE,FALSE,TRUE
30043910,30,3004,300439,FALSE,FALSE,FALSE,FALSE
30043990,30,3004,300439,FALSE,FALSE,FALSE,FALSE
30044000,30,3004,300440,FALSE,FALSE,FALSE,FALSE
30044010,30,3004,300440,FALSE,FALSE,FALSE,FALSE
30044020,30,3004,300440,FALSE,FALSE,FALSE,TRUE
30044030,30,3004,300440,FALSE,FALSE,FALSE,TRUE
30044040,30,3004,300440,FALSE,FALSE,FALSE,TRUE
30044080,30,3004,300440,FALSE,FALSE,FALSE,TRUE
30044090,30,3004,300440,FALSE,FALSE,FALSE,FALSE
30044100,30,3004,300441,FALSE,FALSE,FALSE,FALSE
30044200,30,3004,300442,FALSE,FALSE,FALSE,FALSE
30044300,30,3004,300443,FALSE,FALSE,FALSE,FALSE
30044900,30,3004,300449,FALSE,FALSE,FALSE,FALSE
30045000,30,3004,300450,FALSE,FALSE,FALSE,TRUE
30045010,30,3004,300450,FALSE,FALSE,FALSE,FALSE
30045090,30,3004,300450,FALSE,FALSE,FALSE,FALSE
30046000,30,3004,300460,FALSE,FALSE,FALSE,FALSE
30049000,30,3004,300490,FALSE,FALSE,FALSE,TRUE
30049011,30,3004,300490,FALSE,FALSE,FALSE,FALSE
30049019,30,3004,300490,FALSE,FALSE,FALSE,FALSE
30049091,30,3004,300490,FALSE,FALSE,FALSE,FALSE
30049099,30,3004,300490,FALSE,FALSE,FALSE,FALSE
30051000,30,3005,300510,FALSE,FALSE,FALSE,TRUE
30059010,30,3005,300590,FALSE,FALSE,FALSE,TRUE
30059031,30,3005,300590,FALSE,FALSE,FALSE,TRUE
30059050,30,3005,300590,FALSE,FALSE,FALSE,TRUE
30059051,30,3005,300590,FALSE,FALSE,FALSE,FALSE
30059055,30,3005,300590,FALSE,FALSE,FALSE,FALSE
30059099,30,3005,300590,FALSE,FALSE,FALSE,TRUE
30061010,30,3006,300610,FALSE,FALSE,FALSE,TRUE
30061030,30,3006,300610,FALSE,FALSE,FALSE,TRUE
30061090,30,3006,300610,FALSE,FALSE,FALSE,TRUE
30062000,30,3006,300620,FALSE,FALSE,FALSE,TRUE
30063000,30,3006,300630,FALSE,FALSE,FALSE,TRUE
30064000,30,3006,300640,FALSE,FALSE,FALSE,TRUE
30065000,30,3006,300650,FALSE,FALSE,FALSE,TRUE
30066000,30,3006,300660,FALSE,FALSE,FALSE,TRUE
30066010,30,3006,300660,FALSE,FALSE,FALSE,FALSE
30066011,30,3006,300660,FALSE,FALSE,FALSE,FALSE
30066019,30,3006,300660,FALSE,FALSE,FALSE,FALSE
30066090,30,3006,300660,FALSE,FALSE,FALSE,FALSE
30067000,30,3006,300670,FALSE,FALSE,FALSE,TRUE
30068000,30,3006,300680,FALSE,FALSE,FALSE,FALSE
30069100,30,3006,300691,FALSE,FALSE,FALSE,TRUE
30069200,30,3006,300692,FALSE,FALSE,FALSE,TRUE
31010000,31,3101,310100,FALSE,FALSE,FALSE,TRUE
31021010,31,3102,310210,FALSE,TRUE,TRUE,TRUE
31021090,31,3102,310210,FALSE,TRUE,TRUE,TRUE
31022100,31,3102,310221,FALSE,TRUE,TRUE,TRUE
31022900,31,3102,310229,FALSE,TRUE,TRUE,TRUE
31023010,31,3102,310230,FALSE,TRUE,TRUE,TRUE
31023090,31,3102,310230,FALSE,TRUE,TRUE,TRUE
31024010,31,3102,310240,FALSE,TRUE,TRUE,TRUE
31024090,31,3102,310240,FALSE,TRUE,TRUE,TRUE
31025000,31,3102,310250,FALSE,TRUE,TRUE,TRUE
31025010,31,3102,310250,FALSE,TRUE,TRUE,FALSE
31025090,31,3102,310250,FALSE,TRUE,TRUE,FALSE
31026000,31,3102,310260,FALSE,TRUE,TRUE,TRUE
31027000,31,3102,310270,FALSE,TRUE,TRUE,FALSE
31027010,31,3102,310270,FALSE,TRUE,TRUE,FALSE
31027090,31,3102,310270,FALSE,TRUE,TRUE,FALSE
31028000,31,3102,310280,FALSE,TRUE,TRUE,TRUE
31029000,31,3102,310290,FALSE,TRUE,TRUE,TRUE
31031010,31,3103,310310,FALSE,FALSE,FALSE,TRUE
31031090,31,3103,310310,FALSE,FALSE,FALSE,TRUE
31031100,31,3103,310311,FALSE,FALSE,FALSE,FALSE
31031900,31,3103,310319,FALSE,FALSE,FALSE,FALSE
31032000,31,3103,310320,FALSE,FALSE,FALSE,FALSE
31039000,31,3103,310390,FALSE,FALSE,FALSE,TRUE
31041000,31,3104,310410,FALSE,FALSE,FALSE,FALSE
31042010,31,3104,310420,FALSE,FALSE,FALSE,TRUE
31042050,31,3104,310420,FALSE,FALSE,FALSE,TRUE
31042090,31,3104,310420,FALSE,FALSE,FALSE,TRUE
31043000,31,3104,310430,FALSE,FALSE,FALSE,TRUE
31049000,31,3104,310490,FALSE,FALSE,FALSE,TRUE
31051000,31,3105,310510,FALSE,TRUE,TRUE,TRUE
31052000,31,3105,310520,FALSE,TRUE,TRUE,FALSE
31052010,31,3105,310520,FALSE,TRUE,TRUE,TRUE
31052090,31,3105,310520,FALSE,TRUE,TRUE,TRUE
31053000,31,3105,310530,FALSE,TRUE,TRUE,TRUE
31053010,31,3105,310530,FALSE,TRUE,TRUE,FALSE
31053090,31,3105,310530,FALSE,TRUE,TRUE,FALSE
31054000,31,3105,310540,FALSE,TRUE,TRUE,TRUE
31054010,31,3105,310540,FALSE,TRUE,TRUE,FALSE
31054090,31,3105,310540,FALSE,TRUE,TRUE,FALSE
31055100,31,3105,310551,FALSE,TRUE,TRUE,TRUE
31055900,31,3105,310559,FALSE,TRUE,TRUE,TRUE
31056000,31,3105,310560,FALSE,FALSE,FALSE,TRUE
31056010,31,3105,310560,FALSE,FALSE,FALSE,FALSE
31056090,31,3105,310560,FALSE,FALSE,FALSE,FALSE
31059010,31,3105,310590,FALSE,TRUE,TRUE,FALSE
31059020,31,3105,310590,FALSE,TRUE,TRUE,TRUE
31059080,31,3105,310590,FALSE,TRUE,TRUE,TRUE
31059091,31,3105,310590,FALSE,TRUE,TRUE,FALSE
31059099,31,3105,310590,FALSE,TRUE,TRUE,FALSE
32011000,32,3201,320110,FALSE,FALSE,FALSE,TRUE
32012000,32,3201,320120,FALSE,FALSE,FALSE,TRUE
32013000,32,3201,320130,FALSE,FALSE,FALSE,FALSE
32019010,32,3201,320190,FALSE,FALSE,FALSE,FALSE
32019020,32,3201,320190,FALSE,FALSE,FALSE,TRUE
32019090,32,3201,320190,FALSE,FALSE,FALSE,TRUE
32021000,32,3202,320210,FALSE,FALSE,FALSE,TRUE
32029000,32,3202,320290,FALSE,FALSE,FALSE,TRUE
32030010,32,3203,320300,FALSE,FALSE,FALSE,TRUE
32030011,32,3203,320300,FALSE,FALSE,FALSE,FALSE
32030019,32,3203,320300,FALSE,FALSE,FALSE,FALSE
32030090,32,3203,320300,FALSE,FALSE,FALSE,TRUE
32041100,32,3204,320411,FALSE,FALSE,FALSE,TRUE
32041200,32,3204,320412,FALSE,FALSE,FALSE,TRUE
32041300,32,3204,320413,FALSE,FALSE,FALSE,TRUE
32041400,32,3204,320414,FALSE,FALSE,FALSE,TRUE
32041500,32,3204,320415,FALSE,FALSE,FALSE,TRUE
32041600,32,3204,320416,FALSE,FALSE,FALSE,TRUE
32041700,32,3204,320417,FALSE,FALSE,FALSE,TRUE
32041900,32,3204,320419,FALSE,FALSE,FALSE,TRUE
32042000,32,3204,320420,FALSE,FALSE,FALSE,TRUE
32049000,32,3204,320490,FALSE,FALSE,FALSE,TRUE
32050000,32,3205,320500,FALSE,FALSE,FALSE,TRUE
32061010,32,3206,320610,FALSE,FALSE,FALSE,FALSE
32061090,32,3206,320610,FALSE,FALSE,FALSE,FALSE
32061100,32,3206,320611,FALSE,FALSE,FALSE,TRUE
32061900,32,3206,320619,FALSE,FALSE,FALSE,TRUE
32062000,32,3206,320620,FALSE,FALSE,FALSE,TRUE
32063000,32,3206,320630,FALSE,FALSE,FALSE,FALSE
32064100,32,3206,320641,FALSE,FALSE,FALSE,TRUE
32064200,32,3206,320642,FALSE,FALSE,FALSE,TRUE
32064300,32,3206,320643,FALSE,FALSE,FALSE,FALSE
32064910,32,3206,320649,FALSE,FALSE,FALSE,TRUE
32064930,32,3206,320649,FALSE,FALSE,FALSE,FALSE
32064970,32,3206,320649,FALSE,FALSE,FALSE,TRUE
32064980,32,3206,320649,FALSE,FALSE,FALSE,FALSE
32064990,32,3206,320649,FALSE,FALSE,FALSE,FALSE
32065000,32,3206,320650,FALSE,FALSE,FALSE,TRUE
32071000,32,3207,320710,FALSE,FALSE,FALSE,TRUE
32072010,32,3207,320720,FALSE,FALSE,FALSE,TRUE
32072090,32,3207,320720,FALSE,FALSE,FALSE,TRUE
32073000,32,3207,320730,FALSE,FALSE,FALSE,TRUE
32074010,32,3207,320740,FALSE,FALSE,FALSE,FALSE
32074020,32,3207,320740,FALSE,FALSE,FALSE,FALSE
32074030,32,3207,320740,FALSE,FALSE,FALSE,FALSE
32074040,32,3207,320740,FALSE,FALSE,FALSE,TRUE
32074080,32,3207,320740,FALSE,FALSE,FALSE,FALSE
32074085,32,3207,320740,FALSE,FALSE,FALSE,TRUE
32074090,32,3207,320740,FALSE,FALSE,FALSE,FALSE
32081010,32,3208,320810,FALSE,FALSE,FALSE,TRUE
32081090,32,3208,320810,FALSE,FALSE,FALSE,TRUE
32082010,32,3208,320820,FALSE,FALSE,FALSE,TRUE
32082090,32,3208,320820,FALSE,FALSE,FALSE,TRUE
32089010,32,3208,320890,FALSE,FALSE,FALSE,FALSE
32089011,32,3208,320890,FALSE,FALSE,FALSE,TRUE
32089013,32,3208,320890,FALSE,FALSE,FALSE,TRUE
32089019,32,3208,320890,FALSE,FALSE,FALSE,TRUE
32089091,32,3208,320890,FALSE,FALSE,FALSE,TRUE
32089099,32,3208,320890,FALSE,FALSE,FALSE,TRUE
32091000,32,3209,320910,FALSE,FALSE,FALSE,TRUE
32099000,32,3209,320990,FALSE,FALSE,FALSE,TRUE
32100010,32,3210,321000,FALSE,FALSE,FALSE,TRUE
32100090,32,3210,321000,FALSE,FALSE,FALSE,TRUE
32110000,32,3211,321100,FALSE,FALSE,FALSE,TRUE
32121000,32,3212,321210,FALSE,FALSE,FALSE,TRUE
32121010,32,3212,321210,FALSE,FALSE,FALSE,FALSE
32121090,32,3212,321210,FALSE,FALSE,FALSE,FALSE
32129000,32,3212,321290,FALSE,FALSE,FALSE,TRUE
32129010,32,3212,321290,FALSE,FALSE,FALSE,FALSE
32129031,32,3212,321290,FALSE,FALSE,FALSE,FALSE
32129038,32,3212,321290,FALSE,FALSE,FALSE,FALSE
32129039,32,3212,321290,FALSE,FALSE,FALSE,FALSE
32129090,32,3212,321290,FALSE,FALSE,FALSE,FALSE
32131000,32,3213,321310,FALSE,FALSE,FALSE,TRUE
32139000,32,3213,321390,FALSE,FALSE,FALSE,TRUE
32141010,32,3214,321410,FALSE,FALSE,FALSE,TRUE
32141090,32,3214,321410,FALSE,FALSE,FALSE,TRUE
32149000,32,3214,321490,FALSE,FALSE,FALSE,TRUE
32151100,32,3215,321511,FALSE,FALSE,FALSE,TRUE
32151110,32,3215,321511,FALSE,FALSE,FALSE,FALSE
32151190,32,3215,321511,FALSE,FALSE,FALSE,FALSE
32151900,32,3215,321519,FALSE,FALSE,FALSE,TRUE
32151910,32,3215,321519,FALSE,FALSE,FALSE,FALSE
32151990,32,3215,321519,FALSE,FALSE,FALSE,FALSE
32159000,32,3215,321590,FALSE,FALSE,FALSE,TRUE
32159010,32,3215,321590,FALSE,FALSE,FALSE,FALSE
32159020,32,3215,321590,FALSE,FALSE,FALSE,FALSE
32159070,32,3215,321590,FALSE,FALSE,FALSE,FALSE
32159080,32,3215,321590,FALSE,FALSE,FALSE,FALSE
33011110,33,3301,330111,FALSE,FALSE,FALSE,FALSE
33011190,33,3301,330111,FALSE,FALSE,FALSE,FALSE
33011210,33,3301,330112,FALSE,FALSE,FALSE,TRUE
33011290,33,3301,330112,FALSE,FALSE,FALSE,TRUE
33011310,33,3301,330113,FALSE,FALSE,FALSE,TRUE
33011390,33,3301,330113,FALSE,FALSE,FALSE,TRUE
33011410,33,3301,330114,FALSE,FALSE,FALSE,FALSE
33011490,33,3301,330114,FALSE,FALSE,FALSE,FALSE
33011910,33,3301,330119,FALSE,FALSE,FALSE,FALSE
33011920,33,3301,330119,FALSE,FALSE,FALSE,TRUE
33011980,33,3301,330119,FALSE,FALSE,FALSE,TRUE
33011990,33,3301,330119,FALSE,FALSE,FALSE,FALSE
33012110,33,3301,330121,FALSE,FALSE,FALSE,FALSE
33012190,33,3301,330121,FALSE,FALSE,FALSE,FALSE
33012210,33,3301,330122,FALSE,FALSE,FALSE,FALSE
33012290,33,3301,330122,FALSE,FALSE,FALSE,FALSE
33012310,33,3301,330123,FALSE,FALSE,FALSE,FALSE
33012390,33,3301,330123,FALSE,FALSE,FALSE,FALSE
33012410,33,3301,330124,FALSE,FALSE,FALSE,TRUE
33012490,33,3301,330124,FALSE,FALSE,FALSE,TRUE
33012510,33,3301,330125,FALSE,FALSE,FALSE,TRUE
33012590,33,3301,330125,FALSE,FALSE,FALSE,TRUE
33012610,33,3301,330126,FALSE,FALSE,FALSE,FALSE
33012690,33,3301,330126,FALSE,FALSE,FALSE,FALSE
33012911,33,3301,330129,FALSE,FALSE,FALSE,TRUE
33012931,33,3301,330129,FALSE,FALSE,FALSE,TRUE
33012941,33,3301,330129,FALSE,FALSE,FALSE,TRUE
33012961,33,3301,330129,FALSE,FALSE,FALSE,FALSE
33012971,33,3301,330129,FALSE,FALSE,FALSE,TRUE
33012979,33,3301,330129,FALSE,FALSE,FALSE,TRUE
33012991,33,3301,330129,FALSE,FALSE,FALSE,TRUE
33013000,33,3301,330130,FALSE,FALSE,FALSE,TRUE
33019010,33,3301,330190,FALSE,FALSE,FALSE,TRUE
33019021,33,3301,330190,FALSE,FALSE,FALSE,TRUE
33019029,33,3301,330190,FALSE,FALSE,FALSE,FALSE
33019030,33,3301,330190,FALSE,FALSE,FALSE,TRUE
33019031,33,3301,330190,FALSE,FALSE,FALSE,FALSE
33019039,33,3301,330190,FALSE,FALSE,FALSE,FALSE
33019090,33,3301,330190,FALSE,FALSE,FALSE,TRUE
33021000,33,3302,330210,FALSE,FALSE,FALSE,FALSE
33021010,33,3302,330210,FALSE,FALSE,FALSE,TRUE
33021021,33,3302,330210,FALSE,FALSE,FALSE,TRUE
33021029,33,3302,330210,FALSE,FALSE,FALSE,TRUE
33021040,33,3302,330210,FALSE,FALSE,FALSE,TRUE
33021090,33,3302,330210,FALSE,FALSE,FALSE,TRUE
33029010,33,3302,330290,FALSE,FALSE,FALSE,TRUE
33029090,33,3302,330290,FALSE,FALSE,FALSE,TRUE
33030010,33,3303,330300,FALSE,FALSE,FALSE,TRUE
33030090,33,3303,330300,FALSE,FALSE,FALSE,TRUE
33041000,33,3304,330410,FALSE,FALSE,FALSE,TRUE
33042000,33,3304,330420,FALSE,FALSE,FALSE,TRUE
33043000,33,3304,330430,FALSE,FALSE,FALSE,TRUE
33049100,33,3304,330491,FALSE,FALSE,FALSE,TRUE
33049900,33,3304,330499,FALSE,FALSE,FALSE,TRUE
33051000,33,3305,330510,FALSE,FALSE,FALSE,TRUE
33052000,33,3305,330520,FALSE,FALSE,FALSE,TRUE
33053000,33,3305,330530,FALSE,FALSE,FALSE,TRUE
33059000,33,3305,330590,FALSE,FALSE,FALSE,TRUE
33059010,33,3305,330590,FALSE,FALSE,FALSE,FALSE
33059090,33,3305,330590,FALSE,FALSE,FALSE,FALSE
33061000,33,3306,330610,FALSE,FALSE,FALSE,TRUE
33062000,33,3306,330620,FALSE,FALSE,FALSE,TRUE
33069000,33,3306,330690,FALSE,FALSE,FALSE,TRUE
33071000,33,3307,330710,FALSE,FALSE,FALSE,TRUE
33072000,33,3307,330720,FALSE,FALSE,FALSE,TRUE
33073000,33,3307,330730,FALSE,FALSE,FALSE,TRUE
33074100,33,3307,330741,FALSE,FALSE,FALSE,TRUE
33074900,33,3307,330749,FALSE,FALSE,FALSE,TRUE
33079000,33,3307,330790,FALSE,FALSE,FALSE,TRUE
34011100,34,3401,340111,FALSE,FALSE,FALSE,TRUE
34011900,34,3401,340119,FALSE,FALSE,FALSE,TRUE
34012010,34,3401,340120,FALSE,FALSE,FALSE,TRUE
34012090,34,3401,340120,FALSE,FALSE,FALSE,TRUE
34013000,34,3401,340130,FALSE,FALSE,FALSE,TRUE
34021100,34,3402,340211,FALSE,FALSE,FALSE,FALSE
34021110,34,3402,340211,FALSE,FALSE,FALSE,TRUE
34021190,34,3402,340211,FALSE,FALSE,FALSE,TRUE
34021200,34,3402,340212,FALSE,FALSE,FALSE,TRUE
34021300,34,3402,340213,FALSE,FALSE,FALSE,TRUE
34021900,34,3402,340219,FALSE,FALSE,FALSE,TRUE
34022010,34,3402,340220,FALSE,FALSE,FALSE,FALSE
34022020,34,3402,340220,FALSE,FALSE,FALSE,TRUE
34022090,34,3402,340220,FALSE,FALSE,FALSE,TRUE
34029010,34,3402,340290,FALSE,FALSE,FALSE,TRUE
34029090,34,3402,340290,FALSE,FALSE,FALSE,TRUE
34031100,34,3403,340311,FALSE,FALSE,FALSE,TRUE
34031910,34,3403,340319,FALSE,FALSE,FALSE,TRUE
34031920,34,3403,340319,FALSE,FALSE,FALSE,FALSE
34031980,34,3403,340319,FALSE,FALSE,FALSE,FALSE
34031990,34,3403,340319,FALSE,FALSE,FALSE,TRUE
34031991,34,3403,340319,FALSE,FALSE,FALSE,FALSE
34031999,34,3403,340319,FALSE,FALSE,FALSE,FALSE
34039100,34,3403,340391,FALSE,FALSE,FALSE,TRUE
34039900,34,3403,340399,FALSE,FALSE,FALSE,TRUE
34039910,34,3403,340399,FALSE,FALSE,FALSE,FALSE
34039990,34,3403,340399,FALSE,FALSE,FALSE,FALSE
34041000,34,3404,340410,FALSE,FALSE,FALSE,FALSE
34042000,34,3404,340420,FALSE,FALSE,FALSE,TRUE
34049000,34,3404,340490,FALSE,FALSE,FALSE,TRUE
34049010,34,3404,340490,FALSE,FALSE,FALSE,FALSE
34049080,34,3404,340490,FALSE,FALSE,FALSE,FALSE
34049090,34,3404,340490,FALSE,FALSE,FALSE,FALSE
34051000,34,3405,340510,FALSE,FALSE,FALSE,TRUE
34052000,34,3405,340520,FALSE,FALSE,FALSE,TRUE
34053000,34,3405,340530,FALSE,FALSE,FALSE,TRUE
34054000,34,3405,340540,FALSE,FALSE,FALSE,TRUE
34059010,34,3405,340590,FALSE,FALSE,FALSE,TRUE
34059090,34,3405,340590,FALSE,FALSE,FALSE,TRUE
34060000,34,3406,340600,FALSE,FALSE,FALSE,TRUE
34060011,34,3406,340600,FALSE,FALSE,FALSE,FALSE
34060019,34,3406,340600,FALSE,FALSE,FALSE,FALSE
34060090,34,3406,340600,FALSE,FALSE,FALSE,FALSE
34070000,34,3407,340700,FALSE,FALSE,FALSE,TRUE
35011010,35,3501,350110,FALSE,FALSE,FALSE,TRUE
35011050,35,3501,350110,FALSE,FALSE,FALSE,TRUE
35011090,35,3501,350110,FALSE,FALSE,FALSE,TRUE
35019010,35,3501,350190,FALSE,FALSE,FALSE,TRUE
35019090,35,3501,350190,FALSE,FALSE,FALSE,TRUE
35021010,35,3502,350210,FALSE,FALSE,FALSE,FALSE
35021091,35,3502,350210,FALSE,FALSE,FALSE,FALSE
35021099,35,3502,350210,FALSE,FALSE,FALSE,FALSE
35021110,35,3502,350211,FALSE,FALSE,FALSE,TRUE
35021190,35,3502,350211,FALSE,FALSE,FALSE,TRUE
35021910,35,3502,350219,FALSE,FALSE,FALSE,TRUE
35021990,35,3502,350219,FALSE,FALSE,FALSE,TRUE
35022010,35,3502,350220,FALSE,FALSE,FALSE,TRUE
35022091,35,3502,350220,FALSE,FALSE,FALSE,TRUE
35022099,35,3502,350220,FALSE,FALSE,FALSE,TRUE
35029010,35,3502,350290,FALSE,FALSE,FALSE,FALSE
35029020,35,3502,350290,FALSE,FALSE,FALSE,TRUE
35029051,35,3502,350290,FALSE,FALSE,FALSE,FALSE
35029059,35,3502,350290,FALSE,FALSE,FALSE,FALSE
35029070,35,3502,350290,FALSE,FALSE,FALSE,TRUE
35029090,35,3502,350290,FALSE,FALSE,FALSE,TRUE
35030010,35,3503,350300,FALSE,FALSE,FALSE,TRUE
35030080,35,3503,350300,FALSE,FALSE,FALSE,TRUE
35040000,35,3504,350400,FALSE,FALSE,FALSE,FALSE
35040010,35,3504,350400,FALSE,FALSE,FALSE,TRUE
35040090,35,3504,350400,FALSE,FALSE,FALSE,TRUE
35051010,35,3505,350510,FALSE,FALSE,FALSE,TRUE
35051050,35,3505,350510,FALSE,FALSE,FALSE,TRUE
35051090,35,3505,350510,FALSE,FALSE,FALSE,TRUE
35052010,35,3505,350520,FALSE,FALSE,FALSE,TRUE
35052030,35,3505,350520,FALSE,FALSE,FALSE,TRUE
35052050,35,3505,350520,FALSE,FALSE,FALSE,TRUE
35052090,35,3505,350520,FALSE,FALSE,FALSE,TRUE
35061000,35,3506,350610,FALSE,FALSE,FALSE,TRUE
35069100,35,3506,350691,FALSE,FALSE,FALSE,TRUE
35069110,35,3506,350691,FALSE,FALSE,FALSE,FALSE
35069190,35,3506,350691,FALSE,FALSE,FALSE,FALSE
35069900,35,3506,350699,FALSE,FALSE,FALSE,TRUE
35071000,35,3507,350710,FALSE,FALSE,FALSE,TRUE
35079000,35,3507,350790,FALSE,FALSE,FALSE,FALSE
35079010,35,3507,350790,FALSE,FALSE,FALSE,FALSE
35079020,35,3507,350790,FALSE,FALSE,FALSE,FALSE
35079030,35,3507,350790,FALSE,FALSE,FALSE,TRUE
35079090,35,3507,350790,FALSE,FALSE,FALSE,TRUE
36010000,36,3601,360100,FALSE,FALSE,FALSE,TRUE
36020000,36,3602,360200,FALSE,FALSE,FALSE,TRUE
36030010,36,3603,360300,FALSE,FALSE,FALSE,TRUE
36030020,36,3603,360300,FALSE,FALSE,FALSE,FALSE
36030030,36,3603,360300,FALSE,FALSE,FALSE,FALSE
36030040,36,3603,360300,FALSE,FALSE,FALSE,FALSE
36030050,36,3603,360300,FALSE,FALSE,FALSE,FALSE
36030060,36,3603,360300,FALSE,FALSE,FALSE,FALSE
36030080,36,3603,360300,FALSE,FALSE,FALSE,FALSE
36030090,36,3603,360300,FALSE,FALSE,FALSE,TRUE
36041000,36,3604,360410,FALSE,FALSE,FALSE,TRUE
36049000,36,3604,360490,FALSE,FALSE,FALSE,TRUE
36050000,36,3605,360500,FALSE,FALSE,FALSE,TRUE
36061000,36,3606,360610,FALSE,FALSE,FALSE,TRUE
36069010,36,3606,360690,FALSE,FALSE,FALSE,TRUE
36069090,36,3606,360690,FALSE,FALSE,FALSE,TRUE
37011000,37,3701,370110,FALSE,FALSE,FALSE,TRUE
37011010,37,3701,370110,FALSE,FALSE,FALSE,FALSE
37011090,37,3701,370110,FALSE,FALSE,FALSE,FALSE
37012000,37,3701,370120,FALSE,FALSE,FALSE,TRUE
37013000,37,3701,370130,FALSE,FALSE,FALSE,TRUE
37019100,37,3701,370191,FALSE,FALSE,FALSE,TRUE
37019900,37,3701,370199,FALSE,FALSE,FALSE,TRUE
37021000,37,3702,370210,FALSE,FALSE,FALSE,TRUE
37022000,37,3702,370220,FALSE,FALSE,FALSE,FALSE
37023110,37,3702,370231,FALSE,FALSE,FALSE,FALSE
37023120,37,3702,370231,FALSE,FALSE,FALSE,FALSE
37023190,37,3702,370231,FALSE,FALSE,FALSE,FALSE
37023191,37,3702,370231,FALSE,FALSE,FALSE,TRUE
37023197,37,3702,370231,FALSE,FALSE,FALSE,TRUE
37023198,37,3702,370231,FALSE,FALSE,FALSE,FALSE
37023199,37,3702,370231,FALSE,FALSE,FALSE,FALSE
37023210,37,3702,370232,FALSE,FALSE,FALSE,TRUE
37023211,37,3702,370232,FALSE,FALSE,FALSE,FALSE
37023219,37,3702,370232,FALSE,FALSE,FALSE,FALSE
37023220,37,3702,370232,FALSE,FALSE,FALSE,TRUE
37023231,37,3702,370232,FALSE,FALSE,FALSE,FALSE
37023250,37,3702,370232,FALSE,FALSE,FALSE,FALSE
37023251,37,3702,370232,FALSE,FALSE,FALSE,FALSE
37023280,37,3702,370232,FALSE,FALSE,FALSE,FALSE
37023285,37,3702,370232,FALSE,FALSE,FALSE,TRUE
37023290,37,3702,370232,FALSE,FALSE,FALSE,FALSE
37023900,37,3702,370239,FALSE,FALSE,FALSE,TRUE
37024100,37,3702,370241,FALSE,FALSE,FALSE,TRUE
37024200,37,3702,370242,FALSE,FALSE,FALSE,TRUE
37024300,37,3702,370243,FALSE,FALSE,FALSE,TRUE
37024400,37,3702,370244,FALSE,FALSE,FALSE,TRUE
37025100,37,3702,370251,FALSE,FALSE,FALSE,FALSE
37025200,37,3702,370252,FALSE,FALSE,FALSE,TRUE
37025210,37,3702,370252,FALSE,FALSE,FALSE,FALSE
37025290,37,3702,370252,FALSE,FALSE,FALSE,FALSE
37025300,37,3702,370253,FALSE,FALSE,FALSE,TRUE
37025400,37,3702,370254,FALSE,FALSE,FALSE,TRUE
37025410,37,3702,370254,FALSE,FALSE,FALSE,FALSE
37025490,37,3702,370254,FALSE,FALSE,FALSE,FALSE
37025500,37,3702,370255,FALSE,FALSE,FALSE,TRUE
37025600,37,3702,370256,FALSE,FALSE,FALSE,TRUE
37025610,37,3702,370256,FALSE,FALSE,FALSE,FALSE
37025690,37,3702,370256,FALSE,FALSE,FALSE,FALSE
37029110,37,3702,370291,FALSE,FALSE,FALSE,FALSE
37029120,37,3702,370291,FALSE,FALSE,FALSE,FALSE
37029180,37,3702,370291,FALSE,FALSE,FALSE,FALSE
37029190,37,3702,370291,FALSE,FALSE,FALSE,FALSE
37029210,37,3702,370292,FALSE,FALSE,FALSE,FALSE
37029290,37,3702,370292,FALSE,FALSE,FALSE,FALSE
37029310,37,3702,370293,FALSE,FALSE,FALSE,FALSE
37029390,37,3702,370293,FALSE,FALSE,FALSE,FALSE
37029410,37,3702,370294,FALSE,FALSE,FALSE,FALSE
37029490,37,3702,370294,FALSE,FALSE,FALSE,FALSE
37029500,37,3702,370295,FALSE,FALSE,FALSE,FALSE
37029610,37,3702,370296,FALSE,FALSE,FALSE,TRUE
37029690,37,3702,370296,FALSE,FALSE,FALSE,TRUE
37029710,37,3702,370297,FALSE,FALSE,FALSE,TRUE
37029790,37,3702,370297,FALSE,FALSE,FALSE,TRUE
37029800,37,3702,370298,FALSE,FALSE,FALSE,TRUE
37031000,37,3703,370310,FALSE,FALSE,FALSE,TRUE
37032000,37,3703,370320,FALSE,FALSE,FALSE,TRUE
37032010,37,3703,370320,FALSE,FALSE,FALSE,FALSE
37032090,37,3703,370320,FALSE,FALSE,FALSE,FALSE
37039000,37,3703,370390,FALSE,FALSE,FALSE,TRUE
37039010,37,3703,370390,FALSE,FALSE,FALSE,FALSE
37039090,37,3703,370390,FALSE,FALSE,FALSE,FALSE
37040010,37,3704,370400,FALSE,FALSE,FALSE,TRUE
37040090,37,3704,370400,FALSE,FALSE,FALSE,TRUE
37050010,37,3705,370500,FALSE,FALSE,FALSE,FALSE
37050090,37,3705,370500,FALSE,FALSE,FALSE,FALSE
37051000,37,3705,370510,FALSE,FALSE,FALSE,TRUE
37052000,37,3705,370520,FALSE,FALSE,FALSE,FALSE
37059000,37,3705,370590,FALSE,FALSE,FALSE,FALSE
37059010,37,3705,370590,FALSE,FALSE,FALSE,TRUE
37059090,37,3705,370590,FALSE,FALSE,FALSE,TRUE
37061010,37,3706,370610,FALSE,FALSE,FALSE,FALSE
37061011,37,3706,370610,FALSE,FALSE,FALSE,FALSE
37061019,37,3706,370610,FALSE,FALSE,FALSE,FALSE
37061020,37,3706,370610,FALSE,FALSE,FALSE,TRUE
37061091,37,3706,370610,FALSE,FALSE,FALSE,FALSE
37061099,37,3706,370610,FALSE,FALSE,FALSE,TRUE
37069010,37,3706,370690,FALSE,FALSE,FALSE,FALSE
37069011,37,3706,370690,FALSE,FALSE,FALSE,FALSE
37069019,37,3706,370690,FALSE,FALSE,FALSE,FALSE
37069031,37,3706,370690,FALSE,FALSE,FALSE,FALSE
37069051,37,3706,370690,FALSE,FALSE,FALSE,FALSE
37069052,37,3706,370690,FALSE,FALSE,FALSE,TRUE
37069091,37,3706,370690,FALSE,FALSE,FALSE,TRUE
37069099,37,3706,370690,FALSE,FALSE,FALSE,TRUE
37071000,37,3707,370710,FALSE,FALSE,FALSE,TRUE
37079011,37,3707,370790,FALSE,FALSE,FALSE,FALSE
37079019,37,3707,370790,FALSE,FALSE,FALSE,FALSE
37079020,37,3707,370790,FALSE,FALSE,FALSE,TRUE
37079021,37,3707,370790,FALSE,FALSE,FALSE,FALSE
37079029,37,3707,370790,FALSE,FALSE,FALSE,FALSE
37079030,37,3707,370790,FALSE,FALSE,FALSE,FALSE
37079090,37,3707,370790,FALSE,FALSE,FALSE,TRUE
38011000,38,3801,380110,FALSE,FALSE,FALSE,TRUE
38012010,38,3801,380120,FALSE,FALSE,FALSE,TRUE
38012090,38,3801,380120,FALSE,FALSE,FALSE,TRUE
38013000,38,3801,380130,FALSE,FALSE,FALSE,TRUE
38019000,38,3801,380190,FALSE,FALSE,FALSE,TRUE
38021000,38,3802,380210,FALSE,FALSE,FALSE,TRUE
38029000,38,3802,380290,FALSE,FALSE,FALSE,TRUE
38030010,38,3803,380300,FALSE,FALSE,FALSE,TRUE
38030090,38,3803,380300,FALSE,FALSE,FALSE,TRUE
38040000,38,3804,380400,FALSE,FALSE,FALSE,TRUE
38040010,38,3804,380400,FALSE,FALSE,FALSE,FALSE
38040090,38,3804,380400,FALSE,FALSE,FALSE,FALSE
38051010,38,3805,380510,FALSE,FALSE,FALSE,TRUE
38051030,38,3805,380510,FALSE,FALSE,FALSE,TRUE
38051090,38,3805,380510,FALSE,FALSE,FALSE,TRUE
38052000,38,3805,380520,FALSE,FALSE,FALSE,FALSE
38059000,38,3805,380590,FALSE,FALSE,FALSE,FALSE
38059010,38,3805,380590,FALSE,FALSE,FALSE,TRUE
38059090,38,3805,380590,FALSE,FALSE,FALSE,TRUE
38061000,38,3806,380610,FALSE,FALSE,FALSE,TRUE
38061010,38,3806,380610,FALSE,FALSE,FALSE,FALSE
38061090,38,3806,380610,FALSE,FALSE,FALSE,FALSE
38062000,38,3806,380620,FALSE,FALSE,FALSE,TRUE
38063000,38,3806,380630,FALSE,FALSE,FALSE,TRUE
38069000,38,3806,380690,FALSE,FALSE,FALSE,TRUE
38070010,38,3807,380700,FALSE,FALSE,FALSE,TRUE
38070090,38,3807,380700,FALSE,FALSE,FALSE,TRUE
38081010,38,3808,380810,FALSE,FALSE,FALSE,FALSE
38081020,38,3808,380810,FALSE,FALSE,FALSE,FALSE
38081030,38,3808,380810,FALSE,FALSE,FALSE,FALSE
38081040,38,3808,380810,FALSE,FALSE,FALSE,FALSE
38081090,38,3808,380810,FALSE,FALSE,FALSE,FALSE
38082010,38,3808,380820,FALSE,FALSE,FALSE,FALSE
38082015,38,3808,380820,FALSE,FALSE,FALSE,FALSE
38082030,38,3808,380820,FALSE,FALSE,FALSE,FALSE
38082040,38,3808,380820,FALSE,FALSE,FALSE,FALSE
38082050,38,3808,380820,FALSE,FALSE,FALSE,FALSE
38082060,38,3808,380820,FALSE,FALSE,FALSE,FALSE
38082080,38,3808,380820,FALSE,FALSE,FALSE,FALSE
38083011,38,3808,380830,FALSE,FALSE,FALSE,FALSE
38083013,38,3808,380830,FALSE,FALSE,FALSE,FALSE
38083015,38,3808,380830,FALSE,FALSE,FALSE,FALSE
38083017,38,3808,380830,FALSE,FALSE,FALSE,FALSE
38083021,38,3808,380830,FALSE,FALSE,FALSE,FALSE
38083023,38,3808,380830,FALSE,FALSE,FALSE,FALSE
38083027,38,3808,380830,FALSE,FALSE,FALSE,FALSE
38083030,38,3808,380830,FALSE,FALSE,FALSE,FALSE
38083090,38,3808,380830,FALSE,FALSE,FALSE,FALSE
38084010,38,3808,380840,FALSE,FALSE,FALSE,FALSE
38084020,38,3808,380840,FALSE,FALSE,FALSE,FALSE
38084090,38,3808,380840,FALSE,FALSE,FALSE,FALSE
38085000,38,3808,380850,FALSE,FALSE,FALSE,TRUE
38085200,38,3808,380852,FALSE,FALSE,FALSE,FALSE
38085900,38,3808,380859,FALSE,FALSE,FALSE,FALSE
38086100,38,3808,380861,FALSE,FALSE,FALSE,FALSE
38086200,38,3808,380862,FALSE,FALSE,FALSE,FALSE
38086900,38,3808,380869,FALSE,FALSE,FALSE,FALSE
38089010,38,3808,380890,FALSE,FALSE,FALSE,FALSE
38089090,38,3808,380890,FALSE,FALSE,FALSE,FALSE
38089110,38,3808,380891,FALSE,FALSE,FALSE,TRUE
38089120,38,3808,380891,FALSE,FALSE,FALSE,TRUE
38089130,38,3808,380891,FALSE,FALSE,FALSE,TRUE
38089140,38,3808,380891,FALSE,FALSE,FALSE,TRUE
38089190,38,3808,380891,FALSE,FALSE,FALSE,TRUE
38089210,38,3808,380892,FALSE,FALSE,FALSE,TRUE
38089220,38,3808,380892,FALSE,FALSE,FALSE,TRUE
38089230,38,3808,380892,FALSE,FALSE,FALSE,TRUE
38089240,38,3808,380892,FALSE,FALSE,FALSE,TRUE
38089250,38,3808,380892,FALSE,FALSE,FALSE,TRUE
38089260,38,3808,380892,FALSE,FALSE,FALSE,TRUE
38089290,38,3808,380892,FALSE,FALSE,FALSE,TRUE
38089311,38,3808,380893,FALSE,FALSE,FALSE,TRUE
38089313,38,3808,380893,FALSE,FALSE,FALSE,TRUE
38089315,38,3808,380893,FALSE,FALSE,FALSE,TRUE
38089317,38,3808,380893,FALSE,FALSE,FALSE,TRUE
38089321,38,3808,380893,FALSE,FALSE,FALSE,TRUE
38089323,38,3808,380893,FALSE,FALSE,FALSE,TRUE
38089327,38,3808,380893,FALSE,FALSE,FALSE,TRUE
38089330,38,3808,380893,FALSE,FALSE,FALSE,TRUE
38089390,38,3808,380893,FALSE,FALSE,FALSE,TRUE
38089410,38,3808,380894,FALSE,FALSE,FALSE,TRUE
38089420,38,3808,380894,FALSE,FALSE,FALSE,TRUE
38089490,38,3808,380894,FALSE,FALSE,FALSE,TRUE
38089910,38,3808,380899,FALSE,FALSE,FALSE,TRUE
38089990,38,3808,380899,FALSE,FALSE,FALSE,TRUE
38091010,38,3809,380910,FALSE,FALSE,FALSE,TRUE
38091030,38,3809,380910,FALSE,FALSE,FALSE,TRUE
38091050,38,3809,380910,FALSE,FALSE,FALSE,TRUE
38091090,38,3809,380910,FALSE,FALSE,FALSE,TRUE
38099100,38,3809,380991,FALSE,FALSE,FALSE,TRUE
38099200,38,3809,380992,FALSE,FALSE,FALSE,TRUE
38099300,38,3809,380993,FALSE,FALSE,FALSE,TRUE
38101000,38,3810,381010,FALSE,FALSE,FALSE,TRUE
38109010,38,3810,381090,FALSE,FALSE,FALSE,TRUE
38109090,38,3810,381090,FALSE,FALSE,FALSE,TRUE
38111110,38,3811,381111,FALSE,FALSE,FALSE,TRUE
38111190,38,3811,381111,FALSE,FALSE,FALSE,TRUE
38111900,38,3811,381119,FALSE,FALSE,FALSE,TRUE
38112100,38,3811,381121,FALSE,FALSE,FALSE,TRUE
38112900,38,3811,381129,FALSE,FALSE,FALSE,TRUE
38119000,38,3811,381190,FALSE,FALSE,FALSE,TRUE
38121000,38,3812,381210,FALSE,FALSE,FALSE,TRUE
38122000,38,3812,381220,FALSE,FALSE,FALSE,FALSE
38122010,38,3812,381220,FALSE,FALSE,FALSE,TRUE
38122090,38,3812,381220,FALSE,FALSE,FALSE,TRUE
38123020,38,3812,381230,FALSE,FALSE,FALSE,FALSE
38123021,38,3812,381230,FALSE,FALSE,FALSE,TRUE
38123029,38,3812,381230,FALSE,FALSE,FALSE,TRUE
38123080,38,3812,381230,FALSE,FALSE,FALSE,TRUE
38123100,38,3812,381231,FALSE,FALSE,FALSE,FALSE
38123910,38,3812,381239,FALSE,FALSE,FALSE,FALSE
38123990,38,3812,381239,FALSE,FALSE,FALSE,FALSE
38130000,38,3813,381300,FALSE,FALSE,FALSE,TRUE
38140010,38,3814,381400,FALSE,FALSE,FALSE,TRUE
38140090,38,3814,381400,FALSE,FALSE,FALSE,TRUE
38151100,38,3815,381511,FALSE,FALSE,FALSE,TRUE
38151200,38,3815,381512,FALSE,FALSE,FALSE,TRUE
38151900,38,3815,381519,FALSE,FALSE,FALSE,FALSE
38151910,38,3815,381519,FALSE,FALSE,FALSE,TRUE
38151990,38,3815,381519,FALSE,FALSE,FALSE,TRUE
38159000,38,3815,381590,FALSE,FALSE,FALSE,FALSE
38159010,38,3815,381590,FALSE,FALSE,FALSE,TRUE
38159090,38,3815,381590,FALSE,FALSE,FALSE,TRUE
38160000,38,3816,381600,FALSE,FALSE,FALSE,TRUE
38170010,38,3817,381700,FALSE,FALSE,FALSE,FALSE
38170050,38,3817,381700,FALSE,FALSE,FALSE,TRUE
38170080,38,3817,381700,FALSE,FALSE,FALSE,TRUE
38170090,38,3817,381700,FALSE,FALSE,FALSE,FALSE
38171010,38,3817,381710,FALSE,FALSE,FALSE,FALSE
38171050,38,3817,381710,FALSE,FALSE,FALSE,FALSE
38171080,38,3817,381710,FALSE,FALSE,FALSE,FALSE
38172000,38,3817,381720,FALSE,FALSE,FALSE,FALSE
38180010,38,3818,381800,FALSE,FALSE,FALSE,TRUE
38180090,38,3818,381800,FALSE,FALSE,FALSE,TRUE
38190000,38,3819,381900,FALSE,FALSE,FALSE,TRUE
38200000,38,3820,382000,FALSE,FALSE,FALSE,TRUE
38210000,38,3821,382100,FALSE,FALSE,FALSE,TRUE
38220000,38,3822,382200,FALSE,FALSE,FALSE,TRUE
38231000,38,3823,382310,FALSE,FALSE,FALSE,FALSE
38231100,38,3823,382311,FALSE,FALSE,FALSE,TRUE
38231200,38,3823,382312,FALSE,FALSE,FALSE,TRUE
38231300,38,3823,382313,FALSE,FALSE,FALSE,TRUE
38231910,38,3823,382319,FALSE,FALSE,FALSE,TRUE
38231930,38,3823,382319,FALSE,FALSE,FALSE,TRUE
38231990,38,3823,382319,FALSE,FALSE,FALSE,TRUE
38232000,38,3823,382320,FALSE,FALSE,FALSE,FALSE
38233000,38,3823,382330,FALSE,FALSE,FALSE,FALSE
38234000,38,3823,382340,FALSE,FALSE,FALSE,FALSE
38235010,38,3823,382350,FALSE,FALSE,FALSE,FALSE
38235090,38,3823,382350,FALSE,FALSE,FALSE,FALSE
38236011,38,3823,382360,FALSE,FALSE,FALSE,FALSE
38236019,38,3823,382360,FALSE,FALSE,FALSE,FALSE
38236091,38,3823,382360,FALSE,FALSE,FALSE,FALSE
38236099,38,3823,382360,FALSE,FALSE,FALSE,FALSE
38237000,38,3823,382370,FALSE,FALSE,FALSE,TRUE
38239010,38,3823,382390,FALSE,FALSE,FALSE,FALSE
38239020,38,3823,382390,FALSE,FALSE,FALSE,FALSE
38239030,38,3823,382390,FALSE,FALSE,FALSE,FALSE
38239040,38,3823,382390,FALSE,FALSE,FALSE,FALSE
38239050,38,3823,382390,FALSE,FALSE,FALSE,FALSE
38239060,38,3823,382390,FALSE,FALSE,FALSE,FALSE
38239070,38,3823,382390,FALSE,FALSE,FALSE,FALSE
38239081,38,3823,382390,FALSE,FALSE,FALSE,FALSE
38239083,38,3823,382390,FALSE,FALSE,FALSE,FALSE
38239085,38,3823,382390,FALSE,FALSE,FALSE,FALSE
38239087,38,3823,382390,FALSE,FALSE,FALSE,FALSE
38239091,38,3823,382390,FALSE,FALSE,FALSE,FALSE
38239093,38,3823,382390,FALSE,FALSE,FALSE,FALSE
38239095,38,3823,382390,FALSE,FALSE,FALSE,FALSE
38239096,38,3823,382390,FALSE,FALSE,FALSE,FALSE
38239097,38,3823,382390,FALSE,FALSE,FALSE,FALSE
38239098,38,3823,382390,FALSE,FALSE,FALSE,FALSE
38241000,38,3824,382410,FALSE,FALSE,FALSE,TRUE
38242000,38,3824,382420,FALSE,FALSE,FALSE,FALSE
38243000,38,3824,382430,FALSE,FALSE,FALSE,TRUE
38244000,38,3824,382440,FALSE,FALSE,FALSE,TRUE
38245010,38,3824,382450,FALSE,FALSE,FALSE,TRUE
38245090,38,3824,382450,FALSE,FALSE,FALSE,TRUE
38246011,38,3824,382460,FALSE,FALSE,FALSE,TRUE
38246019,38,3824,382460,FALSE,FALSE,FALSE,TRUE
38246091,38,3824,382460,FALSE,FALSE,FALSE,TRUE
38246099,38,3824,382460,FALSE,FALSE,FALSE,TRUE
38247100,38,3824,382471,FALSE,FALSE,FALSE,TRUE
38247200,38,3824,382472,FALSE,FALSE,FALSE,TRUE
38247300,38,3824,382473,FALSE,FALSE,FALSE,TRUE
38247400,38,3824,382474,FALSE,FALSE,FALSE,TRUE
38247500,38,3824,382475,FALSE,FALSE,FALSE,TRUE
38247600,38,3824,382476,FALSE,FALSE,FALSE,TRUE
38247700,38,3824,382477,FALSE,FALSE,FALSE,TRUE
38247800,38,3824,382478,FALSE,FALSE,FALSE,TRUE
38247810,38,3824,382478,FALSE,FALSE,FALSE,FALSE
38247820,38,3824,382478,FALSE,FALSE,FALSE,FALSE
38247830,38,3824,382478,FALSE,FALSE,FALSE,FALSE
38247840,38,3824,382478,FALSE,FALSE,FALSE,FALSE
38247880,38,3824,382478,FALSE,FALSE,FALSE,FALSE
38247890,38,3824,382478,FALSE,FALSE,FALSE,FALSE
38247900,38,3824,382479,FALSE,FALSE,FALSE,TRUE
38248100,38,3824,382481,FALSE,FALSE,FALSE,TRUE
38248200,38,3824,382482,FALSE,FALSE,FALSE,TRUE
38248300,38,3824,382483,FALSE,FALSE,FALSE,TRUE
38248400,38,3824,382484,FALSE,FALSE,FALSE,FALSE
38248500,38,3824,382485,FALSE,FALSE,FALSE,FALSE
38248600,38,3824,382486,FALSE,FALSE,FALSE,FALSE
38248700,38,3824,382487,FALSE,FALSE,FALSE,FALSE
38248800,38,3824,382488,FALSE,FALSE,FALSE,FALSE
38249010,38,3824,382490,FALSE,FALSE,FALSE,TRUE
38249015,38,3824,382490,FALSE,FALSE,FALSE,TRUE
38249020,38,3824,382490,FALSE,FALSE,FALSE,TRUE
38249025,38,3824,382490,FALSE,FALSE,FALSE,TRUE
38249030,38,3824,382490,FALSE,FALSE,FALSE,TRUE
38249035,38,3824,382490,FALSE,FALSE,FALSE,TRUE
38249040,38,3824,382490,FALSE,FALSE,FALSE,TRUE
38249045,38,3824,382490,FALSE,FALSE,FALSE,TRUE
38249050,38,3824,382490,FALSE,FALSE,FALSE,TRUE
38249055,38,3824,382490,FALSE,FALSE,FALSE,TRUE
38249058,38,3824,382490,FALSE,FALSE,FALSE,TRUE
38249060,38,3824,382490,FALSE,FALSE,FALSE,FALSE
38249061,38,3824,382490,FALSE,FALSE,FALSE,TRUE
38249062,38,3824,382490,FALSE,FALSE,FALSE,TRUE
38249064,38,3824,382490,FALSE,FALSE,FALSE,TRUE
38249065,38,3824,382490,FALSE,FALSE,FALSE,TRUE
38249070,38,3824,382490,FALSE,FALSE,FALSE,TRUE
38249075,38,3824,382490,FALSE,FALSE,FALSE,TRUE
38249080,38,3824,382490,FALSE,FALSE,FALSE,TRUE
38249085,38,3824,382490,FALSE,FALSE,FALSE,TRUE
38249087,38,3824,382490,FALSE,FALSE,FALSE,TRUE
38249090,38,3824,382490,FALSE,FALSE,FALSE,FALSE
38249091,38,3824,382490,FALSE,FALSE,FALSE,FALSE
38249092,38,3824,382490,FALSE,FALSE,FALSE,FALSE
38249093,38,3824,382490,FALSE,FALSE,FALSE,FALSE
38249095,38,3824,382490,FALSE,FALSE,FALSE,FALSE
38249096,38,3824,382490,FALSE,FALSE,FALSE,FALSE
38249097,38,3824,382490,FALSE,FALSE,FALSE,TRUE
38249098,38,3824,382490,FALSE,FALSE,FALSE,FALSE
38249099,38,3824,382490,FALSE,FALSE,FALSE,FALSE
38249100,38,3824,382491,FALSE,FALSE,FALSE,FALSE
38249910,38,3824,382499,FALSE,FALSE,FALSE,FALSE
38249915,38,3824,382499,FALSE,FALSE,FALSE,FALSE
38249920,38,3824,382499,FALSE,FALSE,FALSE,FALSE
38249925,38,3824,382499,FALSE,FALSE,FALSE,FALSE
38249930,38,3824,382499,FALSE,FALSE,FALSE,FALSE
38249945,38,3824,382499,FALSE,FALSE,FALSE,FALSE
38249950,38,3824,382499,FALSE,FALSE,FALSE,FALSE
38249955,38,3824,382499,FALSE,FALSE,FALSE,FALSE
38249956,38,3824,382499,FALSE,FALSE,FALSE,FALSE
38249957,38,3824,382499,FALSE,FALSE,FALSE,FALSE
38249958,38,3824,382499,FALSE,FALSE,FALSE,FALSE
38249961,38,3824,382499,FALSE,FALSE,FALSE,FALSE
38249962,38,3824,382499,FALSE,FALSE,FALSE,FALSE
38249964,38,3824,382499,FALSE,FALSE,FALSE,FALSE
38249965,38,3824,382499,FALSE,FALSE,FALSE,FALSE
38249970,38,3824,382499,FALSE,FALSE,FALSE,FALSE
38249975,38,3824,382499,FALSE,FALSE,FALSE,FALSE
38249980,38,3824,382499,FALSE,FALSE,FALSE,FALSE
38249985,38,3824,382499,FALSE,FALSE,FALSE,FALSE
38249986,38,3824,382499,FALSE,FALSE,FALSE,FALSE
38249992,38,3824,382499,FALSE,FALSE,FALSE,FALSE
38249993,38,3824,382499,FALSE,FALSE,FALSE,FALSE
38249996,38,3824,382499,FALSE,FALSE,FALSE,FALSE
38251000,38,3825,382510,FALSE,FALSE,FALSE,TRUE
38252000,38,3825,382520,FALSE,FALSE,FALSE,TRUE
38253000,38,3825,382530,FALSE,FALSE,FALSE,TRUE
38254100,38,3825,382541,FALSE,FALSE,FALSE,TRUE
38254900,38,3825,382549,FALSE,FALSE,FALSE,TRUE
38255000,38,3825,382550,FALSE,FALSE,FALSE,TRUE
38256100,38,3825,382561,FALSE,FALSE,FALSE,TRUE
38256900,38,3825,382569,FALSE,FALSE,FALSE,TRUE
38259000,38,3825,382590,FALSE,FALSE,FALSE,FALSE
38259010,38,3825,382590,FALSE,FALSE,FALSE,TRUE
38259090,38,3825,382590,FALSE,FALSE,FALSE,TRUE
38260010,38,3826,382600,FALSE,FALSE,FALSE,TRUE
38260090,38,3826,382600,FALSE,FALSE,FALSE,TRUE
39011010,39,3901,390110,FALSE,FALSE,FALSE,TRUE
39011090,39,3901,390110,FALSE,FALSE,FALSE,TRUE
39012000,39,3901,390120,FALSE,FALSE,FALSE,FALSE
39012010,39,3901,390120,FALSE,FALSE,FALSE,TRUE
39012090,39,3901,390120,FALSE,FALSE,FALSE,TRUE
39013000,39,3901,390130,FALSE,FALSE,FALSE,TRUE
39014000,39,3901,390140,FALSE,FALSE,FALSE,FALSE
39019000,39,3901,390190,FALSE,FALSE,FALSE,FALSE
39019010,39,3901,390190,FALSE,FALSE,FALSE,FALSE
39019020,39,3901,390190,FALSE,FALSE,FALSE,FALSE
39019030,39,3901,390190,FALSE,FALSE,FALSE,TRUE
39019080,39,3901,390190,FALSE,FALSE,FALSE,FALSE
39019090,39,3901,390190,FALSE,FALSE,FALSE,TRUE
39021000,39,3902,390210,FALSE,FALSE,FALSE,TRUE
39022000,39,3902,390220,FALSE,FALSE,FALSE,TRUE
39023000,39,3902,390230,FALSE,FALSE,FALSE,TRUE
39029000,39,3902,390290,FALSE,FALSE,FALSE,FALSE
39029010,39,3902,390290,FALSE,FALSE,FALSE,TRUE
39029020,39,3902,390290,FALSE,FALSE,FALSE,TRUE
39029090,39,3902,390290,FALSE,FALSE,FALSE,TRUE
39031100,39,3903,390311,FALSE,FALSE,FALSE,TRUE
39031900,39,3903,390319,FALSE,FALSE,FALSE,TRUE
39032000,39,3903,390320,FALSE,FALSE,FALSE,TRUE
39033000,39,3903,390330,FALSE,FALSE,FALSE,TRUE
39039000,39,3903,390390,FALSE,FALSE,FALSE,FALSE
39039010,39,3903,390390,FALSE,FALSE,FALSE,TRUE
39039020,39,3903,390390,FALSE,FALSE,FALSE,TRUE
39039090,39,3903,390390,FALSE,FALSE,FALSE,TRUE
39041000,39,3904,390410,FALSE,FALSE,FALSE,TRUE
39042100,39,3904,390421,FALSE,FALSE,FALSE,TRUE
39042200,39,3904,390422,FALSE,FALSE,FALSE,TRUE
39043000,39,3904,390430,FALSE,FALSE,FALSE,TRUE
39044000,39,3904,390440,FALSE,FALSE,FALSE,TRUE
39045000,39,3904,390450,FALSE,FALSE,FALSE,FALSE
39045010,39,3904,390450,FALSE,FALSE,FALSE,TRUE
39045090,39,3904,390450,FALSE,FALSE,FALSE,TRUE
39046100,39,3904,390461,FALSE,FALSE,FALSE,TRUE
39046110,39,3904,390461,FALSE,FALSE,FALSE,FALSE
39046190,39,3904,390461,FALSE,FALSE,FALSE,FALSE
39046900,39,3904,390469,FALSE,FALSE,FALSE,FALSE
39046910,39,3904,390469,FALSE,FALSE,FALSE,TRUE
39046920,39,3904,390469,FALSE,FALSE,FALSE,TRUE
39046980,39,3904,390469,FALSE,FALSE,FALSE,TRUE
39046990,39,3904,390469,FALSE,FALSE,FALSE,FALSE
39049000,39,3904,390490,FALSE,FALSE,FALSE,TRUE
39051100,39,3905,390511,FALSE,FALSE,FALSE,FALSE
39051200,39,3905,390512,FALSE,FALSE,FALSE,TRUE
39051900,39,3905,390519,FALSE,FALSE,FALSE,TRUE
39052000,39,3905,390520,FALSE,FALSE,FALSE,FALSE
39052100,39,3905,390521,FALSE,FALSE,FALSE,TRUE
39052900,39,3905,390529,FALSE,FALSE,FALSE,TRUE
39053000,39,3905,390530,FALSE,FALSE,FALSE,TRUE
39059000,39,3905,390590,FALSE,FALSE,FALSE,FALSE
39059100,39,3905,390591,FALSE,FALSE,FALSE,TRUE
39059900,39,3905,390599,FALSE,FALSE,FALSE,FALSE
39059910,39,3905,390599,FALSE,FALSE,FALSE,TRUE
39059990,39,3905,390599,FALSE,FALSE,FALSE,TRUE
39061000,39,3906,390610,FALSE,FALSE,FALSE,TRUE
39069000,39,3906,390690,FALSE,FALSE,FALSE,FALSE
39069010,39,3906,390690,FALSE,FALSE,FALSE,TRUE
39069020,39,3906,390690,FALSE,FALSE,FALSE,TRUE
39069030,39,3906,390690,FALSE,FALSE,FALSE,TRUE
39069040,39,3906,390690,FALSE,FALSE,FALSE,TRUE
39069050,39,3906,390690,FALSE,FALSE,FALSE,TRUE
39069060,39,3906,390690,FALSE,FALSE,FALSE,TRUE
39069090,39,3906,390690,FALSE,FALSE,FALSE,TRUE
39071000,39,3907,390710,FALSE,FALSE,FALSE,TRUE
39072011,39,3907,390720,FALSE,FALSE,FALSE,TRUE
39072012,39,3907,390720,FALSE,FALSE,FALSE,FALSE
39072019,39,3907,390720,FALSE,FALSE,FALSE,FALSE
39072020,39,3907,390720,FALSE,FALSE,FALSE,TRUE
39072021,39,3907,390720,FALSE,FALSE,FALSE,FALSE
39072029,39,3907,390720,FALSE,FALSE,FALSE,FALSE
39072090,39,3907,390720,FALSE,FALSE,FALSE,FALSE
39072091,39,3907,390720,FALSE,FALSE,FALSE,TRUE
39072099,39,3907,390720,FALSE,FALSE,FALSE,TRUE
39073000,39,3907,390730,FALSE,FALSE,FALSE,TRUE
39074000,39,3907,390740,FALSE,FALSE,FALSE,TRUE
39075000,39,3907,390750,FALSE,FALSE,FALSE,TRUE
39076000,39,3907,390760,FALSE,FALSE,FALSE,FALSE
39076010,39,3907,390760,FALSE,FALSE,FALSE,FALSE
39076020,39,3907,390760,FALSE,FALSE,FALSE,TRUE
39076080,39,3907,390760,FALSE,FALSE,FALSE,TRUE
39076090,39,3907,390760,FALSE,FALSE,FALSE,FALSE
39076100,39,3907,390761,FALSE,FALSE,FALSE,FALSE
39076900,39,3907,390769,FALSE,FALSE,FALSE,FALSE
39077000,39,3907,390770,FALSE,FALSE,FALSE,TRUE
39079110,39,3907,390791,FALSE,FALSE,FALSE,TRUE
39079190,39,3907,390791,FALSE,FALSE,FALSE,TRUE
39079905,39,3907,390799,FALSE,FALSE,FALSE,FALSE
39079910,39,3907,390799,FALSE,FALSE,FALSE,TRUE
39079911,39,3907,390799,FALSE,FALSE,FALSE,FALSE
39079919,39,3907,390799,FALSE,FALSE,FALSE,FALSE
39079980,39,3907,390799,FALSE,FALSE,FALSE,FALSE
39079990,39,3907,390799,FALSE,FALSE,FALSE,TRUE
39079991,39,3907,390799,FALSE,FALSE,FALSE,FALSE
39079998,39,3907,390799,FALSE,FALSE,FALSE,FALSE
39079999,39,3907,390799,FALSE,FALSE,FALSE,FALSE
39081000,39,3908,390810,FALSE,FALSE,FALSE,TRUE
39089000,39,3908,390890,FALSE,FALSE,FALSE,TRUE
39091000,39,3909,390910,FALSE,FALSE,FALSE,TRUE
39092000,39,3909,390920,FALSE,FALSE,FALSE,TRUE
39093000,39,3909,390930,FALSE,FALSE,FALSE,TRUE
39093100,39,3909,390931,FALSE,FALSE,FALSE,FALSE
39093900,39,3909,390939,FALSE,FALSE,FALSE,FALSE
39094000,39,3909,390940,FALSE,FALSE,FALSE,TRUE
39095000,39,3909,390950,FALSE,FALSE,FALSE,FALSE
39095010,39,3909,390950,FALSE,FALSE,FALSE,TRUE
39095090,39,3909,390950,FALSE,FALSE,FALSE,TRUE
39100000,39,3910,391000,FALSE,FALSE,FALSE,TRUE
39111000,39,3911,391110,FALSE,FALSE,FALSE,TRUE
39119010,39,3911,391190,FALSE,FALSE,FALSE,FALSE
39119011,39,3911,391190,FALSE,FALSE,FALSE,TRUE
39119013,39,3911,391190,FALSE,FALSE,FALSE,TRUE
39119019,39,3911,391190,FALSE,FALSE,FALSE,TRUE
39119090,39,3911,391190,FALSE,FALSE,FALSE,FALSE
39119091,39,3911,391190,FALSE,FALSE,FALSE,FALSE
39119092,39,3911,391190,FALSE,FALSE,FALSE,TRUE
39119093,39,3911,391190,FALSE,FALSE,FALSE,FALSE
39119099,39,3911,391190,FALSE,FALSE,FALSE,TRUE
39121100,39,3912,391211,FALSE,FALSE,FALSE,TRUE
39121200,39,3912,391212,FALSE,FALSE,FALSE,TRUE
39122011,39,3912,391220,FALSE,FALSE,FALSE,TRUE
39122019,39,3912,391220,FALSE,FALSE,FALSE,TRUE
39122090,39,3912,391220,FALSE,FALSE,FALSE,TRUE
39123100,39,3912,391231,FALSE,FALSE,FALSE,TRUE
39123910,39,3912,391239,FALSE,FALSE,FALSE,FALSE
39123920,39,3912,391239,FALSE,FALSE,FALSE,TRUE
39123980,39,3912,391239,FALSE,FALSE,FALSE,FALSE
39123985,39,3912,391239,FALSE,FALSE,FALSE,TRUE
39123990,39,3912,391239,FALSE,FALSE,FALSE,FALSE
39129010,39,3912,391290,FALSE,FALSE,FALSE,TRUE
39129090,39,3912,391290,FALSE,FALSE,FALSE,TRUE
39131000,39,3913,391310,FALSE,FALSE,FALSE,TRUE
39139000,39,3913,391390,FALSE,FALSE,FALSE,TRUE
39139010,39,3913,391390,FALSE,FALSE,FALSE,FALSE
39139020,39,3913,391390,FALSE,FALSE,FALSE,FALSE
39139030,39,3913,391390,FALSE,FALSE,FALSE,FALSE
39139080,39,3913,391390,FALSE,FALSE,FALSE,FALSE
39140000,39,3914,391400,FALSE,FALSE,FALSE,TRUE
39151000,39,3915,391510,FALSE,FALSE,FALSE,TRUE
39152000,39,3915,391520,FALSE,FALSE,FALSE,TRUE
39153000,39,3915,391530,FALSE,FALSE,FALSE,TRUE
39159011,39,3915,391590,FALSE,FALSE,FALSE,TRUE
39159013,39,3915,391590,FALSE,FALSE,FALSE,FALSE
39159018,39,3915,391590,FALSE,FALSE,FALSE,FALSE
39159019,39,3915,391590,FALSE,FALSE,FALSE,FALSE
39159080,39,3915,391590,FALSE,FALSE,FALSE,TRUE
39159090,39,3915,391590,FALSE,FALSE,FALSE,FALSE
39159091,39,3915,391590,FALSE,FALSE,FALSE,FALSE
39159093,39,3915,391590,FALSE,FALSE,FALSE,FALSE
39159099,39,3915,391590,FALSE,FALSE,FALSE,FALSE
39161000,39,3916,391610,FALSE,FALSE,FALSE,TRUE
39162000,39,3916,391620,FALSE,FALSE,FALSE,TRUE
39162010,39,3916,391620,FALSE,FALSE,FALSE,FALSE
39162090,39,3916,391620,FALSE,FALSE,FALSE,FALSE
39169010,39,3916,391690,FALSE,FALSE,FALSE,TRUE
39169011,39,3916,391690,FALSE,FALSE,FALSE,FALSE
39169013,39,3916,391690,FALSE,FALSE,FALSE,FALSE
39169015,39,3916,391690,FALSE,FALSE,FALSE,FALSE
39169019,39,3916,391690,FALSE,FALSE,FALSE,FALSE
39169050,39,3916,391690,FALSE,FALSE,FALSE,TRUE
39169051,39,3916,391690,FALSE,FALSE,FALSE,FALSE
39169059,39,3916,391690,FALSE,FALSE,FALSE,FALSE
39169090,39,3916,391690,FALSE,FALSE,FALSE,TRUE
39171010,39,3917,391710,FALSE,FALSE,FALSE,TRUE
39171090,39,3917,391710,FALSE,FALSE,FALSE,TRUE
39172110,39,3917,391721,FALSE,FALSE,FALSE,TRUE
39172190,39,3917,391721,FALSE,FALSE,FALSE,TRUE
39172191,39,3917,391721,FALSE,FALSE,FALSE,FALSE
39172199,39,3917,391721,FALSE,FALSE,FALSE,FALSE
39172210,39,3917,391722,FALSE,FALSE,FALSE,TRUE
39172290,39,3917,391722,FALSE,FALSE,FALSE,TRUE
39172291,39,3917,391722,FALSE,FALSE,FALSE,FALSE
39172299,39,3917,391722,FALSE,FALSE,FALSE,FALSE
39172310,39,3917,391723,FALSE,FALSE,FALSE,TRUE
39172390,39,3917,391723,FALSE,FALSE,FALSE,TRUE
39172391,39,3917,391723,FALSE,FALSE,FALSE,FALSE
39172399,39,3917,391723,FALSE,FALSE,FALSE,FALSE
39172900,39,3917,391729,FALSE,FALSE,FALSE,TRUE
39172911,39,3917,391729,FALSE,FALSE,FALSE,FALSE
39172912,39,3917,391729,FALSE,FALSE,FALSE,FALSE
39172913,39,3917,391729,FALSE,FALSE,FALSE,FALSE
39172915,39,3917,391729,FALSE,FALSE,FALSE,FALSE
39172919,39,3917,391729,FALSE,FALSE,FALSE,FALSE
39172990,39,3917,391729,FALSE,FALSE,FALSE,FALSE
39172991,39,3917,391729,FALSE,FALSE,FALSE,FALSE
39172999,39,3917,391729,FALSE,FALSE,FALSE,FALSE
39173100,39,3917,391731,FALSE,FALSE,FALSE,TRUE
39173110,39,3917,391731,FALSE,FALSE,FALSE,FALSE
39173190,39,3917,391731,FALSE,FALSE,FALSE,FALSE
39173200,39,3917,391732,FALSE,FALSE,FALSE,TRUE
39173210,39,3917,391732,FALSE,FALSE,FALSE,FALSE
39173211,39,3917,391732,FALSE,FALSE,FALSE,FALSE
39173219,39,3917,391732,FALSE,FALSE,FALSE,FALSE
39173231,39,3917,391732,FALSE,FALSE,FALSE,FALSE
39173235,39,3917,391732,FALSE,FALSE,FALSE,FALSE
39173239,39,3917,391732,FALSE,FALSE,FALSE,FALSE
39173251,39,3917,391732,FALSE,FALSE,FALSE,FALSE
39173291,39,3917,391732,FALSE,FALSE,FALSE,FALSE
39173299,39,3917,391732,FALSE,FALSE,FALSE,FALSE
39173300,39,3917,391733,FALSE,FALSE,FALSE,TRUE
39173310,39,3917,391733,FALSE,FALSE,FALSE,FALSE
39173390,39,3917,391733,FALSE,FALSE,FALSE,FALSE
39173900,39,3917,391739,FALSE,FALSE,FALSE,TRUE
39173911,39,3917,391739,FALSE,FALSE,FALSE,FALSE
39173912,39,3917,391739,FALSE,FALSE,FALSE,FALSE
39173913,39,3917,391739,FALSE,FALSE,FALSE,FALSE
39173915,39,3917,391739,FALSE,FALSE,FALSE,FALSE
39173919,39,3917,391739,FALSE,FALSE,FALSE,FALSE
39173990,39,3917,391739,FALSE,FALSE,FALSE,FALSE
39173991,39,3917,391739,FALSE,FALSE,FALSE,FALSE
39173999,39,3917,391739,FALSE,FALSE,FALSE,FALSE
39174000,39,3917,391740,FALSE,FALSE,FALSE,TRUE
39174010,39,3917,391740,FALSE,FALSE,FALSE,FALSE
39174090,39,3917,391740,FALSE,FALSE,FALSE,FALSE
39181010,39,3918,391810,FALSE,FALSE,FALSE,TRUE
39181090,39,3918,391810,FALSE,FALSE,FALSE,TRUE
39189000,39,3918,391890,FALSE,FALSE,FALSE,TRUE
39191011,39,3919,391910,FALSE,FALSE,FALSE,FALSE
39191012,39,3919,391910,FALSE,FALSE,FALSE,TRUE
39191013,39,3919,391910,FALSE,FALSE,FALSE,FALSE
39191015,39,3919,391910,FALSE,FALSE,FALSE,TRUE
39191019,39,3919,391910,FALSE,FALSE,FALSE,TRUE
39191031,39,3919,391910,FALSE,FALSE,FALSE,FALSE
39191035,39,3919,391910,FALSE,FALSE,FALSE,FALSE
39191038,39,3919,391910,FALSE,FALSE,FALSE,FALSE
39191039,39,3919,391910,FALSE,FALSE,FALSE,FALSE
39191061,39,3919,391910,FALSE,FALSE,FALSE,FALSE
39191069,39,3919,391910,FALSE,FALSE,FALSE,FALSE
39191080,39,3919,391910,FALSE,FALSE,FALSE,TRUE
39191090,39,3919,391910,FALSE,FALSE,FALSE,FALSE
39199000,39,3919,391990,FALSE,FALSE,FALSE,TRUE
39199010,39,3919,391990,FALSE,FALSE,FALSE,FALSE
39199020,39,3919,391990,FALSE,FALSE,FALSE,FALSE
39199031,39,3919,391990,FALSE,FALSE,FALSE,FALSE
39199035,39,3919,391990,FALSE,FALSE,FALSE,FALSE
39199038,39,3919,391990,FALSE,FALSE,FALSE,FALSE
39199039,39,3919,391990,FALSE,FALSE,FALSE,FALSE
39199061,39,3919,391990,FALSE,FALSE,FALSE,FALSE
39199069,39,3919,391990,FALSE,FALSE,FALSE,FALSE
39199080,39,3919,391990,FALSE,FALSE,FALSE,FALSE
39199090,39,3919,391990,FALSE,FALSE,FALSE,FALSE
39201022,39,3920,392010,FALSE,FALSE,FALSE,FALSE
39201023,39,3920,392010,FALSE,FALSE,FALSE,TRUE
39201024,39,3920,392010,FALSE,FALSE,FALSE,TRUE
39201025,39,3920,392010,FALSE,FALSE,FALSE,TRUE
39201026,39,3920,392010,FALSE,FALSE,FALSE,FALSE
39201027,39,3920,392010,FALSE,FALSE,FALSE,FALSE
39201028,39,3920,392010,FALSE,FALSE,FALSE,TRUE
39201040,39,3920,392010,FALSE,FALSE,FALSE,TRUE
39201080,39,3920,392010,FALSE,FALSE,FALSE,FALSE
39201081,39,3920,392010,FALSE,FALSE,FALSE,TRUE
39201089,39,3920,392010,FALSE,FALSE,FALSE,TRUE
39202021,39,3920,392020,FALSE,FALSE,FALSE,TRUE
39202029,39,3920,392020,FALSE,FALSE,FALSE,TRUE
39202071,39,3920,392020,FALSE,FALSE,FALSE,FALSE
39202079,39,3920,392020,FALSE,FALSE,FALSE,FALSE
39202080,39,3920,392020,FALSE,FALSE,FALSE,TRUE
39202090,39,3920,392020,FALSE,FALSE,FALSE,FALSE
39203000,39,3920,392030,FALSE,FALSE,FALSE,TRUE
39204111,39,3920,392041,FALSE,FALSE,FALSE,FALSE
39204119,39,3920,392041,FALSE,FALSE,FALSE,FALSE
39204191,39,3920,392041,FALSE,FALSE,FALSE,FALSE
39204199,39,3920,392041,FALSE,FALSE,FALSE,FALSE
39204211,39,3920,392042,FALSE,FALSE,FALSE,FALSE
39204219,39,3920,392042,FALSE,FALSE,FALSE,FALSE
39204291,39,3920,392042,FALSE,FALSE,FALSE,FALSE
39204299,39,3920,392042,FALSE,FALSE,FALSE,FALSE
39204310,39,3920,392043,FALSE,FALSE,FALSE,TRUE
39204390,39,3920,392043,FALSE,FALSE,FALSE,TRUE
39204910,39,3920,392049,FALSE,FALSE,FALSE,TRUE
39204990,39,3920,392049,FALSE,FALSE,FALSE,TRUE
39205100,39,3920,392051,FALSE,FALSE,FALSE,TRUE
39205900,39,3920,392059,FALSE,FALSE,FALSE,FALSE
39205910,39,3920,392059,FALSE,FALSE,FALSE,TRUE
39205990,39,3920,392059,FALSE,FALSE,FALSE,TRUE
39206100,39,3920,392061,FALSE,FALSE,FALSE,TRUE
39206210,39,3920,392062,FALSE,FALSE,FALSE,FALSE
39206211,39,3920,392062,FALSE,FALSE,FALSE,FALSE
39206212,39,3920,392062,FALSE,FALSE,FALSE,TRUE
39206213,39,3920,392062,FALSE,FALSE,FALSE,FALSE
39206219,39,3920,392062,FALSE,FALSE,FALSE,TRUE
39206290,39,3920,392062,FALSE,FALSE,FALSE,TRUE
39206300,39,3920,392063,FALSE,FALSE,FALSE,TRUE
39206900,39,3920,392069,FALSE,FALSE,FALSE,TRUE
39207100,39,3920,392071,FALSE,FALSE,FALSE,TRUE
39207110,39,3920,392071,FALSE,FALSE,FALSE,FALSE
39207111,39,3920,392071,FALSE,FALSE,FALSE,FALSE
39207119,39,3920,392071,FALSE,FALSE,FALSE,FALSE
39207190,39,3920,392071,FALSE,FALSE,FALSE,FALSE
39207200,39,3920,392072,FALSE,FALSE,FALSE,FALSE
39207310,39,3920,392073,FALSE,FALSE,FALSE,TRUE
39207350,39,3920,392073,FALSE,FALSE,FALSE,FALSE
39207380,39,3920,392073,FALSE,FALSE,FALSE,TRUE
39207390,39,3920,392073,FALSE,FALSE,FALSE,FALSE
39207900,39,3920,392079,FALSE,FALSE,FALSE,FALSE
39207910,39,3920,392079,FALSE,FALSE,FALSE,TRUE
39207990,39,3920,392079,FALSE,FALSE,FALSE,TRUE
39209100,39,3920,392091,FALSE,FALSE,FALSE,TRUE
39209200,39,3920,392092,FALSE,FALSE,FALSE,TRUE
39209300,39,3920,392093,FALSE,FALSE,FALSE,TRUE
39209400,39,3920,392094,FALSE,FALSE,FALSE,TRUE
39209911,39,3920,392099,FALSE,FALSE,FALSE,FALSE
39209919,39,3920,392099,FALSE,FALSE,FALSE,FALSE
39209921,39,3920,392099,FALSE,FALSE,FALSE,TRUE
39209928,39,3920,392099,FALSE,FALSE,FALSE,TRUE
39209929,39,3920,392099,FALSE,FALSE,FALSE,FALSE
39209950,39,3920,392099,FALSE,FALSE,FALSE,FALSE
39209951,39,3920,392099,FALSE,FALSE,FALSE,FALSE
39209952,39,3920,392099,FALSE,FALSE,FALSE,TRUE
39209953,39,3920,392099,FALSE,FALSE,FALSE,TRUE
39209955,39,3920,392099,FALSE,FALSE,FALSE,FALSE
39209959,39,3920,392099,FALSE,FALSE,FALSE,TRUE
39209990,39,3920,392099,FALSE,FALSE,FALSE,TRUE
39211100,39,3921,392111,FALSE,FALSE,FALSE,TRUE
39211200,39,3921,392112,FALSE,FALSE,FALSE,TRUE
39211310,39,3921,392113,FALSE,FALSE,FALSE,TRUE
39211390,39,3921,392113,FALSE,FALSE,FALSE,TRUE
39211400,39,3921,392114,FALSE,FALSE,FALSE,TRUE
39211900,39,3921,392119,FALSE,FALSE,FALSE,TRUE
39211910,39,3921,392119,FALSE,FALSE,FALSE,FALSE
39211990,39,3921,392119,FALSE,FALSE,FALSE,FALSE
39219010,39,3921,392190,FALSE,FALSE,FALSE,TRUE
39219011,39,3921,392190,FALSE,FALSE,FALSE,FALSE
39219019,39,3921,392190,FALSE,FALSE,FALSE,FALSE
39219020,39,3921,392190,FALSE,FALSE,FALSE,FALSE
39219030,39,3921,392190,FALSE,FALSE,FALSE,TRUE
39219041,39,3921,392190,FALSE,FALSE,FALSE,TRUE
39219043,39,3921,392190,FALSE,FALSE,FALSE,TRUE
39219049,39,3921,392190,FALSE,FALSE,FALSE,TRUE
39219050,39,3921,392190,FALSE,FALSE,FALSE,FALSE
39219055,39,3921,392190,FALSE,FALSE,FALSE,TRUE
39219060,39,3921,392190,FALSE,FALSE,FALSE,TRUE
39219090,39,3921,392190,FALSE,FALSE,FALSE,TRUE
39221000,39,3922,392210,FALSE,FALSE,FALSE,TRUE
39222000,39,3922,392220,FALSE,FALSE,FALSE,TRUE
39229000,39,3922,392290,FALSE,FALSE,FALSE,TRUE
39231000,39,3923,392310,FALSE,FALSE,FALSE,TRUE
39231010,39,3923,392310,FALSE,FALSE,FALSE,FALSE
39231090,39,3923,392310,FALSE,FALSE,FALSE,FALSE
39232100,39,3923,392321,FALSE,FALSE,FALSE,TRUE
39232910,39,3923,392329,FALSE,FALSE,FALSE,TRUE
39232990,39,3923,392329,FALSE,FALSE,FALSE,TRUE
39233010,39,3923,392330,FALSE,FALSE,FALSE,TRUE
39233090,39,3923,392330,FALSE,FALSE,FALSE,TRUE
39234010,39,3923,392340,FALSE,FALSE,FALSE,TRUE
39234090,39,3923,392340,FALSE,FALSE,FALSE,TRUE
39235010,39,3923,392350,FALSE,FALSE,FALSE,TRUE
39235090,39,3923,392350,FALSE,FALSE,FALSE,TRUE
39239000,39,3923,392390,FALSE,FALSE,FALSE,TRUE
39239010,39,3923,392390,FALSE,FALSE,FALSE,FALSE
39239090,39,3923,392390,FALSE,FALSE,FALSE,FALSE
39241000,39,3924,392410,FALSE,FALSE,FALSE,TRUE
39249000,39,3924,392490,FALSE,FALSE,FALSE,TRUE
39249011,39,3924,392490,FALSE,FALSE,FALSE,FALSE
39249019,39,3924,392490,FALSE,FALSE,FALSE,FALSE
39249090,39,3924,392490,FALSE,FALSE,FALSE,FALSE
39251000,39,3925,392510,FALSE,FALSE,FALSE,TRUE
39252000,39,3925,392520,FALSE,FALSE,FALSE,TRUE
39253000,39,3925,392530,FALSE,FALSE,FALSE,TRUE
39259010,39,3925,392590,FALSE,FALSE,FALSE,TRUE
39259020,39,3925,392590,FALSE,FALSE,FALSE,TRUE
39259080,39,3925,392590,FALSE,FALSE,FALSE,TRUE
39261000,39,3926,392610,FALSE,FALSE,FALSE,TRUE
39262000,39,3926,392620,FALSE,FALSE,FALSE,TRUE
39263000,39,3926,392630,FALSE,FALSE,FALSE,TRUE
39264000,39,3926,392640,FALSE,FALSE,FALSE,TRUE
39269010,39,3926,392690,FALSE,FALSE,FALSE,FALSE
39269050,39,3926,392690,FALSE,FALSE,FALSE,TRUE
39269091,39,3926,392690,FALSE,FALSE,FALSE,FALSE
39269092,39,3926,392690,FALSE,FALSE,FALSE,TRUE
39269097,39,3926,392690,FALSE,FALSE,FALSE,TRUE
39269098,39,3926,392690,FALSE,FALSE,FALSE,FALSE
39269099,39,3926,392690,FALSE,FALSE,FALSE,FALSE
40011000,40,4001,400110,FALSE,FALSE,FALSE,TRUE
40012100,40,4001,400121,FALSE,FALSE,FALSE,TRUE
40012200,40,4001,400122,FALSE,FALSE,FALSE,TRUE
40012900,40,4001,400129,FALSE,FALSE,FALSE,TRUE
40012910,40,4001,400129,FALSE,FALSE,FALSE,FALSE
40012990,40,4001,400129,FALSE,FALSE,FALSE,FALSE
40013000,40,4001,400130,FALSE,FALSE,FALSE,TRUE
40021100,40,4002,400211,FALSE,FALSE,FALSE,TRUE
40021900,40,4002,400219,FALSE,FALSE,FALSE,FALSE
40021910,40,4002,400219,FALSE,FALSE,FALSE,TRUE
40021920,40,4002,400219,FALSE,FALSE,FALSE,TRUE
40021930,40,4002,400219,FALSE,FALSE,FALSE,TRUE
40021990,40,4002,400219,FALSE,FALSE,FALSE,TRUE
40022000,40,4002,400220,FALSE,FALSE,FALSE,TRUE
40023100,40,4002,400231,FALSE,FALSE,FALSE,TRUE
40023900,40,4002,400239,FALSE,FALSE,FALSE,TRUE
40024100,40,4002,400241,FALSE,FALSE,FALSE,TRUE
40024900,40,4002,400249,FALSE,FALSE,FALSE,TRUE
40025100,40,4002,400251,FALSE,FALSE,FALSE,TRUE
40025900,40,4002,400259,FALSE,FALSE,FALSE,TRUE
40026000,40,4002,400260,FALSE,FALSE,FALSE,TRUE
40027000,40,4002,400270,FALSE,FALSE,FALSE,TRUE
40028000,40,4002,400280,FALSE,FALSE,FALSE,TRUE
40029100,40,4002,400291,FALSE,FALSE,FALSE,TRUE
40029910,40,4002,400299,FALSE,FALSE,FALSE,TRUE
40029990,40,4002,400299,FALSE,FALSE,FALSE,TRUE
40030000,40,4003,400300,FALSE,FALSE,FALSE,TRUE
40040000,40,4004,400400,FALSE,FALSE,FALSE,TRUE
40051000,40,4005,400510,FALSE,FALSE,FALSE,TRUE
40052000,40,4005,400520,FALSE,FALSE,FALSE,TRUE
40059100,40,4005,400591,FALSE,FALSE,FALSE,TRUE
40059900,40,4005,400599,FALSE,FALSE,FALSE,TRUE
40061000,40,4006,400610,FALSE,FALSE,FALSE,TRUE
40069000,40,4006,400690,FALSE,FALSE,FALSE,TRUE
40070000,40,4007,400700,FALSE,FALSE,FALSE,TRUE
40081100,40,4008,400811,FALSE,FALSE,FALSE,TRUE
40081900,40,4008,400819,FALSE,FALSE,FALSE,TRUE
40082110,40,4008,400821,FALSE,FALSE,FALSE,TRUE
40082190,40,4008,400821,FALSE,FALSE,FALSE,TRUE
40082900,40,4008,400829,FALSE,FALSE,FALSE,TRUE
40082910,40,4008,400829,FALSE,FALSE,FALSE,FALSE
40082990,40,4008,400829,FALSE,FALSE,FALSE,FALSE
40091000,40,4009,400910,FALSE,FALSE,FALSE,FALSE
40091100,40,4009,400911,FALSE,FALSE,FALSE,TRUE
40091200,40,4009,400912,FALSE,FALSE,FALSE,TRUE
40091210,40,4009,400912,FALSE,FALSE,FALSE,FALSE
40091290,40,4009,400912,FALSE,FALSE,FALSE,FALSE
40092000,40,4009,400920,FALSE,FALSE,FALSE,FALSE
40092100,40,4009,400921,FALSE,FALSE,FALSE,TRUE
40092200,40,4009,400922,FALSE,FALSE,FALSE,TRUE
40092210,40,4009,400922,FALSE,FALSE,FALSE,FALSE
40092290,40,4009,400922,FALSE,FALSE,FALSE,FALSE
40093000,40,4009,400930,FALSE,FALSE,FALSE,FALSE
40093100,40,4009,400931,FALSE,FALSE,FALSE,TRUE
40093200,40,4009,400932,FALSE,FALSE,FALSE,TRUE
40093210,40,4009,400932,FALSE,FALSE,FALSE,FALSE
40093290,40,4009,400932,FALSE,FALSE,FALSE,FALSE
40094000,40,4009,400940,FALSE,FALSE,FALSE,FALSE
40094100,40,4009,400941,FALSE,FALSE,FALSE,TRUE
40094200,40,4009,400942,FALSE,FALSE,FALSE,TRUE
40094210,40,4009,400942,FALSE,FALSE,FALSE,FALSE
40094290,40,4009,400942,FALSE,FALSE,FALSE,FALSE
40095010,40,4009,400950,FALSE,FALSE,FALSE,FALSE
40095030,40,4009,400950,FALSE,FALSE,FALSE,FALSE
40095050,40,4009,400950,FALSE,FALSE,FALSE,FALSE
40095070,40,4009,400950,FALSE,FALSE,FALSE,FALSE
40095090,40,4009,400950,FALSE,FALSE,FALSE,FALSE
40101000,40,4010,401010,FALSE,FALSE,FALSE,FALSE
40101100,40,4010,401011,FALSE,FALSE,FALSE,TRUE
40101200,40,4010,401012,FALSE,FALSE,FALSE,TRUE
40101300,40,4010,401013,FALSE,FALSE,FALSE,FALSE
40101900,40,4010,401019,FALSE,FALSE,FALSE,TRUE
40102100,40,4010,401021,FALSE,FALSE,FALSE,FALSE
40102200,40,4010,401022,FALSE,FALSE,FALSE,FALSE
40102300,40,4010,401023,FALSE,FALSE,FALSE,FALSE
40102400,40,4010,401024,FALSE,FALSE,FALSE,FALSE
40102900,40,4010,401029,FALSE,FALSE,FALSE,FALSE
40103100,40,4010,401031,FALSE,FALSE,FALSE,TRUE
40103200,40,4010,401032,FALSE,FALSE,FALSE,TRUE
40103300,40,4010,401033,FALSE,FALSE,FALSE,TRUE
40103400,40,4010,401034,FALSE,FALSE,FALSE,TRUE
40103500,40,4010,401035,FALSE,FALSE,FALSE,TRUE
40103600,40,4010,401036,FALSE,FALSE,FALSE,TRUE
40103900,40,4010,401039,FALSE,FALSE,FALSE,TRUE
40109110,40,4010,401091,FALSE,FALSE,FALSE,FALSE
40109130,40,4010,401091,FALSE,FALSE,FALSE,FALSE
40109160,40,4010,401091,FALSE,FALSE,FALSE,FALSE
40109190,40,4010,401091,FALSE,FALSE,FALSE,FALSE
40109910,40,4010,401099,FALSE,FALSE,FALSE,FALSE
40109990,40,4010,401099,FALSE,FALSE,FALSE,FALSE
40111000,40,4011,401110,FALSE,FALSE,FALSE,TRUE
40112010,40,4011,401120,FALSE,FALSE,FALSE,TRUE
40112090,40,4011,401120,FALSE,FALSE,FALSE,TRUE
40113000,40,4011,401130,FALSE,FALSE,FALSE,TRUE
40113010,40,4011,401130,FALSE,FALSE,FALSE,FALSE
40113090,40,4011,401130,FALSE,FALSE,FALSE,FALSE
40114000,40,4011,401140,FALSE,FALSE,FALSE,TRUE
40114010,40,4011,401140,FALSE,FALSE,FALSE,FALSE
40114020,40,4011,401140,FALSE,FALSE,FALSE,FALSE
40114080,40,4011,401140,FALSE,FALSE,FALSE,FALSE
40114091,40,4011,401140,FALSE,FALSE,FALSE,FALSE
40114099,40,4011,401140,FALSE,FALSE,FALSE,FALSE
40115000,40,4011,401150,FALSE,FALSE,FALSE,TRUE
40115010,40,4011,401150,FALSE,FALSE,FALSE,FALSE
40115090,40,4011,401150,FALSE,FALSE,FALSE,FALSE
40116100,40,4011,401161,FALSE,FALSE,FALSE,TRUE
40116200,40,4011,401162,FALSE,FALSE,FALSE,TRUE
40116300,40,4011,401163,FALSE,FALSE,FALSE,TRUE
40116900,40,4011,401169,FALSE,FALSE,FALSE,TRUE
40117000,40,4011,401170,FALSE,FALSE,FALSE,FALSE
40118000,40,4011,401180,FALSE,FALSE,FALSE,FALSE
40119000,40,4011,401190,FALSE,FALSE,FALSE,FALSE
40119110,40,4011,401191,FALSE,FALSE,FALSE,FALSE
40119130,40,4011,401191,FALSE,FALSE,FALSE,FALSE
40119190,40,4011,401191,FALSE,FALSE,FALSE,FALSE
40119200,40,4011,401192,FALSE,FALSE,FALSE,TRUE
40119300,40,4011,401193,FALSE,FALSE,FALSE,TRUE
40119400,40,4011,401194,FALSE,FALSE,FALSE,TRUE
40119900,40,4011,401199,FALSE,FALSE,FALSE,TRUE
40119910,40,4011,401199,FALSE,FALSE,FALSE,FALSE
40119930,40,4011,401199,FALSE,FALSE,FALSE,FALSE
40119990,40,4011,401199,FALSE,FALSE,FALSE,FALSE
40121010,40,4012,401210,FALSE,FALSE,FALSE,FALSE
40121030,40,4012,401210,FALSE,FALSE,FALSE,FALSE
40121050,40,4012,401210,FALSE,FALSE,FALSE,FALSE
40121080,40,4012,401210,FALSE,FALSE,FALSE,FALSE
40121100,40,4012,401211,FALSE,FALSE,FALSE,TRUE
40121200,40,4012,401212,FALSE,FALSE,FALSE,TRUE
40121300,40,4012,401213,FALSE,FALSE,FALSE,TRUE
40121310,40,4012,401213,FALSE,FALSE,FALSE,FALSE
40121390,40,4012,401213,FALSE,FALSE,FALSE,FALSE
40121900,40,4012,401219,FALSE,FALSE,FALSE,TRUE
40122000,40,4012,401220,FALSE,FALSE,FALSE,TRUE
40122010,40,4012,401220,FALSE,FALSE,FALSE,FALSE
40122090,40,4012,401220,FALSE,FALSE,FALSE,FALSE
40129010,40,4012,401290,FALSE,FALSE,FALSE,FALSE
40129020,40,4012,401290,FALSE,FALSE,FALSE,TRUE
40129030,40,4012,401290,FALSE,FALSE,FALSE,TRUE
40129090,40,4012,401290,FALSE,FALSE,FALSE,TRUE
40131000,40,4013,401310,FALSE,FALSE,FALSE,TRUE
40131010,40,4013,401310,FALSE,FALSE,FALSE,FALSE
40131090,40,4013,401310,FALSE,FALSE,FALSE,FALSE
40132000,40,4013,401320,FALSE,FALSE,FALSE,TRUE
40139000,40,4013,401390,FALSE,FALSE,FALSE,TRUE
40139010,40,4013,401390,FALSE,FALSE,FALSE,FALSE
40139090,40,4013,401390,FALSE,FALSE,FALSE,FALSE
40141000,40,4014,401410,FALSE,FALSE,FALSE,TRUE
40149000,40,4014,401490,FALSE,FALSE,FALSE,TRUE
40149010,40,4014,401490,FALSE,FALSE,FALSE,FALSE
40149090,40,4014,401490,FALSE,FALSE,FALSE,FALSE
40151100,40,4015,401511,FALSE,FALSE,FALSE,TRUE
40151900,40,4015,401519,FALSE,FALSE,FALSE,TRUE
40151910,40,4015,401519,FALSE,FALSE,FALSE,FALSE
40151990,40,4015,401519,FALSE,FALSE,FALSE,FALSE
40159000,40,4015,401590,FALSE,FALSE,FALSE,TRUE
40161000,40,4016,401610,FALSE,FALSE,FALSE,TRUE
40161010,40,4016,401610,FALSE,FALSE,FALSE,FALSE
40161090,40,4016,401610,FALSE,FALSE,FALSE,FALSE
40169100,40,4016,401691,FALSE,FALSE,FALSE,TRUE
40169200,40,4016,401692,FALSE,FALSE,FALSE,TRUE
40169300,40,4016,401693,FALSE,FALSE,FALSE,TRUE
40169310,40,4016,401693,FALSE,FALSE,FALSE,FALSE
40169390,40,4016,401693,FALSE,FALSE,FALSE,FALSE
40169400,40,4016,401694,FALSE,FALSE,FALSE,TRUE
40169500,40,4016,401695,FALSE,FALSE,FALSE,TRUE
40169910,40,4016,401699,FALSE,FALSE,FALSE,FALSE
40169920,40,4016,401699,FALSE,FALSE,FALSE,FALSE
40169930,40,4016,401699,FALSE,FALSE,FALSE,FALSE
40169952,40,4016,401699,FALSE,FALSE,FALSE,TRUE
40169957,40,4016,401699,FALSE,FALSE,FALSE,TRUE
40169958,40,4016,401699,FALSE,FALSE,FALSE,FALSE
40169982,40,4016,401699,FALSE,FALSE,FALSE,FALSE
40169988,40,4016,401699,FALSE,FALSE,FALSE,FALSE
40169991,40,4016,401699,FALSE,FALSE,FALSE,TRUE
40169997,40,4016,401699,FALSE,FALSE,FALSE,TRUE
40169999,40,4016,401699,FALSE,FALSE,FALSE,FALSE
40170000,40,4017,401700,FALSE,FALSE,FALSE,TRUE
40170010,40,4017,401700,FALSE,FALSE,FALSE,FALSE
40170011,40,4017,401700,FALSE,FALSE,FALSE,FALSE
40170019,40,4017,401700,FALSE,FALSE,FALSE,FALSE
40170090,40,4017,401700,FALSE,FALSE,FALSE,FALSE
40170091,40,4017,401700,FALSE,FALSE,FALSE,FALSE
40170099,40,4017,401700,FALSE,FALSE,FALSE,FALSE
41011010,41,4101,410110,FALSE,FALSE,FALSE,FALSE
41011090,41,4101,410110,FALSE,FALSE,FALSE,FALSE
41012010,41,4101,410120,FALSE,FALSE,FALSE,TRUE
41012030,41,4101,410120,FALSE,FALSE,FALSE,TRUE
41012050,41,4101,410120,FALSE,FALSE,FALSE,TRUE
41012080,41,4101,410120,FALSE,FALSE,FALSE,TRUE
41012090,41,4101,410120,FALSE,FALSE,FALSE,FALSE
41012100,41,4101,410121,FALSE,FALSE,FALSE,FALSE
41012200,41,4101,410122,FALSE,FALSE,FALSE,FALSE
41012900,41,4101,410129,FALSE,FALSE,FALSE,FALSE
41013010,41,4101,410130,FALSE,FALSE,FALSE,FALSE
41013090,41,4101,410130,FALSE,FALSE,FALSE,FALSE
41014000,41,4101,410140,FALSE,FALSE,FALSE,FALSE
41015010,41,4101,410150,FALSE,FALSE,FALSE,TRUE
41015030,41,4101,410150,FALSE,FALSE,FALSE,TRUE
41015050,41,4101,410150,FALSE,FALSE,FALSE,TRUE
41015090,41,4101,410150,FALSE,FALSE,FALSE,TRUE
41019000,41,4101,410190,FALSE,FALSE,FALSE,TRUE
41021010,41,4102,410210,FALSE,FALSE,FALSE,TRUE
41021090,41,4102,410210,FALSE,FALSE,FALSE,TRUE
41022100,41,4102,410221,FALSE,FALSE,FALSE,TRUE
41022900,41,4102,410229,FALSE,FALSE,FALSE,TRUE
41031010,41,4103,410310,FALSE,FALSE,FALSE,FALSE
41031020,41,4103,410310,FALSE,FALSE,FALSE,FALSE
41031050,41,4103,410310,FALSE,FALSE,FALSE,FALSE
41031090,41,4103,410310,FALSE,FALSE,FALSE,FALSE
41032000,41,4103,410320,FALSE,FALSE,FALSE,TRUE
41033000,41,4103,410330,FALSE,FALSE,FALSE,TRUE
41039000,41,4103,410390,FALSE,FALSE,FALSE,TRUE
41039010,41,4103,410390,FALSE,FALSE,FALSE,FALSE
41039090,41,4103,410390,FALSE,FALSE,FALSE,FALSE
41041010,41,4104,410410,FALSE,FALSE,FALSE,FALSE
41041030,41,4104,410410,FALSE,FALSE,FALSE,FALSE
41041091,41,4104,410410,FALSE,FALSE,FALSE,FALSE
41041095,41,4104,410410,FALSE,FALSE,FALSE,FALSE
41041099,41,4104,410410,FALSE,FALSE,FALSE,FALSE
41041110,41,4104,410411,FALSE,FALSE,FALSE,TRUE
41041151,41,4104,410411,FALSE,FALSE,FALSE,TRUE
41041159,41,4104,410411,FALSE,FALSE,FALSE,TRUE
41041190,41,4104,410411,FALSE,FALSE,FALSE,TRUE
41041910,41,4104,410419,FALSE,FALSE,FALSE,TRUE
41041951,41,4104,410419,FALSE,FALSE,FALSE,TRUE
41041959,41,4104,410419,FALSE,FALSE,FALSE,TRUE
41041990,41,4104,410419,FALSE,FALSE,FALSE,TRUE
41042100,41,4104,410421,FALSE,FALSE,FALSE,FALSE
41042210,41,4104,410422,FALSE,FALSE,FALSE,FALSE
41042290,41,4104,410422,FALSE,FALSE,FALSE,FALSE
41042900,41,4104,410429,FALSE,FALSE,FALSE,FALSE
41043111,41,4104,410431,FALSE,FALSE,FALSE,FALSE
41043119,41,4104,410431,FALSE,FALSE,FALSE,FALSE
41043130,41,4104,410431,FALSE,FALSE,FALSE,FALSE
41043190,41,4104,410431,FALSE,FALSE,FALSE,FALSE
41043910,41,4104,410439,FALSE,FALSE,FALSE,FALSE
41043990,41,4104,410439,FALSE,FALSE,FALSE,FALSE
41044111,41,4104,410441,FALSE,FALSE,FALSE,TRUE
41044119,41,4104,410441,FALSE,FALSE,FALSE,TRUE
41044151,41,4104,410441,FALSE,FALSE,FALSE,TRUE
41044159,41,4104,410441,FALSE,FALSE,FALSE,TRUE
41044190,41,4104,410441,FALSE,FALSE,FALSE,TRUE
41044911,41,4104,410449,FALSE,FALSE,FALSE,TRUE
41044919,41,4104,410449,FALSE,FALSE,FALSE,TRUE
41044951,41,4104,410449,FALSE,FALSE,FALSE,TRUE
41044959,41,4104,410449,FALSE,FALSE,FALSE,TRUE
41044990,41,4104,410449,FALSE,FALSE,FALSE,TRUE
41051000,41,4105,410510,FALSE,FALSE,FALSE,TRUE
41051010,41,4105,410510,FALSE,FALSE,FALSE,FALSE
41051090,41,4105,410510,FALSE,FALSE,FALSE,FALSE
41051110,41,4105,410511,FALSE,FALSE,FALSE,FALSE
41051191,41,4105,410511,FALSE,FALSE,FALSE,FALSE
41051199,41,4105,410511,FALSE,FALSE,FALSE,FALSE
41051210,41,4105,410512,FALSE,FALSE,FALSE,FALSE
41051290,41,4105,410512,FALSE,FALSE,FALSE,FALSE
41051910,41,4105,410519,FALSE,FALSE,FALSE,FALSE
41051990,41,4105,410519,FALSE,FALSE,FALSE,FALSE
41052000,41,4105,410520,FALSE,FALSE,FALSE,FALSE
41053010,41,4105,410530,FALSE,FALSE,FALSE,TRUE
41053090,41,4105,410530,FALSE,FALSE,FALSE,TRUE
41053091,41,4105,410530,FALSE,FALSE,FALSE,FALSE
41053099,41,4105,410530,FALSE,FALSE,FALSE,FALSE
41061110,41,4106,410611,FALSE,FALSE,FALSE,FALSE
41061190,41,4106,410611,FALSE,FALSE,FALSE,FALSE
41061200,41,4106,410612,FALSE,FALSE,FALSE,FALSE
41061900,41,4106,410619,FALSE,FALSE,FALSE,FALSE
41062000,41,4106,410620,FALSE,FALSE,FALSE,FALSE
41062100,41,4106,410621,FALSE,FALSE,FALSE,TRUE
41062110,41,4106,410621,FALSE,FALSE,FALSE,FALSE
41062190,41,4106,410621,FALSE,FALSE,FALSE,FALSE
41062210,41,4106,410622,FALSE,FALSE,FALSE,TRUE
41062290,41,4106,410622,FALSE,FALSE,FALSE,TRUE
41063100,41,4106,410631,FALSE,FALSE,FALSE,TRUE
41063110,41,4106,410631,FALSE,FALSE,FALSE,FALSE
41063190,41,4106,410631,FALSE,FALSE,FALSE,FALSE
41063200,41,4106,410632,FALSE,FALSE,FALSE,TRUE
41063210,41,4106,410632,FALSE,FALSE,FALSE,FALSE
41063290,41,4106,410632,FALSE,FALSE,FALSE,FALSE
41064010,41,4106,410640,FALSE,FALSE,FALSE,TRUE
41064090,41,4106,410640,FALSE,FALSE,FALSE,TRUE
41069100,41,4106,410691,FALSE,FALSE,FALSE,TRUE
41069200,41,4106,410692,FALSE,FALSE,FALSE,TRUE
41071010,41,4107,410710,FALSE,FALSE,FALSE,FALSE
41071090,41,4107,410710,FALSE,FALSE,FALSE,FALSE
41071111,41,4107,410711,FALSE,FALSE,FALSE,TRUE
41071119,41,4107,410711,FALSE,FALSE,FALSE,TRUE
41071190,41,4107,410711,FALSE,FALSE,FALSE,TRUE
41071211,41,4107,410712,FALSE,FALSE,FALSE,TRUE
41071219,41,4107,410712,FALSE,FALSE,FALSE,TRUE
41071291,41,4107,410712,FALSE,FALSE,FALSE,TRUE
41071299,41,4107,410712,FALSE,FALSE,FALSE,TRUE
41071910,41,4107,410719,FALSE,FALSE,FALSE,TRUE
41071990,41,4107,410719,FALSE,FALSE,FALSE,TRUE
41072100,41,4107,410721,FALSE,FALSE,FALSE,FALSE
41072910,41,4107,410729,FALSE,FALSE,FALSE,FALSE
41072990,41,4107,410729,FALSE,FALSE,FALSE,FALSE
41079010,41,4107,410790,FALSE,FALSE,FALSE,FALSE
41079090,41,4107,410790,FALSE,FALSE,FALSE,FALSE
41079110,41,4107,410791,FALSE,FALSE,FALSE,TRUE
41079190,41,4107,410791,FALSE,FALSE,FALSE,TRUE
41079210,41,4107,410792,FALSE,FALSE,FALSE,TRUE
41079290,41,4107,410792,FALSE,FALSE,FALSE,TRUE
41079910,41,4107,410799,FALSE,FALSE,FALSE,TRUE
41079990,41,4107,410799,FALSE,FALSE,FALSE,TRUE
41080010,41,4108,410800,FALSE,FALSE,FALSE,FALSE
41080090,41,4108,410800,FALSE,FALSE,FALSE,FALSE
41090000,41,4109,410900,FALSE,FALSE,FALSE,FALSE
41100000,41,4110,411000,FALSE,FALSE,FALSE,FALSE
41110000,41,4111,411100,FALSE,FALSE,FALSE,FALSE
41120000,41,4112,411200,FALSE,FALSE,FALSE,TRUE
41131000,41,4113,411310,FALSE,FALSE,FALSE,TRUE
41132000,41,4113,411320,FALSE,FALSE,FALSE,TRUE
41133000,41,4113,411330,FALSE,FALSE,FALSE,TRUE
41139000,41,4113,411390,FALSE,FALSE,FALSE,TRUE
41141010,41,4114,411410,FALSE,FALSE,FALSE,TRUE
41141090,41,4114,411410,FALSE,FALSE,FALSE,TRUE
41142000,41,4114,411420,FALSE,FALSE,FALSE,TRUE
41151000,41,4115,411510,FALSE,FALSE,FALSE,TRUE
41152000,41,4115,411520,FALSE,FALSE,FALSE,TRUE
42010000,42,4201,420100,FALSE,FALSE,FALSE,TRUE
42021110,42,4202,420211,FALSE,FALSE,FALSE,TRUE
42021190,42,4202,420211,FALSE,FALSE,FALSE,TRUE
42021211,42,4202,420212,FALSE,FALSE,FALSE,TRUE
42021219,42,4202,420212,FALSE,FALSE,FALSE,TRUE
42021250,42,4202,420212,FALSE,FALSE,FALSE,TRUE
42021291,42,4202,420212,FALSE,FALSE,FALSE,TRUE
42021299,42,4202,420212,FALSE,FALSE,FALSE,TRUE
42021910,42,4202,420219,FALSE,FALSE,FALSE,TRUE
42021990,42,4202,420219,FALSE,FALSE,FALSE,TRUE
42022100,42,4202,420221,FALSE,FALSE,FALSE,TRUE
42022210,42,4202,420222,FALSE,FALSE,FALSE,TRUE
42022290,42,4202,420222,FALSE,FALSE,FALSE,TRUE
42022900,42,4202,420229,FALSE,FALSE,FALSE,TRUE
42023100,42,4202,420231,FALSE,FALSE,FALSE,TRUE
42023210,42,4202,420232,FALSE,FALSE,FALSE,TRUE
42023290,42,4202,420232,FALSE,FALSE,FALSE,TRUE
42023900,42,4202,420239,FALSE,FALSE,FALSE,TRUE
42029110,42,4202,420291,FALSE,FALSE,FALSE,TRUE
42029180,42,4202,420291,FALSE,FALSE,FALSE,TRUE
42029211,42,4202,420292,FALSE,FALSE,FALSE,TRUE
42029215,42,4202,420292,FALSE,FALSE,FALSE,TRUE
42029219,42,4202,420292,FALSE,FALSE,FALSE,TRUE
42029291,42,4202,420292,FALSE,FALSE,FALSE,TRUE
42029298,42,4202,420292,FALSE,FALSE,FALSE,TRUE
42029900,42,4202,420299,FALSE,FALSE,FALSE,TRUE
42031000,42,4203,420310,FALSE,FALSE,FALSE,TRUE
42032100,42,4203,420321,FALSE,FALSE,FALSE,TRUE
42032910,42,4203,420329,FALSE,FALSE,FALSE,TRUE
42032990,42,4203,420329,FALSE,FALSE,FALSE,TRUE
42032991,42,4203,420329,FALSE,FALSE,FALSE,FALSE
42032999,42,4203,420329,FALSE,FALSE,FALSE,FALSE
42033000,42,4203,420330,FALSE,FALSE,FALSE,TRUE
42034000,42,4203,420340,FALSE,FALSE,FALSE,TRUE
42040010,42,4204,420400,FALSE,FALSE,FALSE,FALSE
42040090,42,4204,420400,FALSE,FALSE,FALSE,FALSE
42050000,42,4205,420500,FALSE,FALSE,FALSE,FALSE
42050011,42,4205,420500,FALSE,FALSE,FALSE,TRUE
42050019,42,4205,420500,FALSE,FALSE,FALSE,TRUE
42050090,42,4205,420500,FALSE,FALSE,FALSE,TRUE
42060000,42,4206,420600,FALSE,FALSE,FALSE,TRUE
42061000,42,4206,420610,FALSE,FALSE,FALSE,FALSE
42069000,42,4206,420690,FALSE,FALSE,FALSE,FALSE
43011000,43,4301,430110,FALSE,FALSE,FALSE,TRUE
43012000,43,4301,430120,FALSE,FALSE,FALSE,FALSE
43013000,43,4301,430130,FALSE,FALSE,FALSE,TRUE
43014000,43,4301,430140,FALSE,FALSE,FALSE,FALSE
43015000,43,4301,430150,FALSE,FALSE,FALSE,FALSE
43016000,43,4301,430160,FALSE,FALSE,FALSE,TRUE
43017010,43,4301,430170,FALSE,FALSE,FALSE,FALSE
43017090,43,4301,430170,FALSE,FALSE,FALSE,FALSE
43018000,43,4301,430180,FALSE,FALSE,FALSE,TRUE
43018010,43,4301,430180,FALSE,FALSE,FALSE,FALSE
43018030,43,4301,430180,FALSE,FALSE,FALSE,FALSE
43018050,43,4301,430180,FALSE,FALSE,FALSE,FALSE
43018070,43,4301,430180,FALSE,FALSE,FALSE,FALSE
43018080,43,4301,430180,FALSE,FALSE,FALSE,FALSE
43018090,43,4301,430180,FALSE,FALSE,FALSE,FALSE
43018095,43,4301,430180,FALSE,FALSE,FALSE,FALSE
43019000,43,4301,430190,FALSE,FALSE,FALSE,TRUE
43021100,43,4302,430211,FALSE,FALSE,FALSE,TRUE
43021200,43,4302,430212,FALSE,FALSE,FALSE,FALSE
43021300,43,4302,430213,FALSE,FALSE,FALSE,FALSE
43021910,43,4302,430219,FALSE,FALSE,FALSE,FALSE
43021915,43,4302,430219,FALSE,FALSE,FALSE,TRUE
43021920,43,4302,430219,FALSE,FALSE,FALSE,FALSE
43021930,43,4302,430219,FALSE,FALSE,FALSE,FALSE
43021935,43,4302,430219,FALSE,FALSE,FALSE,TRUE
43021941,43,4302,430219,FALSE,FALSE,FALSE,TRUE
43021949,43,4302,430219,FALSE,FALSE,FALSE,TRUE
43021950,43,4302,430219,FALSE,FALSE,FALSE,FALSE
43021960,43,4302,430219,FALSE,FALSE,FALSE,FALSE
43021970,43,4302,430219,FALSE,FALSE,FALSE,FALSE
43021975,43,4302,430219,FALSE,FALSE,FALSE,TRUE
43021980,43,4302,430219,FALSE,FALSE,FALSE,TRUE
43021995,43,4302,430219,FALSE,FALSE,FALSE,FALSE
43021999,43,4302,430219,FALSE,FALSE,FALSE,TRUE
43022000,43,4302,430220,FALSE,FALSE,FALSE,TRUE
43023010,43,4302,430230,FALSE,FALSE,FALSE,TRUE
43023021,43,4302,430230,FALSE,FALSE,FALSE,FALSE
43023025,43,4302,430230,FALSE,FALSE,FALSE,TRUE
43023031,43,4302,430230,FALSE,FALSE,FALSE,FALSE
43023035,43,4302,430230,FALSE,FALSE,FALSE,FALSE
43023041,43,4302,430230,FALSE,FALSE,FALSE,FALSE
43023045,43,4302,430230,FALSE,FALSE,FALSE,FALSE
43023051,43,4302,430230,FALSE,FALSE,FALSE,TRUE
43023055,43,4302,430230,FALSE,FALSE,FALSE,TRUE
43023061,43,4302,430230,FALSE,FALSE,FALSE,FALSE
43023065,43,4302,430230,FALSE,FALSE,FALSE,FALSE
43023071,43,4302,430230,FALSE,FALSE,FALSE,FALSE
43023075,43,4302,430230,FALSE,FALSE,FALSE,FALSE
43023095,43,4302,430230,FALSE,FALSE,FALSE,FALSE
43023099,43,4302,430230,FALSE,FALSE,FALSE,TRUE
43031010,43,4303,430310,FALSE,FALSE,FALSE,TRUE
43031090,43,4303,430310,FALSE,FALSE,FALSE,TRUE
43039000,43,4303,430390,FALSE,FALSE,FALSE,TRUE
43040000,43,4304,430400,FALSE,FALSE,FALSE,TRUE
44011000,44,4401,440110,FALSE,FALSE,FALSE,TRUE
44011100,44,4401,440111,FALSE,FALSE,FALSE,FALSE
44011200,44,4401,440112,FALSE,FALSE,FALSE,FALSE
44012100,44,4401,440121,FALSE,FALSE,FALSE,TRUE
44012200,44,4401,440122,FALSE,FALSE,FALSE,TRUE
44013010,44,4401,440130,FALSE,FALSE,FALSE,FALSE
44013020,44,4401,440130,FALSE,FALSE,FALSE,FALSE
44013040,44,4401,440130,FALSE,FALSE,FALSE,FALSE
44013080,44,4401,440130,FALSE,FALSE,FALSE,FALSE
44013090,44,4401,440130,FALSE,FALSE,FALSE,FALSE
44013100,44,4401,440131,FALSE,FALSE,FALSE,TRUE
44013900,44,4401,440139,FALSE,FALSE,FALSE,FALSE
44013910,44,4401,440139,FALSE,FALSE,FALSE,FALSE
44013920,44,4401,440139,FALSE,FALSE,FALSE,TRUE
44013930,44,4401,440139,FALSE,FALSE,FALSE,TRUE
44013980,44,4401,440139,FALSE,FALSE,FALSE,TRUE
44013990,44,4401,440139,FALSE,FALSE,FALSE,FALSE
44014010,44,4401,440140,FALSE,FALSE,FALSE,FALSE
44014090,44,4401,440140,FALSE,FALSE,FALSE,FALSE
44020000,44,4402,440200,FALSE,FALSE,FALSE,FALSE
44021000,44,4402,440210,FALSE,FALSE,FALSE,TRUE
44029000,44,4402,440290,FALSE,FALSE,FALSE,TRUE
44031000,44,4403,440310,FALSE,FALSE,FALSE,TRUE
44031010,44,4403,440310,FALSE,FALSE,FALSE,FALSE
44031090,44,4403,440310,FALSE,FALSE,FALSE,FALSE
44031091,44,4403,440310,FALSE,FALSE,FALSE,FALSE
44031099,44,4403,440310,FALSE,FALSE,FALSE,FALSE
44031100,44,4403,440311,FALSE,FALSE,FALSE,FALSE
44031200,44,4403,440312,FALSE,FALSE,FALSE,FALSE
44032000,44,4403,440320,FALSE,FALSE,FALSE,FALSE
44032010,44,4403,440320,FALSE,FALSE,FALSE,FALSE
44032011,44,4403,440320,FALSE,FALSE,FALSE,TRUE
44032019,44,4403,440320,FALSE,FALSE,FALSE,TRUE
44032030,44,4403,440320,FALSE,FALSE,FALSE,FALSE
44032031,44,4403,440320,FALSE,FALSE,FALSE,TRUE
44032039,44,4403,440320,FALSE,FALSE,FALSE,TRUE
44032090,44,4403,440320,FALSE,FALSE,FALSE,FALSE
44032091,44,4403,440320,FALSE,FALSE,FALSE,TRUE
44032099,44,4403,440320,FALSE,FALSE,FALSE,TRUE
44032110,44,4403,440321,FALSE,FALSE,FALSE,FALSE
44032190,44,4403,440321,FALSE,FALSE,FALSE,FALSE
44032200,44,4403,440322,FALSE,FALSE,FALSE,FALSE
44032310,44,4403,440323,FALSE,FALSE,FALSE,FALSE
44032390,44,4403,440323,FALSE,FALSE,FALSE,FALSE
44032400,44,4403,440324,FALSE,FALSE,FALSE,FALSE
44032510,44,4403,440325,FALSE,FALSE,FALSE,FALSE
44032590,44,4403,440325,FALSE,FALSE,FALSE,FALSE
44032600,44,4403,440326,FALSE,FALSE,FALSE,FALSE
44033100,44,4403,440331,FALSE,FALSE,FALSE,FALSE
44033200,44,4403,440332,FALSE,FALSE,FALSE,FALSE
44033300,44,4403,440333,FALSE,FALSE,FALSE,FALSE
44033410,44,4403,440334,FALSE,FALSE,FALSE,FALSE
44033430,44,4403,440334,FALSE,FALSE,FALSE,FALSE
44033450,44,4403,440334,FALSE,FALSE,FALSE,FALSE
44033470,44,4403,440334,FALSE,FALSE,FALSE,FALSE
44033490,44,4403,440334,FALSE,FALSE,FALSE,FALSE
44033510,44,4403,440335,FALSE,FALSE,FALSE,FALSE
44033590,44,4403,440335,FALSE,FALSE,FALSE,FALSE
44034100,44,4403,440341,FALSE,FALSE,FALSE,TRUE
44034910,44,4403,440349,FALSE,FALSE,FALSE,TRUE
44034920,44,4403,440349,FALSE,FALSE,FALSE,FALSE
44034930,44,4403,440349,FALSE,FALSE,FALSE,FALSE
44034935,44,4403,440349,FALSE,FALSE,FALSE,TRUE
44034940,44,4403,440349,FALSE,FALSE,FALSE,FALSE
44034950,44,4403,440349,FALSE,FALSE,FALSE,FALSE
44034960,44,4403,440349,FALSE,FALSE,FALSE,FALSE
44034970,44,4403,440349,FALSE,FALSE,FALSE,FALSE
44034980,44,4403,440349,FALSE,FALSE,FALSE,FALSE
44034985,44,4403,440349,FALSE,FALSE,FALSE,FALSE
44034990,44,4403,440349,FALSE,FALSE,FALSE,FALSE
44034995,44,4403,440349,FALSE,FALSE,FALSE,TRUE
44039100,44,4403,440391,FALSE,FALSE,FALSE,FALSE
44039110,44,4403,440391,FALSE,FALSE,FALSE,TRUE
44039190,44,4403,440391,FALSE,FALSE,FALSE,TRUE
44039200,44,4403,440392,FALSE,FALSE,FALSE,FALSE
44039210,44,4403,440392,FALSE,FALSE,FALSE,TRUE
44039290,44,4403,440392,FALSE,FALSE,FALSE,TRUE
44039300,44,4403,440393,FALSE,FALSE,FALSE,FALSE
44039400,44,4403,440394,FALSE,FALSE,FALSE,FALSE
44039510,44,4403,440395,FALSE,FALSE,FALSE,FALSE
44039590,44,4403,440395,FALSE,FALSE,FALSE,FALSE
44039600,44,4403,440396,FALSE,FALSE,FALSE,FALSE
44039700,44,4403,440397,FALSE,FALSE,FALSE,FALSE
44039800,44,4403,440398,FALSE,FALSE,FALSE,FALSE
44039900,44,4403,440399,FALSE,FALSE,FALSE,FALSE
44039910,44,4403,440399,FALSE,FALSE,FALSE,TRUE
44039920,44,4403,440399,FALSE,FALSE,FALSE,FALSE
44039930,44,4403,440399,FALSE,FALSE,FALSE,TRUE
44039940,44,4403,440399,FALSE,FALSE,FALSE,FALSE
44039950,44,4403,440399,FALSE,FALSE,FALSE,FALSE
44039951,44,4403,440399,FALSE,FALSE,FALSE,TRUE
44039959,44,4403,440399,FALSE,FALSE,FALSE,TRUE
44039980,44,4403,440399,FALSE,FALSE,FALSE,FALSE
44039995,44,4403,440399,FALSE,FALSE,FALSE,TRUE
44039998,44,4403,440399,FALSE,FALSE,FALSE,FALSE
44039999,44,4403,440399,FALSE,FALSE,FALSE,FALSE
44041000,44,4404,440410,FALSE,FALSE,FALSE,TRUE
44042000,44,4404,440420,FALSE,FALSE,FALSE,TRUE
44050000,44,4405,440500,FALSE,FALSE,FALSE,TRUE
44061000,44,4406,440610,FALSE,FALSE,FALSE,TRUE
44061100,44,4406,440611,FALSE,FALSE,FALSE,FALSE
44061200,44,4406,440612,FALSE,FALSE,FALSE,FALSE
44069000,44,4406,440690,FALSE,FALSE,FALSE,TRUE
44069100,44,4406,440691,FALSE,FALSE,FALSE,FALSE
44069200,44,4406,440692,FALSE,FALSE,FALSE,FALSE
44071010,44,4407,440710,FALSE,FALSE,FALSE,FALSE
44071015,44,4407,440710,FALSE,FALSE,FALSE,TRUE
44071030,44,4407,440710,FALSE,FALSE,FALSE,FALSE
44071031,44,4407,440710,FALSE,FALSE,FALSE,TRUE
44071033,44,4407,440710,FALSE,FALSE,FALSE,TRUE
44071038,44,4407,440710,FALSE,FALSE,FALSE,TRUE
44071039,44,4407,440710,FALSE,FALSE,FALSE,FALSE
44071050,44,4407,440710,FALSE,FALSE,FALSE,FALSE
44071071,44,4407,440710,FALSE,FALSE,FALSE,FALSE
44071079,44,4407,440710,FALSE,FALSE,FALSE,FALSE
44071091,44,4407,440710,FALSE,FALSE,FALSE,TRUE
44071093,44,4407,440710,FALSE,FALSE,FALSE,TRUE
44071098,44,4407,440710,FALSE,FALSE,FALSE,TRUE
44071099,44,4407,440710,FALSE,FALSE,FALSE,FALSE
44071110,44,4407,440711,FALSE,FALSE,FALSE,FALSE
44071120,44,4407,440711,FALSE,FALSE,FALSE,FALSE
44071190,44,4407,440711,FALSE,FALSE,FALSE,FALSE
44071210,44,4407,440712,FALSE,FALSE,FALSE,FALSE
44071220,44,4407,440712,FALSE,FALSE,FALSE,FALSE
44071290,44,4407,440712,FALSE,FALSE,FALSE,FALSE
44071910,44,4407,440719,FALSE,FALSE,FALSE,FALSE
44071920,44,4407,440719,FALSE,FALSE,FALSE,FALSE
44071990,44,4407,440719,FALSE,FALSE,FALSE,FALSE
44072110,44,4407,440721,FALSE,FALSE,FALSE,TRUE
44072131,44,4407,440721,FALSE,FALSE,FALSE,FALSE
44072139,44,4407,440721,FALSE,FALSE,FALSE,FALSE
44072150,44,4407,440721,FALSE,FALSE,FALSE,FALSE
44072160,44,4407,440721,FALSE,FALSE,FALSE,FALSE
44072170,44,4407,440721,FALSE,FALSE,FALSE,FALSE
44072180,44,4407,440721,FALSE,FALSE,FALSE,FALSE
44072191,44,4407,440721,FALSE,FALSE,FALSE,TRUE
44072199,44,4407,440721,FALSE,FALSE,FALSE,TRUE
44072210,44,4407,440722,FALSE,FALSE,FALSE,TRUE
44072231,44,4407,440722,FALSE,FALSE,FALSE,FALSE
44072239,44,4407,440722,FALSE,FALSE,FALSE,FALSE
44072250,44,4407,440722,FALSE,FALSE,FALSE,FALSE
44072260,44,4407,440722,FALSE,FALSE,FALSE,FALSE
44072280,44,4407,440722,FALSE,FALSE,FALSE,FALSE
44072291,44,4407,440722,FALSE,FALSE,FALSE,TRUE
44072299,44,4407,440722,FALSE,FALSE,FALSE,TRUE
44072310,44,4407,440723,FALSE,FALSE,FALSE,FALSE
44072330,44,4407,440723,FALSE,FALSE,FALSE,FALSE
44072350,44,4407,440723,FALSE,FALSE,FALSE,FALSE
44072390,44,4407,440723,FALSE,FALSE,FALSE,FALSE
44072410,44,4407,440724,FALSE,FALSE,FALSE,FALSE
44072415,44,4407,440724,FALSE,FALSE,FALSE,FALSE
44072430,44,4407,440724,FALSE,FALSE,FALSE,FALSE
44072450,44,4407,440724,FALSE,FALSE,FALSE,FALSE
44072490,44,4407,440724,FALSE,FALSE,FALSE,FALSE
44072510,44,4407,440725,FALSE,FALSE,FALSE,TRUE
44072530,44,4407,440725,FALSE,FALSE,FALSE,TRUE
44072531,44,4407,440725,FALSE,FALSE,FALSE,FALSE
44072539,44,4407,440725,FALSE,FALSE,FALSE,FALSE
44072550,44,4407,440725,FALSE,FALSE,FALSE,TRUE
44072560,44,4407,440725,FALSE,FALSE,FALSE,FALSE
44072580,44,4407,440725,FALSE,FALSE,FALSE,FALSE
44072590,44,4407,440725,FALSE,FALSE,FALSE,TRUE
44072610,44,4407,440726,FALSE,FALSE,FALSE,TRUE
44072630,44,4407,440726,FALSE,FALSE,FALSE,TRUE
44072631,44,4407,440726,FALSE,FALSE,FALSE,FALSE
44072639,44,4407,440726,FALSE,FALSE,FALSE,FALSE
44072650,44,4407,440726,FALSE,FALSE,FALSE,TRUE
44072670,44,4407,440726,FALSE,FALSE,FALSE,FALSE
44072680,44,4407,440726,FALSE,FALSE,FALSE,FALSE
44072690,44,4407,440726,FALSE,FALSE,FALSE,TRUE
44072710,44,4407,440727,FALSE,FALSE,FALSE,TRUE
44072791,44,4407,440727,FALSE,FALSE,FALSE,TRUE
44072799,44,4407,440727,FALSE,FALSE,FALSE,TRUE
44072810,44,4407,440728,FALSE,FALSE,FALSE,TRUE
44072891,44,4407,440728,FALSE,FALSE,FALSE,TRUE
44072899,44,4407,440728,FALSE,FALSE,FALSE,TRUE
44072905,44,4407,440729,FALSE,FALSE,FALSE,FALSE
44072910,44,4407,440729,FALSE,FALSE,FALSE,FALSE
44072915,44,4407,440729,FALSE,FALSE,FALSE,TRUE
44072920,44,4407,440729,FALSE,FALSE,FALSE,TRUE
44072925,44,4407,440729,FALSE,FALSE,FALSE,TRUE
44072930,44,4407,440729,FALSE,FALSE,FALSE,FALSE
44072931,44,4407,440729,FALSE,FALSE,FALSE,FALSE
44072939,44,4407,440729,FALSE,FALSE,FALSE,FALSE
44072945,44,4407,440729,FALSE,FALSE,FALSE,TRUE
44072950,44,4407,440729,FALSE,FALSE,FALSE,FALSE
44072960,44,4407,440729,FALSE,FALSE,FALSE,TRUE
44072961,44,4407,440729,FALSE,FALSE,FALSE,FALSE
44072968,44,4407,440729,FALSE,FALSE,FALSE,FALSE
44072969,44,4407,440729,FALSE,FALSE,FALSE,FALSE
44072970,44,4407,440729,FALSE,FALSE,FALSE,FALSE
44072983,44,4407,440729,FALSE,FALSE,FALSE,TRUE
44072985,44,4407,440729,FALSE,FALSE,FALSE,TRUE
44072995,44,4407,440729,FALSE,FALSE,FALSE,TRUE
44072996,44,4407,440729,FALSE,FALSE,FALSE,FALSE
44072997,44,4407,440729,FALSE,FALSE,FALSE,FALSE
44072998,44,4407,440729,FALSE,FALSE,FALSE,FALSE
44072999,44,4407,440729,FALSE,FALSE,FALSE,FALSE
44079110,44,4407,440791,FALSE,FALSE,FALSE,FALSE
44079115,44,4407,440791,FALSE,FALSE,FALSE,TRUE
44079131,44,4407,440791,FALSE,FALSE,FALSE,TRUE
44079139,44,4407,440791,FALSE,FALSE,FALSE,TRUE
44079150,44,4407,440791,FALSE,FALSE,FALSE,FALSE
44079190,44,4407,440791,FALSE,FALSE,FALSE,TRUE
44079200,44,4407,440792,FALSE,FALSE,FALSE,TRUE
44079210,44,4407,440792,FALSE,FALSE,FALSE,FALSE
44079230,44,4407,440792,FALSE,FALSE,FALSE,FALSE
44079250,44,4407,440792,FALSE,FALSE,FALSE,FALSE
44079290,44,4407,440792,FALSE,FALSE,FALSE,FALSE
44079310,44,4407,440793,FALSE,FALSE,FALSE,TRUE
44079391,44,4407,440793,FALSE,FALSE,FALSE,TRUE
44079399,44,4407,440793,FALSE,FALSE,FALSE,TRUE
44079410,44,4407,440794,FALSE,FALSE,FALSE,TRUE
44079491,44,4407,440794,FALSE,FALSE,FALSE,TRUE
44079499,44,4407,440794,FALSE,FALSE,FALSE,TRUE
44079510,44,4407,440795,FALSE,FALSE,FALSE,TRUE
44079591,44,4407,440795,FALSE,FALSE,FALSE,TRUE
44079599,44,4407,440795,FALSE,FALSE,FALSE,TRUE
44079610,44,4407,440796,FALSE,FALSE,FALSE,FALSE
44079691,44,4407,440796,FALSE,FALSE,FALSE,FALSE
44079699,44,4407,440796,FALSE,FALSE,FALSE,FALSE
44079710,44,4407,440797,FALSE,FALSE,FALSE,FALSE
44079791,44,4407,440797,FALSE,FALSE,FALSE,FALSE
44079799,44,4407,440797,FALSE,FALSE,FALSE,FALSE
44079910,44,4407,440799,FALSE,FALSE,FALSE,FALSE
44079911,44,4407,440799,FALSE,FALSE,FALSE,FALSE
44079919,44,4407,440799,FALSE,FALSE,FALSE,FALSE
44079920,44,4407,440799,FALSE,FALSE,FALSE,FALSE
44079925,44,4407,440799,FALSE,FALSE,FALSE,FALSE
44079927,44,4407,440799,FALSE,FALSE,FALSE,TRUE
44079930,44,4407,440799,FALSE,FALSE,FALSE,FALSE
44079931,44,4407,440799,FALSE,FALSE,FALSE,FALSE
44079939,44,4407,440799,FALSE,FALSE,FALSE,FALSE
44079940,44,4407,440799,FALSE,FALSE,FALSE,TRUE
44079950,44,4407,440799,FALSE,FALSE,FALSE,FALSE
44079951,44,4407,440799,FALSE,FALSE,FALSE,FALSE
44079959,44,4407,440799,FALSE,FALSE,FALSE,FALSE
44079990,44,4407,440799,FALSE,FALSE,FALSE,FALSE
44079991,44,4407,440799,FALSE,FALSE,FALSE,TRUE
44079993,44,4407,440799,FALSE,FALSE,FALSE,FALSE
44079994,44,4407,440799,FALSE,FALSE,FALSE,FALSE
44079996,44,4407,440799,FALSE,FALSE,FALSE,TRUE
44079997,44,4407,440799,FALSE,FALSE,FALSE,FALSE
44079998,44,4407,440799,FALSE,FALSE,FALSE,TRUE
44079999,44,4407,440799,FALSE,FALSE,FALSE,FALSE
44081010,44,4408,440810,FALSE,FALSE,FALSE,FALSE
44081015,44,4408,440810,FALSE,FALSE,FALSE,TRUE
44081030,44,4408,440810,FALSE,FALSE,FALSE,FALSE
44081050,44,4408,440810,FALSE,FALSE,FALSE,FALSE
44081091,44,4408,440810,FALSE,FALSE,FALSE,TRUE
44081093,44,4408,440810,FALSE,FALSE,FALSE,FALSE
44081098,44,4408,440810,FALSE,FALSE,FALSE,TRUE
44081099,44,4408,440810,FALSE,FALSE,FALSE,FALSE
44082010,44,4408,440820,FALSE,FALSE,FALSE,FALSE
44082030,44,4408,440820,FALSE,FALSE,FALSE,FALSE
44082050,44,4408,440820,FALSE,FALSE,FALSE,FALSE
44082091,44,4408,440820,FALSE,FALSE,FALSE,FALSE
44082099,44,4408,440820,FALSE,FALSE,FALSE,FALSE
44083111,44,4408,440831,FALSE,FALSE,FALSE,TRUE
44083121,44,4408,440831,FALSE,FALSE,FALSE,TRUE
44083125,44,4408,440831,FALSE,FALSE,FALSE,TRUE
44083130,44,4408,440831,FALSE,FALSE,FALSE,TRUE
44083911,44,4408,440839,FALSE,FALSE,FALSE,FALSE
44083915,44,4408,440839,FALSE,FALSE,FALSE,TRUE
44083921,44,4408,440839,FALSE,FALSE,FALSE,TRUE
44083925,44,4408,440839,FALSE,FALSE,FALSE,FALSE
44083930,44,4408,440839,FALSE,FALSE,FALSE,TRUE
44083931,44,4408,440839,FALSE,FALSE,FALSE,FALSE
44083935,44,4408,440839,FALSE,FALSE,FALSE,FALSE
44083951,44,4408,440839,FALSE,FALSE,FALSE,FALSE
44083955,44,4408,440839,FALSE,FALSE,FALSE,TRUE
44083961,44,4408,440839,FALSE,FALSE,FALSE,FALSE
44083965,44,4408,440839,FALSE,FALSE,FALSE,FALSE
44083970,44,4408,440839,FALSE,FALSE,FALSE,TRUE
44083980,44,4408,440839,FALSE,FALSE,FALSE,FALSE
44083981,44,4408,440839,FALSE,FALSE,FALSE,FALSE
44083985,44,4408,440839,FALSE,FALSE,FALSE,TRUE
44083989,44,4408,440839,FALSE,FALSE,FALSE,FALSE
44083990,44,4408,440839,FALSE,FALSE,FALSE,FALSE
44083991,44,4408,440839,FALSE,FALSE,FALSE,FALSE
44083995,44,4408,440839,FALSE,FALSE,FALSE,TRUE
44083999,44,4408,440839,FALSE,FALSE,FALSE,FALSE
44089010,44,4408,440890,FALSE,FALSE,FALSE,FALSE
44089011,44,4408,440890,FALSE,FALSE,FALSE,FALSE
44089015,44,4408,440890,FALSE,FALSE,FALSE,TRUE
44089021,44,4408,440890,FALSE,FALSE,FALSE,FALSE
44089025,44,4408,440890,FALSE,FALSE,FALSE,FALSE
44089030,44,4408,440890,FALSE,FALSE,FALSE,FALSE
44089035,44,4408,440890,FALSE,FALSE,FALSE,TRUE
44089050,44,4408,440890,FALSE,FALSE,FALSE,FALSE
44089081,44,4408,440890,FALSE,FALSE,FALSE,FALSE
44089085,44,4408,440890,FALSE,FALSE,FALSE,TRUE
44089089,44,4408,440890,FALSE,FALSE,FALSE,FALSE
44089091,44,4408,440890,FALSE,FALSE,FALSE,FALSE
44089092,44,4408,440890,FALSE,FALSE,FALSE,FALSE
44089094,44,4408,440890,FALSE,FALSE,FALSE,FALSE
44089095,44,4408,440890,FALSE,FALSE,FALSE,TRUE
44089096,44,4408,440890,FALSE,FALSE,FALSE,FALSE
44089098,44,4408,440890,FALSE,FALSE,FALSE,FALSE
44091011,44,4409,440910,FALSE,FALSE,FALSE,TRUE
44091018,44,4409,440910,FALSE,FALSE,FALSE,TRUE
44091019,44,4409,440910,FALSE,FALSE,FALSE,FALSE
44091090,44,4409,440910,FALSE,FALSE,FALSE,FALSE
44092011,44,4409,440920,FALSE,FALSE,FALSE,FALSE
44092019,44,4409,440920,FALSE,FALSE,FALSE,FALSE
44092091,44,4409,440920,FALSE,FALSE,FALSE,FALSE
44092098,44,4409,440920,FALSE,FALSE,FALSE,FALSE
44092099,44,4409,440920,FALSE,FALSE,FALSE,FALSE
44092100,44,4409,440921,FALSE,FALSE,FALSE,TRUE
44092200,44,4409,440922,FALSE,FALSE,FALSE,FALSE
44092910,44,4409,440929,FALSE,FALSE,FALSE,TRUE
44092991,44,4409,440929,FALSE,FALSE,FALSE,TRUE
44092999,44,4409,440929,FALSE,FALSE,FALSE,TRUE
44101010,44,4410,441010,FALSE,FALSE,FALSE,FALSE
44101030,44,4410,441010,FALSE,FALSE,FALSE,FALSE
44101050,44,4410,441010,FALSE,FALSE,FALSE,FALSE
44101090,44,4410,441010,FALSE,FALSE,FALSE,FALSE
44101100,44,4410,441011,FALSE,FALSE,FALSE,FALSE
44101110,44,4410,441011,FALSE,FALSE,FALSE,TRUE
44101130,44,4410,441011,FALSE,FALSE,FALSE,TRUE
44101150,44,4410,441011,FALSE,FALSE,FALSE,TRUE
44101190,44,4410,441011,FALSE,FALSE,FALSE,TRUE
44101210,44,4410,441012,FALSE,FALSE,FALSE,TRUE
44101290,44,4410,441012,FALSE,FALSE,FALSE,TRUE
44101900,44,4410,441019,FALSE,FALSE,FALSE,TRUE
44101910,44,4410,441019,FALSE,FALSE,FALSE,FALSE
44101930,44,4410,441019,FALSE,FALSE,FALSE,FALSE
44101950,44,4410,441019,FALSE,FALSE,FALSE,FALSE
44101990,44,4410,441019,FALSE,FALSE,FALSE,FALSE
44102100,44,4410,441021,FALSE,FALSE,FALSE,FALSE
44102900,44,4410,441029,FALSE,FALSE,FALSE,FALSE
44103100,44,4410,441031,FALSE,FALSE,FALSE,FALSE
44103200,44,4410,441032,FALSE,FALSE,FALSE,FALSE
44103300,44,4410,441033,FALSE,FALSE,FALSE,FALSE
44103900,44,4410,441039,FALSE,FALSE,FALSE,FALSE
44109000,44,4410,441090,FALSE,FALSE,FALSE,TRUE
44111100,44,4411,441111,FALSE,FALSE,FALSE,FALSE
44111110,44,4411,441111,FALSE,FALSE,FALSE,FALSE
44111190,44,4411,441111,FALSE,FALSE,FALSE,FALSE
44111210,44,4411,441112,FALSE,FALSE,FALSE,TRUE
44111290,44,4411,441112,FALSE,FALSE,FALSE,TRUE
44111310,44,4411,441113,FALSE,FALSE,FALSE,TRUE
44111390,44,4411,441113,FALSE,FALSE,FALSE,TRUE
44111410,44,4411,441114,FALSE,FALSE,FALSE,TRUE
44111490,44,4411,441114,FALSE,FALSE,FALSE,TRUE
44111900,44,4411,441119,FALSE,FALSE,FALSE,FALSE
44111910,44,4411,441119,FALSE,FALSE,FALSE,FALSE
44111990,44,4411,441119,FALSE,FALSE,FALSE,FALSE
44112100,44,4411,441121,FALSE,FALSE,FALSE,FALSE
44112110,44,4411,441121,FALSE,FALSE,FALSE,FALSE
44112190,44,4411,441121,FALSE,FALSE,FALSE,FALSE
44112900,44,4411,441129,FALSE,FALSE,FALSE,FALSE
44112910,44,4411,441129,FALSE,FALSE,FALSE,FALSE
44112990,44,4411,441129,FALSE,FALSE,FALSE,FALSE
44113100,44,4411,441131,FALSE,FALSE,FALSE,FALSE
44113110,44,4411,441131,FALSE,FALSE,FALSE,FALSE
44113190,44,4411,441131,FALSE,FALSE,FALSE,FALSE
44113900,44,4411,441139,FALSE,FALSE,FALSE,FALSE
44113910,44,4411,441139,FALSE,FALSE,FALSE,FALSE
44113990,44,4411,441139,FALSE,FALSE,FALSE,FALSE
44119100,44,4411,441191,FALSE,FALSE,FALSE,FALSE
44119210,44,4411,441192,FALSE,FALSE,FALSE,TRUE
44119290,44,4411,441192,FALSE,FALSE,FALSE,TRUE
44119310,44,4411,441193,FALSE,FALSE,FALSE,TRUE
44119390,44,4411,441193,FALSE,FALSE,FALSE,TRUE
44119410,44,4411,441194,FALSE,FALSE,FALSE,TRUE
44119490,44,4411,441194,FALSE,FALSE,FALSE,TRUE
44119900,44,4411,441199,FALSE,FALSE,FALSE,FALSE
44121000,44,4412,441210,FALSE,FALSE,FALSE,TRUE
44121110,44,4412,441211,FALSE,FALSE,FALSE,FALSE
44121190,44,4412,441211,FALSE,FALSE,FALSE,FALSE
44121200,44,4412,441212,FALSE,FALSE,FALSE,FALSE
44121310,44,4412,441213,FALSE,FALSE,FALSE,FALSE
44121311,44,4412,441213,FALSE,FALSE,FALSE,FALSE
44121319,44,4412,441213,FALSE,FALSE,FALSE,FALSE
44121390,44,4412,441213,FALSE,FALSE,FALSE,FALSE
44121400,44,4412,441214,FALSE,FALSE,FALSE,FALSE
44121900,44,4412,441219,FALSE,FALSE,FALSE,FALSE
44122100,44,4412,441221,FALSE,FALSE,FALSE,FALSE
44122210,44,4412,441222,FALSE,FALSE,FALSE,FALSE
44122291,44,4412,441222,FALSE,FALSE,FALSE,FALSE
44122299,44,4412,441222,FALSE,FALSE,FALSE,FALSE
44122300,44,4412,441223,FALSE,FALSE,FALSE,FALSE
44122910,44,4412,441229,FALSE,FALSE,FALSE,FALSE
44122920,44,4412,441229,FALSE,FALSE,FALSE,FALSE
44122980,44,4412,441229,FALSE,FALSE,FALSE,FALSE
44122990,44,4412,441229,FALSE,FALSE,FALSE,FALSE
44123110,44,4412,441231,FALSE,FALSE,FALSE,TRUE
44123190,44,4412,441231,FALSE,FALSE,FALSE,TRUE
44123200,44,4412,441232,FALSE,FALSE,FALSE,FALSE
44123210,44,4412,441232,FALSE,FALSE,FALSE,TRUE
44123290,44,4412,441232,FALSE,FALSE,FALSE,TRUE
44123300,44,4412,441233,FALSE,FALSE,FALSE,FALSE
44123400,44,4412,441234,FALSE,FALSE,FALSE,FALSE
44123900,44,4412,441239,FALSE,FALSE,FALSE,TRUE
44129100,44,4412,441291,FALSE,FALSE,FALSE,FALSE
44129210,44,4412,441292,FALSE,FALSE,FALSE,FALSE
44129291,44,4412,441292,FALSE,FALSE,FALSE,FALSE
44129299,44,4412,441292,FALSE,FALSE,FALSE,FALSE
44129300,44,4412,441293,FALSE,FALSE,FALSE,FALSE
44129410,44,4412,441294,FALSE,FALSE,FALSE,TRUE
44129490,44,4412,441294,FALSE,FALSE,FALSE,TRUE
44129910,44,4412,441299,FALSE,FALSE,FALSE,FALSE
44129920,44,4412,441299,FALSE,FALSE,FALSE,FALSE
44129930,44,4412,441299,FALSE,FALSE,FALSE,TRUE
44129940,44,4412,441299,FALSE,FALSE,FALSE,TRUE
44129950,44,4412,441299,FALSE,FALSE,FALSE,TRUE
44129970,44,4412,441299,FALSE,FALSE,FALSE,FALSE
44129980,44,4412,441299,FALSE,FALSE,FALSE,FALSE
44129985,44,4412,441299,FALSE,FALSE,FALSE,TRUE
44129990,44,4412,441299,FALSE,FALSE,FALSE,FALSE
44130000,44,4413,441300,FALSE,FALSE,FALSE,TRUE
44140010,44,4414,441400,FALSE,FALSE,FALSE,TRUE
44140090,44,4414,441400,FALSE,FALSE,FALSE,TRUE
44151010,44,4415,441510,FALSE,FALSE,FALSE,TRUE
44151090,44,4415,441510,FALSE,FALSE,FALSE,TRUE
44152010,44,4415,441520,FALSE,FALSE,FALSE,FALSE
44152020,44,4415,441520,FALSE,FALSE,FALSE,TRUE
44152090,44,4415,441520,FALSE,FALSE,FALSE,TRUE
44160000,44,4416,441600,FALSE,FALSE,FALSE,TRUE
44160010,44,4416,441600,FALSE,FALSE,FALSE,FALSE
44160090,44,4416,441600,FALSE,FALSE,FALSE,FALSE
44170000,44,4417,441700,FALSE,FALSE,FALSE,TRUE
44170010,44,4417,441700,FALSE,FALSE,FALSE,FALSE
44170020,44,4417,441700,FALSE,FALSE,FALSE,FALSE
44170090,44,4417,441700,FALSE,FALSE,FALSE,FALSE
44181000,44,4418,441810,FALSE,FALSE,FALSE,FALSE
44181010,44,4418,441810,FALSE,FALSE,FALSE,TRUE
44181050,44,4418,441810,FALSE,FALSE,FALSE,TRUE
44181090,44,4418,441810,FALSE,FALSE,FALSE,TRUE
44182010,44,4418,441820,FALSE,FALSE,FALSE,TRUE
44182050,44,4418,441820,FALSE,FALSE,FALSE,TRUE
44182080,44,4418,441820,FALSE,FALSE,FALSE,TRUE
44182090,44,4418,441820,FALSE,FALSE,FALSE,FALSE
44183010,44,4418,441830,FALSE,FALSE,FALSE,FALSE
44183091,44,4418,441830,FALSE,FALSE,FALSE,FALSE
44183099,44,4418,441830,FALSE,FALSE,FALSE,FALSE
44184000,44,4418,441840,FALSE,FALSE,FALSE,TRUE
44185000,44,4418,441850,FALSE,FALSE,FALSE,TRUE
44186000,44,4418,441860,FALSE,FALSE,FALSE,TRUE
44187100,44,4418,441871,FALSE,FALSE,FALSE,TRUE
44187200,44,4418,441872,FALSE,FALSE,FALSE,TRUE
44187310,44,4418,441873,FALSE,FALSE,FALSE,FALSE
44187390,44,4418,441873,FALSE,FALSE,FALSE,FALSE
44187400,44,4418,441874,FALSE,FALSE,FALSE,FALSE
44187500,44,4418,441875,FALSE,FALSE,FALSE,FALSE
44187900,44,4418,441879,FALSE,FALSE,FALSE,TRUE
44189000,44,4418,441890,FALSE,FALSE,FALSE,FALSE
44189010,44,4418,441890,FALSE,FALSE,FALSE,TRUE
44189080,44,4418,441890,FALSE,FALSE,FALSE,TRUE
44189090,44,4418,441890,FALSE,FALSE,FALSE,FALSE
44189100,44,4418,441891,FALSE,FALSE,FALSE,FALSE
44189910,44,4418,441899,FALSE,FALSE,FALSE,FALSE
44189990,44,4418,441899,FALSE,FALSE,FALSE,FALSE
44190010,44,4419,441900,FALSE,FALSE,FALSE,TRUE
44190090,44,4419,441900,FALSE,FALSE,FALSE,TRUE
44191100,44,4419,441911,FALSE,FALSE,FALSE,FALSE
44191200,44,4419,441912,FALSE,FALSE,FALSE,FALSE
44191900,44,4419,441919,FALSE,FALSE,FALSE,FALSE
44199010,44,4419,441990,FALSE,FALSE,FALSE,FALSE
44199090,44,4419,441990,FALSE,FALSE,FALSE,FALSE
44201011,44,4420,442010,FALSE,FALSE,FALSE,TRUE
44201019,44,4420,442010,FALSE,FALSE,FALSE,TRUE
44209010,44,4420,442090,FALSE,FALSE,FALSE,TRUE
44209011,44,4420,442090,FALSE,FALSE,FALSE,FALSE
44209019,44,4420,442090,FALSE,FALSE,FALSE,FALSE
44209091,44,4420,442090,FALSE,FALSE,FALSE,TRUE
44209099,44,4420,442090,FALSE,FALSE,FALSE,TRUE
44211000,44,4421,442110,FALSE,FALSE,FALSE,TRUE
44219010,44,4421,442190,FALSE,FALSE,FALSE,FALSE
44219030,44,4421,442190,FALSE,FALSE,FALSE,FALSE
44219050,44,4421,442190,FALSE,FALSE,FALSE,FALSE
44219070,44,4421,442190,FALSE,FALSE,FALSE,FALSE
44219091,44,4421,442190,FALSE,FALSE,FALSE,TRUE
44219095,44,4421,442190,FALSE,FALSE,FALSE,TRUE
44219097,44,4421,442190,FALSE,FALSE,FALSE,TRUE
44219098,44,4421,442190,FALSE,FALSE,FALSE,FALSE
44219099,44,4421,442190,FALSE,FALSE,FALSE,FALSE
44219100,44,4421,442191,FALSE,FALSE,FALSE,FALSE
44219910,44,4421,442199,FALSE,FALSE,FALSE,FALSE
44219991,44,4421,442199,FALSE,FALSE,FALSE,FALSE
44219999,44,4421,442199,FALSE,FALSE,FALSE,FALSE
45011000,45,4501,450110,FALSE,FALSE,FALSE,TRUE
45019000,45,4501,450190,FALSE,FALSE,FALSE,TRUE
45020000,45,4502,450200,FALSE,FALSE,FALSE,TRUE
45031010,45,4503,450310,FALSE,FALSE,FALSE,TRUE
45031090,45,4503,450310,FALSE,FALSE,FALSE,TRUE
45039000,45,4503,450390,FALSE,FALSE,FALSE,TRUE
45041011,45,4504,450410,FALSE,FALSE,FALSE,TRUE
45041019,45,4504,450410,FALSE,FALSE,FALSE,TRUE
45041091,45,4504,450410,FALSE,FALSE,FALSE,TRUE
45041099,45,4504,450410,FALSE,FALSE,FALSE,TRUE
45049010,45,4504,450490,FALSE,FALSE,FALSE,FALSE
45049020,45,4504,450490,FALSE,FALSE,FALSE,TRUE
45049080,45,4504,450490,FALSE,FALSE,FALSE,TRUE
45049091,45,4504,450490,FALSE,FALSE,FALSE,FALSE
45049099,45,4504,450490,FALSE,FALSE,FALSE,FALSE
46011010,46,4601,460110,FALSE,FALSE,FALSE,FALSE
46011090,46,4601,460110,FALSE,FALSE,FALSE,FALSE
46012010,46,4601,460120,FALSE,FALSE,FALSE,FALSE
46012090,46,4601,460120,FALSE,FALSE,FALSE,FALSE
46012110,46,4601,460121,FALSE,FALSE,FALSE,TRUE
46012190,46,4601,460121,FALSE,FALSE,FALSE,TRUE
46012210,46,4601,460122,FALSE,FALSE,FALSE,TRUE
46012290,46,4601,460122,FALSE,FALSE,FALSE,TRUE
46012910,46,4601,460129,FALSE,FALSE,FALSE,TRUE
46012990,46,4601,460129,FALSE,FALSE,FALSE,TRUE
46019105,46,4601,460191,FALSE,FALSE,FALSE,FALSE
46019110,46,4601,460191,FALSE,FALSE,FALSE,FALSE
46019190,46,4601,460191,FALSE,FALSE,FALSE,FALSE
46019205,46,4601,460192,FALSE,FALSE,FALSE,TRUE
46019210,46,4601,460192,FALSE,FALSE,FALSE,TRUE
46019290,46,4601,460192,FALSE,FALSE,FALSE,TRUE
46019305,46,4601,460193,FALSE,FALSE,FALSE,TRUE
46019310,46,4601,460193,FALSE,FALSE,FALSE,TRUE
46019390,46,4601,460193,FALSE,FALSE,FALSE,TRUE
46019405,46,4601,460194,FALSE,FALSE,FALSE,TRUE
46019410,46,4601,460194,FALSE,FALSE,FALSE,TRUE
46019490,46,4601,460194,FALSE,FALSE,FALSE,TRUE
46019905,46,4601,460199,FALSE,FALSE,FALSE,TRUE
46019910,46,4601,460199,FALSE,FALSE,FALSE,TRUE
46019990,46,4601,460199,FALSE,FALSE,FALSE,TRUE
46021010,46,4602,460210,FALSE,FALSE,FALSE,FALSE
46021091,46,4602,460210,FALSE,FALSE,FALSE,FALSE
46021099,46,4602,460210,FALSE,FALSE,FALSE,FALSE
46021100,46,4602,460211,FALSE,FALSE,FALSE,TRUE
46021200,46,4602,460212,FALSE,FALSE,FALSE,TRUE
46021910,46,4602,460219,FALSE,FALSE,FALSE,TRUE
46021990,46,4602,460219,FALSE,FALSE,FALSE,TRUE
46021991,46,4602,460219,FALSE,FALSE,FALSE,FALSE
46021999,46,4602,460219,FALSE,FALSE,FALSE,FALSE
46029000,46,4602,460290,FALSE,FALSE,FALSE,TRUE
46029010,46,4602,460290,FALSE,FALSE,FALSE,FALSE
46029090,46,4602,460290,FALSE,FALSE,FALSE,FALSE
47010010,47,4701,470100,TRUE,FALSE,TRUE,TRUE
47010090,47,4701,470100,TRUE,FALSE,TRUE,TRUE
47020000,47,4702,470200,TRUE,FALSE,TRUE,TRUE
47031100,47,4703,470311,TRUE,FALSE,TRUE,TRUE
47031900,47,4703,470319,TRUE,FALSE,TRUE,TRUE
47032100,47,4703,470321,TRUE,FALSE,TRUE,TRUE
47032900,47,4703,470329,TRUE,FALSE,TRUE,TRUE
47041100,47,4704,470411,TRUE,FALSE,TRUE,TRUE
47041900,47,4704,470419,TRUE,FALSE,TRUE,TRUE
47042100,47,4704,470421,TRUE,FALSE,TRUE,TRUE
47042900,47,4704,470429,TRUE,FALSE,TRUE,TRUE
47050000,47,4705,470500,TRUE,FALSE,TRUE,TRUE
47061000,47,4706,470610,TRUE,FALSE,TRUE,TRUE
47062000,47,4706,470620,TRUE,FALSE,TRUE,TRUE
47063000,47,4706,470630,TRUE,FALSE,TRUE,TRUE
47069100,47,4706,470691,TRUE,FALSE,TRUE,TRUE
47069200,47,4706,470692,TRUE,FALSE,TRUE,TRUE
47069300,47,4706,470693,TRUE,FALSE,TRUE,TRUE
47071000,47,4707,470710,FALSE,FALSE,FALSE,TRUE
47072000,47,4707,470720,FALSE,FALSE,FALSE,TRUE
47073010,47,4707,470730,FALSE,FALSE,FALSE,TRUE
47073090,47,4707,470730,FALSE,FALSE,FALSE,TRUE
47079010,47,4707,470790,FALSE,FALSE,FALSE,TRUE
47079090,47,4707,470790,FALSE,FALSE,FALSE,TRUE
48010000,48,4801,480100,TRUE,FALSE,TRUE,TRUE
48010010,48,4801,480100,TRUE,FALSE,TRUE,FALSE
48010090,48,4801,480100,TRUE,FALSE,TRUE,FALSE
48021000,48,4802,480210,TRUE,FALSE,TRUE,TRUE
48022000,48,4802,480220,TRUE,FALSE,TRUE,TRUE
48023000,48,4802,480230,TRUE,FALSE,TRUE,FALSE
48024010,48,4802,480240,TRUE,FALSE,TRUE,TRUE
48024090,48,4802,480240,TRUE,FALSE,TRUE,TRUE
48025110,48,4802,480251,TRUE,FALSE,TRUE,FALSE
48025190,48,4802,480251,TRUE,FALSE,TRUE,FALSE
48025220,48,4802,480252,TRUE,FALSE,TRUE,FALSE
48025280,48,4802,480252,TRUE,FALSE,TRUE,FALSE
48025320,48,4802,480253,TRUE,FALSE,TRUE,FALSE
48025380,48,4802,480253,TRUE,FALSE,TRUE,FALSE
48025400,48,4802,480254,TRUE,FALSE,TRUE,TRUE
48025410,48,4802,480254,TRUE,FALSE,TRUE,FALSE
48025490,48,4802,480254,TRUE,FALSE,TRUE,FALSE
48025500,48,4802,480255,TRUE,FALSE,TRUE,FALSE
48025510,48,4802,480255,TRUE,FALSE,TRUE,FALSE
48025515,48,4802,480255,TRUE,FALSE,TRUE,TRUE
48025520,48,4802,480255,TRUE,FALSE,TRUE,FALSE
48025525,48,4802,480255,TRUE,FALSE,TRUE,TRUE
48025530,48,4802,480255,TRUE,FALSE,TRUE,TRUE
48025590,48,4802,480255,TRUE,FALSE,TRUE,TRUE
48025610,48,4802,480256,TRUE,FALSE,TRUE,FALSE
48025620,48,4802,480256,TRUE,FALSE,TRUE,TRUE
48025680,48,4802,480256,TRUE,FALSE,TRUE,TRUE
48025690,48,4802,480256,TRUE,FALSE,TRUE,FALSE
48025700,48,4802,480257,TRUE,FALSE,TRUE,TRUE
48025810,48,4802,480258,TRUE,FALSE,TRUE,TRUE
48025890,48,4802,480258,TRUE,FALSE,TRUE,TRUE
48026011,48,4802,480260,TRUE,FALSE,TRUE,FALSE
48026019,48,4802,480260,TRUE,FALSE,TRUE,FALSE
48026091,48,4802,480260,TRUE,FALSE,TRUE,FALSE
48026099,48,4802,480260,TRUE,FALSE,TRUE,FALSE
48026110,48,4802,480261,TRUE,FALSE,TRUE,FALSE
48026115,48,4802,480261,TRUE,FALSE,TRUE,TRUE
48026120,48,4802,480261,TRUE,FALSE,TRUE,FALSE
48026150,48,4802,480261,TRUE,FALSE,TRUE,FALSE
48026180,48,4802,480261,TRUE,FALSE,TRUE,TRUE
48026190,48,4802,480261,TRUE,FALSE,TRUE,FALSE
48026200,48,4802,480262,TRUE,FALSE,TRUE,TRUE
48026210,48,4802,480262,TRUE,FALSE,TRUE,FALSE
48026250,48,4802,480262,TRUE,FALSE,TRUE,FALSE
48026290,48,4802,480262,TRUE,FALSE,TRUE,FALSE
48026900,48,4802,480269,TRUE,FALSE,TRUE,TRUE
48026910,48,4802,480269,TRUE,FALSE,TRUE,FALSE
48026950,48,4802,480269,TRUE,FALSE,TRUE,FALSE
48026990,48,4802,480269,TRUE,FALSE,TRUE,FALSE
48030010,48,4803,480300,TRUE,FALSE,TRUE,TRUE
48030031,48,4803,480300,TRUE,FALSE,TRUE,TRUE
48030039,48,4803,480300,TRUE,FALSE,TRUE,TRUE
48030090,48,4803,480300,TRUE,FALSE,TRUE,TRUE
48041111,48,4804,480411,TRUE,FALSE,TRUE,TRUE
48041115,48,4804,480411,TRUE,FALSE,TRUE,TRUE
48041119,48,4804,480411,TRUE,FALSE,TRUE,TRUE
48041190,48,4804,480411,TRUE,FALSE,TRUE,TRUE
48041911,48,4804,480419,TRUE,FALSE,TRUE,FALSE
48041912,48,4804,480419,TRUE,FALSE,TRUE,TRUE
48041915,48,4804,480419,TRUE,FALSE,TRUE,FALSE
48041919,48,4804,480419,TRUE,FALSE,TRUE,TRUE
48041930,48,4804,480419,TRUE,FALSE,TRUE,TRUE
48041931,48,4804,480419,TRUE,FALSE,TRUE,FALSE
48041935,48,4804,480419,TRUE,FALSE,TRUE,FALSE
48041938,48,4804,480419,TRUE,FALSE,TRUE,FALSE
48041939,48,4804,480419,TRUE,FALSE,TRUE,FALSE
48041990,48,4804,480419,TRUE,FALSE,TRUE,TRUE
48042110,48,4804,480421,TRUE,FALSE,TRUE,TRUE
48042190,48,4804,480421,TRUE,FALSE,TRUE,TRUE
48042910,48,4804,480429,TRUE,FALSE,TRUE,TRUE
48042990,48,4804,480429,TRUE,FALSE,TRUE,TRUE
48043110,48,4804,480431,TRUE,FALSE,TRUE,FALSE
48043151,48,4804,480431,TRUE,FALSE,TRUE,TRUE
48043158,48,4804,480431,TRUE,FALSE,TRUE,TRUE
48043159,48,4804,480431,TRUE,FALSE,TRUE,FALSE
48043180,48,4804,480431,TRUE,FALSE,TRUE,TRUE
48043190,48,4804,480431,TRUE,FALSE,TRUE,FALSE
48043910,48,4804,480439,TRUE,FALSE,TRUE,FALSE
48043951,48,4804,480439,TRUE,FALSE,TRUE,TRUE
48043958,48,4804,480439,TRUE,FALSE,TRUE,TRUE
48043959,48,4804,480439,TRUE,FALSE,TRUE,FALSE
48043980,48,4804,480439,TRUE,FALSE,TRUE,TRUE
48043990,48,4804,480439,TRUE,FALSE,TRUE,FALSE
48044110,48,4804,480441,TRUE,FALSE,TRUE,FALSE
48044191,48,4804,480441,TRUE,FALSE,TRUE,TRUE
48044198,48,4804,480441,TRUE,FALSE,TRUE,TRUE
48044199,48,4804,480441,TRUE,FALSE,TRUE,FALSE
48044200,48,4804,480442,TRUE,FALSE,TRUE,TRUE
48044210,48,4804,480442,TRUE,FALSE,TRUE,FALSE
48044290,48,4804,480442,TRUE,FALSE,TRUE,FALSE
48044900,48,4804,480449,TRUE,FALSE,TRUE,TRUE
48044910,48,4804,480449,TRUE,FALSE,TRUE,FALSE
48044990,48,4804,480449,TRUE,FALSE,TRUE,FALSE
48045100,48,4804,480451,TRUE,FALSE,TRUE,TRUE
48045110,48,4804,480451,TRUE,FALSE,TRUE,FALSE
48045190,48,4804,480451,TRUE,FALSE,TRUE,FALSE
48045200,48,4804,480452,TRUE,FALSE,TRUE,TRUE
48045210,48,4804,480452,TRUE,FALSE,TRUE,FALSE
48045290,48,4804,480452,TRUE,FALSE,TRUE,FALSE
48045910,48,4804,480459,TRUE,FALSE,TRUE,TRUE
48045990,48,4804,480459,TRUE,FALSE,TRUE,TRUE
48051000,48,4805,480510,TRUE,FALSE,TRUE,FALSE
48051100,48,4805,480511,TRUE,FALSE,TRUE,TRUE
48051200,48,4805,480512,TRUE,FALSE,TRUE,TRUE
48051910,48,4805,480519,TRUE,FALSE,TRUE,TRUE
48051990,48,4805,480519,TRUE,FALSE,TRUE,TRUE
48052100,48,4805,480521,TRUE,FALSE,TRUE,FALSE
48052210,48,4805,480522,TRUE,FALSE,TRUE,FALSE
48052290,48,4805,480522,TRUE,FALSE,TRUE,FALSE
48052300,48,4805,480523,TRUE,FALSE,TRUE,FALSE
48052400,48,4805,480524,TRUE,FALSE,TRUE,TRUE
48052500,48,4805,480525,TRUE,FALSE,TRUE,TRUE
48052910,48,4805,480529,TRUE,FALSE,TRUE,FALSE
48052990,48,4805,480529,TRUE,FALSE,TRUE,FALSE
48053000,48,4805,480530,TRUE,FALSE,TRUE,TRUE
48053010,48,4805,480530,TRUE,FALSE,TRUE,FALSE
48053090,48,4805,480530,TRUE,FALSE,TRUE,FALSE
48054000,48,4805,480540,TRUE,FALSE,TRUE,TRUE
48055000,48,4805,480550,TRUE,FALSE,TRUE,TRUE
48056010,48,4805,480560,TRUE,FALSE,TRUE,FALSE
48056020,48,4805,480560,TRUE,FALSE,TRUE,FALSE
48056040,48,4805,480560,TRUE,FALSE,TRUE,FALSE
48056060,48,4805,480560,TRUE,FALSE,TRUE,FALSE
48056090,48,4805,480560,TRUE,FALSE,TRUE,FALSE
48057011,48,4805,480570,TRUE,FALSE,TRUE,FALSE
48057019,48,4805,480570,TRUE,FALSE,TRUE,FALSE
48057090,48,4805,480570,TRUE,FALSE,TRUE,FALSE
48058011,48,4805,480580,TRUE,FALSE,TRUE,FALSE
48058019,48,4805,480580,TRUE,FALSE,TRUE,FALSE
48058090,48,4805,480580,TRUE,FALSE,TRUE,FALSE
48059100,48,4805,480591,TRUE,FALSE,TRUE,TRUE
48059110,48,4805,480591,TRUE,FALSE,TRUE,FALSE
48059191,48,4805,480591,TRUE,FALSE,TRUE,FALSE
48059199,48,4805,480591,TRUE,FALSE,TRUE,FALSE
48059200,48,4805,480592,TRUE,FALSE,TRUE,TRUE
48059210,48,4805,480592,TRUE,FALSE,TRUE,FALSE
48059291,48,4805,480592,TRUE,FALSE,TRUE,FALSE
48059299,48,4805,480592,TRUE,FALSE,TRUE,FALSE
48059310,48,4805,480593,TRUE,FALSE,TRUE,FALSE
48059320,48,4805,480593,TRUE,FALSE,TRUE,TRUE
48059380,48,4805,480593,TRUE,FALSE,TRUE,TRUE
48059391,48,4805,480593,TRUE,FALSE,TRUE,FALSE
48059399,48,4805,480593,TRUE,FALSE,TRUE,FALSE
48061000,48,4806,480610,TRUE,FALSE,TRUE,TRUE
48062000,48,4806,480620,TRUE,FALSE,TRUE,TRUE
48063000,48,4806,480630,TRUE,FALSE,TRUE,TRUE
48064010,48,4806,480640,TRUE,FALSE,TRUE,TRUE
48064090,48,4806,480640,TRUE,FALSE,TRUE,TRUE
48070010,48,4807,480700,TRUE,FALSE,TRUE,FALSE
48070020,48,4807,480700,TRUE,FALSE,TRUE,FALSE
48070030,48,4807,480700,TRUE,FALSE,TRUE,TRUE
48070050,48,4807,480700,TRUE,FALSE,TRUE,FALSE
48070080,48,4807,480700,TRUE,FALSE,TRUE,TRUE
48070090,48,4807,480700,TRUE,FALSE,TRUE,FALSE
48071000,48,4807,480710,TRUE,FALSE,TRUE,FALSE
48079010,48,4807,480790,TRUE,FALSE,TRUE,FALSE
48079050,48,4807,480790,TRUE,FALSE,TRUE,FALSE
48079090,48,4807,480790,TRUE,FALSE,TRUE,FALSE
48079100,48,4807,480791,TRUE,FALSE,TRUE,FALSE
48079911,48,4807,480799,TRUE,FALSE,TRUE,FALSE
48079919,48,4807,480799,TRUE,FALSE,TRUE,FALSE
48079990,48,4807,480799,TRUE,FALSE,TRUE,FALSE
48081000,48,4808,480810,TRUE,FALSE,TRUE,TRUE
48082000,48,4808,480820,TRUE,FALSE,TRUE,FALSE
48083000,48,4808,480830,TRUE,FALSE,TRUE,FALSE
48084000,48,4808,480840,TRUE,FALSE,TRUE,TRUE
48089000,48,4808,480890,TRUE,FALSE,TRUE,TRUE
48091000,48,4809,480910,TRUE,FALSE,TRUE,FALSE
48092000,48,4809,480920,TRUE,FALSE,TRUE,TRUE
48092010,48,4809,480920,TRUE,FALSE,TRUE,FALSE
48092090,48,4809,480920,TRUE,FALSE,TRUE,FALSE
48099000,48,4809,480990,TRUE,FALSE,TRUE,TRUE
48099010,48,4809,480990,TRUE,FALSE,TRUE,FALSE
48099090,48,4809,480990,TRUE,FALSE,TRUE,FALSE
48101110,48,4810,481011,TRUE,FALSE,TRUE,FALSE
48101191,48,4810,481011,TRUE,FALSE,TRUE,FALSE
48101199,48,4810,481011,TRUE,FALSE,TRUE,FALSE
48101200,48,4810,481012,TRUE,FALSE,TRUE,FALSE
48101300,48,4810,481013,TRUE,FALSE,TRUE,TRUE
48101311,48,4810,481013,TRUE,FALSE,TRUE,FALSE
48101319,48,4810,481013,TRUE,FALSE,TRUE,FALSE
48101320,48,4810,481013,TRUE,FALSE,TRUE,FALSE
48101380,48,4810,481013,TRUE,FALSE,TRUE,FALSE
48101391,48,4810,481013,TRUE,FALSE,TRUE,FALSE
48101399,48,4810,481013,TRUE,FALSE,TRUE,FALSE
48101400,48,4810,481014,TRUE,FALSE,TRUE,TRUE
48101411,48,4810,481014,TRUE,FALSE,TRUE,FALSE
48101419,48,4810,481014,TRUE,FALSE,TRUE,FALSE
48101420,48,4810,481014,TRUE,FALSE,TRUE,FALSE
48101480,48,4810,481014,TRUE,FALSE,TRUE,FALSE
48101491,48,4810,481014,TRUE,FALSE,TRUE,FALSE
48101499,48,4810,481014,TRUE,FALSE,TRUE,FALSE
48101900,48,4810,481019,TRUE,FALSE,TRUE,TRUE
48101910,48,4810,481019,TRUE,FALSE,TRUE,FALSE
48101990,48,4810,481019,TRUE,FALSE,TRUE,FALSE
48102100,48,4810,481021,TRUE,FALSE,TRUE,FALSE
48102200,48,4810,481022,TRUE,FALSE,TRUE,TRUE
48102210,48,4810,481022,TRUE,FALSE,TRUE,FALSE
48102290,48,4810,481022,TRUE,FALSE,TRUE,FALSE
48102291,48,4810,481022,TRUE,FALSE,TRUE,FALSE
48102299,48,4810,481022,TRUE,FALSE,TRUE,FALSE
48102911,48,4810,481029,TRUE,FALSE,TRUE,FALSE
48102919,48,4810,481029,TRUE,FALSE,TRUE,FALSE
48102920,48,4810,481029,TRUE,FALSE,TRUE,FALSE
48102930,48,4810,481029,TRUE,FALSE,TRUE,TRUE
48102980,48,4810,481029,TRUE,FALSE,TRUE,TRUE
48102990,48,4810,481029,TRUE,FALSE,TRUE,FALSE
48102991,48,4810,481029,TRUE,FALSE,TRUE,FALSE
48102999,48,4810,481029,TRUE,FALSE,TRUE,FALSE
48103100,48,4810,481031,TRUE,FALSE,TRUE,TRUE
48103210,48,4810,481032,TRUE,FALSE,TRUE,TRUE
48103290,48,4810,481032,TRUE,FALSE,TRUE,TRUE
48103900,48,4810,481039,TRUE,FALSE,TRUE,TRUE
48109110,48,4810,481091,TRUE,FALSE,TRUE,FALSE
48109130,48,4810,481091,TRUE,FALSE,TRUE,FALSE
48109190,48,4810,481091,TRUE,FALSE,TRUE,FALSE
48109210,48,4810,481092,TRUE,FALSE,TRUE,TRUE
48109230,48,4810,481092,TRUE,FALSE,TRUE,TRUE
48109290,48,4810,481092,TRUE,FALSE,TRUE,TRUE
48109910,48,4810,481099,TRUE,FALSE,TRUE,TRUE
48109930,48,4810,481099,TRUE,FALSE,TRUE,FALSE
48109980,48,4810,481099,TRUE,FALSE,TRUE,TRUE
48109990,48,4810,481099,TRUE,FALSE,TRUE,FALSE
48111000,48,4811,481110,TRUE,FALSE,TRUE,TRUE
48112100,48,4811,481121,TRUE,FALSE,TRUE,FALSE
48112900,48,4811,481129,TRUE,FALSE,TRUE,FALSE
48113100,48,4811,481131,TRUE,FALSE,TRUE,FALSE
48113900,48,4811,481139,TRUE,FALSE,TRUE,FALSE
48114000,48,4811,481140,TRUE,FALSE,TRUE,FALSE
48114110,48,4811,481141,TRUE,FALSE,TRUE,FALSE
48114120,48,4811,481141,TRUE,FALSE,TRUE,TRUE
48114190,48,4811,481141,TRUE,FALSE,TRUE,TRUE
48114191,48,4811,481141,TRUE,FALSE,TRUE,FALSE
48114199,48,4811,481141,TRUE,FALSE,TRUE,FALSE
48114900,48,4811,481149,TRUE,FALSE,TRUE,TRUE
48114910,48,4811,481149,TRUE,FALSE,TRUE,FALSE
48114990,48,4811,481149,TRUE,FALSE,TRUE,FALSE
48115100,48,4811,481151,TRUE,FALSE,TRUE,TRUE
48115900,48,4811,481159,TRUE,FALSE,TRUE,TRUE
48116000,48,4811,481160,TRUE,FALSE,TRUE,TRUE
48119000,48,4811,481190,TRUE,FALSE,TRUE,TRUE
48119010,48,4811,481190,TRUE,FALSE,TRUE,FALSE
48119090,48,4811,481190,TRUE,FALSE,TRUE,FALSE
48120000,48,4812,481200,TRUE,FALSE,TRUE,TRUE
48131000,48,4813,481310,TRUE,FALSE,TRUE,TRUE
48132000,48,4813,481320,TRUE,FALSE,TRUE,TRUE
48139000,48,4813,481390,TRUE,FALSE,TRUE,FALSE
48139010,48,4813,481390,TRUE,FALSE,TRUE,TRUE
48139090,48,4813,481390,TRUE,FALSE,TRUE,TRUE
48141000,48,4814,481410,TRUE,FALSE,TRUE,FALSE
48142000,48,4814,481420,TRUE,FALSE,TRUE,TRUE
48143000,48,4814,481430,TRUE,FALSE,TRUE,FALSE
48149010,48,4814,481490,TRUE,FALSE,TRUE,TRUE
48149070,48,4814,481490,TRUE,FALSE,TRUE,TRUE
48149080,48,4814,481490,TRUE,FALSE,TRUE,FALSE
48149090,48,4814,481490,TRUE,FALSE,TRUE,FALSE
48150000,48,4815,481500,TRUE,FALSE,TRUE,FALSE
48161000,48,4816,481610,TRUE,FALSE,TRUE,FALSE
48162000,48,4816,481620,TRUE,FALSE,TRUE,TRUE
48163000,48,4816,481630,TRUE,FALSE,TRUE,FALSE
48169000,48,4816,481690,TRUE,FALSE,TRUE,TRUE
48171000,48,4817,481710,TRUE,FALSE,TRUE,TRUE
48172000,48,4817,481720,TRUE,FALSE,TRUE,TRUE
48173000,48,4817,481730,TRUE,FALSE,TRUE,TRUE
48181010,48,4818,481810,TRUE,FALSE,TRUE,TRUE
48181090,48,4818,481810,TRUE,FALSE,TRUE,TRUE
48182010,48,4818,481820,TRUE,FALSE,TRUE,TRUE
48182091,48,4818,481820,TRUE,FALSE,TRUE,TRUE
48182099,48,4818,481820,TRUE,FALSE,TRUE,TRUE
48183000,48,4818,481830,TRUE,FALSE,TRUE,TRUE
48184011,48,4818,481840,TRUE,FALSE,TRUE,FALSE
48184013,48,4818,481840,TRUE,FALSE,TRUE,FALSE
48184019,48,4818,481840,TRUE,FALSE,TRUE,FALSE
48184090,48,4818,481840,TRUE,FALSE,TRUE,FALSE
48184091,48,4818,481840,TRUE,FALSE,TRUE,FALSE
48184099,48,4818,481840,TRUE,FALSE,TRUE,FALSE
48185000,48,4818,481850,TRUE,FALSE,TRUE,TRUE
48189010,48,4818,481890,TRUE,FALSE,TRUE,TRUE
48189090,48,4818,481890,TRUE,FALSE,TRUE,TRUE
48191000,48,4819,481910,TRUE,FALSE,TRUE,TRUE
48192000,48,4819,481920,TRUE,FALSE,TRUE,TRUE
48192010,48,4819,481920,TRUE,FALSE,TRUE,FALSE
48192090,48,4819,481920,TRUE,FALSE,TRUE,FALSE
48193000,48,4819,481930,TRUE,FALSE,TRUE,TRUE
48194000,48,4819,481940,TRUE,FALSE,TRUE,TRUE
48195000,48,4819,481950,TRUE,FALSE,TRUE,TRUE
48196000,48,4819,481960,TRUE,FALSE,TRUE,TRUE
48201010,48,4820,482010,TRUE,FALSE,TRUE,TRUE
48201030,48,4820,482010,TRUE,FALSE,TRUE,TRUE
48201050,48,4820,482010,TRUE,FALSE,TRUE,TRUE
48201090,48,4820,482010,TRUE,FALSE,TRUE,TRUE
48202000,48,4820,482020,TRUE,FALSE,TRUE,TRUE
48203000,48,4820,482030,TRUE,FALSE,TRUE,TRUE
48204000,48,4820,482040,TRUE,FALSE,TRUE,TRUE
48204010,48,4820,482040,TRUE,FALSE,TRUE,FALSE
48204090,48,4820,482040,TRUE,FALSE,TRUE,FALSE
48205000,48,4820,482050,TRUE,FALSE,TRUE,TRUE
48209000,48,4820,482090,TRUE,FALSE,TRUE,TRUE
48211010,48,4821,482110,TRUE,FALSE,TRUE,TRUE
48211090,48,4821,482110,TRUE,FALSE,TRUE,TRUE
48219010,48,4821,482190,TRUE,FALSE,TRUE,TRUE
48219090,48,4821,482190,TRUE,FALSE,TRUE,TRUE
48221000,48,4822,482210,TRUE,FALSE,TRUE,TRUE
48229000,48,4822,482290,TRUE,FALSE,TRUE,TRUE
48231111,48,4823,482311,TRUE,FALSE,TRUE,FALSE
48231119,48,4823,482311,TRUE,FALSE,TRUE,FALSE
48231190,48,4823,482311,TRUE,FALSE,TRUE,FALSE
48231200,48,4823,482312,TRUE,FALSE,TRUE,FALSE
48231210,48,4823,482312,TRUE,FALSE,TRUE,FALSE
48231290,48,4823,482312,TRUE,FALSE,TRUE,FALSE
48231900,48,4823,482319,TRUE,FALSE,TRUE,FALSE
48232000,48,4823,482320,TRUE,FALSE,TRUE,TRUE
48233000,48,4823,482330,TRUE,FALSE,TRUE,FALSE
48234000,48,4823,482340,TRUE,FALSE,TRUE,TRUE
48235110,48,4823,482351,TRUE,FALSE,TRUE,FALSE
48235190,48,4823,482351,TRUE,FALSE,TRUE,FALSE
48235910,48,4823,482359,TRUE,FALSE,TRUE,FALSE
48235990,48,4823,482359,TRUE,FALSE,TRUE,FALSE
48236010,48,4823,482360,TRUE,FALSE,TRUE,FALSE
48236090,48,4823,482360,TRUE,FALSE,TRUE,FALSE
48236100,48,4823,482361,TRUE,FALSE,TRUE,TRUE
48236910,48,4823,482369,TRUE,FALSE,TRUE,TRUE
48236990,48,4823,482369,TRUE,FALSE,TRUE,TRUE
48237010,48,4823,482370,TRUE,FALSE,TRUE,TRUE
48237090,48,4823,482370,TRUE,FALSE,TRUE,TRUE
48239010,48,4823,482390,TRUE,FALSE,TRUE,FALSE
48239012,48,4823,482390,TRUE,FALSE,TRUE,FALSE
48239014,48,4823,482390,TRUE,FALSE,TRUE,FALSE
48239015,48,4823,482390,TRUE,FALSE,TRUE,FALSE
48239020,48,4823,482390,TRUE,FALSE,TRUE,FALSE
48239030,48,4823,482390,TRUE,FALSE,TRUE,FALSE
48239040,48,4823,482390,TRUE,FALSE,TRUE,TRUE
48239050,48,4823,482390,TRUE,FALSE,TRUE,FALSE
48239051,48,4823,482390,TRUE,FALSE,TRUE,FALSE
48239071,48,4823,482390,TRUE,FALSE,TRUE,FALSE
48239079,48,4823,482390,TRUE,FALSE,TRUE,FALSE
48239080,48,4823,482390,TRUE,FALSE,TRUE,FALSE
48239085,48,4823,482390,TRUE,FALSE,TRUE,TRUE
48239090,48,4823,482390,TRUE,FALSE,TRUE,FALSE
48239095,48,4823,482390,TRUE,FALSE,TRUE,FALSE
49011000,49,4901,490110,FALSE,FALSE,FALSE,TRUE
49019100,49,4901,490191,FALSE,FALSE,FALSE,TRUE
49019900,49,4901,490199,FALSE,FALSE,FALSE,TRUE
49021000,49,4902,490210,FALSE,FALSE,FALSE,TRUE
49029000,49,4902,490290,FALSE,FALSE,FALSE,TRUE
49029010,49,4902,490290,FALSE,FALSE,FALSE,FALSE
49029030,49,4902,490290,FALSE,FALSE,FALSE,FALSE
49029090,49,4902,490290,FALSE,FALSE,FALSE,FALSE
49030000,49,4903,490300,FALSE,FALSE,FALSE,TRUE
49040000,49,4904,490400,FALSE,FALSE,FALSE,TRUE
49051000,49,4905,490510,FALSE,FALSE,FALSE,TRUE
49059100,49,4905,490591,FALSE,FALSE,FALSE,TRUE
49059900,49,4905,490599,FALSE,FALSE,FALSE,TRUE
49060000,49,4906,490600,FALSE,FALSE,FALSE,TRUE
49070010,49,4907,490700,FALSE,FALSE,FALSE,TRUE
49070030,49,4907,490700,FALSE,FALSE,FALSE,TRUE
49070090,49,4907,490700,FALSE,FALSE,FALSE,TRUE
49070091,49,4907,490700,FALSE,FALSE,FALSE,FALSE
49070099,49,4907,490700,FALSE,FALSE,FALSE,FALSE
49081000,49,4908,490810,FALSE,FALSE,FALSE,TRUE
49089000,49,4908,490890,FALSE,FALSE,FALSE,TRUE
49090000,49,4909,490900,FALSE,FALSE,FALSE,TRUE
49090010,49,4909,490900,FALSE,FALSE,FALSE,FALSE
49090090,49,4909,490900,FALSE,FALSE,FALSE,FALSE
49100000,49,4910,491000,FALSE,FALSE,FALSE,TRUE
49111010,49,4911,491110,FALSE,FALSE,FALSE,TRUE
49111090,49,4911,491110,FALSE,FALSE,FALSE,TRUE
49119100,49,4911,491191,FALSE,FALSE,FALSE,TRUE
49119110,49,4911,491191,FALSE,FALSE,FALSE,FALSE
49119180,49,4911,491191,FALSE,FALSE,FALSE,FALSE
49119900,49,4911,491199,FALSE,FALSE,FALSE,TRUE
50010000,50,5001,500100,FALSE,FALSE,FALSE,TRUE
50020000,50,5002,500200,FALSE,FALSE,FALSE,TRUE
50030000,50,5003,500300,FALSE,FALSE,FALSE,TRUE
50031000,50,5003,500310,FALSE,FALSE,FALSE,FALSE
50039000,50,5003,500390,FALSE,FALSE,FALSE,FALSE
50040010,50,5004,500400,FALSE,FALSE,FALSE,TRUE
50040090,50,5004,500400,FALSE,FALSE,FALSE,TRUE
50050010,50,5005,500500,FALSE,FALSE,FALSE,TRUE
50050090,50,5005,500500,FALSE,FALSE,FALSE,TRUE
50060010,50,5006,500600,FALSE,FALSE,FALSE,TRUE
50060090,50,5006,500600,FALSE,FALSE,FALSE,TRUE
50071000,50,5007,500710,FALSE,FALSE,FALSE,TRUE
50072011,50,5007,500720,FALSE,FALSE,FALSE,TRUE
50072019,50,5007,500720,FALSE,FALSE,FALSE,TRUE
50072021,50,5007,500720,FALSE,FALSE,FALSE,TRUE
50072031,50,5007,500720,FALSE,FALSE,FALSE,TRUE
50072039,50,5007,500720,FALSE,FALSE,FALSE,TRUE
50072041,50,5007,500720,FALSE,FALSE,FALSE,TRUE
50072051,50,5007,500720,FALSE,FALSE,FALSE,TRUE
50072059,50,5007,500720,FALSE,FALSE,FALSE,TRUE
50072061,50,5007,500720,FALSE,FALSE,FALSE,TRUE
50072069,50,5007,500720,FALSE,FALSE,FALSE,TRUE
50072071,50,5007,500720,FALSE,FALSE,FALSE,TRUE
50079010,50,5007,500790,FALSE,FALSE,FALSE,TRUE
50079030,50,5007,500790,FALSE,FALSE,FALSE,TRUE
50079050,50,5007,500790,FALSE,FALSE,FALSE,TRUE
50079090,50,5007,500790,FALSE,FALSE,FALSE,TRUE
51011100,51,5101,510111,FALSE,FALSE,FALSE,TRUE
51011900,51,5101,510119,FALSE,FALSE,FALSE,TRUE
51012100,51,5101,510121,FALSE,FALSE,FALSE,TRUE
51012900,51,5101,510129,FALSE,FALSE,FALSE,TRUE
51013000,51,5101,510130,FALSE,FALSE,FALSE,TRUE
51021010,51,5102,510210,FALSE,FALSE,FALSE,FALSE
51021030,51,5102,510210,FALSE,FALSE,FALSE,FALSE
51021050,51,5102,510210,FALSE,FALSE,FALSE,FALSE
51021090,51,5102,510210,FALSE,FALSE,FALSE,FALSE
51021100,51,5102,510211,FALSE,FALSE,FALSE,TRUE
51021910,51,5102,510219,FALSE,FALSE,FALSE,TRUE
51021930,51,5102,510219,FALSE,FALSE,FALSE,TRUE
51021940,51,5102,510219,FALSE,FALSE,FALSE,TRUE
51021990,51,5102,510219,FALSE,FALSE,FALSE,TRUE
51022000,51,5102,510220,FALSE,FALSE,FALSE,TRUE
51031010,51,5103,510310,FALSE,FALSE,FALSE,TRUE
51031090,51,5103,510310,FALSE,FALSE,FALSE,TRUE
51032000,51,5103,510320,FALSE,FALSE,FALSE,TRUE
51032010,51,5103,510320,FALSE,FALSE,FALSE,FALSE
51032091,51,5103,510320,FALSE,FALSE,FALSE,FALSE
51032099,51,5103,510320,FALSE,FALSE,FALSE,FALSE
51033000,51,5103,510330,FALSE,FALSE,FALSE,TRUE
51040000,51,5104,510400,FALSE,FALSE,FALSE,TRUE
51051000,51,5105,510510,FALSE,FALSE,FALSE,TRUE
51052100,51,5105,510521,FALSE,FALSE,FALSE,TRUE
51052900,51,5105,510529,FALSE,FALSE,FALSE,TRUE
51053010,51,5105,510530,FALSE,FALSE,FALSE,FALSE
51053090,51,5105,510530,FALSE,FALSE,FALSE,FALSE
51053100,51,5105,510531,FALSE,FALSE,FALSE,TRUE
51053900,51,5105,510539,FALSE,FALSE,FALSE,TRUE
51053910,51,5105,510539,FALSE,FALSE,FALSE,FALSE
51053990,51,5105,510539,FALSE,FALSE,FALSE,FALSE
51054000,51,5105,510540,FALSE,FALSE,FALSE,TRUE
51061010,51,5106,510610,FALSE,FALSE,FALSE,TRUE
51061090,51,5106,510610,FALSE,FALSE,FALSE,TRUE
51062010,51,5106,510620,FALSE,FALSE,FALSE,TRUE
51062011,51,5106,510620,FALSE,FALSE,FALSE,FALSE
51062019,51,5106,510620,FALSE,FALSE,FALSE,FALSE
51062091,51,5106,510620,FALSE,FALSE,FALSE,TRUE
51062099,51,5106,510620,FALSE,FALSE,FALSE,TRUE
51071010,51,5107,510710,FALSE,FALSE,FALSE,TRUE
51071090,51,5107,510710,FALSE,FALSE,FALSE,TRUE
51072010,51,5107,510720,FALSE,FALSE,FALSE,TRUE
51072030,51,5107,510720,FALSE,FALSE,FALSE,TRUE
51072051,51,5107,510720,FALSE,FALSE,FALSE,TRUE
51072059,51,5107,510720,FALSE,FALSE,FALSE,TRUE
51072091,51,5107,510720,FALSE,FALSE,FALSE,TRUE
51072099,51,5107,510720,FALSE,FALSE,FALSE,TRUE
51081010,51,5108,510810,FALSE,FALSE,FALSE,TRUE
51081090,51,5108,510810,FALSE,FALSE,FALSE,TRUE
51082010,51,5108,510820,FALSE,FALSE,FALSE,TRUE
51082090,51,5108,510820,FALSE,FALSE,FALSE,TRUE
51091010,51,5109,510910,FALSE,FALSE,FALSE,TRUE
51091090,51,5109,510910,FALSE,FALSE,FALSE,TRUE
51099000,51,5109,510990,FALSE,FALSE,FALSE,TRUE
51099010,51,5109,510990,FALSE,FALSE,FALSE,FALSE
51099090,51,5109,510990,FALSE,FALSE,FALSE,FALSE
51100000,51,5110,511000,FALSE,FALSE,FALSE,TRUE
51111100,51,5111,511111,FALSE,FALSE,FALSE,TRUE
51111111,51,5111,511111,FALSE,FALSE,FALSE,FALSE
51111119,51,5111,511111,FALSE,FALSE,FALSE,FALSE
51111191,51,5111,511111,FALSE,FALSE,FALSE,FALSE
51111199,51,5111,511111,FALSE,FALSE,FALSE,FALSE
51111900,51,5111,511119,FALSE,FALSE,FALSE,TRUE
51111910,51,5111,511119,FALSE,FALSE,FALSE,FALSE
51111911,51,5111,511119,FALSE,FALSE,FALSE,FALSE
51111919,51,5111,511119,FALSE,FALSE,FALSE,FALSE
51111931,51,5111,511119,FALSE,FALSE,FALSE,FALSE
51111939,51,5111,511119,FALSE,FALSE,FALSE,FALSE
51111990,51,5111,511119,FALSE,FALSE,FALSE,FALSE
51111991,51,5111,511119,FALSE,FALSE,FALSE,FALSE
51111999,51,5111,511119,FALSE,FALSE,FALSE,FALSE
51112000,51,5111,511120,FALSE,FALSE,FALSE,TRUE
51113010,51,5111,511130,FALSE,FALSE,FALSE,TRUE
51113030,51,5111,511130,FALSE,FALSE,FALSE,FALSE
51113080,51,5111,511130,FALSE,FALSE,FALSE,TRUE
51113090,51,5111,511130,FALSE,FALSE,FALSE,FALSE
51119010,51,5111,511190,FALSE,FALSE,FALSE,TRUE
51119091,51,5111,511190,FALSE,FALSE,FALSE,TRUE
51119093,51,5111,511190,FALSE,FALSE,FALSE,FALSE
51119098,51,5111,511190,FALSE,FALSE,FALSE,TRUE
51119099,51,5111,511190,FALSE,FALSE,FALSE,FALSE
51121100,51,5112,511211,FALSE,FALSE,FALSE,TRUE
51121110,51,5112,511211,FALSE,FALSE,FALSE,FALSE
51121190,51,5112,511211,FALSE,FALSE,FALSE,FALSE
51121900,51,5112,511219,FALSE,FALSE,FALSE,TRUE
51121910,51,5112,511219,FALSE,FALSE,FALSE,FALSE
51121911,51,5112,511219,FALSE,FALSE,FALSE,FALSE
51121919,51,5112,511219,FALSE,FALSE,FALSE,FALSE
51121990,51,5112,511219,FALSE,FALSE,FALSE,FALSE
51121991,51,5112,511219,FALSE,FALSE,FALSE,FALSE
51121999,51,5112,511219,FALSE,FALSE,FALSE,FALSE
51122000,51,5112,511220,FALSE,FALSE,FALSE,TRUE
51123010,51,5112,511230,FALSE,FALSE,FALSE,TRUE
51123030,51,5112,511230,FALSE,FALSE,FALSE,FALSE
51123080,51,5112,511230,FALSE,FALSE,FALSE,TRUE
51123090,51,5112,511230,FALSE,FALSE,FALSE,FALSE
51129010,51,5112,511290,FALSE,FALSE,FALSE,TRUE
51129091,51,5112,511290,FALSE,FALSE,FALSE,TRUE
51129093,51,5112,511290,FALSE,FALSE,FALSE,FALSE
51129098,51,5112,511290,FALSE,FALSE,FALSE,TRUE
51129099,51,5112,511290,FALSE,FALSE,FALSE,FALSE
51130000,51,5113,511300,FALSE,FALSE,FALSE,TRUE
52010010,52,5201,520100,FALSE,FALSE,FALSE,TRUE
52010090,52,5201,520100,FALSE,FALSE,FALSE,TRUE
52021000,52,5202,520210,FALSE,FALSE,FALSE,TRUE
52029100,52,5202,520291,FALSE,FALSE,FALSE,TRUE
52029900,52,5202,520299,FALSE,FALSE,FALSE,TRUE
52030000,52,5203,520300,FALSE,FALSE,FALSE,TRUE
52041100,52,5204,520411,FALSE,FALSE,FALSE,TRUE
52041900,52,5204,520419,FALSE,FALSE,FALSE,TRUE
52042000,52,5204,520420,FALSE,FALSE,FALSE,TRUE
52051100,52,5205,520511,FALSE,FALSE,FALSE,TRUE
52051200,52,5205,520512,FALSE,FALSE,FALSE,TRUE
52051300,52,5205,520513,FALSE,FALSE,FALSE,TRUE
52051400,52,5205,520514,FALSE,FALSE,FALSE,TRUE
52051510,52,5205,520515,FALSE,FALSE,FALSE,TRUE
52051590,52,5205,520515,FALSE,FALSE,FALSE,TRUE
52052100,52,5205,520521,FALSE,FALSE,FALSE,TRUE
52052200,52,5205,520522,FALSE,FALSE,FALSE,TRUE
52052300,52,5205,520523,FALSE,FALSE,FALSE,TRUE
52052400,52,5205,520524,FALSE,FALSE,FALSE,TRUE
52052510,52,5205,520525,FALSE,FALSE,FALSE,FALSE
52052530,52,5205,520525,FALSE,FALSE,FALSE,FALSE
52052590,52,5205,520525,FALSE,FALSE,FALSE,FALSE
52052600,52,5205,520526,FALSE,FALSE,FALSE,TRUE
52052700,52,5205,520527,FALSE,FALSE,FALSE,TRUE
52052800,52,5205,520528,FALSE,FALSE,FALSE,TRUE
52053100,52,5205,520531,FALSE,FALSE,FALSE,TRUE
52053200,52,5205,520532,FALSE,FALSE,FALSE,TRUE
52053300,52,5205,520533,FALSE,FALSE,FALSE,TRUE
52053400,52,5205,520534,FALSE,FALSE,FALSE,TRUE
52053500,52,5205,520535,FALSE,FALSE,FALSE,TRUE
52053510,52,5205,520535,FALSE,FALSE,FALSE,FALSE
52053590,52,5205,520535,FALSE,FALSE,FALSE,FALSE
52054100,52,5205,520541,FALSE,FALSE,FALSE,TRUE
52054200,52,5205,520542,FALSE,FALSE,FALSE,TRUE
52054300,52,5205,520543,FALSE,FALSE,FALSE,TRUE
52054400,52,5205,520544,FALSE,FALSE,FALSE,TRUE
52054510,52,5205,520545,FALSE,FALSE,FALSE,FALSE
52054530,52,5205,520545,FALSE,FALSE,FALSE,FALSE
52054590,52,5205,520545,FALSE,FALSE,FALSE,FALSE
52054600,52,5205,520546,FALSE,FALSE,FALSE,TRUE
52054700,52,5205,520547,FALSE,FALSE,FALSE,TRUE
52054800,52,5205,520548,FALSE,FALSE,FALSE,TRUE
52061100,52,5206,520611,FALSE,FALSE,FALSE,TRUE
52061200,52,5206,520612,FALSE,FALSE,FALSE,TRUE
52061300,52,5206,520613,FALSE,FALSE,FALSE,TRUE
52061400,52,5206,520614,FALSE,FALSE,FALSE,TRUE
52061500,52,5206,520615,FALSE,FALSE,FALSE,TRUE
52061510,52,5206,520615,FALSE,FALSE,FALSE,FALSE
52061590,52,5206,520615,FALSE,FALSE,FALSE,FALSE
52062100,52,5206,520621,FALSE,FALSE,FALSE,TRUE
52062200,52,5206,520622,FALSE,FALSE,FALSE,TRUE
52062300,52,5206,520623,FALSE,FALSE,FALSE,TRUE
52062400,52,5206,520624,FALSE,FALSE,FALSE,TRUE
52062500,52,5206,520625,FALSE,FALSE,FALSE,TRUE
52062510,52,5206,520625,FALSE,FALSE,FALSE,FALSE
52062590,52,5206,520625,FALSE,FALSE,FALSE,FALSE
52063100,52,5206,520631,FALSE,FALSE,FALSE,TRUE
52063200,52,5206,520632,FALSE,FALSE,FALSE,TRUE
52063300,52,5206,520633,FALSE,FALSE,FALSE,TRUE
52063400,52,5206,520634,FALSE,FALSE,FALSE,TRUE
52063500,52,5206,520635,FALSE,FALSE,FALSE,TRUE
52063510,52,5206,520635,FALSE,FALSE,FALSE,FALSE
52063590,52,5206,520635,FALSE,FALSE,FALSE,FALSE
52064100,52,5206,520641,FALSE,FALSE,FALSE,TRUE
52064200,52,5206,520642,FALSE,FALSE,FALSE,TRUE
52064300,52,5206,520643,FALSE,FALSE,FALSE,TRUE
52064400,52,5206,520644,FALSE,FALSE,FALSE,TRUE
52064500,52,5206,520645,FALSE,FALSE,FALSE,TRUE
52064510,52,5206,520645,FALSE,FALSE,FALSE,FALSE
52064590,52,5206,520645,FALSE,FALSE,FALSE,FALSE
52071000,52,5207,520710,FALSE,FALSE,FALSE,TRUE
52079000,52,5207,520790,FALSE,FALSE,FALSE,TRUE
52081110,52,5208,520811,FALSE,FALSE,FALSE,TRUE
52081190,52,5208,520811,FALSE,FALSE,FALSE,TRUE
52081211,52,5208,520812,FALSE,FALSE,FALSE,FALSE
52081213,52,5208,520812,FALSE,FALSE,FALSE,FALSE
52081215,52,5208,520812,FALSE,FALSE,FALSE,FALSE
52081216,52,5208,520812,FALSE,FALSE,FALSE,TRUE
52081219,52,5208,520812,FALSE,FALSE,FALSE,TRUE
52081291,52,5208,520812,FALSE,FALSE,FALSE,FALSE
52081293,52,5208,520812,FALSE,FALSE,FALSE,FALSE
52081295,52,5208,520812,FALSE,FALSE,FALSE,FALSE
52081296,52,5208,520812,FALSE,FALSE,FALSE,TRUE
52081299,52,5208,520812,FALSE,FALSE,FALSE,TRUE
52081300,52,5208,520813,FALSE,FALSE,FALSE,TRUE
52081900,52,5208,520819,FALSE,FALSE,FALSE,TRUE
52082110,52,5208,520821,FALSE,FALSE,FALSE,TRUE
52082190,52,5208,520821,FALSE,FALSE,FALSE,TRUE
52082211,52,5208,520822,FALSE,FALSE,FALSE,FALSE
52082213,52,5208,520822,FALSE,FALSE,FALSE,FALSE
52082215,52,5208,520822,FALSE,FALSE,FALSE,FALSE
52082216,52,5208,520822,FALSE,FALSE,FALSE,TRUE
52082219,52,5208,520822,FALSE,FALSE,FALSE,TRUE
52082291,52,5208,520822,FALSE,FALSE,FALSE,FALSE
52082293,52,5208,520822,FALSE,FALSE,FALSE,FALSE
52082295,52,5208,520822,FALSE,FALSE,FALSE,FALSE
52082296,52,5208,520822,FALSE,FALSE,FALSE,TRUE
52082299,52,5208,520822,FALSE,FALSE,FALSE,TRUE
52082300,52,5208,520823,FALSE,FALSE,FALSE,TRUE
52082900,52,5208,520829,FALSE,FALSE,FALSE,TRUE
52083100,52,5208,520831,FALSE,FALSE,FALSE,TRUE
52083211,52,5208,520832,FALSE,FALSE,FALSE,FALSE
52083213,52,5208,520832,FALSE,FALSE,FALSE,FALSE
52083215,52,5208,520832,FALSE,FALSE,FALSE,FALSE
52083216,52,5208,520832,FALSE,FALSE,FALSE,TRUE
52083219,52,5208,520832,FALSE,FALSE,FALSE,TRUE
52083291,52,5208,520832,FALSE,FALSE,FALSE,FALSE
52083293,52,5208,520832,FALSE,FALSE,FALSE,FALSE
52083295,52,5208,520832,FALSE,FALSE,FALSE,FALSE
52083296,52,5208,520832,FALSE,FALSE,FALSE,TRUE
52083299,52,5208,520832,FALSE,FALSE,FALSE,TRUE
52083300,52,5208,520833,FALSE,FALSE,FALSE,TRUE
52083900,52,5208,520839,FALSE,FALSE,FALSE,TRUE
52084100,52,5208,520841,FALSE,FALSE,FALSE,TRUE
52084200,52,5208,520842,FALSE,FALSE,FALSE,TRUE
52084300,52,5208,520843,FALSE,FALSE,FALSE,TRUE
52084900,52,5208,520849,FALSE,FALSE,FALSE,TRUE
52085100,52,5208,520851,FALSE,FALSE,FALSE,TRUE
52085200,52,5208,520852,FALSE,FALSE,FALSE,TRUE
52085210,52,5208,520852,FALSE,FALSE,FALSE,FALSE
52085290,52,5208,520852,FALSE,FALSE,FALSE,FALSE
52085300,52,5208,520853,FALSE,FALSE,FALSE,FALSE
52085900,52,5208,520859,FALSE,FALSE,FALSE,FALSE
52085910,52,5208,520859,FALSE,FALSE,FALSE,TRUE
52085990,52,5208,520859,FALSE,FALSE,FALSE,TRUE
52091100,52,5209,520911,FALSE,FALSE,FALSE,TRUE
52091200,52,5209,520912,FALSE,FALSE,FALSE,TRUE
52091900,52,5209,520919,FALSE,FALSE,FALSE,TRUE
52092100,52,5209,520921,FALSE,FALSE,FALSE,TRUE
52092200,52,5209,520922,FALSE,FALSE,FALSE,TRUE
52092900,52,5209,520929,FALSE,FALSE,FALSE,TRUE
52093100,52,5209,520931,FALSE,FALSE,FALSE,TRUE
52093200,52,5209,520932,FALSE,FALSE,FALSE,TRUE
52093900,52,5209,520939,FALSE,FALSE,FALSE,TRUE
52094100,52,5209,520941,FALSE,FALSE,FALSE,TRUE
52094200,52,5209,520942,FALSE,FALSE,FALSE,TRUE
52094300,52,5209,520943,FALSE,FALSE,FALSE,TRUE
52094900,52,5209,520949,FALSE,FALSE,FALSE,TRUE
52094910,52,5209,520949,FALSE,FALSE,FALSE,FALSE
52094990,52,5209,520949,FALSE,FALSE,FALSE,FALSE
52095100,52,5209,520951,FALSE,FALSE,FALSE,TRUE
52095200,52,5209,520952,FALSE,FALSE,FALSE,TRUE
52095900,52,5209,520959,FALSE,FALSE,FALSE,TRUE
52101100,52,5210,521011,FALSE,FALSE,FALSE,TRUE
52101110,52,5210,521011,FALSE,FALSE,FALSE,FALSE
52101190,52,5210,521011,FALSE,FALSE,FALSE,FALSE
52101200,52,5210,521012,FALSE,FALSE,FALSE,FALSE
52101900,52,5210,521019,FALSE,FALSE,FALSE,TRUE
52102100,52,5210,521021,FALSE,FALSE,FALSE,TRUE
52102110,52,5210,521021,FALSE,FALSE,FALSE,FALSE
52102190,52,5210,521021,FALSE,FALSE,FALSE,FALSE
52102200,52,5210,521022,FALSE,FALSE,FALSE,FALSE
52102900,52,5210,521029,FALSE,FALSE,FALSE,TRUE
52103100,52,5210,521031,FALSE,FALSE,FALSE,TRUE
52103110,52,5210,521031,FALSE,FALSE,FALSE,FALSE
52103190,52,5210,521031,FALSE,FALSE,FALSE,FALSE
52103200,52,5210,521032,FALSE,FALSE,FALSE,TRUE
52103900,52,5210,521039,FALSE,FALSE,FALSE,TRUE
52104100,52,5210,521041,FALSE,FALSE,FALSE,TRUE
52104200,52,5210,521042,FALSE,FALSE,FALSE,FALSE
52104900,52,5210,521049,FALSE,FALSE,FALSE,TRUE
52105100,52,5210,521051,FALSE,FALSE,FALSE,TRUE
52105200,52,5210,521052,FALSE,FALSE,FALSE,FALSE
52105900,52,5210,521059,FALSE,FALSE,FALSE,TRUE
52111100,52,5211,521111,FALSE,FALSE,FALSE,TRUE
52111200,52,5211,521112,FALSE,FALSE,FALSE,TRUE
52111900,52,5211,521119,FALSE,FALSE,FALSE,TRUE
52112000,52,5211,521120,FALSE,FALSE,FALSE,TRUE
52112100,52,5211,521121,FALSE,FALSE,FALSE,FALSE
52112200,52,5211,521122,FALSE,FALSE,FALSE,FALSE
52112900,52,5211,521129,FALSE,FALSE,FALSE,FALSE
52113100,52,5211,521131,FALSE,FALSE,FALSE,TRUE
52113200,52,5211,521132,FALSE,FALSE,FALSE,TRUE
52113900,52,5211,521139,FALSE,FALSE,FALSE,TRUE
52114100,52,5211,521141,FALSE,FALSE,FALSE,TRUE
52114200,52,5211,521142,FALSE,FALSE,FALSE,TRUE
52114300,52,5211,521143,FALSE,FALSE,FALSE,TRUE
52114910,52,5211,521149,FALSE,FALSE,FALSE,TRUE
52114911,52,5211,521149,FALSE,FALSE,FALSE,FALSE
52114919,52,5211,521149,FALSE,FALSE,FALSE,FALSE
52114990,52,5211,521149,FALSE,FALSE,FALSE,TRUE
52115100,52,5211,521151,FALSE,FALSE,FALSE,TRUE
52115200,52,5211,521152,FALSE,FALSE,FALSE,TRUE
52115900,52,5211,521159,FALSE,FALSE,FALSE,TRUE
52121110,52,5212,521211,FALSE,FALSE,FALSE,TRUE
52121190,52,5212,521211,FALSE,FALSE,FALSE,TRUE
52121210,52,5212,521212,FALSE,FALSE,FALSE,TRUE
52121290,52,5212,521212,FALSE,FALSE,FALSE,TRUE
52121310,52,5212,521213,FALSE,FALSE,FALSE,TRUE
52121390,52,5212,521213,FALSE,FALSE,FALSE,TRUE
52121410,52,5212,521214,FALSE,FALSE,FALSE,TRUE
52121490,52,5212,521214,FALSE,FALSE,FALSE,TRUE
52121510,52,5212,521215,FALSE,FALSE,FALSE,TRUE
52121590,52,5212,521215,FALSE,FALSE,FALSE,TRUE
52122110,52,5212,521221,FALSE,FALSE,FALSE,TRUE
52122190,52,5212,521221,FALSE,FALSE,FALSE,TRUE
52122210,52,5212,521222,FALSE,FALSE,FALSE,TRUE
52122290,52,5212,521222,FALSE,FALSE,FALSE,TRUE
52122310,52,5212,521223,FALSE,FALSE,FALSE,TRUE
52122390,52,5212,521223,FALSE,FALSE,FALSE,TRUE
52122410,52,5212,521224,FALSE,FALSE,FALSE,TRUE
52122490,52,5212,521224,FALSE,FALSE,FALSE,TRUE
52122510,52,5212,521225,FALSE,FALSE,FALSE,TRUE
52122590,52,5212,521225,FALSE,FALSE,FALSE,TRUE
53011000,53,5301,530110,FALSE,FALSE,FALSE,TRUE
53012100,53,5301,530121,FALSE,FALSE,FALSE,TRUE
53012900,53,5301,530129,FALSE,FALSE,FALSE,TRUE
53013000,53,5301,530130,FALSE,FALSE,FALSE,TRUE
53013010,53,5301,530130,FALSE,FALSE,FALSE,FALSE
53013090,53,5301,530130,FALSE,FALSE,FALSE,FALSE
53021000,53,5302,530210,FALSE,FALSE,FALSE,TRUE
53029000,53,5302,530290,FALSE,FALSE,FALSE,TRUE
53031000,53,5303,530310,FALSE,FALSE,FALSE,TRUE
53039000,53,5303,530390,FALSE,FALSE,FALSE,TRUE
53041000,53,5304,530410,FALSE,FALSE,FALSE,FALSE
53049000,53,5304,530490,FALSE,FALSE,FALSE,FALSE
53050000,53,5305,530500,FALSE,FALSE,FALSE,TRUE
53051100,53,5305,530511,FALSE,FALSE,FALSE,FALSE
53051900,53,5305,530519,FALSE,FALSE,FALSE,FALSE
53052100,53,5305,530521,FALSE,FALSE,FALSE,FALSE
53052900,53,5305,530529,FALSE,FALSE,FALSE,FALSE
53059000,53,5305,530590,FALSE,FALSE,FALSE,FALSE
53059100,53,5305,530591,FALSE,FALSE,FALSE,FALSE
53059900,53,5305,530599,FALSE,FALSE,FALSE,FALSE
53061010,53,5306,530610,FALSE,FALSE,FALSE,TRUE
53061011,53,5306,530610,FALSE,FALSE,FALSE,FALSE
53061019,53,5306,530610,FALSE,FALSE,FALSE,FALSE
53061030,53,5306,530610,FALSE,FALSE,FALSE,TRUE
53061031,53,5306,530610,FALSE,FALSE,FALSE,FALSE
53061039,53,5306,530610,FALSE,FALSE,FALSE,FALSE
53061050,53,5306,530610,FALSE,FALSE,FALSE,TRUE
53061090,53,5306,530610,FALSE,FALSE,FALSE,TRUE
53062010,53,5306,530620,FALSE,FALSE,FALSE,TRUE
53062011,53,5306,530620,FALSE,FALSE,FALSE,FALSE
53062019,53,5306,530620,FALSE,FALSE,FALSE,FALSE
53062090,53,5306,530620,FALSE,FALSE,FALSE,TRUE
53071000,53,5307,530710,FALSE,FALSE,FALSE,TRUE
53071010,53,5307,530710,FALSE,FALSE,FALSE,FALSE
53071090,53,5307,530710,FALSE,FALSE,FALSE,FALSE
53072000,53,5307,530720,FALSE,FALSE,FALSE,TRUE
53081000,53,5308,530810,FALSE,FALSE,FALSE,TRUE
53082010,53,5308,530820,FALSE,FALSE,FALSE,TRUE
53082090,53,5308,530820,FALSE,FALSE,FALSE,TRUE
53083000,53,5308,530830,FALSE,FALSE,FALSE,FALSE
53089011,53,5308,530890,FALSE,FALSE,FALSE,FALSE
53089012,53,5308,530890,FALSE,FALSE,FALSE,TRUE
53089013,53,5308,530890,FALSE,FALSE,FALSE,FALSE
53089019,53,5308,530890,FALSE,FALSE,FALSE,TRUE
53089050,53,5308,530890,FALSE,FALSE,FALSE,TRUE
53089090,53,5308,530890,FALSE,FALSE,FALSE,TRUE
53091110,53,5309,530911,FALSE,FALSE,FALSE,TRUE
53091111,53,5309,530911,FALSE,FALSE,FALSE,FALSE
53091119,53,5309,530911,FALSE,FALSE,FALSE,FALSE
53091190,53,5309,530911,FALSE,FALSE,FALSE,TRUE
53091900,53,5309,530919,FALSE,FALSE,FALSE,TRUE
53091910,53,5309,530919,FALSE,FALSE,FALSE,FALSE
53091990,53,5309,530919,FALSE,FALSE,FALSE,FALSE
53092100,53,5309,530921,FALSE,FALSE,FALSE,TRUE
53092110,53,5309,530921,FALSE,FALSE,FALSE,FALSE
53092190,53,5309,530921,FALSE,FALSE,FALSE,FALSE
53092900,53,5309,530929,FALSE,FALSE,FALSE,TRUE
53092910,53,5309,530929,FALSE,FALSE,FALSE,FALSE
53092990,53,5309,530929,FALSE,FALSE,FALSE,FALSE
53101010,53,5310,531010,FALSE,FALSE,FALSE,TRUE
53101090,53,5310,531010,FALSE,FALSE,FALSE,TRUE
53109000,53,5310,531090,FALSE,FALSE,FALSE,TRUE
53110010,53,5311,531100,FALSE,FALSE,FALSE,TRUE
53110090,53,5311,531100,FALSE,FALSE,FALSE,TRUE
54011011,54,5401,540110,FALSE,FALSE,FALSE,FALSE
54011012,54,5401,540110,FALSE,FALSE,FALSE,TRUE
54011014,54,5401,540110,FALSE,FALSE,FALSE,TRUE
54011016,54,5401,540110,FALSE,FALSE,FALSE,TRUE
54011018,54,5401,540110,FALSE,FALSE,FALSE,TRUE
54011019,54,5401,540110,FALSE,FALSE,FALSE,FALSE
54011090,54,5401,540110,FALSE,FALSE,FALSE,TRUE
54012010,54,5401,540120,FALSE,FALSE,FALSE,TRUE
54012090,54,5401,540120,FALSE,FALSE,FALSE,TRUE
54021010,54,5402,540210,FALSE,FALSE,FALSE,FALSE
54021090,54,5402,540210,FALSE,FALSE,FALSE,FALSE
54021100,54,5402,540211,FALSE,FALSE,FALSE,TRUE
54021900,54,5402,540219,FALSE,FALSE,FALSE,TRUE
54022000,54,5402,540220,FALSE,FALSE,FALSE,TRUE
54023100,54,5402,540231,FALSE,FALSE,FALSE,TRUE
54023110,54,5402,540231,FALSE,FALSE,FALSE,FALSE
54023130,54,5402,540231,FALSE,FALSE,FALSE,FALSE
54023190,54,5402,540231,FALSE,FALSE,FALSE,FALSE
54023200,54,5402,540232,FALSE,FALSE,FALSE,TRUE
54023300,54,5402,540233,FALSE,FALSE,FALSE,TRUE
54023310,54,5402,540233,FALSE,FALSE,FALSE,FALSE
54023390,54,5402,540233,FALSE,FALSE,FALSE,FALSE
54023400,54,5402,540234,FALSE,FALSE,FALSE,TRUE
54023900,54,5402,540239,FALSE,FALSE,FALSE,TRUE
54023910,54,5402,540239,FALSE,FALSE,FALSE,FALSE
54023990,54,5402,540239,FALSE,FALSE,FALSE,FALSE
54024100,54,5402,540241,FALSE,FALSE,FALSE,FALSE
54024110,54,5402,540241,FALSE,FALSE,FALSE,FALSE
54024130,54,5402,540241,FALSE,FALSE,FALSE,FALSE
54024190,54,5402,540241,FALSE,FALSE,FALSE,FALSE
54024200,54,5402,540242,FALSE,FALSE,FALSE,FALSE
54024300,54,5402,540243,FALSE,FALSE,FALSE,FALSE
54024310,54,5402,540243,FALSE,FALSE,FALSE,FALSE
54024390,54,5402,540243,FALSE,FALSE,FALSE,FALSE
54024400,54,5402,540244,FALSE,FALSE,FALSE,TRUE
54024500,54,5402,540245,FALSE,FALSE,FALSE,TRUE
54024600,54,5402,540246,FALSE,FALSE,FALSE,TRUE
54024700,54,5402,540247,FALSE,FALSE,FALSE,TRUE
54024800,54,5402,540248,FALSE,FALSE,FALSE,TRUE
54024900,54,5402,540249,FALSE,FALSE,FALSE,TRUE
54024910,54,5402,540249,FALSE,FALSE,FALSE,FALSE
54024991,54,5402,540249,FALSE,FALSE,FALSE,FALSE
54024999,54,5402,540249,FALSE,FALSE,FALSE,FALSE
54025100,54,5402,540251,FALSE,FALSE,FALSE,TRUE
54025110,54,5402,540251,FALSE,FALSE,FALSE,FALSE
54025130,54,5402,540251,FALSE,FALSE,FALSE,FALSE
54025190,54,5402,540251,FALSE,FALSE,FALSE,FALSE
54025200,54,5402,540252,FALSE,FALSE,FALSE,TRUE
54025210,54,5402,540252,FALSE,FALSE,FALSE,FALSE
54025290,54,5402,540252,FALSE,FALSE,FALSE,FALSE
54025300,54,5402,540253,FALSE,FALSE,FALSE,FALSE
54025900,54,5402,540259,FALSE,FALSE,FALSE,FALSE
54025910,54,5402,540259,FALSE,FALSE,FALSE,TRUE
54025990,54,5402,540259,FALSE,FALSE,FALSE,TRUE
54026100,54,5402,540261,FALSE,FALSE,FALSE,TRUE
54026110,54,5402,540261,FALSE,FALSE,FALSE,FALSE
54026130,54,5402,540261,FALSE,FALSE,FALSE,FALSE
54026190,54,5402,540261,FALSE,FALSE,FALSE,FALSE
54026200,54,5402,540262,FALSE,FALSE,FALSE,TRUE
54026210,54,5402,540262,FALSE,FALSE,FALSE,FALSE
54026290,54,5402,540262,FALSE,FALSE,FALSE,FALSE
54026300,54,5402,540263,FALSE,FALSE,FALSE,FALSE
54026900,54,5402,540269,FALSE,FALSE,FALSE,FALSE
54026910,54,5402,540269,FALSE,FALSE,FALSE,TRUE
54026990,54,5402,540269,FALSE,FALSE,FALSE,TRUE
54031000,54,5403,540310,FALSE,FALSE,FALSE,TRUE
54032000,54,5403,540320,FALSE,FALSE,FALSE,FALSE
54032010,54,5403,540320,FALSE,FALSE,FALSE,FALSE
54032090,54,5403,540320,FALSE,FALSE,FALSE,FALSE
54033100,54,5403,540331,FALSE,FALSE,FALSE,TRUE
54033200,54,5403,540332,FALSE,FALSE,FALSE,TRUE
54033300,54,5403,540333,FALSE,FALSE,FALSE,TRUE
54033310,54,5403,540333,FALSE,FALSE,FALSE,FALSE
54033390,54,5403,540333,FALSE,FALSE,FALSE,FALSE
54033900,54,5403,540339,FALSE,FALSE,FALSE,TRUE
54034100,54,5403,540341,FALSE,FALSE,FALSE,TRUE
54034200,54,5403,540342,FALSE,FALSE,FALSE,TRUE
54034900,54,5403,540349,FALSE,FALSE,FALSE,TRUE
54041010,54,5404,540410,FALSE,FALSE,FALSE,FALSE
54041090,54,5404,540410,FALSE,FALSE,FALSE,FALSE
54041100,54,5404,540411,FALSE,FALSE,FALSE,TRUE
54041200,54,5404,540412,FALSE,FALSE,FALSE,TRUE
54041900,54,5404,540419,FALSE,FALSE,FALSE,TRUE
54049010,54,5404,540490,FALSE,FALSE,FALSE,TRUE
54049011,54,5404,540490,FALSE,FALSE,FALSE,FALSE
54049019,54,5404,540490,FALSE,FALSE,FALSE,FALSE
54049090,54,5404,540490,FALSE,FALSE,FALSE,TRUE
54050000,54,5405,540500,FALSE,FALSE,FALSE,TRUE
54060000,54,5406,540600,FALSE,FALSE,FALSE,TRUE
54061000,54,5406,540610,FALSE,FALSE,FALSE,FALSE
54062000,54,5406,540620,FALSE,FALSE,FALSE,FALSE
54071000,54,5407,540710,FALSE,FALSE,FALSE,TRUE
54072011,54,5407,540720,FALSE,FALSE,FALSE,TRUE
54072019,54,5407,540720,FALSE,FALSE,FALSE,TRUE
54072090,54,5407,540720,FALSE,FALSE,FALSE,TRUE
54073000,54,5407,540730,FALSE,FALSE,FALSE,TRUE
54074100,54,5407,540741,FALSE,FALSE,FALSE,TRUE
54074200,54,5407,540742,FALSE,FALSE,FALSE,TRUE
54074210,54,5407,540742,FALSE,FALSE,FALSE,FALSE
54074290,54,5407,540742,FALSE,FALSE,FALSE,FALSE
54074300,54,5407,540743,FALSE,FALSE,FALSE,TRUE
54074400,54,5407,540744,FALSE,FALSE,FALSE,TRUE
54074410,54,5407,540744,FALSE,FALSE,FALSE,FALSE
54074490,54,5407,540744,FALSE,FALSE,FALSE,FALSE
54075100,54,5407,540751,FALSE,FALSE,FALSE,TRUE
54075200,54,5407,540752,FALSE,FALSE,FALSE,TRUE
54075300,54,5407,540753,FALSE,FALSE,FALSE,TRUE
54075310,54,5407,540753,FALSE,FALSE,FALSE,FALSE
54075390,54,5407,540753,FALSE,FALSE,FALSE,FALSE
54075400,54,5407,540754,FALSE,FALSE,FALSE,TRUE
54076010,54,5407,540760,FALSE,FALSE,FALSE,FALSE
54076030,54,5407,540760,FALSE,FALSE,FALSE,FALSE
54076051,54,5407,540760,FALSE,FALSE,FALSE,FALSE
54076059,54,5407,540760,FALSE,FALSE,FALSE,FALSE
54076090,54,5407,540760,FALSE,FALSE,FALSE,FALSE
54076110,54,5407,540761,FALSE,FALSE,FALSE,TRUE
54076130,54,5407,540761,FALSE,FALSE,FALSE,TRUE
54076150,54,5407,540761,FALSE,FALSE,FALSE,TRUE
54076190,54,5407,540761,FALSE,FALSE,FALSE,TRUE
54076910,54,5407,540769,FALSE,FALSE,FALSE,TRUE
54076990,54,5407,540769,FALSE,FALSE,FALSE,TRUE
54077100,54,5407,540771,FALSE,FALSE,FALSE,TRUE
54077200,54,5407,540772,FALSE,FALSE,FALSE,TRUE
54077300,54,5407,540773,FALSE,FALSE,FALSE,TRUE
54077310,54,5407,540773,FALSE,FALSE,FALSE,FALSE
54077391,54,5407,540773,FALSE,FALSE,FALSE,FALSE
54077399,54,5407,540773,FALSE,FALSE,FALSE,FALSE
54077400,54,5407,540774,FALSE,FALSE,FALSE,TRUE
54078100,54,5407,540781,FALSE,FALSE,FALSE,TRUE
54078200,54,5407,540782,FALSE,FALSE,FALSE,TRUE
54078300,54,5407,540783,FALSE,FALSE,FALSE,TRUE
54078310,54,5407,540783,FALSE,FALSE,FALSE,FALSE
54078390,54,5407,540783,FALSE,FALSE,FALSE,FALSE
54078400,54,5407,540784,FALSE,FALSE,FALSE,TRUE
54079100,54,5407,540791,FALSE,FALSE,FALSE,TRUE
54079200,54,5407,540792,FALSE,FALSE,FALSE,TRUE
54079300,54,5407,540793,FALSE,FALSE,FALSE,TRUE
54079310,54,5407,540793,FALSE,FALSE,FALSE,FALSE
54079390,54,5407,540793,FALSE,FALSE,FALSE,FALSE
54079400,54,5407,540794,FALSE,FALSE,FALSE,TRUE
54081000,54,5408,540810,FALSE,FALSE,FALSE,TRUE
54082100,54,5408,540821,FALSE,FALSE,FALSE,TRUE
54082210,54,5408,540822,FALSE,FALSE,FALSE,TRUE
54082290,54,5408,540822,FALSE,FALSE,FALSE,TRUE
54082300,54,5408,540823,FALSE,FALSE,FALSE,TRUE
54082310,54,5408,540823,FALSE,FALSE,FALSE,FALSE
54082390,54,5408,540823,FALSE,FALSE,FALSE,FALSE
54082400,54,5408,540824,FALSE,FALSE,FALSE,TRUE
54083100,54,5408,540831,FALSE,FALSE,FALSE,TRUE
54083200,54,5408,540832,FALSE,FALSE,FALSE,TRUE
54083300,54,5408,540833,FALSE,FALSE,FALSE,TRUE
54083400,54,5408,540834,FALSE,FALSE,FALSE,TRUE
55011000,55,5501,550110,FALSE,FALSE,FALSE,TRUE
55012000,55,5501,550120,FALSE,FALSE,FALSE,TRUE
55013000,55,5501,550130,FALSE,FALSE,FALSE,TRUE
55014000,55,5501,550140,FALSE,FALSE,FALSE,TRUE
55019000,55,5501,550190,FALSE,FALSE,FALSE,TRUE
55019010,55,5501,550190,FALSE,FALSE,FALSE,FALSE
55019090,55,5501,550190,FALSE,FALSE,FALSE,FALSE
55020010,55,5502,550200,FALSE,FALSE,FALSE,TRUE
55020040,55,5502,550200,FALSE,FALSE,FALSE,TRUE
55020080,55,5502,550200,FALSE,FALSE,FALSE,TRUE
55020090,55,5502,550200,FALSE,FALSE,FALSE,FALSE
55021000,55,5502,550210,FALSE,FALSE,FALSE,FALSE
55029000,55,5502,550290,FALSE,FALSE,FALSE,FALSE
55031010,55,5503,550310,FALSE,FALSE,FALSE,FALSE
55031011,55,5503,550310,FALSE,FALSE,FALSE,FALSE
55031019,55,5503,550310,FALSE,FALSE,FALSE,FALSE
55031090,55,5503,550310,FALSE,FALSE,FALSE,FALSE
55031100,55,5503,550311,FALSE,FALSE,FALSE,TRUE
55031900,55,5503,550319,FALSE,FALSE,FALSE,TRUE
55032000,55,5503,550320,FALSE,FALSE,FALSE,TRUE
55033000,55,5503,550330,FALSE,FALSE,FALSE,TRUE
55034000,55,5503,550340,FALSE,FALSE,FALSE,TRUE
55039000,55,5503,550390,FALSE,FALSE,FALSE,TRUE
55039010,55,5503,550390,FALSE,FALSE,FALSE,FALSE
55039090,55,5503,550390,FALSE,FALSE,FALSE,FALSE
55041000,55,5504,550410,FALSE,FALSE,FALSE,TRUE
55049000,55,5504,550490,FALSE,FALSE,FALSE,TRUE
55051010,55,5505,550510,FALSE,FALSE,FALSE,TRUE
55051030,55,5505,550510,FALSE,FALSE,FALSE,TRUE
55051050,55,5505,550510,FALSE,FALSE,FALSE,TRUE
55051070,55,5505,550510,FALSE,FALSE,FALSE,TRUE
55051090,55,5505,550510,FALSE,FALSE,FALSE,TRUE
55052000,55,5505,550520,FALSE,FALSE,FALSE,TRUE
55061000,55,5506,550610,FALSE,FALSE,FALSE,TRUE
55062000,55,5506,550620,FALSE,FALSE,FALSE,TRUE
55063000,55,5506,550630,FALSE,FALSE,FALSE,TRUE
55064000,55,5506,550640,FALSE,FALSE,FALSE,FALSE
55069000,55,5506,550690,FALSE,FALSE,FALSE,TRUE
55069010,55,5506,550690,FALSE,FALSE,FALSE,FALSE
55069090,55,5506,550690,FALSE,FALSE,FALSE,FALSE
55069091,55,5506,550690,FALSE,FALSE,FALSE,FALSE
55069099,55,5506,550690,FALSE,FALSE,FALSE,FALSE
55070000,55,5507,550700,FALSE,FALSE,FALSE,TRUE
55081010,55,5508,550810,FALSE,FALSE,FALSE,TRUE
55081011,55,5508,550810,FALSE,FALSE,FALSE,FALSE
55081019,55,5508,550810,FALSE,FALSE,FALSE,FALSE
55081090,55,5508,550810,FALSE,FALSE,FALSE,TRUE
55082010,55,5508,550820,FALSE,FALSE,FALSE,TRUE
55082090,55,5508,550820,FALSE,FALSE,FALSE,TRUE
55091100,55,5509,550911,FALSE,FALSE,FALSE,TRUE
55091200,55,5509,550912,FALSE,FALSE,FALSE,TRUE
55092100,55,5509,550921,FALSE,FALSE,FALSE,TRUE
55092110,55,5509,550921,FALSE,FALSE,FALSE,FALSE
55092190,55,5509,550921,FALSE,FALSE,FALSE,FALSE
55092200,55,5509,550922,FALSE,FALSE,FALSE,TRUE
55092210,55,5509,550922,FALSE,FALSE,FALSE,FALSE
55092290,55,5509,550922,FALSE,FALSE,FALSE,FALSE
55093100,55,5509,550931,FALSE,FALSE,FALSE,TRUE
55093110,55,5509,550931,FALSE,FALSE,FALSE,FALSE
55093190,55,5509,550931,FALSE,FALSE,FALSE,FALSE
55093200,55,5509,550932,FALSE,FALSE,FALSE,TRUE
55093210,55,5509,550932,FALSE,FALSE,FALSE,FALSE
55093290,55,5509,550932,FALSE,FALSE,FALSE,FALSE
55094100,55,5509,550941,FALSE,FALSE,FALSE,TRUE
55094110,55,5509,550941,FALSE,FALSE,FALSE,FALSE
55094190,55,5509,550941,FALSE,FALSE,FALSE,FALSE
55094200,55,5509,550942,FALSE,FALSE,FALSE,TRUE
55094210,55,5509,550942,FALSE,FALSE,FALSE,FALSE
55094290,55,5509,550942,FALSE,FALSE,FALSE,FALSE
55095100,55,5509,550951,FALSE,FALSE,FALSE,TRUE
55095200,55,5509,550952,FALSE,FALSE,FALSE,TRUE
55095210,55,5509,550952,FALSE,FALSE,FALSE,FALSE
55095290,55,5509,550952,FALSE,FALSE,FALSE,FALSE
55095300,55,5509,550953,FALSE,FALSE,FALSE,TRUE
55095900,55,5509,550959,FALSE,FALSE,FALSE,TRUE
55096100,55,5509,550961,FALSE,FALSE,FALSE,TRUE
55096110,55,5509,550961,FALSE,FALSE,FALSE,FALSE
55096190,55,5509,550961,FALSE,FALSE,FALSE,FALSE
55096200,55,5509,550962,FALSE,FALSE,FALSE,TRUE
55096900,55,5509,550969,FALSE,FALSE,FALSE,TRUE
55099100,55,5509,550991,FALSE,FALSE,FALSE,TRUE
55099110,55,5509,550991,FALSE,FALSE,FALSE,FALSE
55099190,55,5509,550991,FALSE,FALSE,FALSE,FALSE
55099200,55,5509,550992,FALSE,FALSE,FALSE,TRUE
55099900,55,5509,550999,FALSE,FALSE,FALSE,TRUE
55101100,55,5510,551011,FALSE,FALSE,FALSE,TRUE
55101200,55,5510,551012,FALSE,FALSE,FALSE,TRUE
55102000,55,5510,551020,FALSE,FALSE,FALSE,TRUE
55103000,55,5510,551030,FALSE,FALSE,FALSE,TRUE
55109000,55,5510,551090,FALSE,FALSE,FALSE,TRUE
55111000,55,5511,551110,FALSE,FALSE,FALSE,TRUE
55112000,55,5511,551120,FALSE,FALSE,FALSE,TRUE
55113000,55,5511,551130,FALSE,FALSE,FALSE,TRUE
55121100,55,5512,551211,FALSE,FALSE,FALSE,TRUE
55121910,55,5512,551219,FALSE,FALSE,FALSE,TRUE
55121990,55,5512,551219,FALSE,FALSE,FALSE,TRUE
55122100,55,5512,551221,FALSE,FALSE,FALSE,TRUE
55122910,55,5512,551229,FALSE,FALSE,FALSE,TRUE
55122990,55,5512,551229,FALSE,FALSE,FALSE,TRUE
55129100,55,5512,551291,FALSE,FALSE,FALSE,TRUE
55129910,55,5512,551299,FALSE,FALSE,FALSE,TRUE
55129990,55,5512,551299,FALSE,FALSE,FALSE,TRUE
55131110,55,5513,551311,FALSE,FALSE,FALSE,FALSE
55131120,55,5513,551311,FALSE,FALSE,FALSE,TRUE
55131130,55,5513,551311,FALSE,FALSE,FALSE,FALSE
55131190,55,5513,551311,FALSE,FALSE,FALSE,TRUE
55131200,55,5513,551312,FALSE,FALSE,FALSE,TRUE
55131300,55,5513,551313,FALSE,FALSE,FALSE,TRUE
55131900,55,5513,551319,FALSE,FALSE,FALSE,TRUE
55132100,55,5513,551321,FALSE,FALSE,FALSE,TRUE
55132110,55,5513,551321,FALSE,FALSE,FALSE,FALSE
55132130,55,5513,551321,FALSE,FALSE,FALSE,FALSE
55132190,55,5513,551321,FALSE,FALSE,FALSE,FALSE
55132200,55,5513,551322,FALSE,FALSE,FALSE,FALSE
55132300,55,5513,551323,FALSE,FALSE,FALSE,FALSE
55132310,55,5513,551323,FALSE,FALSE,FALSE,TRUE
55132390,55,5513,551323,FALSE,FALSE,FALSE,TRUE
55132900,55,5513,551329,FALSE,FALSE,FALSE,TRUE
55133100,55,5513,551331,FALSE,FALSE,FALSE,TRUE
55133200,55,5513,551332,FALSE,FALSE,FALSE,FALSE
55133300,55,5513,551333,FALSE,FALSE,FALSE,FALSE
55133900,55,5513,551339,FALSE,FALSE,FALSE,TRUE
55134100,55,5513,551341,FALSE,FALSE,FALSE,TRUE
55134200,55,5513,551342,FALSE,FALSE,FALSE,FALSE
55134300,55,5513,551343,FALSE,FALSE,FALSE,FALSE
55134900,55,5513,551349,FALSE,FALSE,FALSE,TRUE
55141100,55,5514,551411,FALSE,FALSE,FALSE,TRUE
55141200,55,5514,551412,FALSE,FALSE,FALSE,TRUE
55141300,55,5514,551413,FALSE,FALSE,FALSE,FALSE
55141900,55,5514,551419,FALSE,FALSE,FALSE,FALSE
55141910,55,5514,551419,FALSE,FALSE,FALSE,TRUE
55141990,55,5514,551419,FALSE,FALSE,FALSE,TRUE
55142100,55,5514,551421,FALSE,FALSE,FALSE,TRUE
55142200,55,5514,551422,FALSE,FALSE,FALSE,TRUE
55142300,55,5514,551423,FALSE,FALSE,FALSE,TRUE
55142900,55,5514,551429,FALSE,FALSE,FALSE,TRUE
55143010,55,5514,551430,FALSE,FALSE,FALSE,TRUE
55143030,55,5514,551430,FALSE,FALSE,FALSE,TRUE
55143050,55,5514,551430,FALSE,FALSE,FALSE,TRUE
55143090,55,5514,551430,FALSE,FALSE,FALSE,TRUE
55143100,55,5514,551431,FALSE,FALSE,FALSE,FALSE
55143200,55,5514,551432,FALSE,FALSE,FALSE,FALSE
55143300,55,5514,551433,FALSE,FALSE,FALSE,FALSE
55143900,55,5514,551439,FALSE,FALSE,FALSE,FALSE
55144100,55,5514,551441,FALSE,FALSE,FALSE,TRUE
55144200,55,5514,551442,FALSE,FALSE,FALSE,TRUE
55144300,55,5514,551443,FALSE,FALSE,FALSE,TRUE
55144900,55,5514,551449,FALSE,FALSE,FALSE,TRUE
55151110,55,5515,551511,FALSE,FALSE,FALSE,TRUE
55151130,55,5515,551511,FALSE,FALSE,FALSE,TRUE
55151190,55,5515,551511,FALSE,FALSE,FALSE,TRUE
55151210,55,5515,551512,FALSE,FALSE,FALSE,TRUE
55151230,55,5515,551512,FALSE,FALSE,FALSE,TRUE
55151290,55,5515,551512,FALSE,FALSE,FALSE,TRUE
55151311,55,5515,551513,FALSE,FALSE,FALSE,TRUE
55151319,55,5515,551513,FALSE,FALSE,FALSE,TRUE
55151391,55,5515,551513,FALSE,FALSE,FALSE,TRUE
55151399,55,5515,551513,FALSE,FALSE,FALSE,TRUE
55151910,55,5515,551519,FALSE,FALSE,FALSE,TRUE
55151930,55,5515,551519,FALSE,FALSE,FALSE,TRUE
55151990,55,5515,551519,FALSE,FALSE,FALSE,TRUE
55152110,55,5515,551521,FALSE,FALSE,FALSE,TRUE
55152130,55,5515,551521,FALSE,FALSE,FALSE,TRUE
55152190,55,5515,551521,FALSE,FALSE,FALSE,TRUE
55152211,55,5515,551522,FALSE,FALSE,FALSE,TRUE
55152219,55,5515,551522,FALSE,FALSE,FALSE,TRUE
55152291,55,5515,551522,FALSE,FALSE,FALSE,TRUE
55152299,55,5515,551522,FALSE,FALSE,FALSE,TRUE
55152900,55,5515,551529,FALSE,FALSE,FALSE,TRUE
55152910,55,5515,551529,FALSE,FALSE,FALSE,FALSE
55152930,55,5515,551529,FALSE,FALSE,FALSE,FALSE
55152990,55,5515,551529,FALSE,FALSE,FALSE,FALSE
55159110,55,5515,551591,FALSE,FALSE,FALSE,TRUE
55159130,55,5515,551591,FALSE,FALSE,FALSE,TRUE
55159190,55,5515,551591,FALSE,FALSE,FALSE,TRUE
55159210,55,5515,551592,FALSE,FALSE,FALSE,FALSE
55159211,55,5515,551592,FALSE,FALSE,FALSE,FALSE
55159219,55,5515,551592,FALSE,FALSE,FALSE,FALSE
55159290,55,5515,551592,FALSE,FALSE,FALSE,FALSE
55159291,55,5515,551592,FALSE,FALSE,FALSE,FALSE
55159299,55,5515,551592,FALSE,FALSE,FALSE,FALSE
55159910,55,5515,551599,FALSE,FALSE,FALSE,FALSE
55159920,55,5515,551599,FALSE,FALSE,FALSE,TRUE
55159930,55,5515,551599,FALSE,FALSE,FALSE,FALSE
55159940,55,5515,551599,FALSE,FALSE,FALSE,TRUE
55159980,55,5515,551599,FALSE,FALSE,FALSE,TRUE
55159990,55,5515,551599,FALSE,FALSE,FALSE,FALSE
55161100,55,5516,551611,FALSE,FALSE,FALSE,TRUE
55161200,55,5516,551612,FALSE,FALSE,FALSE,TRUE
55161300,55,5516,551613,FALSE,FALSE,FALSE,TRUE
55161400,55,5516,551614,FALSE,FALSE,FALSE,TRUE
55162100,55,5516,551621,FALSE,FALSE,FALSE,TRUE
55162200,55,5516,551622,FALSE,FALSE,FALSE,TRUE
55162310,55,5516,551623,FALSE,FALSE,FALSE,TRUE
55162390,55,5516,551623,FALSE,FALSE,FALSE,TRUE
55162400,55,5516,551624,FALSE,FALSE,FALSE,TRUE
55163100,55,5516,551631,FALSE,FALSE,FALSE,TRUE
55163200,55,5516,551632,FALSE,FALSE,FALSE,TRUE
55163300,55,5516,551633,FALSE,FALSE,FALSE,TRUE
55163400,55,5516,551634,FALSE,FALSE,FALSE,TRUE
55164100,55,5516,551641,FALSE,FALSE,FALSE,TRUE
55164200,55,5516,551642,FALSE,FALSE,FALSE,TRUE
55164300,55,5516,551643,FALSE,FALSE,FALSE,TRUE
55164400,55,5516,551644,FALSE,FALSE,FALSE,TRUE
55169100,55,5516,551691,FALSE,FALSE,FALSE,TRUE
55169200,55,5516,551692,FALSE,FALSE,FALSE,TRUE
55169300,55,5516,551693,FALSE,FALSE,FALSE,TRUE
55169400,55,5516,551694,FALSE,FALSE,FALSE,TRUE
56011010,56,5601,560110,FALSE,FALSE,FALSE,FALSE
56011090,56,5601,560110,FALSE,FALSE,FALSE,FALSE
56012110,56,5601,560121,FALSE,FALSE,FALSE,TRUE
56012190,56,5601,560121,FALSE,FALSE,FALSE,TRUE
56012210,56,5601,560122,FALSE,FALSE,FALSE,TRUE
56012290,56,5601,560122,FALSE,FALSE,FALSE,TRUE
56012291,56,5601,560122,FALSE,FALSE,FALSE,FALSE
56012299,56,5601,560122,FALSE,FALSE,FALSE,FALSE
56012900,56,5601,560129,FALSE,FALSE,FALSE,TRUE
56013000,56,5601,560130,FALSE,FALSE,FALSE,TRUE
56021011,56,5602,560210,FALSE,FALSE,FALSE,TRUE
56021019,56,5602,560210,FALSE,FALSE,FALSE,TRUE
56021031,56,5602,560210,FALSE,FALSE,FALSE,TRUE
56021035,56,5602,560210,FALSE,FALSE,FALSE,FALSE
56021038,56,5602,560210,FALSE,FALSE,FALSE,TRUE
56021039,56,5602,560210,FALSE,FALSE,FALSE,FALSE
56021090,56,5602,560210,FALSE,FALSE,FALSE,TRUE
56022100,56,5602,560221,FALSE,FALSE,FALSE,TRUE
56022900,56,5602,560229,FALSE,FALSE,FALSE,TRUE
56022910,56,5602,560229,FALSE,FALSE,FALSE,FALSE
56022990,56,5602,560229,FALSE,FALSE,FALSE,FALSE
56029000,56,5602,560290,FALSE,FALSE,FALSE,TRUE
56030010,56,5603,560300,FALSE,FALSE,FALSE,FALSE
56030091,56,5603,560300,FALSE,FALSE,FALSE,FALSE
56030093,56,5603,560300,FALSE,FALSE,FALSE,FALSE
56030095,56,5603,560300,FALSE,FALSE,FALSE,FALSE
56030099,56,5603,560300,FALSE,FALSE,FALSE,FALSE
56031110,56,5603,560311,FALSE,FALSE,FALSE,TRUE
56031190,56,5603,560311,FALSE,FALSE,FALSE,TRUE
56031210,56,5603,560312,FALSE,FALSE,FALSE,TRUE
56031290,56,5603,560312,FALSE,FALSE,FALSE,TRUE
56031310,56,5603,560313,FALSE,FALSE,FALSE,TRUE
56031390,56,5603,560313,FALSE,FALSE,FALSE,TRUE
56031410,56,5603,560314,FALSE,FALSE,FALSE,TRUE
56031490,56,5603,560314,FALSE,FALSE,FALSE,TRUE
56039110,56,5603,560391,FALSE,FALSE,FALSE,TRUE
56039190,56,5603,560391,FALSE,FALSE,FALSE,TRUE
56039210,56,5603,560392,FALSE,FALSE,FALSE,TRUE
56039290,56,5603,560392,FALSE,FALSE,FALSE,TRUE
56039310,56,5603,560393,FALSE,FALSE,FALSE,TRUE
56039390,56,5603,560393,FALSE,FALSE,FALSE,TRUE
56039410,56,5603,560394,FALSE,FALSE,FALSE,TRUE
56039490,56,5603,560394,FALSE,FALSE,FALSE,TRUE
56041000,56,5604,560410,FALSE,FALSE,FALSE,TRUE
56042000,56,5604,560420,FALSE,FALSE,FALSE,FALSE
56049000,56,5604,560490,FALSE,FALSE,FALSE,FALSE
56049010,56,5604,560490,FALSE,FALSE,FALSE,TRUE
56049090,56,5604,560490,FALSE,FALSE,FALSE,TRUE
56050000,56,5605,560500,FALSE,FALSE,FALSE,TRUE
56060010,56,5606,560600,FALSE,FALSE,FALSE,TRUE
56060091,56,5606,560600,FALSE,FALSE,FALSE,TRUE
56060099,56,5606,560600,FALSE,FALSE,FALSE,TRUE
56071000,56,5607,560710,FALSE,FALSE,FALSE,FALSE
56072100,56,5607,560721,FALSE,FALSE,FALSE,TRUE
56072900,56,5607,560729,FALSE,FALSE,FALSE,TRUE
56072910,56,5607,560729,FALSE,FALSE,FALSE,FALSE
56072990,56,5607,560729,FALSE,FALSE,FALSE,FALSE
56073000,56,5607,560730,FALSE,FALSE,FALSE,FALSE
56074100,56,5607,560741,FALSE,FALSE,FALSE,TRUE
56074911,56,5607,560749,FALSE,FALSE,FALSE,TRUE
56074919,56,5607,560749,FALSE,FALSE,FALSE,TRUE
56074990,56,5607,560749,FALSE,FALSE,FALSE,TRUE
56075011,56,5607,560750,FALSE,FALSE,FALSE,TRUE
56075019,56,5607,560750,FALSE,FALSE,FALSE,TRUE
56075030,56,5607,560750,FALSE,FALSE,FALSE,TRUE
56075090,56,5607,560750,FALSE,FALSE,FALSE,TRUE
56079000,56,5607,560790,FALSE,FALSE,FALSE,FALSE
56079010,56,5607,560790,FALSE,FALSE,FALSE,FALSE
56079020,56,5607,560790,FALSE,FALSE,FALSE,TRUE
56079090,56,5607,560790,FALSE,FALSE,FALSE,TRUE
56081111,56,5608,560811,FALSE,FALSE,FALSE,FALSE
56081119,56,5608,560811,FALSE,FALSE,FALSE,FALSE
56081120,56,5608,560811,FALSE,FALSE,FALSE,TRUE
56081180,56,5608,560811,FALSE,FALSE,FALSE,TRUE
56081191,56,5608,560811,FALSE,FALSE,FALSE,FALSE
56081199,56,5608,560811,FALSE,FALSE,FALSE,FALSE
56081911,56,5608,560819,FALSE,FALSE,FALSE,TRUE
56081919,56,5608,560819,FALSE,FALSE,FALSE,TRUE
56081930,56,5608,560819,FALSE,FALSE,FALSE,TRUE
56081931,56,5608,560819,FALSE,FALSE,FALSE,FALSE
56081939,56,5608,560819,FALSE,FALSE,FALSE,FALSE
56081990,56,5608,560819,FALSE,FALSE,FALSE,TRUE
56081991,56,5608,560819,FALSE,FALSE,FALSE,FALSE
56081999,56,5608,560819,FALSE,FALSE,FALSE,FALSE
56089000,56,5608,560890,FALSE,FALSE,FALSE,TRUE
56090000,56,5609,560900,FALSE,FALSE,FALSE,TRUE
57011010,57,5701,570110,FALSE,FALSE,FALSE,TRUE
57011090,57,5701,570110,FALSE,FALSE,FALSE,TRUE
57011091,57,5701,570110,FALSE,FALSE,FALSE,FALSE
57011093,57,5701,570110,FALSE,FALSE,FALSE,FALSE
57011099,57,5701,570110,FALSE,FALSE,FALSE,FALSE
57019010,57,5701,570190,FALSE,FALSE,FALSE,TRUE
57019090,57,5701,570190,FALSE,FALSE,FALSE,TRUE
57021000,57,5702,570210,FALSE,FALSE,FALSE,TRUE
57022000,57,5702,570220,FALSE,FALSE,FALSE,TRUE
57023100,57,5702,570231,FALSE,FALSE,FALSE,FALSE
57023110,57,5702,570231,FALSE,FALSE,FALSE,TRUE
57023130,57,5702,570231,FALSE,FALSE,FALSE,FALSE
57023180,57,5702,570231,FALSE,FALSE,FALSE,TRUE
57023190,57,5702,570231,FALSE,FALSE,FALSE,FALSE
57023200,57,5702,570232,FALSE,FALSE,FALSE,FALSE
57023210,57,5702,570232,FALSE,FALSE,FALSE,TRUE
57023290,57,5702,570232,FALSE,FALSE,FALSE,TRUE
57023900,57,5702,570239,FALSE,FALSE,FALSE,TRUE
57023910,57,5702,570239,FALSE,FALSE,FALSE,FALSE
57023990,57,5702,570239,FALSE,FALSE,FALSE,FALSE
57024100,57,5702,570241,FALSE,FALSE,FALSE,FALSE
57024110,57,5702,570241,FALSE,FALSE,FALSE,TRUE
57024190,57,5702,570241,FALSE,FALSE,FALSE,TRUE
57024200,57,5702,570242,FALSE,FALSE,FALSE,FALSE
57024210,57,5702,570242,FALSE,FALSE,FALSE,TRUE
57024290,57,5702,570242,FALSE,FALSE,FALSE,TRUE
57024900,57,5702,570249,FALSE,FALSE,FALSE,TRUE
57024910,57,5702,570249,FALSE,FALSE,FALSE,FALSE
57024990,57,5702,570249,FALSE,FALSE,FALSE,FALSE
57025010,57,5702,570250,FALSE,FALSE,FALSE,TRUE
57025031,57,5702,570250,FALSE,FALSE,FALSE,TRUE
57025039,57,5702,570250,FALSE,FALSE,FALSE,TRUE
57025090,57,5702,570250,FALSE,FALSE,FALSE,TRUE
57025100,57,5702,570251,FALSE,FALSE,FALSE,FALSE
57025200,57,5702,570252,FALSE,FALSE,FALSE,FALSE
57025210,57,5702,570252,FALSE,FALSE,FALSE,FALSE
57025290,57,5702,570252,FALSE,FALSE,FALSE,FALSE
57025900,57,5702,570259,FALSE,FALSE,FALSE,FALSE
57029100,57,5702,570291,FALSE,FALSE,FALSE,TRUE
57029200,57,5702,570292,FALSE,FALSE,FALSE,FALSE
57029210,57,5702,570292,FALSE,FALSE,FALSE,TRUE
57029290,57,5702,570292,FALSE,FALSE,FALSE,TRUE
57029900,57,5702,570299,FALSE,FALSE,FALSE,TRUE
57031000,57,5703,570310,FALSE,FALSE,FALSE,TRUE
57031010,57,5703,570310,FALSE,FALSE,FALSE,FALSE
57031090,57,5703,570310,FALSE,FALSE,FALSE,FALSE
57032011,57,5703,570320,FALSE,FALSE,FALSE,FALSE
57032012,57,5703,570320,FALSE,FALSE,FALSE,TRUE
57032018,57,5703,570320,FALSE,FALSE,FALSE,TRUE
57032019,57,5703,570320,FALSE,FALSE,FALSE,FALSE
57032091,57,5703,570320,FALSE,FALSE,FALSE,FALSE
57032092,57,5703,570320,FALSE,FALSE,FALSE,TRUE
57032098,57,5703,570320,FALSE,FALSE,FALSE,TRUE
57032099,57,5703,570320,FALSE,FALSE,FALSE,FALSE
57033011,57,5703,570330,FALSE,FALSE,FALSE,FALSE
57033012,57,5703,570330,FALSE,FALSE,FALSE,TRUE
57033018,57,5703,570330,FALSE,FALSE,FALSE,TRUE
57033019,57,5703,570330,FALSE,FALSE,FALSE,FALSE
57033051,57,5703,570330,FALSE,FALSE,FALSE,FALSE
57033059,57,5703,570330,FALSE,FALSE,FALSE,FALSE
57033081,57,5703,570330,FALSE,FALSE,FALSE,FALSE
57033082,57,5703,570330,FALSE,FALSE,FALSE,TRUE
57033088,57,5703,570330,FALSE,FALSE,FALSE,TRUE
57033089,57,5703,570330,FALSE,FALSE,FALSE,FALSE
57033091,57,5703,570330,FALSE,FALSE,FALSE,FALSE
57033099,57,5703,570330,FALSE,FALSE,FALSE,FALSE
57039000,57,5703,570390,FALSE,FALSE,FALSE,FALSE
57039010,57,5703,570390,FALSE,FALSE,FALSE,FALSE
57039020,57,5703,570390,FALSE,FALSE,FALSE,TRUE
57039080,57,5703,570390,FALSE,FALSE,FALSE,TRUE
57039090,57,5703,570390,FALSE,FALSE,FALSE,FALSE
57041000,57,5704,570410,FALSE,FALSE,FALSE,TRUE
57042000,57,5704,570420,FALSE,FALSE,FALSE,FALSE
57049000,57,5704,570490,FALSE,FALSE,FALSE,TRUE
57050010,57,5705,570500,FALSE,FALSE,FALSE,FALSE
57050030,57,5705,570500,FALSE,FALSE,FALSE,TRUE
57050031,57,5705,570500,FALSE,FALSE,FALSE,FALSE
57050039,57,5705,570500,FALSE,FALSE,FALSE,FALSE
57050080,57,5705,570500,FALSE,FALSE,FALSE,TRUE
57050090,57,5705,570500,FALSE,FALSE,FALSE,FALSE
58011000,58,5801,580110,FALSE,FALSE,FALSE,TRUE
58012100,58,5801,580121,FALSE,FALSE,FALSE,TRUE
58012200,58,5801,580122,FALSE,FALSE,FALSE,TRUE
58012300,58,5801,580123,FALSE,FALSE,FALSE,TRUE
58012400,58,5801,580124,FALSE,FALSE,FALSE,FALSE
58012500,58,5801,580125,FALSE,FALSE,FALSE,FALSE
58012600,58,5801,580126,FALSE,FALSE,FALSE,TRUE
58012700,58,5801,580127,FALSE,FALSE,FALSE,TRUE
58013100,58,5801,580131,FALSE,FALSE,FALSE,TRUE
58013200,58,5801,580132,FALSE,FALSE,FALSE,TRUE
58013300,58,5801,580133,FALSE,FALSE,FALSE,TRUE
58013400,58,5801,580134,FALSE,FALSE,FALSE,FALSE
58013500,58,5801,580135,FALSE,FALSE,FALSE,FALSE
58013600,58,5801,580136,FALSE,FALSE,FALSE,TRUE
58013700,58,5801,580137,FALSE,FALSE,FALSE,TRUE
58019010,58,5801,580190,FALSE,FALSE,FALSE,TRUE
58019090,58,5801,580190,FALSE,FALSE,FALSE,TRUE
58021100,58,5802,580211,FALSE,FALSE,FALSE,TRUE
58021900,58,5802,580219,FALSE,FALSE,FALSE,TRUE
58022000,58,5802,580220,FALSE,FALSE,FALSE,TRUE
58023000,58,5802,580230,FALSE,FALSE,FALSE,TRUE
58030010,58,5803,580300,FALSE,FALSE,FALSE,TRUE
58030030,58,5803,580300,FALSE,FALSE,FALSE,TRUE
58030090,58,5803,580300,FALSE,FALSE,FALSE,TRUE
58031000,58,5803,580310,FALSE,FALSE,FALSE,FALSE
58039010,58,5803,580390,FALSE,FALSE,FALSE,FALSE
58039030,58,5803,580390,FALSE,FALSE,FALSE,FALSE
58039040,58,5803,580390,FALSE,FALSE,FALSE,FALSE
58039050,58,5803,580390,FALSE,FALSE,FALSE,FALSE
58039090,58,5803,580390,FALSE,FALSE,FALSE,FALSE
58041010,58,5804,580410,FALSE,FALSE,FALSE,TRUE
58041011,58,5804,580410,FALSE,FALSE,FALSE,FALSE
58041019,58,5804,580410,FALSE,FALSE,FALSE,FALSE
58041090,58,5804,580410,FALSE,FALSE,FALSE,TRUE
58042100,58,5804,580421,FALSE,FALSE,FALSE,FALSE
58042110,58,5804,580421,FALSE,FALSE,FALSE,TRUE
58042190,58,5804,580421,FALSE,FALSE,FALSE,TRUE
58042900,58,5804,580429,FALSE,FALSE,FALSE,FALSE
58042910,58,5804,580429,FALSE,FALSE,FALSE,TRUE
58042990,58,5804,580429,FALSE,FALSE,FALSE,TRUE
58043000,58,5804,580430,FALSE,FALSE,FALSE,TRUE
58050000,58,5805,580500,FALSE,FALSE,FALSE,TRUE
58061000,58,5806,580610,FALSE,FALSE,FALSE,TRUE
58062000,58,5806,580620,FALSE,FALSE,FALSE,TRUE
58063100,58,5806,580631,FALSE,FALSE,FALSE,TRUE
58063110,58,5806,580631,FALSE,FALSE,FALSE,FALSE
58063190,58,5806,580631,FALSE,FALSE,FALSE,FALSE
58063210,58,5806,580632,FALSE,FALSE,FALSE,TRUE
58063290,58,5806,580632,FALSE,FALSE,FALSE,TRUE
58063900,58,5806,580639,FALSE,FALSE,FALSE,TRUE
58064000,58,5806,580640,FALSE,FALSE,FALSE,TRUE
58071010,58,5807,580710,FALSE,FALSE,FALSE,TRUE
58071090,58,5807,580710,FALSE,FALSE,FALSE,TRUE
58079010,58,5807,580790,FALSE,FALSE,FALSE,TRUE
58079090,58,5807,580790,FALSE,FALSE,FALSE,TRUE
58081000,58,5808,580810,FALSE,FALSE,FALSE,TRUE
58089000,58,5808,580890,FALSE,FALSE,FALSE,TRUE
58090000,58,5809,580900,FALSE,FALSE,FALSE,TRUE
58101010,58,5810,581010,FALSE,FALSE,FALSE,TRUE
58101090,58,5810,581010,FALSE,FALSE,FALSE,TRUE
58109110,58,5810,581091,FALSE,FALSE,FALSE,TRUE
58109190,58,5810,581091,FALSE,FALSE,FALSE,TRUE
58109210,58,5810,581092,FALSE,FALSE,FALSE,TRUE
58109290,58,5810,581092,FALSE,FALSE,FALSE,TRUE
58109910,58,5810,581099,FALSE,FALSE,FALSE,TRUE
58109990,58,5810,581099,FALSE,FALSE,FALSE,TRUE
58110000,58,5811,581100,FALSE,FALSE,FALSE,TRUE
59011000,59,5901,590110,FALSE,FALSE,FALSE,TRUE
59019000,59,5901,590190,FALSE,FALSE,FALSE,TRUE
59021010,59,5902,590210,FALSE,FALSE,FALSE,TRUE
59021090,59,5902,590210,FALSE,FALSE,FALSE,TRUE
59022010,59,5902,590220,FALSE,FALSE,FALSE,TRUE
59022090,59,5902,590220,FALSE,FALSE,FALSE,TRUE
59029010,59,5902,590290,FALSE,FALSE,FALSE,TRUE
59029090,59,5902,590290,FALSE,FALSE,FALSE,TRUE
59031010,59,5903,590310,FALSE,FALSE,FALSE,TRUE
59031090,59,5903,590310,FALSE,FALSE,FALSE,TRUE
59032010,59,5903,590320,FALSE,FALSE,FALSE,TRUE
59032090,59,5903,590320,FALSE,FALSE,FALSE,TRUE
59039010,59,5903,590390,FALSE,FALSE,FALSE,TRUE
59039091,59,5903,590390,FALSE,FALSE,FALSE,TRUE
59039099,59,5903,590390,FALSE,FALSE,FALSE,TRUE
59041000,59,5904,590410,FALSE,FALSE,FALSE,TRUE
59049000,59,5904,590490,FALSE,FALSE,FALSE,TRUE
59049110,59,5904,590491,FALSE,FALSE,FALSE,FALSE
59049190,59,5904,590491,FALSE,FALSE,FALSE,FALSE
59049200,59,5904,590492,FALSE,FALSE,FALSE,FALSE
59050010,59,5905,590500,FALSE,FALSE,FALSE,TRUE
59050030,59,5905,590500,FALSE,FALSE,FALSE,TRUE
59050031,59,5905,590500,FALSE,FALSE,FALSE,FALSE
59050039,59,5905,590500,FALSE,FALSE,FALSE,FALSE
59050050,59,5905,590500,FALSE,FALSE,FALSE,TRUE
59050070,59,5905,590500,FALSE,FALSE,FALSE,TRUE
59050090,59,5905,590500,FALSE,FALSE,FALSE,TRUE
59061000,59,5906,590610,FALSE,FALSE,FALSE,TRUE
59061010,59,5906,590610,FALSE,FALSE,FALSE,FALSE
59061090,59,5906,590610,FALSE,FALSE,FALSE,FALSE
59069100,59,5906,590691,FALSE,FALSE,FALSE,TRUE
59069910,59,5906,590699,FALSE,FALSE,FALSE,TRUE
59069990,59,5906,590699,FALSE,FALSE,FALSE,TRUE
59070000,59,5907,590700,FALSE,FALSE,FALSE,TRUE
59070010,59,5907,590700,FALSE,FALSE,FALSE,FALSE
59070090,59,5907,590700,FALSE,FALSE,FALSE,FALSE
59080000,59,5908,590800,FALSE,FALSE,FALSE,TRUE
59090010,59,5909,590900,FALSE,FALSE,FALSE,TRUE
59090090,59,5909,590900,FALSE,FALSE,FALSE,TRUE
59100000,59,5910,591000,FALSE,FALSE,FALSE,TRUE
59111000,59,5911,591110,FALSE,FALSE,FALSE,TRUE
59112000,59,5911,591120,FALSE,FALSE,FALSE,TRUE
59113111,59,5911,591131,FALSE,FALSE,FALSE,TRUE
59113119,59,5911,591131,FALSE,FALSE,FALSE,TRUE
59113190,59,5911,591131,FALSE,FALSE,FALSE,TRUE
59113210,59,5911,591132,FALSE,FALSE,FALSE,FALSE
59113211,59,5911,591132,FALSE,FALSE,FALSE,TRUE
59113219,59,5911,591132,FALSE,FALSE,FALSE,TRUE
59113290,59,5911,591132,FALSE,FALSE,FALSE,TRUE
59114000,59,5911,591140,FALSE,FALSE,FALSE,TRUE
59119010,59,5911,591190,FALSE,FALSE,FALSE,TRUE
59119090,59,5911,591190,FALSE,FALSE,FALSE,TRUE
59119091,59,5911,591190,FALSE,FALSE,FALSE,FALSE
59119099,59,5911,591190,FALSE,FALSE,FALSE,FALSE
60011000,60,6001,600110,FALSE,FALSE,FALSE,TRUE
60012100,60,6001,600121,FALSE,FALSE,FALSE,TRUE
60012200,60,6001,600122,FALSE,FALSE,FALSE,TRUE
60012900,60,6001,600129,FALSE,FALSE,FALSE,TRUE
60012910,60,6001,600129,FALSE,FALSE,FALSE,FALSE
60012990,60,6001,600129,FALSE,FALSE,FALSE,FALSE
60019100,60,6001,600191,FALSE,FALSE,FALSE,TRUE
60019110,60,6001,600191,FALSE,FALSE,FALSE,FALSE
60019130,60,6001,600191,FALSE,FALSE,FALSE,FALSE
60019150,60,6001,600191,FALSE,FALSE,FALSE,FALSE
60019190,60,6001,600191,FALSE,FALSE,FALSE,FALSE
60019200,60,6001,600192,FALSE,FALSE,FALSE,TRUE
60019210,60,6001,600192,FALSE,FALSE,FALSE,FALSE
60019230,60,6001,600192,FALSE,FALSE,FALSE,FALSE
60019250,60,6001,600192,FALSE,FALSE,FALSE,FALSE
60019290,60,6001,600192,FALSE,FALSE,FALSE,FALSE
60019900,60,6001,600199,FALSE,FALSE,FALSE,TRUE
60019910,60,6001,600199,FALSE,FALSE,FALSE,FALSE
60019990,60,6001,600199,FALSE,FALSE,FALSE,FALSE
60021010,60,6002,600210,FALSE,FALSE,FALSE,FALSE
60021090,60,6002,600210,FALSE,FALSE,FALSE,FALSE
60022010,60,6002,600220,FALSE,FALSE,FALSE,FALSE
60022031,60,6002,600220,FALSE,FALSE,FALSE,FALSE
60022039,60,6002,600220,FALSE,FALSE,FALSE,FALSE
60022050,60,6002,600220,FALSE,FALSE,FALSE,FALSE
60022070,60,6002,600220,FALSE,FALSE,FALSE,FALSE
60022090,60,6002,600220,FALSE,FALSE,FALSE,FALSE
60023010,60,6002,600230,FALSE,FALSE,FALSE,FALSE
60023090,60,6002,600230,FALSE,FALSE,FALSE,FALSE
60024000,60,6002,600240,FALSE,FALSE,FALSE,TRUE
60024100,60,6002,600241,FALSE,FALSE,FALSE,FALSE
60024210,60,6002,600242,FALSE,FALSE,FALSE,FALSE
60024230,60,6002,600242,FALSE,FALSE,FALSE,FALSE
60024250,60,6002,600242,FALSE,FALSE,FALSE,FALSE
60024290,60,6002,600242,FALSE,FALSE,FALSE,FALSE
60024311,60,6002,600243,FALSE,FALSE,FALSE,FALSE
60024319,60,6002,600243,FALSE,FALSE,FALSE,FALSE
60024331,60,6002,600243,FALSE,FALSE,FALSE,FALSE
60024333,60,6002,600243,FALSE,FALSE,FALSE,FALSE
60024335,60,6002,600243,FALSE,FALSE,FALSE,FALSE
60024339,60,6002,600243,FALSE,FALSE,FALSE,FALSE
60024350,60,6002,600243,FALSE,FALSE,FALSE,FALSE
60024391,60,6002,600243,FALSE,FALSE,FALSE,FALSE
60024393,60,6002,600243,FALSE,FALSE,FALSE,FALSE
60024395,60,6002,600243,FALSE,FALSE,FALSE,FALSE
60024399,60,6002,600243,FALSE,FALSE,FALSE,FALSE
60024900,60,6002,600249,FALSE,FALSE,FALSE,FALSE
60029000,60,6002,600290,FALSE,FALSE,FALSE,TRUE
60029100,60,6002,600291,FALSE,FALSE,FALSE,FALSE
60029210,60,6002,600292,FALSE,FALSE,FALSE,FALSE
60029230,60,6002,600292,FALSE,FALSE,FALSE,FALSE
60029250,60,6002,600292,FALSE,FALSE,FALSE,FALSE
60029290,60,6002,600292,FALSE,FALSE,FALSE,FALSE
60029310,60,6002,600293,FALSE,FALSE,FALSE,FALSE
60029331,60,6002,600293,FALSE,FALSE,FALSE,FALSE
60029333,60,6002,600293,FALSE,FALSE,FALSE,FALSE
60029335,60,6002,600293,FALSE,FALSE,FALSE,FALSE
60029339,60,6002,600293,FALSE,FALSE,FALSE,FALSE
60029391,60,6002,600293,FALSE,FALSE,FALSE,FALSE
60029399,60,6002,600293,FALSE,FALSE,FALSE,FALSE
60029900,60,6002,600299,FALSE,FALSE,FALSE,FALSE
60031000,60,6003,600310,FALSE,FALSE,FALSE,TRUE
60032000,60,6003,600320,FALSE,FALSE,FALSE,TRUE
60033010,60,6003,600330,FALSE,FALSE,FALSE,TRUE
60033090,60,6003,600330,FALSE,FALSE,FALSE,TRUE
60034000,60,6003,600340,FALSE,FALSE,FALSE,TRUE
60039000,60,6003,600390,FALSE,FALSE,FALSE,TRUE
60041000,60,6004,600410,FALSE,FALSE,FALSE,TRUE
60049000,60,6004,600490,FALSE,FALSE,FALSE,TRUE
60051000,60,6005,600510,FALSE,FALSE,FALSE,FALSE
60052100,60,6005,600521,FALSE,FALSE,FALSE,TRUE
60052200,60,6005,600522,FALSE,FALSE,FALSE,TRUE
60052300,60,6005,600523,FALSE,FALSE,FALSE,TRUE
60052400,60,6005,600524,FALSE,FALSE,FALSE,TRUE
60053110,60,6005,600531,FALSE,FALSE,FALSE,TRUE
60053150,60,6005,600531,FALSE,FALSE,FALSE,TRUE
60053190,60,6005,600531,FALSE,FALSE,FALSE,TRUE
60053210,60,6005,600532,FALSE,FALSE,FALSE,TRUE
60053250,60,6005,600532,FALSE,FALSE,FALSE,TRUE
60053290,60,6005,600532,FALSE,FALSE,FALSE,TRUE
60053310,60,6005,600533,FALSE,FALSE,FALSE,TRUE
60053350,60,6005,600533,FALSE,FALSE,FALSE,TRUE
60053390,60,6005,600533,FALSE,FALSE,FALSE,TRUE
60053410,60,6005,600534,FALSE,FALSE,FALSE,TRUE
60053450,60,6005,600534,FALSE,FALSE,FALSE,TRUE
60053490,60,6005,600534,FALSE,FALSE,FALSE,TRUE
60053500,60,6005,600535,FALSE,FALSE,FALSE,FALSE
60053600,60,6005,600536,FALSE,FALSE,FALSE,FALSE
60053700,60,6005,600537,FALSE,FALSE,FALSE,FALSE
60053800,60,6005,600538,FALSE,FALSE,FALSE,FALSE
60053900,60,6005,600539,FALSE,FALSE,FALSE,FALSE
60054100,60,6005,600541,FALSE,FALSE,FALSE,TRUE
60054200,60,6005,600542,FALSE,FALSE,FALSE,TRUE
60054300,60,6005,600543,FALSE,FALSE,FALSE,TRUE
60054400,60,6005,600544,FALSE,FALSE,FALSE,TRUE
60059000,60,6005,600590,FALSE,FALSE,FALSE,FALSE
60059010,60,6005,600590,FALSE,FALSE,FALSE,TRUE
60059090,60,6005,600590,FALSE,FALSE,FALSE,TRUE
60061000,60,6006,600610,FALSE,FALSE,FALSE,TRUE
60062100,60,6006,600621,FALSE,FALSE,FALSE,TRUE
60062200,60,6006,600622,FALSE,FALSE,FALSE,TRUE
60062300,60,6006,600623,FALSE,FALSE,FALSE,TRUE
60062400,60,6006,600624,FALSE,FALSE,FALSE,TRUE
60063100,60,6006,600631,FALSE,FALSE,FALSE,FALSE
60063110,60,6006,600631,FALSE,FALSE,FALSE,TRUE
60063190,60,6006,600631,FALSE,FALSE,FALSE,TRUE
60063200,60,6006,600632,FALSE,FALSE,FALSE,FALSE
60063210,60,6006,600632,FALSE,FALSE,FALSE,TRUE
60063290,60,6006,600632,FALSE,FALSE,FALSE,TRUE
60063300,60,6006,600633,FALSE,FALSE,FALSE,FALSE
60063310,60,6006,600633,FALSE,FALSE,FALSE,TRUE
60063390,60,6006,600633,FALSE,FALSE,FALSE,TRUE
60063400,60,6006,600634,FALSE,FALSE,FALSE,FALSE
60063410,60,6006,600634,FALSE,FALSE,FALSE,TRUE
60063490,60,6006,600634,FALSE,FALSE,FALSE,TRUE
60064100,60,6006,600641,FALSE,FALSE,FALSE,TRUE
60064200,60,6006,600642,FALSE,FALSE,FALSE,TRUE
60064300,60,6006,600643,FALSE,FALSE,FALSE,TRUE
60064400,60,6006,600644,FALSE,FALSE,FALSE,TRUE
60069000,60,6006,600690,FALSE,FALSE,FALSE,TRUE
61011010,61,6101,610110,FALSE,FALSE,FALSE,FALSE
61011090,61,6101,610110,FALSE,FALSE,FALSE,FALSE
61012010,61,6101,610120,FALSE,FALSE,FALSE,TRUE
61012090,61,6101,610120,FALSE,FALSE,FALSE,TRUE
61013010,61,6101,610130,FALSE,FALSE,FALSE,TRUE
61013090,61,6101,610130,FALSE,FALSE,FALSE,TRUE
61019010,61,6101,610190,FALSE,FALSE,FALSE,FALSE
61019020,61,6101,610190,FALSE,FALSE,FALSE,TRUE
61019080,61,6101,610190,FALSE,FALSE,FALSE,TRUE
61019090,61,6101,610190,FALSE,FALSE,FALSE,FALSE
61021010,61,6102,610210,FALSE,FALSE,FALSE,TRUE
61021090,61,6102,610210,FALSE,FALSE,FALSE,TRUE
61022010,61,6102,610220,FALSE,FALSE,FALSE,TRUE
61022090,61,6102,610220,FALSE,FALSE,FALSE,TRUE
61023010,61,6102,610230,FALSE,FALSE,FALSE,TRUE
61023090,61,6102,610230,FALSE,FALSE,FALSE,TRUE
61029010,61,6102,610290,FALSE,FALSE,FALSE,TRUE
61029090,61,6102,610290,FALSE,FALSE,FALSE,TRUE
61031000,61,6103,610310,FALSE,FALSE,FALSE,FALSE
61031010,61,6103,610310,FALSE,FALSE,FALSE,TRUE
61031090,61,6103,610310,FALSE,FALSE,FALSE,TRUE
61031100,61,6103,610311,FALSE,FALSE,FALSE,FALSE
61031200,61,6103,610312,FALSE,FALSE,FALSE,FALSE
61031900,61,6103,610319,FALSE,FALSE,FALSE,FALSE
61032100,61,6103,610321,FALSE,FALSE,FALSE,FALSE
61032200,61,6103,610322,FALSE,FALSE,FALSE,TRUE
61032300,61,6103,610323,FALSE,FALSE,FALSE,TRUE
61032900,61,6103,610329,FALSE,FALSE,FALSE,TRUE
61033100,61,6103,610331,FALSE,FALSE,FALSE,TRUE
61033200,61,6103,610332,FALSE,FALSE,FALSE,TRUE
61033300,61,6103,610333,FALSE,FALSE,FALSE,TRUE
61033900,61,6103,610339,FALSE,FALSE,FALSE,TRUE
61034100,61,6103,610341,FALSE,FALSE,FALSE,TRUE
61034110,61,6103,610341,FALSE,FALSE,FALSE,FALSE
61034190,61,6103,610341,FALSE,FALSE,FALSE,FALSE
61034200,61,6103,610342,FALSE,FALSE,FALSE,TRUE
61034210,61,6103,610342,FALSE,FALSE,FALSE,FALSE
61034290,61,6103,610342,FALSE,FALSE,FALSE,FALSE
61034300,61,6103,610343,FALSE,FALSE,FALSE,TRUE
61034310,61,6103,610343,FALSE,FALSE,FALSE,FALSE
61034390,61,6103,610343,FALSE,FALSE,FALSE,FALSE
61034900,61,6103,610349,FALSE,FALSE,FALSE,TRUE
61034910,61,6103,610349,FALSE,FALSE,FALSE,FALSE
61034991,61,6103,610349,FALSE,FALSE,FALSE,FALSE
61034999,61,6103,610349,FALSE,FALSE,FALSE,FALSE
61041100,61,6104,610411,FALSE,FALSE,FALSE,FALSE
61041200,61,6104,610412,FALSE,FALSE,FALSE,FALSE
61041300,61,6104,610413,FALSE,FALSE,FALSE,TRUE
61041900,61,6104,610419,FALSE,FALSE,FALSE,FALSE
61041920,61,6104,610419,FALSE,FALSE,FALSE,TRUE
61041990,61,6104,610419,FALSE,FALSE,FALSE,TRUE
61042100,61,6104,610421,FALSE,FALSE,FALSE,FALSE
61042200,61,6104,610422,FALSE,FALSE,FALSE,TRUE
61042300,61,6104,610423,FALSE,FALSE,FALSE,TRUE
61042900,61,6104,610429,FALSE,FALSE,FALSE,FALSE
61042910,61,6104,610429,FALSE,FALSE,FALSE,TRUE
61042990,61,6104,610429,FALSE,FALSE,FALSE,TRUE
61043100,61,6104,610431,FALSE,FALSE,FALSE,TRUE
61043200,61,6104,610432,FALSE,FALSE,FALSE,TRUE
61043300,61,6104,610433,FALSE,FALSE,FALSE,TRUE
61043900,61,6104,610439,FALSE,FALSE,FALSE,TRUE
61044100,61,6104,610441,FALSE,FALSE,FALSE,TRUE
61044200,61,6104,610442,FALSE,FALSE,FALSE,TRUE
61044300,61,6104,610443,FALSE,FALSE,FALSE,TRUE
61044400,61,6104,610444,FALSE,FALSE,FALSE,TRUE
61044900,61,6104,610449,FALSE,FALSE,FALSE,TRUE
61045100,61,6104,610451,FALSE,FALSE,FALSE,TRUE
61045200,61,6104,610452,FALSE,FALSE,FALSE,TRUE
61045300,61,6104,610453,FALSE,FALSE,FALSE,TRUE
61045900,61,6104,610459,FALSE,FALSE,FALSE,TRUE
61046100,61,6104,610461,FALSE,FALSE,FALSE,TRUE
61046110,61,6104,610461,FALSE,FALSE,FALSE,FALSE
61046190,61,6104,610461,FALSE,FALSE,FALSE,FALSE
61046200,61,6104,610462,FALSE,FALSE,FALSE,TRUE
61046210,61,6104,610462,FALSE,FALSE,FALSE,FALSE
61046290,61,6104,610462,FALSE,FALSE,FALSE,FALSE
61046300,61,6104,610463,FALSE,FALSE,FALSE,TRUE
61046310,61,6104,610463,FALSE,FALSE,FALSE,FALSE
61046390,61,6104,610463,FALSE,FALSE,FALSE,FALSE
61046900,61,6104,610469,FALSE,FALSE,FALSE,TRUE
61046910,61,6104,610469,FALSE,FALSE,FALSE,FALSE
61046991,61,6104,610469,FALSE,FALSE,FALSE,FALSE
61046999,61,6104,610469,FALSE,FALSE,FALSE,FALSE
61051000,61,6105,610510,FALSE,FALSE,FALSE,TRUE
61052010,61,6105,610520,FALSE,FALSE,FALSE,TRUE
61052090,61,6105,610520,FALSE,FALSE,FALSE,TRUE
61059010,61,6105,610590,FALSE,FALSE,FALSE,TRUE
61059090,61,6105,610590,FALSE,FALSE,FALSE,TRUE
61061000,61,6106,610610,FALSE,FALSE,FALSE,TRUE
61062000,61,6106,610620,FALSE,FALSE,FALSE,TRUE
61069010,61,6106,610690,FALSE,FALSE,FALSE,TRUE
61069030,61,6106,610690,FALSE,FALSE,FALSE,TRUE
61069050,61,6106,610690,FALSE,FALSE,FALSE,TRUE
61069090,61,6106,610690,FALSE,FALSE,FALSE,TRUE
61071100,61,6107,610711,FALSE,FALSE,FALSE,TRUE
61071200,61,6107,610712,FALSE,FALSE,FALSE,TRUE
61071900,61,6107,610719,FALSE,FALSE,FALSE,TRUE
61072100,61,6107,610721,FALSE,FALSE,FALSE,TRUE
61072200,61,6107,610722,FALSE,FALSE,FALSE,TRUE
61072900,61,6107,610729,FALSE,FALSE,FALSE,TRUE
61079100,61,6107,610791,FALSE,FALSE,FALSE,TRUE
61079110,61,6107,610791,FALSE,FALSE,FALSE,FALSE
61079190,61,6107,610791,FALSE,FALSE,FALSE,FALSE
61079200,61,6107,610792,FALSE,FALSE,FALSE,FALSE
61079900,61,6107,610799,FALSE,FALSE,FALSE,TRUE
61081100,61,6108,610811,FALSE,FALSE,FALSE,TRUE
61081110,61,6108,610811,FALSE,FALSE,FALSE,FALSE
61081190,61,6108,610811,FALSE,FALSE,FALSE,FALSE
61081900,61,6108,610819,FALSE,FALSE,FALSE,TRUE
61081910,61,6108,610819,FALSE,FALSE,FALSE,FALSE
61081990,61,6108,610819,FALSE,FALSE,FALSE,FALSE
61082100,61,6108,610821,FALSE,FALSE,FALSE,TRUE
61082200,61,6108,610822,FALSE,FALSE,FALSE,TRUE
61082900,61,6108,610829,FALSE,FALSE,FALSE,TRUE
61083100,61,6108,610831,FALSE,FALSE,FALSE,TRUE
61083110,61,6108,610831,FALSE,FALSE,FALSE,FALSE
61083190,61,6108,610831,FALSE,FALSE,FALSE,FALSE
61083200,61,6108,610832,FALSE,FALSE,FALSE,TRUE
61083211,61,6108,610832,FALSE,FALSE,FALSE,FALSE
61083219,61,6108,610832,FALSE,FALSE,FALSE,FALSE
61083290,61,6108,610832,FALSE,FALSE,FALSE,FALSE
61083900,61,6108,610839,FALSE,FALSE,FALSE,TRUE
61089100,61,6108,610891,FALSE,FALSE,FALSE,TRUE
61089110,61,6108,610891,FALSE,FALSE,FALSE,FALSE
61089190,61,6108,610891,FALSE,FALSE,FALSE,FALSE
61089200,61,6108,610892,FALSE,FALSE,FALSE,TRUE
61089900,61,6108,610899,FALSE,FALSE,FALSE,TRUE
61089910,61,6108,610899,FALSE,FALSE,FALSE,FALSE
61089990,61,6108,610899,FALSE,FALSE,FALSE,FALSE
61091000,61,6109,610910,FALSE,FALSE,FALSE,TRUE
61099010,61,6109,610990,FALSE,FALSE,FALSE,FALSE
61099020,61,6109,610990,FALSE,FALSE,FALSE,TRUE
61099030,61,6109,610990,FALSE,FALSE,FALSE,FALSE
61099090,61,6109,610990,FALSE,FALSE,FALSE,TRUE
61101010,61,6110,611010,FALSE,FALSE,FALSE,FALSE
61101031,61,6110,611010,FALSE,FALSE,FALSE,FALSE
61101035,61,6110,611010,FALSE,FALSE,FALSE,FALSE
61101038,61,6110,611010,FALSE,FALSE,FALSE,FALSE
61101091,61,6110,611010,FALSE,FALSE,FALSE,FALSE
61101095,61,6110,611010,FALSE,FALSE,FALSE,FALSE
61101098,61,6110,611010,FALSE,FALSE,FALSE,FALSE
61101110,61,6110,611011,FALSE,FALSE,FALSE,TRUE
61101130,61,6110,611011,FALSE,FALSE,FALSE,TRUE
61101190,61,6110,611011,FALSE,FALSE,FALSE,TRUE
61101210,61,6110,611012,FALSE,FALSE,FALSE,TRUE
61101290,61,6110,611012,FALSE,FALSE,FALSE,TRUE
61101910,61,6110,611019,FALSE,FALSE,FALSE,TRUE
61101990,61,6110,611019,FALSE,FALSE,FALSE,TRUE
61102010,61,6110,611020,FALSE,FALSE,FALSE,TRUE
61102091,61,6110,611020,FALSE,FALSE,FALSE,TRUE
61102099,61,6110,611020,FALSE,FALSE,FALSE,TRUE
61103010,61,6110,611030,FALSE,FALSE,FALSE,TRUE
61103091,61,6110,611030,FALSE,FALSE,FALSE,TRUE
61103099,61,6110,611030,FALSE,FALSE,FALSE,TRUE
61109010,61,6110,611090,FALSE,FALSE,FALSE,TRUE
61109090,61,6110,611090,FALSE,FALSE,FALSE,TRUE
61111010,61,6111,611110,FALSE,FALSE,FALSE,FALSE
61111090,61,6111,611110,FALSE,FALSE,FALSE,FALSE
61112010,61,6111,611120,FALSE,FALSE,FALSE,TRUE
61112090,61,6111,611120,FALSE,FALSE,FALSE,TRUE
61113010,61,6111,611130,FALSE,FALSE,FALSE,TRUE
61113090,61,6111,611130,FALSE,FALSE,FALSE,TRUE
61119000,61,6111,611190,FALSE,FALSE,FALSE,FALSE
61119011,61,6111,611190,FALSE,FALSE,FALSE,TRUE
61119019,61,6111,611190,FALSE,FALSE,FALSE,TRUE
61119090,61,6111,611190,FALSE,FALSE,FALSE,TRUE
61121100,61,6112,611211,FALSE,FALSE,FALSE,TRUE
61121200,61,6112,611212,FALSE,FALSE,FALSE,TRUE
61121900,61,6112,611219,FALSE,FALSE,FALSE,TRUE
61122000,61,6112,611220,FALSE,FALSE,FALSE,TRUE
61123110,61,6112,611231,FALSE,FALSE,FALSE,TRUE
61123190,61,6112,611231,FALSE,FALSE,FALSE,TRUE
61123910,61,6112,611239,FALSE,FALSE,FALSE,TRUE
61123990,61,6112,611239,FALSE,FALSE,FALSE,TRUE
61124110,61,6112,611241,FALSE,FALSE,FALSE,TRUE
61124190,61,6112,611241,FALSE,FALSE,FALSE,TRUE
61124910,61,6112,611249,FALSE,FALSE,FALSE,TRUE
61124990,61,6112,611249,FALSE,FALSE,FALSE,TRUE
61130010,61,6113,611300,FALSE,FALSE,FALSE,TRUE
61130090,61,6113,611300,FALSE,FALSE,FALSE,TRUE
61141000,61,6114,611410,FALSE,FALSE,FALSE,FALSE
61142000,61,6114,611420,FALSE,FALSE,FALSE,TRUE
61143000,61,6114,611430,FALSE,FALSE,FALSE,TRUE
61149000,61,6114,611490,FALSE,FALSE,FALSE,TRUE
61151010,61,6115,611510,FALSE,FALSE,FALSE,TRUE
61151090,61,6115,611510,FALSE,FALSE,FALSE,TRUE
61151100,61,6115,611511,FALSE,FALSE,FALSE,FALSE
61151200,61,6115,611512,FALSE,FALSE,FALSE,FALSE
61151900,61,6115,611519,FALSE,FALSE,FALSE,FALSE
61151910,61,6115,611519,FALSE,FALSE,FALSE,FALSE
61151990,61,6115,611519,FALSE,FALSE,FALSE,FALSE
61152011,61,6115,611520,FALSE,FALSE,FALSE,FALSE
61152019,61,6115,611520,FALSE,FALSE,FALSE,FALSE
61152090,61,6115,611520,FALSE,FALSE,FALSE,FALSE
61152100,61,6115,611521,FALSE,FALSE,FALSE,TRUE
61152200,61,6115,611522,FALSE,FALSE,FALSE,TRUE
61152900,61,6115,611529,FALSE,FALSE,FALSE,TRUE
61153011,61,6115,611530,FALSE,FALSE,FALSE,TRUE
61153019,61,6115,611530,FALSE,FALSE,FALSE,TRUE
61153090,61,6115,611530,FALSE,FALSE,FALSE,TRUE
61159100,61,6115,611591,FALSE,FALSE,FALSE,FALSE
61159200,61,6115,611592,FALSE,FALSE,FALSE,FALSE
61159310,61,6115,611593,FALSE,FALSE,FALSE,FALSE
61159330,61,6115,611593,FALSE,FALSE,FALSE,FALSE
61159391,61,6115,611593,FALSE,FALSE,FALSE,FALSE
61159399,61,6115,611593,FALSE,FALSE,FALSE,FALSE
61159400,61,6115,611594,FALSE,FALSE,FALSE,TRUE
61159500,61,6115,611595,FALSE,FALSE,FALSE,TRUE
61159610,61,6115,611596,FALSE,FALSE,FALSE,TRUE
61159691,61,6115,611596,FALSE,FALSE,FALSE,TRUE
61159699,61,6115,611596,FALSE,FALSE,FALSE,TRUE
61159900,61,6115,611599,FALSE,FALSE,FALSE,TRUE
61161010,61,6116,611610,FALSE,FALSE,FALSE,FALSE
61161020,61,6116,611610,FALSE,FALSE,FALSE,TRUE
61161080,61,6116,611610,FALSE,FALSE,FALSE,TRUE
61161090,61,6116,611610,FALSE,FALSE,FALSE,FALSE
61169100,61,6116,611691,FALSE,FALSE,FALSE,TRUE
61169200,61,6116,611692,FALSE,FALSE,FALSE,TRUE
61169300,61,6116,611693,FALSE,FALSE,FALSE,TRUE
61169900,61,6116,611699,FALSE,FALSE,FALSE,TRUE
61171000,61,6117,611710,FALSE,FALSE,FALSE,TRUE
61172000,61,6117,611720,FALSE,FALSE,FALSE,FALSE
61178010,61,6117,611780,FALSE,FALSE,FALSE,TRUE
61178080,61,6117,611780,FALSE,FALSE,FALSE,TRUE
61178090,61,6117,611780,FALSE,FALSE,FALSE,FALSE
61179000,61,6117,611790,FALSE,FALSE,FALSE,TRUE
62011100,62,6201,620111,FALSE,FALSE,FALSE,TRUE
62011210,62,6201,620112,FALSE,FALSE,FALSE,TRUE
62011290,62,6201,620112,FALSE,FALSE,FALSE,TRUE
62011310,62,6201,620113,FALSE,FALSE,FALSE,TRUE
62011390,62,6201,620113,FALSE,FALSE,FALSE,TRUE
62011900,62,6201,620119,FALSE,FALSE,FALSE,TRUE
62019100,62,6201,620191,FALSE,FALSE,FALSE,TRUE
62019200,62,6201,620192,FALSE,FALSE,FALSE,TRUE
62019300,62,6201,620193,FALSE,FALSE,FALSE,TRUE
62019900,62,6201,620199,FALSE,FALSE,FALSE,TRUE
62021100,62,6202,620211,FALSE,FALSE,FALSE,TRUE
62021210,62,6202,620212,FALSE,FALSE,FALSE,TRUE
62021290,62,6202,620212,FALSE,FALSE,FALSE,TRUE
62021310,62,6202,620213,FALSE,FALSE,FALSE,TRUE
62021390,62,6202,620213,FALSE,FALSE,FALSE,TRUE
62021900,62,6202,620219,FALSE,FALSE,FALSE,TRUE
62029100,62,6202,620291,FALSE,FALSE,FALSE,TRUE
62029200,62,6202,620292,FALSE,FALSE,FALSE,TRUE
62029300,62,6202,620293,FALSE,FALSE,FALSE,TRUE
62029900,62,6202,620299,FALSE,FALSE,FALSE,TRUE
62031100,62,6203,620311,FALSE,FALSE,FALSE,TRUE
62031200,62,6203,620312,FALSE,FALSE,FALSE,TRUE
62031910,62,6203,620319,FALSE,FALSE,FALSE,TRUE
62031930,62,6203,620319,FALSE,FALSE,FALSE,TRUE
62031990,62,6203,620319,FALSE,FALSE,FALSE,TRUE
62032100,62,6203,620321,FALSE,FALSE,FALSE,FALSE
62032210,62,6203,620322,FALSE,FALSE,FALSE,TRUE
62032280,62,6203,620322,FALSE,FALSE,FALSE,TRUE
62032310,62,6203,620323,FALSE,FALSE,FALSE,TRUE
62032380,62,6203,620323,FALSE,FALSE,FALSE,TRUE
62032911,62,6203,620329,FALSE,FALSE,FALSE,TRUE
62032918,62,6203,620329,FALSE,FALSE,FALSE,TRUE
62032930,62,6203,620329,FALSE,FALSE,FALSE,TRUE
62032990,62,6203,620329,FALSE,FALSE,FALSE,TRUE
62033100,62,6203,620331,FALSE,FALSE,FALSE,TRUE
62033210,62,6203,620332,FALSE,FALSE,FALSE,TRUE
62033290,62,6203,620332,FALSE,FALSE,FALSE,TRUE
62033310,62,6203,620333,FALSE,FALSE,FALSE,TRUE
62033390,62,6203,620333,FALSE,FALSE,FALSE,TRUE
62033911,62,6203,620339,FALSE,FALSE,FALSE,TRUE
62033919,62,6203,620339,FALSE,FALSE,FALSE,TRUE
62033990,62,6203,620339,FALSE,FALSE,FALSE,TRUE
62034110,62,6203,620341,FALSE,FALSE,FALSE,TRUE
62034130,62,6203,620341,FALSE,FALSE,FALSE,TRUE
62034190,62,6203,620341,FALSE,FALSE,FALSE,TRUE
62034211,62,6203,620342,FALSE,FALSE,FALSE,TRUE
62034231,62,6203,620342,FALSE,FALSE,FALSE,TRUE
62034233,62,6203,620342,FALSE,FALSE,FALSE,TRUE
62034235,62,6203,620342,FALSE,FALSE,FALSE,TRUE
62034251,62,6203,620342,FALSE,FALSE,FALSE,TRUE
62034259,62,6203,620342,FALSE,FALSE,FALSE,TRUE
62034290,62,6203,620342,FALSE,FALSE,FALSE,TRUE
62034311,62,6203,620343,FALSE,FALSE,FALSE,TRUE
62034319,62,6203,620343,FALSE,FALSE,FALSE,TRUE
62034331,62,6203,620343,FALSE,FALSE,FALSE,TRUE
62034339,62,6203,620343,FALSE,FALSE,FALSE,TRUE
62034390,62,6203,620343,FALSE,FALSE,FALSE,TRUE
62034911,62,6203,620349,FALSE,FALSE,FALSE,TRUE
62034919,62,6203,620349,FALSE,FALSE,FALSE,TRUE
62034931,62,6203,620349,FALSE,FALSE,FALSE,TRUE
62034939,62,6203,620349,FALSE,FALSE,FALSE,TRUE
62034950,62,6203,620349,FALSE,FALSE,FALSE,TRUE
62034990,62,6203,620349,FALSE,FALSE,FALSE,TRUE
62041100,62,6204,620411,FALSE,FALSE,FALSE,TRUE
62041200,62,6204,620412,FALSE,FALSE,FALSE,TRUE
62041300,62,6204,620413,FALSE,FALSE,FALSE,TRUE
62041910,62,6204,620419,FALSE,FALSE,FALSE,TRUE
62041990,62,6204,620419,FALSE,FALSE,FALSE,TRUE
62042100,62,6204,620421,FALSE,FALSE,FALSE,TRUE
62042210,62,6204,620422,FALSE,FALSE,FALSE,TRUE
62042280,62,6204,620422,FALSE,FALSE,FALSE,TRUE
62042310,62,6204,620423,FALSE,FALSE,FALSE,TRUE
62042380,62,6204,620423,FALSE,FALSE,FALSE,TRUE
62042911,62,6204,620429,FALSE,FALSE,FALSE,TRUE
62042918,62,6204,620429,FALSE,FALSE,FALSE,TRUE
62042990,62,6204,620429,FALSE,FALSE,FALSE,TRUE
62043100,62,6204,620431,FALSE,FALSE,FALSE,TRUE
62043210,62,6204,620432,FALSE,FALSE,FALSE,TRUE
62043290,62,6204,620432,FALSE,FALSE,FALSE,TRUE
62043310,62,6204,620433,FALSE,FALSE,FALSE,TRUE
62043390,62,6204,620433,FALSE,FALSE,FALSE,TRUE
62043911,62,6204,620439,FALSE,FALSE,FALSE,TRUE
62043919,62,6204,620439,FALSE,FALSE,FALSE,TRUE
62043990,62,6204,620439,FALSE,FALSE,FALSE,TRUE
62044100,62,6204,620441,FALSE,FALSE,FALSE,TRUE
62044200,62,6204,620442,FALSE,FALSE,FALSE,TRUE
62044300,62,6204,620443,FALSE,FALSE,FALSE,TRUE
62044400,62,6204,620444,FALSE,FALSE,FALSE,TRUE
62044900,62,6204,620449,FALSE,FALSE,FALSE,FALSE
62044910,62,6204,620449,FALSE,FALSE,FALSE,TRUE
62044990,62,6204,620449,FALSE,FALSE,FALSE,TRUE
62045100,62,6204,620451,FALSE,FALSE,FALSE,TRUE
62045200,62,6204,620452,FALSE,FALSE,FALSE,TRUE
62045300,62,6204,620453,FALSE,FALSE,FALSE,TRUE
62045910,62,6204,620459,FALSE,FALSE,FALSE,TRUE
62045990,62,6204,620459,FALSE,FALSE,FALSE,TRUE
62046110,62,6204,620461,FALSE,FALSE,FALSE,TRUE
62046180,62,6204,620461,FALSE,FALSE,FALSE,FALSE
62046185,62,6204,620461,FALSE,FALSE,FALSE,TRUE
62046190,62,6204,620461,FALSE,FALSE,FALSE,FALSE
62046211,62,6204,620462,FALSE,FALSE,FALSE,TRUE
62046231,62,6204,620462,FALSE,FALSE,FALSE,TRUE
62046233,62,6204,620462,FALSE,FALSE,FALSE,TRUE
62046239,62,6204,620462,FALSE,FALSE,FALSE,TRUE
62046251,62,6204,620462,FALSE,FALSE,FALSE,TRUE
62046259,62,6204,620462,FALSE,FALSE,FALSE,TRUE
62046290,62,6204,620462,FALSE,FALSE,FALSE,TRUE
62046311,62,6204,620463,FALSE,FALSE,FALSE,TRUE
62046318,62,6204,620463,FALSE,FALSE,FALSE,TRUE
62046331,62,6204,620463,FALSE,FALSE,FALSE,TRUE
62046339,62,6204,620463,FALSE,FALSE,FALSE,TRUE
62046390,62,6204,620463,FALSE,FALSE,FALSE,TRUE
62046911,62,6204,620469,FALSE,FALSE,FALSE,TRUE
62046918,62,6204,620469,FALSE,FALSE,FALSE,TRUE
62046931,62,6204,620469,FALSE,FALSE,FALSE,TRUE
62046939,62,6204,620469,FALSE,FALSE,FALSE,TRUE
62046950,62,6204,620469,FALSE,FALSE,FALSE,TRUE
62046990,62,6204,620469,FALSE,FALSE,FALSE,TRUE
62051000,62,6205,620510,FALSE,FALSE,FALSE,FALSE
62052000,62,6205,620520,FALSE,FALSE,FALSE,TRUE
62053000,62,6205,620530,FALSE,FALSE,FALSE,TRUE
62059010,62,6205,620590,FALSE,FALSE,FALSE,TRUE
62059080,62,6205,620590,FALSE,FALSE,FALSE,TRUE
62059090,62,6205,620590,FALSE,FALSE,FALSE,FALSE
62061000,62,6206,620610,FALSE,FALSE,FALSE,TRUE
62062000,62,6206,620620,FALSE,FALSE,FALSE,TRUE
62063000,62,6206,620630,FALSE,FALSE,FALSE,TRUE
62064000,62,6206,620640,FALSE,FALSE,FALSE,TRUE
62069010,62,6206,620690,FALSE,FALSE,FALSE,TRUE
62069090,62,6206,620690,FALSE,FALSE,FALSE,TRUE
62071100,62,6207,620711,FALSE,FALSE,FALSE,TRUE
62071900,62,6207,620719,FALSE,FALSE,FALSE,TRUE
62072100,62,6207,620721,FALSE,FALSE,FALSE,TRUE
62072200,62,6207,620722,FALSE,FALSE,FALSE,TRUE
62072900,62,6207,620729,FALSE,FALSE,FALSE,TRUE
62079100,62,6207,620791,FALSE,FALSE,FALSE,TRUE
62079110,62,6207,620791,FALSE,FALSE,FALSE,FALSE
62079190,62,6207,620791,FALSE,FALSE,FALSE,FALSE
62079200,62,6207,620792,FALSE,FALSE,FALSE,FALSE
62079900,62,6207,620799,FALSE,FALSE,FALSE,FALSE
62079910,62,6207,620799,FALSE,FALSE,FALSE,TRUE
62079990,62,6207,620799,FALSE,FALSE,FALSE,TRUE
62081100,62,6208,620811,FALSE,FALSE,FALSE,TRUE
62081900,62,6208,620819,FALSE,FALSE,FALSE,TRUE
62081910,62,6208,620819,FALSE,FALSE,FALSE,FALSE
62081990,62,6208,620819,FALSE,FALSE,FALSE,FALSE
62082100,62,6208,620821,FALSE,FALSE,FALSE,TRUE
62082200,62,6208,620822,FALSE,FALSE,FALSE,TRUE
62082900,62,6208,620829,FALSE,FALSE,FALSE,TRUE
62089100,62,6208,620891,FALSE,FALSE,FALSE,TRUE
62089111,62,6208,620891,FALSE,FALSE,FALSE,FALSE
62089119,62,6208,620891,FALSE,FALSE,FALSE,FALSE
62089190,62,6208,620891,FALSE,FALSE,FALSE,FALSE
62089200,62,6208,620892,FALSE,FALSE,FALSE,TRUE
62089210,62,6208,620892,FALSE,FALSE,FALSE,FALSE
62089290,62,6208,620892,FALSE,FALSE,FALSE,FALSE
62089900,62,6208,620899,FALSE,FALSE,FALSE,TRUE
62091000,62,6209,620910,FALSE,FALSE,FALSE,FALSE
62092000,62,6209,620920,FALSE,FALSE,FALSE,TRUE
62093000,62,6209,620930,FALSE,FALSE,FALSE,TRUE
62099000,62,6209,620990,FALSE,FALSE,FALSE,FALSE
62099010,62,6209,620990,FALSE,FALSE,FALSE,TRUE
62099090,62,6209,620990,FALSE,FALSE,FALSE,TRUE
62101010,62,6210,621010,FALSE,FALSE,FALSE,TRUE
62101090,62,6210,621010,FALSE,FALSE,FALSE,FALSE
62101091,62,6210,621010,FALSE,FALSE,FALSE,FALSE
62101092,62,6210,621010,FALSE,FALSE,FALSE,TRUE
62101098,62,6210,621010,FALSE,FALSE,FALSE,TRUE
62101099,62,6210,621010,FALSE,FALSE,FALSE,FALSE
62102000,62,6210,621020,FALSE,FALSE,FALSE,TRUE
62103000,62,6210,621030,FALSE,FALSE,FALSE,TRUE
62104000,62,6210,621040,FALSE,FALSE,FALSE,TRUE
62105000,62,6210,621050,FALSE,FALSE,FALSE,TRUE
62111100,62,6211,621111,FALSE,FALSE,FALSE,TRUE
62111200,62,6211,621112,FALSE,FALSE,FALSE,TRUE
62112000,62,6211,621120,FALSE,FALSE,FALSE,TRUE
62113100,62,6211,621131,FALSE,FALSE,FALSE,FALSE
62113210,62,6211,621132,FALSE,FALSE,FALSE,TRUE
62113231,62,6211,621132,FALSE,FALSE,FALSE,TRUE
62113241,62,6211,621132,FALSE,FALSE,FALSE,TRUE
62113242,62,6211,621132,FALSE,FALSE,FALSE,TRUE
62113290,62,6211,621132,FALSE,FALSE,FALSE,TRUE
62113310,62,6211,621133,FALSE,FALSE,FALSE,TRUE
62113331,62,6211,621133,FALSE,FALSE,FALSE,TRUE
62113341,62,6211,621133,FALSE,FALSE,FALSE,TRUE
62113342,62,6211,621133,FALSE,FALSE,FALSE,TRUE
62113390,62,6211,621133,FALSE,FALSE,FALSE,TRUE
62113900,62,6211,621139,FALSE,FALSE,FALSE,TRUE
62114100,62,6211,621141,FALSE,FALSE,FALSE,FALSE
62114210,62,6211,621142,FALSE,FALSE,FALSE,TRUE
62114231,62,6211,621142,FALSE,FALSE,FALSE,TRUE
62114241,62,6211,621142,FALSE,FALSE,FALSE,TRUE
62114242,62,6211,621142,FALSE,FALSE,FALSE,TRUE
62114290,62,6211,621142,FALSE,FALSE,FALSE,TRUE
62114310,62,6211,621143,FALSE,FALSE,FALSE,TRUE
62114331,62,6211,621143,FALSE,FALSE,FALSE,TRUE
62114341,62,6211,621143,FALSE,FALSE,FALSE,TRUE
62114342,62,6211,621143,FALSE,FALSE,FALSE,TRUE
62114390,62,6211,621143,FALSE,FALSE,FALSE,TRUE
62114900,62,6211,621149,FALSE,FALSE,FALSE,TRUE
62121000,62,6212,621210,FALSE,FALSE,FALSE,FALSE
62121010,62,6212,621210,FALSE,FALSE,FALSE,TRUE
62121090,62,6212,621210,FALSE,FALSE,FALSE,TRUE
62122000,62,6212,621220,FALSE,FALSE,FALSE,TRUE
62123000,62,6212,621230,FALSE,FALSE,FALSE,TRUE
62129000,62,6212,621290,FALSE,FALSE,FALSE,TRUE
62131000,62,6213,621310,FALSE,FALSE,FALSE,FALSE
62132000,62,6213,621320,FALSE,FALSE,FALSE,TRUE
62139000,62,6213,621390,FALSE,FALSE,FALSE,TRUE
62141000,62,6214,621410,FALSE,FALSE,FALSE,TRUE
62142000,62,6214,621420,FALSE,FALSE,FALSE,TRUE
62143000,62,6214,621430,FALSE,FALSE,FALSE,TRUE
62144000,62,6214,621440,FALSE,FALSE,FALSE,TRUE
62149000,62,6214,621490,FALSE,FALSE,FALSE,TRUE
62149010,62,6214,621490,FALSE,FALSE,FALSE,FALSE
62149090,62,6214,621490,FALSE,FALSE,FALSE,FALSE
62151000,62,6215,621510,FALSE,FALSE,FALSE,TRUE
62152000,62,6215,621520,FALSE,FALSE,FALSE,TRUE
62159000,62,6215,621590,FALSE,FALSE,FALSE,TRUE
62160000,62,6216,621600,FALSE,FALSE,FALSE,TRUE
62171000,62,6217,621710,FALSE,FALSE,FALSE,TRUE
62179000,62,6217,621790,FALSE,FALSE,FALSE,TRUE
63011000,63,6301,630110,FALSE,FALSE,FALSE,TRUE
63012010,63,6301,630120,FALSE,FALSE,FALSE,TRUE
63012090,63,6301,630120,FALSE,FALSE,FALSE,TRUE
63012091,63,6301,630120,FALSE,FALSE,FALSE,FALSE
63012099,63,6301,630120,FALSE,FALSE,FALSE,FALSE
63013010,63,6301,630130,FALSE,FALSE,FALSE,TRUE
63013090,63,6301,630130,FALSE,FALSE,FALSE,TRUE
63014010,63,6301,630140,FALSE,FALSE,FALSE,TRUE
63014090,63,6301,630140,FALSE,FALSE,FALSE,TRUE
63019010,63,6301,630190,FALSE,FALSE,FALSE,TRUE
63019090,63,6301,630190,FALSE,FALSE,FALSE,TRUE
63021000,63,6302,630210,FALSE,FALSE,FALSE,TRUE
63021010,63,6302,630210,FALSE,FALSE,FALSE,FALSE
63021090,63,6302,630210,FALSE,FALSE,FALSE,FALSE
63022100,63,6302,630221,FALSE,FALSE,FALSE,TRUE
63022210,63,6302,630222,FALSE,FALSE,FALSE,TRUE
63022290,63,6302,630222,FALSE,FALSE,FALSE,TRUE
63022910,63,6302,630229,FALSE,FALSE,FALSE,TRUE
63022990,63,6302,630229,FALSE,FALSE,FALSE,TRUE
63023100,63,6302,630231,FALSE,FALSE,FALSE,TRUE
63023110,63,6302,630231,FALSE,FALSE,FALSE,FALSE
63023190,63,6302,630231,FALSE,FALSE,FALSE,FALSE
63023210,63,6302,630232,FALSE,FALSE,FALSE,TRUE
63023290,63,6302,630232,FALSE,FALSE,FALSE,TRUE
63023910,63,6302,630239,FALSE,FALSE,FALSE,FALSE
63023920,63,6302,630239,FALSE,FALSE,FALSE,TRUE
63023930,63,6302,630239,FALSE,FALSE,FALSE,FALSE
63023990,63,6302,630239,FALSE,FALSE,FALSE,TRUE
63024000,63,6302,630240,FALSE,FALSE,FALSE,TRUE
63025100,63,6302,630251,FALSE,FALSE,FALSE,TRUE
63025110,63,6302,630251,FALSE,FALSE,FALSE,FALSE
63025190,63,6302,630251,FALSE,FALSE,FALSE,FALSE
63025200,63,6302,630252,FALSE,FALSE,FALSE,FALSE
63025310,63,6302,630253,FALSE,FALSE,FALSE,TRUE
63025390,63,6302,630253,FALSE,FALSE,FALSE,TRUE
63025900,63,6302,630259,FALSE,FALSE,FALSE,FALSE
63025910,63,6302,630259,FALSE,FALSE,FALSE,TRUE
63025990,63,6302,630259,FALSE,FALSE,FALSE,TRUE
63026000,63,6302,630260,FALSE,FALSE,FALSE,TRUE
63029100,63,6302,630291,FALSE,FALSE,FALSE,TRUE
63029110,63,6302,630291,FALSE,FALSE,FALSE,FALSE
63029190,63,6302,630291,FALSE,FALSE,FALSE,FALSE
63029200,63,6302,630292,FALSE,FALSE,FALSE,FALSE
63029310,63,6302,630293,FALSE,FALSE,FALSE,TRUE
63029390,63,6302,630293,FALSE,FALSE,FALSE,TRUE
63029900,63,6302,630299,FALSE,FALSE,FALSE,FALSE
63029910,63,6302,630299,FALSE,FALSE,FALSE,TRUE
63029990,63,6302,630299,FALSE,FALSE,FALSE,TRUE
63031100,63,6303,630311,FALSE,FALSE,FALSE,FALSE
63031200,63,6303,630312,FALSE,FALSE,FALSE,TRUE
63031900,63,6303,630319,FALSE,FALSE,FALSE,TRUE
63039100,63,6303,630391,FALSE,FALSE,FALSE,TRUE
63039210,63,6303,630392,FALSE,FALSE,FALSE,TRUE
63039290,63,6303,630392,FALSE,FALSE,FALSE,TRUE
63039910,63,6303,630399,FALSE,FALSE,FALSE,TRUE
63039990,63,6303,630399,FALSE,FALSE,FALSE,TRUE
63041100,63,6304,630411,FALSE,FALSE,FALSE,TRUE
63041910,63,6304,630419,FALSE,FALSE,FALSE,TRUE
63041930,63,6304,630419,FALSE,FALSE,FALSE,TRUE
63041990,63,6304,630419,FALSE,FALSE,FALSE,TRUE
63042000,63,6304,630420,FALSE,FALSE,FALSE,FALSE
63049100,63,6304,630491,FALSE,FALSE,FALSE,TRUE
63049200,63,6304,630492,FALSE,FALSE,FALSE,TRUE
63049300,63,6304,630493,FALSE,FALSE,FALSE,TRUE
63049900,63,6304,630499,FALSE,FALSE,FALSE,TRUE
63051010,63,6305,630510,FALSE,FALSE,FALSE,TRUE
63051090,63,6305,630510,FALSE,FALSE,FALSE,TRUE
63052000,63,6305,630520,FALSE,FALSE,FALSE,TRUE
63053110,63,6305,630531,FALSE,FALSE,FALSE,FALSE
63053191,63,6305,630531,FALSE,FALSE,FALSE,FALSE
63053199,63,6305,630531,FALSE,FALSE,FALSE,FALSE
63053211,63,6305,630532,FALSE,FALSE,FALSE,TRUE
63053219,63,6305,630532,FALSE,FALSE,FALSE,TRUE
63053281,63,6305,630532,FALSE,FALSE,FALSE,FALSE
63053289,63,6305,630532,FALSE,FALSE,FALSE,FALSE
63053290,63,6305,630532,FALSE,FALSE,FALSE,TRUE
63053310,63,6305,630533,FALSE,FALSE,FALSE,TRUE
63053390,63,6305,630533,FALSE,FALSE,FALSE,TRUE
63053391,63,6305,630533,FALSE,FALSE,FALSE,FALSE
63053399,63,6305,630533,FALSE,FALSE,FALSE,FALSE
63053900,63,6305,630539,FALSE,FALSE,FALSE,TRUE
63059000,63,6305,630590,FALSE,FALSE,FALSE,TRUE
63061100,63,6306,630611,FALSE,FALSE,FALSE,FALSE
63061200,63,6306,630612,FALSE,FALSE,FALSE,TRUE
63061900,63,6306,630619,FALSE,FALSE,FALSE,TRUE
63062100,63,6306,630621,FALSE,FALSE,FALSE,FALSE
63062200,63,6306,630622,FALSE,FALSE,FALSE,TRUE
63062900,63,6306,630629,FALSE,FALSE,FALSE,TRUE
63063000,63,6306,630630,FALSE,FALSE,FALSE,TRUE
63063100,63,6306,630631,FALSE,FALSE,FALSE,FALSE
63063900,63,6306,630639,FALSE,FALSE,FALSE,FALSE
63064000,63,6306,630640,FALSE,FALSE,FALSE,TRUE
63064100,63,6306,630641,FALSE,FALSE,FALSE,FALSE
63064900,63,6306,630649,FALSE,FALSE,FALSE,FALSE
63069000,63,6306,630690,FALSE,FALSE,FALSE,TRUE
63069100,63,6306,630691,FALSE,FALSE,FALSE,FALSE
63069900,63,6306,630699,FALSE,FALSE,FALSE,FALSE
63071010,63,6307,630710,FALSE,FALSE,FALSE,TRUE
63071030,63,6307,630710,FALSE,FALSE,FALSE,TRUE
63071090,63,6307,630710,FALSE,FALSE,FALSE,TRUE
63072000,63,6307,630720,FALSE,FALSE,FALSE,TRUE
63079010,63,6307,630790,FALSE,FALSE,FALSE,TRUE
63079091,63,6307,630790,FALSE,FALSE,FALSE,TRUE
63079092,63,6307,630790,FALSE,FALSE,FALSE,TRUE
63079098,63,6307,630790,FALSE,FALSE,FALSE,TRUE
63079099,63,6307,630790,FALSE,FALSE,FALSE,FALSE
63080000,63,6308,630800,FALSE,FALSE,FALSE,TRUE
63090000,63,6309,630900,FALSE,FALSE,FALSE,TRUE
63101000,63,6310,631010,FALSE,FALSE,FALSE,TRUE
63101010,63,6310,631010,FALSE,FALSE,FALSE,FALSE
63101030,63,6310,631010,FALSE,FALSE,FALSE,FALSE
63101090,63,6310,631010,FALSE,FALSE,FALSE,FALSE
63109000,63,6310,631090,FALSE,FALSE,FALSE,TRUE
64011000,64,6401,640110,FALSE,FALSE,FALSE,TRUE
64011010,64,6401,640110,FALSE,FALSE,FALSE,FALSE
64011090,64,6401,640110,FALSE,FALSE,FALSE,FALSE
64019100,64,6401,640191,FALSE,FALSE,FALSE,FALSE
64019110,64,6401,640191,FALSE,FALSE,FALSE,FALSE
64019190,64,6401,640191,FALSE,FALSE,FALSE,FALSE
64019210,64,6401,640192,FALSE,FALSE,FALSE,TRUE
64019290,64,6401,640192,FALSE,FALSE,FALSE,TRUE
64019900,64,6401,640199,FALSE,FALSE,FALSE,TRUE
64019910,64,6401,640199,FALSE,FALSE,FALSE,FALSE
64019990,64,6401,640199,FALSE,FALSE,FALSE,FALSE
64021100,64,6402,640211,FALSE,FALSE,FALSE,FALSE
64021210,64,6402,640212,FALSE,FALSE,FALSE,TRUE
64021290,64,6402,640212,FALSE,FALSE,FALSE,TRUE
64021900,64,6402,640219,FALSE,FALSE,FALSE,TRUE
64022000,64,6402,640220,FALSE,FALSE,FALSE,TRUE
64023000,64,6402,640230,FALSE,FALSE,FALSE,FALSE
64023010,64,6402,640230,FALSE,FALSE,FALSE,FALSE
64023090,64,6402,640230,FALSE,FALSE,FALSE,FALSE
64029100,64,6402,640291,FALSE,FALSE,FALSE,FALSE
64029110,64,6402,640291,FALSE,FALSE,FALSE,TRUE
64029190,64,6402,640291,FALSE,FALSE,FALSE,TRUE
64029905,64,6402,640299,FALSE,FALSE,FALSE,TRUE
64029910,64,6402,640299,FALSE,FALSE,FALSE,TRUE
64029931,64,6402,640299,FALSE,FALSE,FALSE,TRUE
64029939,64,6402,640299,FALSE,FALSE,FALSE,TRUE
64029950,64,6402,640299,FALSE,FALSE,FALSE,TRUE
64029991,64,6402,640299,FALSE,FALSE,FALSE,TRUE
64029993,64,6402,640299,FALSE,FALSE,FALSE,TRUE
64029996,64,6402,640299,FALSE,FALSE,FALSE,TRUE
64029998,64,6402,640299,FALSE,FALSE,FALSE,TRUE
64031100,64,6403,640311,FALSE,FALSE,FALSE,FALSE
64031200,64,6403,640312,FALSE,FALSE,FALSE,TRUE
64031900,64,6403,640319,FALSE,FALSE,FALSE,TRUE
64032000,64,6403,640320,FALSE,FALSE,FALSE,TRUE
64033000,64,6403,640330,FALSE,FALSE,FALSE,FALSE
64034000,64,6403,640340,FALSE,FALSE,FALSE,TRUE
64035105,64,6403,640351,FALSE,FALSE,FALSE,TRUE
64035111,64,6403,640351,FALSE,FALSE,FALSE,TRUE
64035115,64,6403,640351,FALSE,FALSE,FALSE,TRUE
64035119,64,6403,640351,FALSE,FALSE,FALSE,TRUE
64035191,64,6403,640351,FALSE,FALSE,FALSE,TRUE
64035195,64,6403,640351,FALSE,FALSE,FALSE,TRUE
64035199,64,6403,640351,FALSE,FALSE,FALSE,TRUE
64035905,64,6403,640359,FALSE,FALSE,FALSE,TRUE
64035911,64,6403,640359,FALSE,FALSE,FALSE,TRUE
64035931,64,6403,640359,FALSE,FALSE,FALSE,TRUE
64035935,64,6403,640359,FALSE,FALSE,FALSE,TRUE
64035939,64,6403,640359,FALSE,FALSE,FALSE,TRUE
64035950,64,6403,640359,FALSE,FALSE,FALSE,TRUE
64035991,64,6403,640359,FALSE,FALSE,FALSE,TRUE
64035995,64,6403,640359,FALSE,FALSE,FALSE,TRUE
64035999,64,6403,640359,FALSE,FALSE,FALSE,TRUE
64039105,64,6403,640391,FALSE,FALSE,FALSE,TRUE
64039111,64,6403,640391,FALSE,FALSE,FALSE,TRUE
64039113,64,6403,640391,FALSE,FALSE,FALSE,TRUE
64039116,64,6403,640391,FALSE,FALSE,FALSE,TRUE
64039118,64,6403,640391,FALSE,FALSE,FALSE,TRUE
64039191,64,6403,640391,FALSE,FALSE,FALSE,TRUE
64039193,64,6403,640391,FALSE,FALSE,FALSE,TRUE
64039196,64,6403,640391,FALSE,FALSE,FALSE,TRUE
64039198,64,6403,640391,FALSE,FALSE,FALSE,TRUE
64039905,64,6403,640399,FALSE,FALSE,FALSE,TRUE
64039911,64,6403,640399,FALSE,FALSE,FALSE,TRUE
64039931,64,6403,640399,FALSE,FALSE,FALSE,TRUE
64039933,64,6403,640399,FALSE,FALSE,FALSE,TRUE
64039936,64,6403,640399,FALSE,FALSE,FALSE,TRUE
64039938,64,6403,640399,FALSE,FALSE,FALSE,TRUE
64039950,64,6403,640399,FALSE,FALSE,FALSE,TRUE
64039991,64,6403,640399,FALSE,FALSE,FALSE,TRUE
64039993,64,6403,640399,FALSE,FALSE,FALSE,TRUE
64039996,64,6403,640399,FALSE,FALSE,FALSE,TRUE
64039998,64,6403,640399,FALSE,FALSE,FALSE,TRUE
64041100,64,6404,640411,FALSE,FALSE,FALSE,TRUE
64041910,64,6404,640419,FALSE,FALSE,FALSE,TRUE
64041990,64,6404,640419,FALSE,FALSE,FALSE,TRUE
64042010,64,6404,640420,FALSE,FALSE,FALSE,TRUE
64042090,64,6404,640420,FALSE,FALSE,FALSE,TRUE
64051000,64,6405,640510,FALSE,FALSE,FALSE,TRUE
64051010,64,6405,640510,FALSE,FALSE,FALSE,FALSE
64051090,64,6405,640510,FALSE,FALSE,FALSE,FALSE
64052010,64,6405,640520,FALSE,FALSE,FALSE,TRUE
64052091,64,6405,640520,FALSE,FALSE,FALSE,TRUE
64052099,64,6405,640520,FALSE,FALSE,FALSE,TRUE
64059010,64,6405,640590,FALSE,FALSE,FALSE,TRUE
64059090,64,6405,640590,FALSE,FALSE,FALSE,TRUE
64061010,64,6406,640610,FALSE,FALSE,FALSE,TRUE
64061011,64,6406,640610,FALSE,FALSE,FALSE,FALSE
64061019,64,6406,640610,FALSE,FALSE,FALSE,FALSE
64061090,64,6406,640610,FALSE,FALSE,FALSE,TRUE
64062010,64,6406,640620,FALSE,FALSE,FALSE,TRUE
64062090,64,6406,640620,FALSE,FALSE,FALSE,TRUE
64069030,64,6406,640690,FALSE,FALSE,FALSE,TRUE
64069050,64,6406,640690,FALSE,FALSE,FALSE,TRUE
64069060,64,6406,640690,FALSE,FALSE,FALSE,TRUE
64069090,64,6406,640690,FALSE,FALSE,FALSE,TRUE
64069100,64,6406,640691,FALSE,FALSE,FALSE,FALSE
64069910,64,6406,640699,FALSE,FALSE,FALSE,FALSE
64069930,64,6406,640699,FALSE,FALSE,FALSE,FALSE
64069950,64,6406,640699,FALSE,FALSE,FALSE,FALSE
64069960,64,6406,640699,FALSE,FALSE,FALSE,FALSE
64069980,64,6406,640699,FALSE,FALSE,FALSE,FALSE
64069985,64,6406,640699,FALSE,FALSE,FALSE,FALSE
65010000,65,6501,650100,FALSE,FALSE,FALSE,TRUE
65020000,65,6502,650200,FALSE,FALSE,FALSE,TRUE
65030010,65,6503,650300,FALSE,FALSE,FALSE,FALSE
65030090,65,6503,650300,FALSE,FALSE,FALSE,FALSE
65040000,65,6504,650400,FALSE,FALSE,FALSE,TRUE
65050010,65,6505,650500,FALSE,FALSE,FALSE,TRUE
65050030,65,6505,650500,FALSE,FALSE,FALSE,TRUE
65050090,65,6505,650500,FALSE,FALSE,FALSE,TRUE
65051000,65,6505,650510,FALSE,FALSE,FALSE,FALSE
65059005,65,6505,650590,FALSE,FALSE,FALSE,FALSE
65059010,65,6505,650590,FALSE,FALSE,FALSE,FALSE
65059030,65,6505,650590,FALSE,FALSE,FALSE,FALSE
65059080,65,6505,650590,FALSE,FALSE,FALSE,FALSE
65059090,65,6505,650590,FALSE,FALSE,FALSE,FALSE
65061010,65,6506,650610,FALSE,FALSE,FALSE,TRUE
65061080,65,6506,650610,FALSE,FALSE,FALSE,TRUE
65069100,65,6506,650691,FALSE,FALSE,FALSE,TRUE
65069200,65,6506,650692,FALSE,FALSE,FALSE,FALSE
65069900,65,6506,650699,FALSE,FALSE,FALSE,FALSE
65069910,65,6506,650699,FALSE,FALSE,FALSE,TRUE
65069990,65,6506,650699,FALSE,FALSE,FALSE,TRUE
65070000,65,6507,650700,FALSE,FALSE,FALSE,TRUE
66011000,66,6601,660110,FALSE,FALSE,FALSE,TRUE
66019100,66,6601,660191,FALSE,FALSE,FALSE,TRUE
66019911,66,6601,660199,FALSE,FALSE,FALSE,FALSE
66019919,66,6601,660199,FALSE,FALSE,FALSE,FALSE
66019920,66,6601,660199,FALSE,FALSE,FALSE,TRUE
66019990,66,6601,660199,FALSE,FALSE,FALSE,TRUE
66020000,66,6602,660200,FALSE,FALSE,FALSE,TRUE
66031000,66,6603,660310,FALSE,FALSE,FALSE,FALSE
66032000,66,6603,660320,FALSE,FALSE,FALSE,TRUE
66039000,66,6603,660390,FALSE,FALSE,FALSE,FALSE
66039010,66,6603,660390,FALSE,FALSE,FALSE,TRUE
66039090,66,6603,660390,FALSE,FALSE,FALSE,TRUE
67010000,67,6701,670100,FALSE,FALSE,FALSE,TRUE
67021000,67,6702,670210,FALSE,FALSE,FALSE,TRUE
67029000,67,6702,670290,FALSE,FALSE,FALSE,TRUE
67030000,67,6703,670300,FALSE,FALSE,FALSE,TRUE
67041100,67,6704,670411,FALSE,FALSE,FALSE,TRUE
67041900,67,6704,670419,FALSE,FALSE,FALSE,TRUE
67042000,67,6704,670420,FALSE,FALSE,FALSE,TRUE
67049000,67,6704,670490,FALSE,FALSE,FALSE,TRUE
68010000,68,6801,680100,FALSE,FALSE,FALSE,TRUE
68021000,68,6802,680210,FALSE,FALSE,FALSE,TRUE
68022100,68,6802,680221,FALSE,FALSE,FALSE,TRUE
68022200,68,6802,680222,FALSE,FALSE,FALSE,FALSE
68022300,68,6802,680223,FALSE,FALSE,FALSE,TRUE
68022900,68,6802,680229,FALSE,FALSE,FALSE,TRUE
68029100,68,6802,680291,FALSE,FALSE,FALSE,TRUE
68029110,68,6802,680291,FALSE,FALSE,FALSE,FALSE
68029190,68,6802,680291,FALSE,FALSE,FALSE,FALSE
68029200,68,6802,680292,FALSE,FALSE,FALSE,TRUE
68029210,68,6802,680292,FALSE,FALSE,FALSE,FALSE
68029290,68,6802,680292,FALSE,FALSE,FALSE,FALSE
68029310,68,6802,680293,FALSE,FALSE,FALSE,TRUE
68029390,68,6802,680293,FALSE,FALSE,FALSE,TRUE
68029910,68,6802,680299,FALSE,FALSE,FALSE,TRUE
68029990,68,6802,680299,FALSE,FALSE,FALSE,TRUE
68030000,68,6803,680300,FALSE,FALSE,FALSE,FALSE
68030010,68,6803,680300,FALSE,FALSE,FALSE,TRUE
68030090,68,6803,680300,FALSE,FALSE,FALSE,TRUE
68041000,68,6804,680410,FALSE,FALSE,FALSE,TRUE
68042100,68,6804,680421,FALSE,FALSE,FALSE,TRUE
68042212,68,6804,680422,FALSE,FALSE,FALSE,TRUE
68042218,68,6804,680422,FALSE,FALSE,FALSE,TRUE
68042230,68,6804,680422,FALSE,FALSE,FALSE,TRUE
68042250,68,6804,680422,FALSE,FALSE,FALSE,TRUE
68042290,68,6804,680422,FALSE,FALSE,FALSE,TRUE
68042300,68,6804,680423,FALSE,FALSE,FALSE,TRUE
68043000,68,6804,680430,FALSE,FALSE,FALSE,TRUE
68051000,68,6805,680510,FALSE,FALSE,FALSE,TRUE
68052000,68,6805,680520,FALSE,FALSE,FALSE,TRUE
68053000,68,6805,680530,FALSE,FALSE,FALSE,TRUE
68053010,68,6805,680530,FALSE,FALSE,FALSE,FALSE
68053020,68,6805,680530,FALSE,FALSE,FALSE,FALSE
68053080,68,6805,680530,FALSE,FALSE,FALSE,FALSE
68061000,68,6806,680610,TRUE,FALSE,TRUE,TRUE
68062010,68,6806,680620,TRUE,FALSE,TRUE,TRUE
68062090,68,6806,680620,TRUE,FALSE,TRUE,TRUE
68069000,68,6806,680690,TRUE,FALSE,TRUE,TRUE
68071000,68,6807,680710,TRUE,FALSE,TRUE,TRUE
68071010,68,6807,680710,TRUE,FALSE,TRUE,FALSE
68071090,68,6807,680710,TRUE,FALSE,TRUE,FALSE
68079000,68,6807,680790,TRUE,FALSE,TRUE,TRUE
68080000,68,6808,680800,FALSE,FALSE,FALSE,TRUE
68091100,68,6809,680911,TRUE,FALSE,TRUE,TRUE
68091900,68,6809,680919,TRUE,FALSE,TRUE,TRUE
68099000,68,6809,680990,TRUE,FALSE,TRUE,TRUE
68101110,68,6810,681011,FALSE,FALSE,FALSE,TRUE
68101190,68,6810,681011,FALSE,FALSE,FALSE,TRUE
68101900,68,6810,681019,FALSE,FALSE,FALSE,TRUE
68101910,68,6810,681019,FALSE,FALSE,FALSE,FALSE
68101931,68,6810,681019,FALSE,FALSE,FALSE,FALSE
68101939,68,6810,681019,FALSE,FALSE,FALSE,FALSE
68101990,68,6810,681019,FALSE,FALSE,FALSE,FALSE
68102000,68,6810,681020,FALSE,FALSE,FALSE,FALSE
68109100,68,6810,681091,FALSE,FALSE,FALSE,TRUE
68109110,68,6810,681091,FALSE,FALSE,FALSE,FALSE
68109190,68,6810,681091,FALSE,FALSE,FALSE,FALSE
68109900,68,6810,681099,FALSE,FALSE,FALSE,TRUE
68111000,68,6811,681110,FALSE,FALSE,FALSE,FALSE
68112011,68,6811,681120,FALSE,FALSE,FALSE,FALSE
68112080,68,6811,681120,FALSE,FALSE,FALSE,FALSE
68113000,68,6811,681130,FALSE,FALSE,FALSE,FALSE
68114000,68,6811,681140,FALSE,FALSE,FALSE,TRUE
68118100,68,6811,681181,FALSE,FALSE,FALSE,TRUE
68118200,68,6811,681182,FALSE,FALSE,FALSE,TRUE
68118210,68,6811,681182,FALSE,FALSE,FALSE,FALSE
68118290,68,6811,681182,FALSE,FALSE,FALSE,FALSE
68118300,68,6811,681183,FALSE,FALSE,FALSE,FALSE
68118900,68,6811,681189,FALSE,FALSE,FALSE,TRUE
68119000,68,6811,681190,FALSE,FALSE,FALSE,FALSE
68121000,68,6812,681210,FALSE,FALSE,FALSE,FALSE
68122000,68,6812,681220,FALSE,FALSE,FALSE,FALSE
68123000,68,6812,681230,FALSE,FALSE,FALSE,FALSE
68124000,68,6812,681240,FALSE,FALSE,FALSE,FALSE
68125000,68,6812,681250,FALSE,FALSE,FALSE,FALSE
68126000,68,6812,681260,FALSE,FALSE,FALSE,FALSE
68127000,68,6812,681270,FALSE,FALSE,FALSE,FALSE
68128010,68,6812,681280,FALSE,FALSE,FALSE,TRUE
68128090,68,6812,681280,FALSE,FALSE,FALSE,TRUE
68129010,68,6812,681290,FALSE,FALSE,FALSE,FALSE
68129020,68,6812,681290,FALSE,FALSE,FALSE,FALSE
68129030,68,6812,681290,FALSE,FALSE,FALSE,FALSE
68129080,68,6812,681290,FALSE,FALSE,FALSE,FALSE
68129090,68,6812,681290,FALSE,FALSE,FALSE,FALSE
68129095,68,6812,681290,FALSE,FALSE,FALSE,FALSE
68129100,68,6812,681291,FALSE,FALSE,FALSE,TRUE
68129200,68,6812,681292,FALSE,FALSE,FALSE,TRUE
68129300,68,6812,681293,FALSE,FALSE,FALSE,TRUE
68129910,68,6812,681299,FALSE,FALSE,FALSE,TRUE
68129990,68,6812,681299,FALSE,FALSE,FALSE,TRUE
68131000,68,6813,681310,FALSE,FALSE,FALSE,FALSE
68131010,68,6813,681310,FALSE,FALSE,FALSE,FALSE
68131090,68,6813,681310,FALSE,FALSE,FALSE,FALSE
68132000,68,6813,681320,FALSE,FALSE,FALSE,TRUE
68138100,68,6813,681381,FALSE,FALSE,FALSE,TRUE
68138900,68,6813,681389,FALSE,FALSE,FALSE,TRUE
68139000,68,6813,681390,FALSE,FALSE,FALSE,FALSE
68139010,68,6813,681390,FALSE,FALSE,FALSE,FALSE
68139090,68,6813,681390,FALSE,FALSE,FALSE,FALSE
68141000,68,6814,681410,FALSE,FALSE,FALSE,TRUE
68149000,68,6814,681490,FALSE,FALSE,FALSE,TRUE
68149010,68,6814,681490,FALSE,FALSE,FALSE,FALSE
68149090,68,6814,681490,FALSE,FALSE,FALSE,FALSE
68151010,68,6815,681510,FALSE,FALSE,FALSE,TRUE
68151090,68,6815,681510,FALSE,FALSE,FALSE,TRUE
68152000,68,6815,681520,FALSE,FALSE,FALSE,TRUE
68159100,68,6815,681591,FALSE,FALSE,FALSE,TRUE
68159900,68,6815,681599,FALSE,FALSE,FALSE,TRUE
68159910,68,6815,681599,FALSE,FALSE,FALSE,FALSE
68159990,68,6815,681599,FALSE,FALSE,FALSE,FALSE
69010000,69,6901,690100,TRUE,FALSE,TRUE,TRUE
69010010,69,6901,690100,TRUE,FALSE,TRUE,FALSE
69010090,69,6901,690100,TRUE,FALSE,TRUE,FALSE
69021000,69,6902,690210,TRUE,FALSE,TRUE,TRUE
69022010,69,6902,690220,TRUE,FALSE,TRUE,TRUE
69022091,69,6902,690220,TRUE,FALSE,TRUE,TRUE
69022099,69,6902,690220,TRUE,FALSE,TRUE,TRUE
69029000,69,6902,690290,TRUE,FALSE,TRUE,TRUE
69031000,69,6903,690310,TRUE,FALSE,TRUE,TRUE
69032010,69,6903,690320,TRUE,FALSE,TRUE,TRUE
69032090,69,6903,690320,TRUE,FALSE,TRUE,TRUE
69039010,69,6903,690390,TRUE,FALSE,TRUE,TRUE
69039020,69,6903,690390,TRUE,FALSE,TRUE,FALSE
69039080,69,6903,690390,TRUE,FALSE,TRUE,FALSE
69039090,69,6903,690390,TRUE,FALSE,TRUE,TRUE
69041000,69,6904,690410,TRUE,FALSE,TRUE,TRUE
69049000,69,6904,690490,TRUE,FALSE,TRUE,TRUE
69051000,69,6905,690510,TRUE,FALSE,TRUE,TRUE
69059000,69,6905,690590,TRUE,FALSE,TRUE,TRUE
69060000,69,6906,690600,TRUE,FALSE,TRUE,TRUE
69071000,69,6907,690710,TRUE,FALSE,TRUE,TRUE
69072100,69,6907,690721,TRUE,FALSE,TRUE,FALSE
69072200,69,6907,690722,TRUE,FALSE,TRUE,FALSE
69072300,69,6907,690723,TRUE,FALSE,TRUE,FALSE
69073000,69,6907,690730,TRUE,FALSE,TRUE,FALSE
69074000,69,6907,690740,TRUE,FALSE,TRUE,FALSE
69079010,69,6907,690790,TRUE,FALSE,TRUE,FALSE
69079020,69,6907,690790,TRUE,FALSE,TRUE,TRUE
69079080,69,6907,690790,TRUE,FALSE,TRUE,TRUE
69079091,69,6907,690790,TRUE,FALSE,TRUE,FALSE
69079093,69,6907,690790,TRUE,FALSE,TRUE,FALSE
69079099,69,6907,690790,TRUE,FALSE,TRUE,FALSE
69081000,69,6908,690810,TRUE,FALSE,TRUE,TRUE
69081010,69,6908,690810,TRUE,FALSE,TRUE,FALSE
69081090,69,6908,690810,TRUE,FALSE,TRUE,FALSE
69089011,69,6908,690890,TRUE,FALSE,TRUE,TRUE
69089020,69,6908,690890,TRUE,FALSE,TRUE,TRUE
69089021,69,6908,690890,TRUE,FALSE,TRUE,FALSE
69089029,69,6908,690890,TRUE,FALSE,TRUE,FALSE
69089031,69,6908,690890,TRUE,FALSE,TRUE,TRUE
69089051,69,6908,690890,TRUE,FALSE,TRUE,TRUE
69089091,69,6908,690890,TRUE,FALSE,TRUE,TRUE
69089093,69,6908,690890,TRUE,FALSE,TRUE,TRUE
69089099,69,6908,690890,TRUE,FALSE,TRUE,TRUE
69091100,69,6909,690911,TRUE,FALSE,TRUE,TRUE
69091200,69,6909,690912,TRUE,FALSE,TRUE,TRUE
69091900,69,6909,690919,TRUE,FALSE,TRUE,TRUE
69099000,69,6909,690990,TRUE,FALSE,TRUE,TRUE
69101000,69,6910,691010,TRUE,FALSE,TRUE,TRUE
69109000,69,6910,691090,TRUE,FALSE,TRUE,TRUE
69111000,69,6911,691110,TRUE,FALSE,TRUE,TRUE
69119000,69,6911,691190,TRUE,FALSE,TRUE,TRUE
69120010,69,6912,691200,TRUE,FALSE,TRUE,TRUE
69120021,69,6912,691200,TRUE,FALSE,TRUE,FALSE
69120023,69,6912,691200,TRUE,FALSE,TRUE,FALSE
69120025,69,6912,691200,TRUE,FALSE,TRUE,FALSE
69120029,69,6912,691200,TRUE,FALSE,TRUE,FALSE
69120030,69,6912,691200,TRUE,FALSE,TRUE,TRUE
69120050,69,6912,691200,TRUE,FALSE,TRUE,TRUE
69120081,69,6912,691200,TRUE,FALSE,TRUE,FALSE
69120083,69,6912,691200,TRUE,FALSE,TRUE,FALSE
69120085,69,6912,691200,TRUE,FALSE,TRUE,FALSE
69120089,69,6912,691200,TRUE,FALSE,TRUE,FALSE
69120090,69,6912,691200,TRUE,FALSE,TRUE,TRUE
69131000,69,6913,691310,TRUE,FALSE,TRUE,TRUE
69139010,69,6913,691390,TRUE,FALSE,TRUE,TRUE
69139091,69,6913,691390,TRUE,FALSE,TRUE,FALSE
69139093,69,6913,691390,TRUE,FALSE,TRUE,TRUE
69139098,69,6913,691390,TRUE,FALSE,TRUE,TRUE
69139099,69,6913,691390,TRUE,FALSE,TRUE,FALSE
69141000,69,6914,691410,TRUE,FALSE,TRUE,TRUE
69149000,69,6914,691490,TRUE,FALSE,TRUE,TRUE
69149010,69,6914,691490,TRUE,FALSE,TRUE,FALSE
69149090,69,6914,691490,TRUE,FALSE,TRUE,FALSE
70010010,70,7001,700100,TRUE,FALSE,TRUE,TRUE
70010091,70,7001,700100,TRUE,FALSE,TRUE,TRUE
70010099,70,7001,700100,TRUE,FALSE,TRUE,TRUE
70021000,70,7002,700210,TRUE,FALSE,TRUE,TRUE
70022010,70,7002,700220,TRUE,FALSE,TRUE,TRUE
70022090,70,7002,700220,TRUE,FALSE,TRUE,TRUE
70023100,70,7002,700231,TRUE,FALSE,TRUE,TRUE
70023200,70,7002,700232,TRUE,FALSE,TRUE,TRUE
70023900,70,7002,700239,TRUE,FALSE,TRUE,TRUE
70031110,70,7003,700311,TRUE,FALSE,TRUE,FALSE
70031190,70,7003,700311,TRUE,FALSE,TRUE,FALSE
70031210,70,7003,700312,TRUE,FALSE,TRUE,TRUE
70031291,70,7003,700312,TRUE,FALSE,TRUE,TRUE
70031299,70,7003,700312,TRUE,FALSE,TRUE,TRUE
70031910,70,7003,700319,TRUE,FALSE,TRUE,TRUE
70031990,70,7003,700319,TRUE,FALSE,TRUE,TRUE
70032000,70,7003,700320,TRUE,FALSE,TRUE,TRUE
70033000,70,7003,700330,TRUE,FALSE,TRUE,TRUE
70041010,70,7004,700410,TRUE,FALSE,TRUE,FALSE
70041080,70,7004,700410,TRUE,FALSE,TRUE,FALSE
70042010,70,7004,700420,TRUE,FALSE,TRUE,TRUE
70042091,70,7004,700420,TRUE,FALSE,TRUE,TRUE
70042099,70,7004,700420,TRUE,FALSE,TRUE,TRUE
70049010,70,7004,700490,TRUE,FALSE,TRUE,TRUE
70049070,70,7004,700490,TRUE,FALSE,TRUE,FALSE
70049080,70,7004,700490,TRUE,FALSE,TRUE,TRUE
70049092,70,7004,700490,TRUE,FALSE,TRUE,FALSE
70049098,70,7004,700490,TRUE,FALSE,TRUE,FALSE
70051005,70,7005,700510,TRUE,FALSE,TRUE,TRUE
70051010,70,7005,700510,TRUE,FALSE,TRUE,FALSE
70051025,70,7005,700510,TRUE,FALSE,TRUE,TRUE
70051030,70,7005,700510,TRUE,FALSE,TRUE,TRUE
70051031,70,7005,700510,TRUE,FALSE,TRUE,FALSE
70051033,70,7005,700510,TRUE,FALSE,TRUE,FALSE
70051035,70,7005,700510,TRUE,FALSE,TRUE,FALSE
70051080,70,7005,700510,TRUE,FALSE,TRUE,TRUE
70051091,70,7005,700510,TRUE,FALSE,TRUE,FALSE
70051093,70,7005,700510,TRUE,FALSE,TRUE,FALSE
70051095,70,7005,700510,TRUE,FALSE,TRUE,FALSE
70052110,70,7005,700521,TRUE,FALSE,TRUE,FALSE
70052120,70,7005,700521,TRUE,FALSE,TRUE,FALSE
70052125,70,7005,700521,TRUE,FALSE,TRUE,TRUE
70052130,70,7005,700521,TRUE,FALSE,TRUE,TRUE
70052140,70,7005,700521,TRUE,FALSE,TRUE,FALSE
70052150,70,7005,700521,TRUE,FALSE,TRUE,FALSE
70052180,70,7005,700521,TRUE,FALSE,TRUE,TRUE
70052190,70,7005,700521,TRUE,FALSE,TRUE,FALSE
70052910,70,7005,700529,TRUE,FALSE,TRUE,FALSE
70052925,70,7005,700529,TRUE,FALSE,TRUE,TRUE
70052931,70,7005,700529,TRUE,FALSE,TRUE,FALSE
70052933,70,7005,700529,TRUE,FALSE,TRUE,FALSE
70052935,70,7005,700529,TRUE,FALSE,TRUE,TRUE
70052980,70,7005,700529,TRUE,FALSE,TRUE,TRUE
70052991,70,7005,700529,TRUE,FALSE,TRUE,FALSE
70052993,70,7005,700529,TRUE,FALSE,TRUE,FALSE
70052995,70,7005,700529,TRUE,FALSE,TRUE,FALSE
70053000,70,7005,700530,TRUE,FALSE,TRUE,TRUE
70060010,70,7006,700600,TRUE,FALSE,TRUE,TRUE
70060090,70,7006,700600,TRUE,FALSE,TRUE,TRUE
70071110,70,7007,700711,FALSE,FALSE,FALSE,TRUE
70071190,70,7007,700711,FALSE,FALSE,FALSE,TRUE
70071910,70,7007,700719,FALSE,FALSE,FALSE,TRUE
70071920,70,7007,700719,FALSE,FALSE,FALSE,TRUE
70071980,70,7007,700719,FALSE,FALSE,FALSE,TRUE
70072110,70,7007,700721,FALSE,FALSE,FALSE,FALSE
70072120,70,7007,700721,FALSE,FALSE,FALSE,TRUE
70072180,70,7007,700721,FALSE,FALSE,FALSE,TRUE
70072191,70,7007,700721,FALSE,FALSE,FALSE,FALSE
70072199,70,7007,700721,FALSE,FALSE,FALSE,FALSE
70072900,70,7007,700729,FALSE,FALSE,FALSE,TRUE
70080020,70,7008,700800,FALSE,FALSE,FALSE,TRUE
70080081,70,7008,700800,FALSE,FALSE,FALSE,TRUE
70080089,70,7008,700800,FALSE,FALSE,FALSE,TRUE
70091000,70,7009,700910,FALSE,FALSE,FALSE,TRUE
70099100,70,7009,700991,FALSE,FALSE,FALSE,TRUE
70099200,70,7009,700992,FALSE,FALSE,FALSE,TRUE
70101000,70,7010,701010,FALSE,FALSE,FALSE,TRUE
70102000,70,7010,701020,FALSE,FALSE,FALSE,TRUE
70109010,70,7010,701090,FALSE,FALSE,FALSE,TRUE
70109021,70,7010,701090,FALSE,FALSE,FALSE,TRUE
70109031,70,7010,701090,FALSE,FALSE,FALSE,TRUE
70109041,70,7010,701090,FALSE,FALSE,FALSE,TRUE
70109043,70,7010,701090,FALSE,FALSE,FALSE,TRUE
70109045,70,7010,701090,FALSE,FALSE,FALSE,TRUE
70109047,70,7010,701090,FALSE,FALSE,FALSE,TRUE
70109051,70,7010,701090,FALSE,FALSE,FALSE,TRUE
70109053,70,7010,701090,FALSE,FALSE,FALSE,TRUE
70109055,70,7010,701090,FALSE,FALSE,FALSE,TRUE
70109057,70,7010,701090,FALSE,FALSE,FALSE,TRUE
70109061,70,7010,701090,FALSE,FALSE,FALSE,TRUE
70109067,70,7010,701090,FALSE,FALSE,FALSE,TRUE
70109071,70,7010,701090,FALSE,FALSE,FALSE,TRUE
70109077,70,7010,701090,FALSE,FALSE,FALSE,FALSE
70109079,70,7010,701090,FALSE,FALSE,FALSE,TRUE
70109081,70,7010,701090,FALSE,FALSE,FALSE,FALSE
70109087,70,7010,701090,FALSE,FALSE,FALSE,FALSE
70109091,70,7010,701090,FALSE,FALSE,FALSE,TRUE
70109099,70,7010,701090,FALSE,FALSE,FALSE,TRUE
70109110,70,7010,701091,FALSE,FALSE,FALSE,FALSE
70109121,70,7010,701091,FALSE,FALSE,FALSE,FALSE
70109129,70,7010,701091,FALSE,FALSE,FALSE,FALSE
70109160,70,7010,701091,FALSE,FALSE,FALSE,FALSE
70109190,70,7010,701091,FALSE,FALSE,FALSE,FALSE
70109210,70,7010,701092,FALSE,FALSE,FALSE,FALSE
70109221,70,7010,701092,FALSE,FALSE,FALSE,FALSE
70109229,70,7010,701092,FALSE,FALSE,FALSE,FALSE
70109260,70,7010,701092,FALSE,FALSE,FALSE,FALSE
70109290,70,7010,701092,FALSE,FALSE,FALSE,FALSE
70109310,70,7010,701093,FALSE,FALSE,FALSE,FALSE
70109321,70,7010,701093,FALSE,FALSE,FALSE,FALSE
70109329,70,7010,701093,FALSE,FALSE,FALSE,FALSE
70109361,70,7010,701093,FALSE,FALSE,FALSE,FALSE
70109369,70,7010,701093,FALSE,FALSE,FALSE,FALSE
70109370,70,7010,701093,FALSE,FALSE,FALSE,FALSE
70109390,70,7010,701093,FALSE,FALSE,FALSE,FALSE
70109410,70,7010,701094,FALSE,FALSE,FALSE,FALSE
70109420,70,7010,701094,FALSE,FALSE,FALSE,FALSE
70109460,70,7010,701094,FALSE,FALSE,FALSE,FALSE
70109471,70,7010,701094,FALSE,FALSE,FALSE,FALSE
70109479,70,7010,701094,FALSE,FALSE,FALSE,FALSE
70109490,70,7010,701094,FALSE,FALSE,FALSE,FALSE
70111000,70,7011,701110,FALSE,FALSE,FALSE,TRUE
70111010,70,7011,701110,FALSE,FALSE,FALSE,FALSE
70111090,70,7011,701110,FALSE,FALSE,FALSE,FALSE
70112000,70,7011,701120,FALSE,FALSE,FALSE,TRUE
70119000,70,7011,701190,FALSE,FALSE,FALSE,TRUE
70120010,70,7012,701200,FALSE,FALSE,FALSE,FALSE
70120090,70,7012,701200,FALSE,FALSE,FALSE,FALSE
70131000,70,7013,701310,FALSE,FALSE,FALSE,TRUE
70132111,70,7013,701321,FALSE,FALSE,FALSE,FALSE
70132119,70,7013,701321,FALSE,FALSE,FALSE,FALSE
70132191,70,7013,701321,FALSE,FALSE,FALSE,FALSE
70132199,70,7013,701321,FALSE,FALSE,FALSE,FALSE
70132210,70,7013,701322,FALSE,FALSE,FALSE,TRUE
70132290,70,7013,701322,FALSE,FALSE,FALSE,TRUE
70132810,70,7013,701328,FALSE,FALSE,FALSE,TRUE
70132890,70,7013,701328,FALSE,FALSE,FALSE,TRUE
70132910,70,7013,701329,FALSE,FALSE,FALSE,FALSE
70132951,70,7013,701329,FALSE,FALSE,FALSE,FALSE
70132959,70,7013,701329,FALSE,FALSE,FALSE,FALSE
70132991,70,7013,701329,FALSE,FALSE,FALSE,FALSE
70132999,70,7013,701329,FALSE,FALSE,FALSE,FALSE
70133110,70,7013,701331,FALSE,FALSE,FALSE,FALSE
70133190,70,7013,701331,FALSE,FALSE,FALSE,FALSE
70133200,70,7013,701332,FALSE,FALSE,FALSE,FALSE
70133311,70,7013,701333,FALSE,FALSE,FALSE,TRUE
70133319,70,7013,701333,FALSE,FALSE,FALSE,TRUE
70133391,70,7013,701333,FALSE,FALSE,FALSE,TRUE
70133399,70,7013,701333,FALSE,FALSE,FALSE,TRUE
70133710,70,7013,701337,FALSE,FALSE,FALSE,TRUE
70133751,70,7013,701337,FALSE,FALSE,FALSE,TRUE
70133759,70,7013,701337,FALSE,FALSE,FALSE,TRUE
70133791,70,7013,701337,FALSE,FALSE,FALSE,TRUE
70133799,70,7013,701337,FALSE,FALSE,FALSE,TRUE
70133910,70,7013,701339,FALSE,FALSE,FALSE,FALSE
70133991,70,7013,701339,FALSE,FALSE,FALSE,FALSE
70133999,70,7013,701339,FALSE,FALSE,FALSE,FALSE
70134110,70,7013,701341,FALSE,FALSE,FALSE,TRUE
70134190,70,7013,701341,FALSE,FALSE,FALSE,TRUE
70134200,70,7013,701342,FALSE,FALSE,FALSE,TRUE
70134910,70,7013,701349,FALSE,FALSE,FALSE,TRUE
70134991,70,7013,701349,FALSE,FALSE,FALSE,TRUE
70134999,70,7013,701349,FALSE,FALSE,FALSE,TRUE
70139110,70,7013,701391,FALSE,FALSE,FALSE,TRUE
70139190,70,7013,701391,FALSE,FALSE,FALSE,TRUE
70139900,70,7013,701399,FALSE,FALSE,FALSE,TRUE
70139910,70,7013,701399,FALSE,FALSE,FALSE,FALSE
70139990,70,7013,701399,FALSE,FALSE,FALSE,FALSE
70140000,70,7014,701400,FALSE,FALSE,FALSE,TRUE
70151000,70,7015,701510,FALSE,FALSE,FALSE,TRUE
70159000,70,7015,701590,FALSE,FALSE,FALSE,TRUE
70161000,70,7016,701610,FALSE,FALSE,FALSE,TRUE
70169010,70,7016,701690,FALSE,FALSE,FALSE,TRUE
70169030,70,7016,701690,FALSE,FALSE,FALSE,FALSE
70169040,70,7016,701690,FALSE,FALSE,FALSE,TRUE
70169070,70,7016,701690,FALSE,FALSE,FALSE,TRUE
70169080,70,7016,701690,FALSE,FALSE,FALSE,FALSE
70169090,70,7016,701690,FALSE,FALSE,FALSE,FALSE
70171000,70,7017,701710,FALSE,FALSE,FALSE,TRUE
70172000,70,7017,701720,FALSE,FALSE,FALSE,TRUE
70179000,70,7017,701790,FALSE,FALSE,FALSE,TRUE
70181011,70,7018,701810,FALSE,FALSE,FALSE,TRUE
70181019,70,7018,701810,FALSE,FALSE,FALSE,TRUE
70181030,70,7018,701810,FALSE,FALSE,FALSE,TRUE
70181051,70,7018,701810,FALSE,FALSE,FALSE,TRUE
70181059,70,7018,701810,FALSE,FALSE,FALSE,TRUE
70181090,70,7018,701810,FALSE,FALSE,FALSE,TRUE
70182000,70,7018,701820,FALSE,FALSE,FALSE,TRUE
70189010,70,7018,701890,FALSE,FALSE,FALSE,TRUE
70189090,70,7018,701890,FALSE,FALSE,FALSE,TRUE
70191010,70,7019,701910,FALSE,FALSE,FALSE,FALSE
70191051,70,7019,701910,FALSE,FALSE,FALSE,FALSE
70191059,70,7019,701910,FALSE,FALSE,FALSE,FALSE
70191099,70,7019,701910,FALSE,FALSE,FALSE,FALSE
70191100,70,7019,701911,FALSE,FALSE,FALSE,TRUE
70191200,70,7019,701912,FALSE,FALSE,FALSE,TRUE
70191910,70,7019,701919,FALSE,FALSE,FALSE,TRUE
70191990,70,7019,701919,FALSE,FALSE,FALSE,TRUE
70192011,70,7019,701920,FALSE,FALSE,FALSE,FALSE
70192031,70,7019,701920,FALSE,FALSE,FALSE,FALSE
70192036,70,7019,701920,FALSE,FALSE,FALSE,FALSE
70192039,70,7019,701920,FALSE,FALSE,FALSE,FALSE
70192090,70,7019,701920,FALSE,FALSE,FALSE,FALSE
70193100,70,7019,701931,FALSE,FALSE,FALSE,TRUE
70193110,70,7019,701931,FALSE,FALSE,FALSE,FALSE
70193190,70,7019,701931,FALSE,FALSE,FALSE,FALSE
70193200,70,7019,701932,FALSE,FALSE,FALSE,TRUE
70193210,70,7019,701932,FALSE,FALSE,FALSE,FALSE
70193290,70,7019,701932,FALSE,FALSE,FALSE,FALSE
70193900,70,7019,701939,FALSE,FALSE,FALSE,TRUE
70193910,70,7019,701939,FALSE,FALSE,FALSE,FALSE
70193990,70,7019,701939,FALSE,FALSE,FALSE,FALSE
70194000,70,7019,701940,FALSE,FALSE,FALSE,TRUE
70195100,70,7019,701951,FALSE,FALSE,FALSE,TRUE
70195110,70,7019,701951,FALSE,FALSE,FALSE,FALSE
70195190,70,7019,701951,FALSE,FALSE,FALSE,FALSE
70195200,70,7019,701952,FALSE,FALSE,FALSE,TRUE
70195900,70,7019,701959,FALSE,FALSE,FALSE,TRUE
70195910,70,7019,701959,FALSE,FALSE,FALSE,FALSE
70195990,70,7019,701959,FALSE,FALSE,FALSE,FALSE
70199000,70,7019,701990,FALSE,FALSE,FALSE,TRUE
70199010,70,7019,701990,FALSE,FALSE,FALSE,FALSE
70199030,70,7019,701990,FALSE,FALSE,FALSE,FALSE
70199091,70,7019,701990,FALSE,FALSE,FALSE,FALSE
70199099,70,7019,701990,FALSE,FALSE,FALSE,FALSE
70200005,70,7020,702000,FALSE,FALSE,FALSE,TRUE
70200007,70,7020,702000,FALSE,FALSE,FALSE,TRUE
70200008,70,7020,702000,FALSE,FALSE,FALSE,TRUE
70200010,70,7020,702000,FALSE,FALSE,FALSE,TRUE
70200030,70,7020,702000,FALSE,FALSE,FALSE,TRUE
70200080,70,7020,702000,FALSE,FALSE,FALSE,TRUE
70200090,70,7020,702000,FALSE,FALSE,FALSE,FALSE
71011000,71,7101,710110,FALSE,FALSE,FALSE,TRUE
71012100,71,7101,710121,FALSE,FALSE,FALSE,TRUE
71012200,71,7101,710122,FALSE,FALSE,FALSE,TRUE
71021000,71,7102,710210,FALSE,FALSE,FALSE,TRUE
71022100,71,7102,710221,FALSE,FALSE,FALSE,TRUE
71022900,71,7102,710229,FALSE,FALSE,FALSE,TRUE
71023100,71,7102,710231,FALSE,FALSE,FALSE,TRUE
71023900,71,7102,710239,FALSE,FALSE,FALSE,TRUE
71031000,71,7103,710310,FALSE,FALSE,FALSE,TRUE
71039100,71,7103,710391,FALSE,FALSE,FALSE,TRUE
71039900,71,7103,710399,FALSE,FALSE,FALSE,TRUE
71041000,71,7104,710410,FALSE,FALSE,FALSE,TRUE
71042000,71,7104,710420,FALSE,FALSE,FALSE,TRUE
71049000,71,7104,710490,FALSE,FALSE,FALSE,TRUE
71051000,71,7105,710510,FALSE,FALSE,FALSE,TRUE
71059000,71,7105,710590,FALSE,FALSE,FALSE,TRUE
71061000,71,7106,710610,FALSE,FALSE,FALSE,TRUE
71069100,71,7106,710691,FALSE,FALSE,FALSE,TRUE
71069110,71,7106,710691,FALSE,FALSE,FALSE,FALSE
71069190,71,7106,710691,FALSE,FALSE,FALSE,FALSE
71069200,71,7106,710692,FALSE,FALSE,FALSE,TRUE
71069210,71,7106,710692,FALSE,FALSE,FALSE,FALSE
71069220,71,7106,710692,FALSE,FALSE,FALSE,FALSE
71069280,71,7106,710692,FALSE,FALSE,FALSE,FALSE
71069291,71,7106,710692,FALSE,FALSE,FALSE,FALSE
71069299,71,7106,710692,FALSE,FALSE,FALSE,FALSE
71070000,71,7107,710700,FALSE,FALSE,FALSE,TRUE
71081100,71,7108,710811,FALSE,FALSE,FALSE,TRUE
71081200,71,7108,710812,FALSE,FALSE,FALSE,TRUE
71081310,71,7108,710813,FALSE,FALSE,FALSE,TRUE
71081330,71,7108,710813,FALSE,FALSE,FALSE,FALSE
71081350,71,7108,710813,FALSE,FALSE,FALSE,FALSE
71081380,71,7108,710813,FALSE,FALSE,FALSE,TRUE
71081390,71,7108,710813,FALSE,FALSE,FALSE,FALSE
71082000,71,7108,710820,FALSE,FALSE,FALSE,TRUE
71090000,71,7109,710900,FALSE,FALSE,FALSE,TRUE
71101100,71,7110,711011,FALSE,FALSE,FALSE,TRUE
71101910,71,7110,711019,FALSE,FALSE,FALSE,TRUE
71101930,71,7110,711019,FALSE,FALSE,FALSE,FALSE
71101950,71,7110,711019,FALSE,FALSE,FALSE,FALSE
71101980,71,7110,711019,FALSE,FALSE,FALSE,TRUE
71101990,71,7110,711019,FALSE,FALSE,FALSE,FALSE
71102100,71,7110,711021,FALSE,FALSE,FALSE,TRUE
71102900,71,7110,711029,FALSE,FALSE,FALSE,TRUE
71103100,71,7110,711031,FALSE,FALSE,FALSE,TRUE
71103900,71,7110,711039,FALSE,FALSE,FALSE,TRUE
71104100,71,7110,711041,FALSE,FALSE,FALSE,TRUE
71104900,71,7110,711049,FALSE,FALSE,FALSE,TRUE
71110000,71,7111,711100,FALSE,FALSE,FALSE,TRUE
71121000,71,7112,711210,FALSE,FALSE,FALSE,FALSE
71122000,71,7112,711220,FALSE,FALSE,FALSE,FALSE
71123000,71,7112,711230,FALSE,FALSE,FALSE,TRUE
71129000,71,7112,711290,FALSE,FALSE,FALSE,FALSE
71129100,71,7112,711291,FALSE,FALSE,FALSE,TRUE
71129200,71,7112,711292,FALSE,FALSE,FALSE,TRUE
71129900,71,7112,711299,FALSE,FALSE,FALSE,TRUE
71131100,71,7113,711311,FALSE,FALSE,FALSE,TRUE
71131900,71,7113,711319,FALSE,FALSE,FALSE,TRUE
71132000,71,7113,711320,FALSE,FALSE,FALSE,TRUE
71141100,71,7114,711411,FALSE,FALSE,FALSE,TRUE
71141900,71,7114,711419,FALSE,FALSE,FALSE,TRUE
71142000,71,7114,711420,FALSE,FALSE,FALSE,TRUE
71151000,71,7115,711510,FALSE,FALSE,FALSE,TRUE
71159000,71,7115,711590,FALSE,FALSE,FALSE,TRUE
71159010,71,7115,711590,FALSE,FALSE,FALSE,FALSE
71159090,71,7115,711590,FALSE,FALSE,FALSE,FALSE
71161000,71,7116,711610,FALSE,FALSE,FALSE,TRUE
71162011,71,7116,711620,FALSE,FALSE,FALSE,TRUE
71162019,71,7116,711620,FALSE,FALSE,FALSE,FALSE
71162080,71,7116,711620,FALSE,FALSE,FALSE,TRUE
71162090,71,7116,711620,FALSE,FALSE,FALSE,FALSE
71171100,71,7117,711711,FALSE,FALSE,FALSE,TRUE
71171900,71,7117,711719,FALSE,FALSE,FALSE,TRUE
71171910,71,7117,711719,FALSE,FALSE,FALSE,FALSE
71171991,71,7117,711719,FALSE,FALSE,FALSE,FALSE
71171999,71,7117,711719,FALSE,FALSE,FALSE,FALSE
71179000,71,7117,711790,FALSE,FALSE,FALSE,TRUE
71181000,71,7118,711810,FALSE,FALSE,FALSE,TRUE
71181010,71,7118,711810,FALSE,FALSE,FALSE,FALSE
71181090,71,7118,711810,FALSE,FALSE,FALSE,FALSE
71189000,71,7118,711890,FALSE,FALSE,FALSE,TRUE
72011011,72,7201,720110,TRUE,TRUE,TRUE,TRUE
72011019,72,7201,720110,TRUE,TRUE,TRUE,TRUE
72011030,72,7201,720110,TRUE,TRUE,TRUE,TRUE
72011090,72,7201,720110,TRUE,TRUE,TRUE,TRUE
72012000,72,7201,720120,TRUE,TRUE,TRUE,TRUE
72013010,72,7201,720130,TRUE,TRUE,TRUE,FALSE
72013090,72,7201,720130,TRUE,TRUE,TRUE,FALSE
72014000,72,7201,720140,TRUE,TRUE,TRUE,FALSE
72015010,72,7201,720150,TRUE,TRUE,TRUE,TRUE
72015090,72,7201,720150,TRUE,TRUE,TRUE,TRUE
72021120,72,7202,720211,TRUE,TRUE,TRUE,TRUE
72021180,72,7202,720211,TRUE,TRUE,TRUE,TRUE
72021900,72,7202,720219,TRUE,TRUE,TRUE,TRUE
72022100,72,7202,720221,TRUE,TRUE,TRUE,TRUE
72022110,72,7202,720221,TRUE,TRUE,TRUE,FALSE
72022190,72,7202,720221,TRUE,TRUE,TRUE,FALSE
72022900,72,7202,720229,TRUE,TRUE,TRUE,FALSE
72022910,72,7202,720229,TRUE,TRUE,TRUE,TRUE
72022990,72,7202,720229,TRUE,TRUE,TRUE,TRUE
72023000,72,7202,720230,TRUE,FALSE,TRUE,TRUE
72024110,72,7202,720241,TRUE,TRUE,TRUE,TRUE
72024190,72,7202,720241,TRUE,TRUE,TRUE,TRUE
72024191,72,7202,720241,TRUE,TRUE,TRUE,FALSE
72024199,72,7202,720241,TRUE,TRUE,TRUE,FALSE
72024910,72,7202,720249,TRUE,TRUE,TRUE,TRUE
72024950,72,7202,720249,TRUE,TRUE,TRUE,TRUE
72024990,72,7202,720249,TRUE,TRUE,TRUE,TRUE
72025000,72,7202,720250,TRUE,FALSE,TRUE,TRUE
72026000,72,7202,720260,TRUE,TRUE,TRUE,TRUE
72027000,72,7202,720270,TRUE,FALSE,TRUE,TRUE
72028000,72,7202,720280,TRUE,FALSE,TRUE,TRUE
72029100,72,7202,720291,TRUE,FALSE,TRUE,TRUE
72029200,72,7202,720292,TRUE,FALSE,TRUE,TRUE
72029300,72,7202,720293,TRUE,FALSE,TRUE,TRUE
72029910,72,7202,720299,TRUE,FALSE,TRUE,TRUE
72029911,72,7202,720299,TRUE,TRUE,TRUE,FALSE
72029919,72,7202,720299,TRUE,TRUE,TRUE,FALSE
72029930,72,7202,720299,TRUE,FALSE,TRUE,TRUE
72029980,72,7202,720299,TRUE,FALSE,TRUE,TRUE
72031000,72,7203,720310,TRUE,TRUE,TRUE,TRUE
72039000,72,7203,720390,TRUE,TRUE,TRUE,TRUE
72041000,72,7204,720410,FALSE,FALSE,FALSE,TRUE
72042110,72,7204,720421,FALSE,FALSE,FALSE,TRUE
72042190,72,7204,720421,FALSE,FALSE,FALSE,TRUE
72042900,72,7204,720429,FALSE,FALSE,FALSE,TRUE
72043000,72,7204,720430,FALSE,FALSE,FALSE,TRUE
72044110,72,7204,720441,FALSE,FALSE,FALSE,TRUE
72044191,72,7204,720441,FALSE,FALSE,FALSE,TRUE
72044199,72,7204,720441,FALSE,FALSE,FALSE,TRUE
72044910,72,7204,720449,FALSE,FALSE,FALSE,TRUE
72044930,72,7204,720449,FALSE,FALSE,FALSE,TRUE
72044990,72,7204,720449,FALSE,FALSE,FALSE,TRUE
72044991,72,7204,720449,FALSE,FALSE,FALSE,FALSE
72044999,72,7204,720449,FALSE,FALSE,FALSE,FALSE
72045000,72,7204,720450,FALSE,FALSE,FALSE,TRUE
72045010,72,7204,720450,FALSE,FALSE,FALSE,FALSE
72045090,72,7204,720450,FALSE,FALSE,FALSE,FALSE
72051000,72,7205,720510,TRUE,TRUE,TRUE,TRUE
72052100,72,7205,720521,TRUE,TRUE,TRUE,TRUE
72052900,72,7205,720529,TRUE,TRUE,TRUE,TRUE
72061000,72,7206,720610,TRUE,TRUE,TRUE,TRUE
72069000,72,7206,720690,TRUE,TRUE,TRUE,TRUE
72071111,72,7207,720711,TRUE,TRUE,TRUE,TRUE
72071114,72,7207,720711,TRUE,TRUE,TRUE,TRUE
72071116,72,7207,720711,TRUE,TRUE,TRUE,TRUE
72071190,72,7207,720711,TRUE,TRUE,TRUE,TRUE
72071210,72,7207,720712,TRUE,TRUE,TRUE,TRUE
72071290,72,7207,720712,TRUE,TRUE,TRUE,TRUE
72071911,72,7207,720719,TRUE,TRUE,TRUE,FALSE
72071912,72,7207,720719,TRUE,TRUE,TRUE,TRUE
72071914,72,7207,720719,TRUE,TRUE,TRUE,FALSE
72071916,72,7207,720719,TRUE,TRUE,TRUE,FALSE
72071919,72,7207,720719,TRUE,TRUE,TRUE,TRUE
72071931,72,7207,720719,TRUE,TRUE,TRUE,FALSE
72071939,72,7207,720719,TRUE,TRUE,TRUE,FALSE
72071980,72,7207,720719,TRUE,TRUE,TRUE,TRUE
72071990,72,7207,720719,TRUE,TRUE,TRUE,FALSE
72072011,72,7207,720720,TRUE,TRUE,TRUE,TRUE
72072015,72,7207,720720,TRUE,TRUE,TRUE,TRUE
72072017,72,7207,720720,TRUE,TRUE,TRUE,TRUE
72072019,72,7207,720720,TRUE,TRUE,TRUE,TRUE
72072032,72,7207,720720,TRUE,TRUE,TRUE,TRUE
72072039,72,7207,720720,TRUE,TRUE,TRUE,TRUE
72072051,72,7207,720720,TRUE,TRUE,TRUE,FALSE
72072052,72,7207,720720,TRUE,TRUE,TRUE,TRUE
72072055,72,7207,720720,TRUE,TRUE,TRUE,FALSE
72072057,72,7207,720720,TRUE,TRUE,TRUE,FALSE
72072059,72,7207,720720,TRUE,TRUE,TRUE,TRUE
72072071,72,7207,720720,TRUE,TRUE,TRUE,FALSE
72072079,72,7207,720720,TRUE,TRUE,TRUE,FALSE
72072080,72,7207,720720,TRUE,TRUE,TRUE,TRUE
72072090,72,7207,720720,TRUE,TRUE,TRUE,FALSE
72081000,72,7208,720810,TRUE,TRUE,TRUE,TRUE
72081100,72,7208,720811,TRUE,TRUE,TRUE,FALSE
72081210,72,7208,720812,TRUE,TRUE,TRUE,FALSE
72081291,72,7208,720812,TRUE,TRUE,TRUE,FALSE
72081295,72,7208,720812,TRUE,TRUE,TRUE,FALSE
72081298,72,7208,720812,TRUE,TRUE,TRUE,FALSE
72081310,72,7208,720813,TRUE,TRUE,TRUE,FALSE
72081391,72,7208,720813,TRUE,TRUE,TRUE,FALSE
72081395,72,7208,720813,TRUE,TRUE,TRUE,FALSE
72081398,72,7208,720813,TRUE,TRUE,TRUE,FALSE
72081410,72,7208,720814,TRUE,TRUE,TRUE,FALSE
72081491,72,7208,720814,TRUE,TRUE,TRUE,FALSE
72081499,72,7208,720814,TRUE,TRUE,TRUE,FALSE
72082110,72,7208,720821,TRUE,TRUE,TRUE,FALSE
72082190,72,7208,720821,TRUE,TRUE,TRUE,FALSE
72082210,72,7208,720822,TRUE,TRUE,TRUE,FALSE
72082291,72,7208,720822,TRUE,TRUE,TRUE,FALSE
72082295,72,7208,720822,TRUE,TRUE,TRUE,FALSE
72082298,72,7208,720822,TRUE,TRUE,TRUE,FALSE
72082310,72,7208,720823,TRUE,TRUE,TRUE,FALSE
72082391,72,7208,720823,TRUE,TRUE,TRUE,FALSE
72082395,72,7208,720823,TRUE,TRUE,TRUE,FALSE
72082398,72,7208,720823,TRUE,TRUE,TRUE,FALSE
72082410,72,7208,720824,TRUE,TRUE,TRUE,FALSE
72082491,72,7208,720824,TRUE,TRUE,TRUE,FALSE
72082499,72,7208,720824,TRUE,TRUE,TRUE,FALSE
72082500,72,7208,720825,TRUE,TRUE,TRUE,TRUE
72082600,72,7208,720826,TRUE,TRUE,TRUE,TRUE
72082700,72,7208,720827,TRUE,TRUE,TRUE,TRUE
72083100,72,7208,720831,TRUE,TRUE,TRUE,FALSE
72083210,72,7208,720832,TRUE,TRUE,TRUE,FALSE
72083230,72,7208,720832,TRUE,TRUE,TRUE,FALSE
72083251,72,7208,720832,TRUE,TRUE,TRUE,FALSE
72083259,72,7208,720832,TRUE,TRUE,TRUE,FALSE
72083291,72,7208,720832,TRUE,TRUE,TRUE,FALSE
72083299,72,7208,720832,TRUE,TRUE,TRUE,FALSE
72083310,72,7208,720833,TRUE,TRUE,TRUE,FALSE
72083391,72,7208,720833,TRUE,TRUE,TRUE,FALSE
72083399,72,7208,720833,TRUE,TRUE,TRUE,FALSE
72083410,72,7208,720834,TRUE,TRUE,TRUE,FALSE
72083490,72,7208,720834,TRUE,TRUE,TRUE,FALSE
72083510,72,7208,720835,TRUE,TRUE,TRUE,FALSE
72083590,72,7208,720835,TRUE,TRUE,TRUE,FALSE
72083600,72,7208,720836,TRUE,TRUE,TRUE,TRUE
72083700,72,7208,720837,TRUE,TRUE,TRUE,TRUE
72083710,72,7208,720837,TRUE,TRUE,TRUE,FALSE
72083790,72,7208,720837,TRUE,TRUE,TRUE,FALSE
72083800,72,7208,720838,TRUE,TRUE,TRUE,TRUE
72083810,72,7208,720838,TRUE,TRUE,TRUE,FALSE
72083890,72,7208,720838,TRUE,TRUE,TRUE,FALSE
72083900,72,7208,720839,TRUE,TRUE,TRUE,TRUE
72083910,72,7208,720839,TRUE,TRUE,TRUE,FALSE
72083990,72,7208,720839,TRUE,TRUE,TRUE,FALSE
72084000,72,7208,720840,TRUE,TRUE,TRUE,TRUE
72084010,72,7208,720840,TRUE,TRUE,TRUE,FALSE
72084090,72,7208,720840,TRUE,TRUE,TRUE,FALSE
72084100,72,7208,720841,TRUE,TRUE,TRUE,FALSE
72084210,72,7208,720842,TRUE,TRUE,TRUE,FALSE
72084230,72,7208,720842,TRUE,TRUE,TRUE,FALSE
72084251,72,7208,720842,TRUE,TRUE,TRUE,FALSE
72084259,72,7208,720842,TRUE,TRUE,TRUE,FALSE
72084291,72,7208,720842,TRUE,TRUE,TRUE,FALSE
72084299,72,7208,720842,TRUE,TRUE,TRUE,FALSE
72084310,72,7208,720843,TRUE,TRUE,TRUE,FALSE
72084391,72,7208,720843,TRUE,TRUE,TRUE,FALSE
72084399,72,7208,720843,TRUE,TRUE,TRUE,FALSE
72084410,72,7208,720844,TRUE,TRUE,TRUE,FALSE
72084490,72,7208,720844,TRUE,TRUE,TRUE,FALSE
72084510,72,7208,720845,TRUE,TRUE,TRUE,FALSE
72084590,72,7208,720845,TRUE,TRUE,TRUE,FALSE
72085110,72,7208,720851,TRUE,TRUE,TRUE,FALSE
72085120,72,7208,720851,TRUE,TRUE,TRUE,TRUE
72085130,72,7208,720851,TRUE,TRUE,TRUE,FALSE
72085150,72,7208,720851,TRUE,TRUE,TRUE,FALSE
72085191,72,7208,720851,TRUE,TRUE,TRUE,TRUE
72085198,72,7208,720851,TRUE,TRUE,TRUE,TRUE
72085199,72,7208,720851,TRUE,TRUE,TRUE,FALSE
72085210,72,7208,720852,TRUE,TRUE,TRUE,TRUE
72085220,72,7208,720852,TRUE,TRUE,TRUE,FALSE
72085280,72,7208,720852,TRUE,TRUE,TRUE,FALSE
72085291,72,7208,720852,TRUE,TRUE,TRUE,TRUE
72085299,72,7208,720852,TRUE,TRUE,TRUE,TRUE
72085300,72,7208,720853,TRUE,TRUE,TRUE,FALSE
72085310,72,7208,720853,TRUE,TRUE,TRUE,TRUE
72085390,72,7208,720853,TRUE,TRUE,TRUE,TRUE
72085400,72,7208,720854,TRUE,TRUE,TRUE,TRUE
72085410,72,7208,720854,TRUE,TRUE,TRUE,FALSE
72085490,72,7208,720854,TRUE,TRUE,TRUE,FALSE
72089000,72,7208,720890,TRUE,TRUE,TRUE,FALSE
72089010,72,7208,720890,TRUE,TRUE,TRUE,FALSE
72089020,72,7208,720890,TRUE,TRUE,TRUE,TRUE
72089080,72,7208,720890,TRUE,TRUE,TRUE,TRUE
72089090,72,7208,720890,TRUE,TRUE,TRUE,FALSE
72091100,72,7209,720911,TRUE,TRUE,TRUE,FALSE
72091210,72,7209,720912,TRUE,TRUE,TRUE,FALSE
72091290,72,7209,720912,TRUE,TRUE,TRUE,FALSE
72091310,72,7209,720913,TRUE,TRUE,TRUE,FALSE
72091390,72,7209,720913,TRUE,TRUE,TRUE,FALSE
72091410,72,7209,720914,TRUE,TRUE,TRUE,FALSE
72091490,72,7209,720914,TRUE,TRUE,TRUE,FALSE
72091500,72,7209,720915,TRUE,TRUE,TRUE,TRUE
72091610,72,7209,720916,TRUE,TRUE,TRUE,TRUE
72091690,72,7209,720916,TRUE,TRUE,TRUE,TRUE
72091710,72,7209,720917,TRUE,TRUE,TRUE,TRUE
72091790,72,7209,720917,TRUE,TRUE,TRUE,TRUE
72091810,72,7209,720918,TRUE,TRUE,TRUE,TRUE
72091891,72,7209,720918,TRUE,TRUE,TRUE,TRUE
72091899,72,7209,720918,TRUE,TRUE,TRUE,TRUE
72092100,72,7209,720921,TRUE,TRUE,TRUE,FALSE
72092210,72,7209,720922,TRUE,TRUE,TRUE,FALSE
72092290,72,7209,720922,TRUE,TRUE,TRUE,FALSE
72092310,72,7209,720923,TRUE,TRUE,TRUE,FALSE
72092390,72,7209,720923,TRUE,TRUE,TRUE,FALSE
72092410,72,7209,720924,TRUE,TRUE,TRUE,FALSE
72092491,72,7209,720924,TRUE,TRUE,TRUE,FALSE
72092499,72,7209,720924,TRUE,TRUE,TRUE,FALSE
72092500,72,7209,720925,TRUE,TRUE,TRUE,TRUE
72092610,72,7209,720926,TRUE,TRUE,TRUE,TRUE
72092690,72,7209,720926,TRUE,TRUE,TRUE,TRUE
72092710,72,7209,720927,TRUE,TRUE,TRUE,TRUE
72092790,72,7209,720927,TRUE,TRUE,TRUE,TRUE
72092810,72,7209,720928,TRUE,TRUE,TRUE,TRUE
72092890,72,7209,720928,TRUE,TRUE,TRUE,TRUE
72093100,72,7209,720931,TRUE,TRUE,TRUE,FALSE
72093210,72,7209,720932,TRUE,TRUE,TRUE,FALSE
72093290,72,7209,720932,TRUE,TRUE,TRUE,FALSE
72093310,72,7209,720933,TRUE,TRUE,TRUE,FALSE
72093390,72,7209,720933,TRUE,TRUE,TRUE,FALSE
72093410,72,7209,720934,TRUE,TRUE,TRUE,FALSE
72093490,72,7209,720934,TRUE,TRUE,TRUE,FALSE
72094100,72,7209,720941,TRUE,TRUE,TRUE,FALSE
72094210,72,7209,720942,TRUE,TRUE,TRUE,FALSE
72094290,72,7209,720942,TRUE,TRUE,TRUE,FALSE
72094310,72,7209,720943,TRUE,TRUE,TRUE,FALSE
72094390,72,7209,720943,TRUE,TRUE,TRUE,FALSE
72094410,72,7209,720944,TRUE,TRUE,TRUE,FALSE
72094490,72,7209,720944,TRUE,TRUE,TRUE,FALSE
72099000,72,7209,720990,TRUE,TRUE,TRUE,FALSE
72099010,72,7209,720990,TRUE,TRUE,TRUE,FALSE
72099020,72,7209,720990,TRUE,TRUE,TRUE,TRUE
72099080,72,7209,720990,TRUE,TRUE,TRUE,TRUE
72099090,72,7209,720990,TRUE,TRUE,TRUE,FALSE
72101100,72,7210,721011,TRUE,TRUE,TRUE,TRUE
72101110,72,7210,721011,TRUE,TRUE,TRUE,FALSE
72101190,72,7210,721011,TRUE,TRUE,TRUE,FALSE
72101211,72,7210,721012,TRUE,TRUE,TRUE,FALSE
72101219,72,7210,721012,TRUE,TRUE,TRUE,FALSE
72101220,72,7210,721012,TRUE,TRUE,TRUE,TRUE
72101280,72,7210,721012,TRUE,TRUE,TRUE,TRUE
72101290,72,7210,721012,TRUE,TRUE,TRUE,FALSE
72102000,72,7210,721020,TRUE,TRUE,TRUE,TRUE
72102010,72,7210,721020,TRUE,TRUE,TRUE,FALSE
72102090,72,7210,721020,TRUE,TRUE,TRUE,FALSE
72103000,72,7210,721030,TRUE,TRUE,TRUE,TRUE
72103010,72,7210,721030,TRUE,TRUE,TRUE,FALSE
72103090,72,7210,721030,TRUE,TRUE,TRUE,FALSE
72103110,72,7210,721031,TRUE,TRUE,TRUE,FALSE
72103190,72,7210,721031,TRUE,TRUE,TRUE,FALSE
72103910,72,7210,721039,TRUE,TRUE,TRUE,FALSE
72103990,72,7210,721039,TRUE,TRUE,TRUE,FALSE
72104100,72,7210,721041,TRUE,TRUE,TRUE,TRUE
72104110,72,7210,721041,TRUE,TRUE,TRUE,FALSE
72104190,72,7210,721041,TRUE,TRUE,TRUE,FALSE
72104900,72,7210,721049,TRUE,TRUE,TRUE,TRUE
72104910,72,7210,721049,TRUE,TRUE,TRUE,FALSE
72104990,72,7210,721049,TRUE,TRUE,TRUE,FALSE
72105000,72,7210,721050,TRUE,TRUE,TRUE,TRUE
72105010,72,7210,721050,TRUE,TRUE,TRUE,FALSE
72105090,72,7210,721050,TRUE,TRUE,TRUE,FALSE
72106011,72,7210,721060,TRUE,TRUE,TRUE,FALSE
72106019,72,7210,721060,TRUE,TRUE,TRUE,FALSE
72106090,72,7210,721060,TRUE,TRUE,TRUE,FALSE
72106100,72,7210,721061,TRUE,TRUE,TRUE,TRUE
72106110,72,7210,721061,TRUE,TRUE,TRUE,FALSE
72106190,72,7210,721061,TRUE,TRUE,TRUE,FALSE
72106900,72,7210,721069,TRUE,TRUE,TRUE,TRUE
72106910,72,7210,721069,TRUE,TRUE,TRUE,FALSE
72106990,72,7210,721069,TRUE,TRUE,TRUE,FALSE
72107010,72,7210,721070,TRUE,TRUE,TRUE,TRUE
72107031,72,7210,721070,TRUE,TRUE,TRUE,FALSE
72107039,72,7210,721070,TRUE,TRUE,TRUE,FALSE
72107080,72,7210,721070,TRUE,TRUE,TRUE,TRUE
72107090,72,7210,721070,TRUE,TRUE,TRUE,FALSE
72109010,72,7210,721090,TRUE,TRUE,TRUE,FALSE
72109030,72,7210,721090,TRUE,TRUE,TRUE,TRUE
72109031,72,7210,721090,TRUE,TRUE,TRUE,FALSE
72109033,72,7210,721090,TRUE,TRUE,TRUE,FALSE
72109035,72,7210,721090,TRUE,TRUE,TRUE,FALSE
72109038,72,7210,721090,TRUE,TRUE,TRUE,FALSE
72109039,72,7210,721090,TRUE,TRUE,TRUE,FALSE
72109040,72,7210,721090,TRUE,TRUE,TRUE,TRUE
72109080,72,7210,721090,TRUE,TRUE,TRUE,TRUE
72109090,72,7210,721090,TRUE,TRUE,TRUE,FALSE
72111100,72,7211,721111,TRUE,TRUE,TRUE,FALSE
72111210,72,7211,721112,TRUE,TRUE,TRUE,FALSE
72111290,72,7211,721112,TRUE,TRUE,TRUE,FALSE
72111300,72,7211,721113,TRUE,TRUE,TRUE,TRUE
72111400,72,7211,721114,TRUE,TRUE,TRUE,TRUE
72111410,72,7211,721114,TRUE,TRUE,TRUE,FALSE
72111490,72,7211,721114,TRUE,TRUE,TRUE,FALSE
72111900,72,7211,721119,TRUE,TRUE,TRUE,TRUE
72111910,72,7211,721119,TRUE,TRUE,TRUE,FALSE
72111920,72,7211,721119,TRUE,TRUE,TRUE,FALSE
72111990,72,7211,721119,TRUE,TRUE,TRUE,FALSE
72111991,72,7211,721119,TRUE,TRUE,TRUE,FALSE
72111999,72,7211,721119,TRUE,TRUE,TRUE,FALSE
72112100,72,7211,721121,TRUE,TRUE,TRUE,FALSE
72112210,72,7211,721122,TRUE,TRUE,TRUE,FALSE
72112290,72,7211,721122,TRUE,TRUE,TRUE,FALSE
72112310,72,7211,721123,TRUE,TRUE,TRUE,FALSE
72112320,72,7211,721123,TRUE,TRUE,TRUE,TRUE
72112330,72,7211,721123,TRUE,TRUE,TRUE,TRUE
72112351,72,7211,721123,TRUE,TRUE,TRUE,FALSE
72112380,72,7211,721123,TRUE,TRUE,TRUE,TRUE
72112391,72,7211,721123,TRUE,TRUE,TRUE,FALSE
72112399,72,7211,721123,TRUE,TRUE,TRUE,FALSE
72112900,72,7211,721129,TRUE,TRUE,TRUE,TRUE
72112910,72,7211,721129,TRUE,TRUE,TRUE,FALSE
72112920,72,7211,721129,TRUE,TRUE,TRUE,FALSE
72112950,72,7211,721129,TRUE,TRUE,TRUE,FALSE
72112990,72,7211,721129,TRUE,TRUE,TRUE,FALSE
72112991,72,7211,721129,TRUE,TRUE,TRUE,FALSE
72112999,72,7211,721129,TRUE,TRUE,TRUE,FALSE
72113010,72,7211,721130,TRUE,TRUE,TRUE,FALSE
72113031,72,7211,721130,TRUE,TRUE,TRUE,FALSE
72113039,72,7211,721130,TRUE,TRUE,TRUE,FALSE
72113050,72,7211,721130,TRUE,TRUE,TRUE,FALSE
72113090,72,7211,721130,TRUE,TRUE,TRUE,FALSE
72114110,72,7211,721141,TRUE,TRUE,TRUE,FALSE
72114191,72,7211,721141,TRUE,TRUE,TRUE,FALSE
72114195,72,7211,721141,TRUE,TRUE,TRUE,FALSE
72114199,72,7211,721141,TRUE,TRUE,TRUE,FALSE
72114910,72,7211,721149,TRUE,TRUE,TRUE,FALSE
72114991,72,7211,721149,TRUE,TRUE,TRUE,FALSE
72114999,72,7211,721149,TRUE,TRUE,TRUE,FALSE
72119000,72,7211,721190,TRUE,TRUE,TRUE,FALSE
72119011,72,7211,721190,TRUE,TRUE,TRUE,FALSE
72119019,72,7211,721190,TRUE,TRUE,TRUE,FALSE
72119020,72,7211,721190,TRUE,TRUE,TRUE,TRUE
72119080,72,7211,721190,TRUE,TRUE,TRUE,TRUE
72119090,72,7211,721190,TRUE,TRUE,TRUE,FALSE
72121010,72,7212,721210,TRUE,TRUE,TRUE,TRUE
72121090,72,7212,721210,TRUE,TRUE,TRUE,TRUE
72121091,72,7212,721210,TRUE,TRUE,TRUE,FALSE
72121093,72,7212,721210,TRUE,TRUE,TRUE,FALSE
72121099,72,7212,721210,TRUE,TRUE,TRUE,FALSE
72122000,72,7212,721220,TRUE,TRUE,TRUE,TRUE
72122011,72,7212,721220,TRUE,TRUE,TRUE,FALSE
72122019,72,7212,721220,TRUE,TRUE,TRUE,FALSE
72122090,72,7212,721220,TRUE,TRUE,TRUE,FALSE
72122111,72,7212,721221,TRUE,TRUE,TRUE,FALSE
72122119,72,7212,721221,TRUE,TRUE,TRUE,FALSE
72122190,72,7212,721221,TRUE,TRUE,TRUE,FALSE
72122911,72,7212,721229,TRUE,TRUE,TRUE,FALSE
72122919,72,7212,721229,TRUE,TRUE,TRUE,FALSE
72122990,72,7212,721229,TRUE,TRUE,TRUE,FALSE
72123000,72,7212,721230,TRUE,TRUE,TRUE,TRUE
72123011,72,7212,721230,TRUE,TRUE,TRUE,FALSE
72123019,72,7212,721230,TRUE,TRUE,TRUE,FALSE
72123090,72,7212,721230,TRUE,TRUE,TRUE,FALSE
72124010,72,7212,721240,TRUE,TRUE,TRUE,FALSE
72124020,72,7212,721240,TRUE,TRUE,TRUE,TRUE
72124080,72,7212,721240,TRUE,TRUE,TRUE,TRUE
72124091,72,7212,721240,TRUE,TRUE,TRUE,FALSE
72124093,72,7212,721240,TRUE,TRUE,TRUE,FALSE
72124095,72,7212,721240,TRUE,TRUE,TRUE,FALSE
72124098,72,7212,721240,TRUE,TRUE,TRUE,FALSE
72125010,72,7212,721250,TRUE,TRUE,TRUE,FALSE
72125020,72,7212,721250,TRUE,TRUE,TRUE,TRUE
72125030,72,7212,721250,TRUE,TRUE,TRUE,TRUE
72125031,72,7212,721250,TRUE,TRUE,TRUE,FALSE
72125039,72,7212,721250,TRUE,TRUE,TRUE,FALSE
72125040,72,7212,721250,TRUE,TRUE,TRUE,TRUE
72125051,72,7212,721250,TRUE,TRUE,TRUE,FALSE
72125058,72,7212,721250,TRUE,TRUE,TRUE,FALSE
72125059,72,7212,721250,TRUE,TRUE,TRUE,FALSE
72125061,72,7212,721250,TRUE,TRUE,TRUE,TRUE
72125069,72,7212,721250,TRUE,TRUE,TRUE,TRUE
72125071,72,7212,721250,TRUE,TRUE,TRUE,FALSE
72125073,72,7212,721250,TRUE,TRUE,TRUE,FALSE
72125075,72,7212,721250,TRUE,TRUE,TRUE,FALSE
72125085,72,7212,721250,TRUE,TRUE,TRUE,FALSE
72125090,72,7212,721250,TRUE,TRUE,TRUE,TRUE
72125091,72,7212,721250,TRUE,TRUE,TRUE,FALSE
72125093,72,7212,721250,TRUE,TRUE,TRUE,FALSE
72125097,72,7212,721250,TRUE,TRUE,TRUE,FALSE
72125098,72,7212,721250,TRUE,TRUE,TRUE,FALSE
72125099,72,7212,721250,TRUE,TRUE,TRUE,FALSE
72126000,72,7212,721260,TRUE,TRUE,TRUE,TRUE
72126011,72,7212,721260,TRUE,TRUE,TRUE,FALSE
72126019,72,7212,721260,TRUE,TRUE,TRUE,FALSE
72126091,72,7212,721260,TRUE,TRUE,TRUE,FALSE
72126093,72,7212,721260,TRUE,TRUE,TRUE,FALSE
72126099,72,7212,721260,TRUE,TRUE,TRUE,FALSE
72131000,72,7213,721310,TRUE,TRUE,TRUE,TRUE
72132000,72,7213,721320,TRUE,TRUE,TRUE,TRUE
72133120,72,7213,721331,TRUE,TRUE,TRUE,FALSE
72133181,72,7213,721331,TRUE,TRUE,TRUE,FALSE
72133189,72,7213,721331,TRUE,TRUE,TRUE,FALSE
72133910,72,7213,721339,TRUE,TRUE,TRUE,FALSE
72133990,72,7213,721339,TRUE,TRUE,TRUE,FALSE
72134100,72,7213,721341,TRUE,TRUE,TRUE,FALSE
72134900,72,7213,721349,TRUE,TRUE,TRUE,FALSE
72135020,72,7213,721350,TRUE,TRUE,TRUE,FALSE
72135081,72,7213,721350,TRUE,TRUE,TRUE,FALSE
72135089,72,7213,721350,TRUE,TRUE,TRUE,FALSE
72139110,72,7213,721391,TRUE,TRUE,TRUE,TRUE
72139120,72,7213,721391,TRUE,TRUE,TRUE,TRUE
72139141,72,7213,721391,TRUE,TRUE,TRUE,TRUE
72139149,72,7213,721391,TRUE,TRUE,TRUE,TRUE
72139170,72,7213,721391,TRUE,TRUE,TRUE,TRUE
72139190,72,7213,721391,TRUE,TRUE,TRUE,TRUE
72139910,72,7213,721399,TRUE,TRUE,TRUE,TRUE
72139990,72,7213,721399,TRUE,TRUE,TRUE,TRUE
72141000,72,7214,721410,TRUE,TRUE,TRUE,TRUE
72142000,72,7214,721420,TRUE,TRUE,TRUE,TRUE
72143000,72,7214,721430,TRUE,TRUE,TRUE,TRUE
72144010,72,7214,721440,TRUE,TRUE,TRUE,FALSE
72144020,72,7214,721440,TRUE,TRUE,TRUE,FALSE
72144051,72,7214,721440,TRUE,TRUE,TRUE,FALSE
72144059,72,7214,721440,TRUE,TRUE,TRUE,FALSE
72144080,72,7214,721440,TRUE,TRUE,TRUE,FALSE
72145010,72,7214,721450,TRUE,TRUE,TRUE,FALSE
72145031,72,7214,721450,TRUE,TRUE,TRUE,FALSE
72145039,72,7214,721450,TRUE,TRUE,TRUE,FALSE
72145090,72,7214,721450,TRUE,TRUE,TRUE,FALSE
72146000,72,7214,721460,TRUE,TRUE,TRUE,FALSE
72149110,72,7214,721491,TRUE,TRUE,TRUE,TRUE
72149190,72,7214,721491,TRUE,TRUE,TRUE,TRUE
72149910,72,7214,721499,TRUE,TRUE,TRUE,TRUE
72149931,72,7214,721499,TRUE,TRUE,TRUE,TRUE
72149939,72,7214,721499,TRUE,TRUE,TRUE,TRUE
72149950,72,7214,721499,TRUE,TRUE,TRUE,TRUE
72149961,72,7214,721499,TRUE,TRUE,TRUE,FALSE
72149969,72,7214,721499,TRUE,TRUE,TRUE,FALSE
72149971,72,7214,721499,TRUE,TRUE,TRUE,TRUE
72149979,72,7214,721499,TRUE,TRUE,TRUE,TRUE
72149980,72,7214,721499,TRUE,TRUE,TRUE,FALSE
72149990,72,7214,721499,TRUE,TRUE,TRUE,FALSE
72149995,72,7214,721499,TRUE,TRUE,TRUE,TRUE
72151000,72,7215,721510,TRUE,TRUE,TRUE,TRUE
72152010,72,7215,721520,TRUE,TRUE,TRUE,FALSE
72152090,72,7215,721520,TRUE,TRUE,TRUE,FALSE
72153000,72,7215,721530,TRUE,TRUE,TRUE,FALSE
72154000,72,7215,721540,TRUE,TRUE,TRUE,FALSE
72155011,72,7215,721550,TRUE,TRUE,TRUE,TRUE
72155019,72,7215,721550,TRUE,TRUE,TRUE,TRUE
72155030,72,7215,721550,TRUE,TRUE,TRUE,FALSE
72155080,72,7215,721550,TRUE,TRUE,TRUE,TRUE
72155090,72,7215,721550,TRUE,TRUE,TRUE,FALSE
72159000,72,7215,721590,TRUE,TRUE,TRUE,TRUE
72159010,72,7215,721590,TRUE,TRUE,TRUE,FALSE
72159090,72,7215,721590,TRUE,TRUE,TRUE,FALSE
72161000,72,7216,721610,TRUE,TRUE,TRUE,TRUE
72162100,72,7216,721621,TRUE,TRUE,TRUE,TRUE
72162200,72,7216,721622,TRUE,TRUE,TRUE,TRUE
72163110,72,7216,721631,TRUE,TRUE,TRUE,TRUE
72163111,72,7216,721631,TRUE,TRUE,TRUE,FALSE
72163119,72,7216,721631,TRUE,TRUE,TRUE,FALSE
72163190,72,7216,721631,TRUE,TRUE,TRUE,TRUE
72163191,72,7216,721631,TRUE,TRUE,TRUE,FALSE
72163199,72,7216,721631,TRUE,TRUE,TRUE,FALSE
72163211,72,7216,721632,TRUE,TRUE,TRUE,TRUE
72163219,72,7216,721632,TRUE,TRUE,TRUE,TRUE
72163291,72,7216,721632,TRUE,TRUE,TRUE,TRUE
72163299,72,7216,721632,TRUE,TRUE,TRUE,TRUE
72163310,72,7216,721633,TRUE,TRUE,TRUE,TRUE
72163390,72,7216,721633,TRUE,TRUE,TRUE,TRUE
72164010,72,7216,721640,TRUE,TRUE,TRUE,TRUE
72164090,72,7216,721640,TRUE,TRUE,TRUE,TRUE
72165010,72,7216,721650,TRUE,TRUE,TRUE,TRUE
72165091,72,7216,721650,TRUE,TRUE,TRUE,TRUE
72165099,72,7216,721650,TRUE,TRUE,TRUE,TRUE
72166011,72,7216,721660,TRUE,TRUE,TRUE,FALSE
72166019,72,7216,721660,TRUE,TRUE,TRUE,FALSE
72166090,72,7216,721660,TRUE,TRUE,TRUE,FALSE
72166110,72,7216,721661,TRUE,TRUE,TRUE,TRUE
72166190,72,7216,721661,TRUE,TRUE,TRUE,TRUE
72166900,72,7216,721669,TRUE,TRUE,TRUE,TRUE
72169010,72,7216,721690,TRUE,TRUE,TRUE,FALSE
72169050,72,7216,721690,TRUE,TRUE,TRUE,FALSE
72169060,72,7216,721690,TRUE,TRUE,TRUE,FALSE
72169091,72,7216,721690,TRUE,TRUE,TRUE,FALSE
72169093,72,7216,721690,TRUE,TRUE,TRUE,FALSE
72169095,72,7216,721690,TRUE,TRUE,TRUE,FALSE
72169097,72,7216,721690,TRUE,TRUE,TRUE,FALSE
72169098,72,7216,721690,TRUE,TRUE,TRUE,FALSE
72169110,72,7216,721691,TRUE,TRUE,TRUE,TRUE
72169130,72,7216,721691,TRUE,TRUE,TRUE,FALSE
72169150,72,7216,721691,TRUE,TRUE,TRUE,FALSE
72169180,72,7216,721691,TRUE,TRUE,TRUE,TRUE
72169190,72,7216,721691,TRUE,TRUE,TRUE,FALSE
72169900,72,7216,721699,TRUE,TRUE,TRUE,TRUE
72169910,72,7216,721699,TRUE,TRUE,TRUE,FALSE
72169990,72,7216,721699,TRUE,TRUE,TRUE,FALSE
72171010,72,7217,721710,TRUE,TRUE,TRUE,TRUE
72171031,72,7217,721710,TRUE,TRUE,TRUE,TRUE
72171039,72,7217,721710,TRUE,TRUE,TRUE,TRUE
72171050,72,7217,721710,TRUE,TRUE,TRUE,TRUE
72171090,72,7217,721710,TRUE,TRUE,TRUE,TRUE
72171110,72,7217,721711,TRUE,TRUE,TRUE,FALSE
72171191,72,7217,721711,TRUE,TRUE,TRUE,FALSE
72171199,72,7217,721711,TRUE,TRUE,TRUE,FALSE
72171210,72,7217,721712,TRUE,TRUE,TRUE,FALSE
72171290,72,7217,721712,TRUE,TRUE,TRUE,FALSE
72171311,72,7217,721713,TRUE,TRUE,TRUE,FALSE
72171319,72,7217,721713,TRUE,TRUE,TRUE,FALSE
72171391,72,7217,721713,TRUE,TRUE,TRUE,FALSE
72171399,72,7217,721713,TRUE,TRUE,TRUE,FALSE
72171910,72,7217,721719,TRUE,TRUE,TRUE,FALSE
72171990,72,7217,721719,TRUE,TRUE,TRUE,FALSE
72172010,72,7217,721720,TRUE,TRUE,TRUE,TRUE
72172030,72,7217,721720,TRUE,TRUE,TRUE,TRUE
72172050,72,7217,721720,TRUE,TRUE,TRUE,TRUE
72172090,72,7217,721720,TRUE,TRUE,TRUE,TRUE
72172100,72,7217,721721,TRUE,TRUE,TRUE,FALSE
72172200,72,7217,721722,TRUE,TRUE,TRUE,FALSE
72172300,72,7217,721723,TRUE,TRUE,TRUE,FALSE
72172900,72,7217,721729,TRUE,TRUE,TRUE,FALSE
72173011,72,7217,721730,TRUE,TRUE,TRUE,FALSE
72173019,72,7217,721730,TRUE,TRUE,TRUE,FALSE
72173031,72,7217,721730,TRUE,TRUE,TRUE,FALSE
72173039,72,7217,721730,TRUE,TRUE,TRUE,FALSE
72173041,72,7217,721730,TRUE,TRUE,TRUE,TRUE
72173049,72,7217,721730,TRUE,TRUE,TRUE,TRUE
72173050,72,7217,721730,TRUE,TRUE,TRUE,TRUE
72173090,72,7217,721730,TRUE,TRUE,TRUE,TRUE
72173100,72,7217,721731,TRUE,TRUE,TRUE,FALSE
72173200,72,7217,721732,TRUE,TRUE,TRUE,FALSE
72173300,72,7217,721733,TRUE,TRUE,TRUE,FALSE
72173900,72,7217,721739,TRUE,TRUE,TRUE,FALSE
72179010,72,7217,721790,TRUE,TRUE,TRUE,FALSE
72179020,72,7217,721790,TRUE,TRUE,TRUE,TRUE
72179030,72,7217,721790,TRUE,TRUE,TRUE,FALSE
72179050,72,7217,721790,TRUE,TRUE,TRUE,TRUE
72179090,72,7217,721790,TRUE,TRUE,TRUE,TRUE
72181000,72,7218,721810,TRUE,TRUE,TRUE,TRUE
72189011,72,7218,721890,TRUE,TRUE,TRUE,FALSE
72189013,72,7218,721890,TRUE,TRUE,TRUE,FALSE
72189015,72,7218,721890,TRUE,TRUE,TRUE,FALSE
72189019,72,7218,721890,TRUE,TRUE,TRUE,FALSE
72189030,72,7218,721890,TRUE,TRUE,TRUE,FALSE
72189050,72,7218,721890,TRUE,TRUE,TRUE,FALSE
72189091,72,7218,721890,TRUE,TRUE,TRUE,FALSE
72189099,72,7218,721890,TRUE,TRUE,TRUE,FALSE
72189110,72,7218,721891,TRUE,TRUE,TRUE,TRUE
72189111,72,7218,721891,TRUE,TRUE,TRUE,FALSE
72189119,72,7218,721891,TRUE,TRUE,TRUE,FALSE
72189180,72,7218,721891,TRUE,TRUE,TRUE,TRUE
72189190,72,7218,721891,TRUE,TRUE,TRUE,FALSE
72189911,72,7218,721899,TRUE,TRUE,TRUE,TRUE
72189919,72,7218,721899,TRUE,TRUE,TRUE,TRUE
72189920,72,7218,721899,TRUE,TRUE,TRUE,TRUE
72189980,72,7218,721899,TRUE,TRUE,TRUE,TRUE
72189991,72,7218,721899,TRUE,TRUE,TRUE,FALSE
72189999,72,7218,721899,TRUE,TRUE,TRUE,FALSE
72191100,72,7219,721911,TRUE,TRUE,TRUE,TRUE
72191110,72,7219,721911,TRUE,TRUE,TRUE,FALSE
72191190,72,7219,721911,TRUE,TRUE,TRUE,FALSE
72191210,72,7219,721912,TRUE,TRUE,TRUE,TRUE
72191290,72,7219,721912,TRUE,TRUE,TRUE,TRUE
72191310,72,7219,721913,TRUE,TRUE,TRUE,TRUE
72191390,72,7219,721913,TRUE,TRUE,TRUE,TRUE
72191410,72,7219,721914,TRUE,TRUE,TRUE,TRUE
72191490,72,7219,721914,TRUE,TRUE,TRUE,TRUE
72192110,72,7219,721921,TRUE,TRUE,TRUE,TRUE
72192111,72,7219,721921,TRUE,TRUE,TRUE,FALSE
72192119,72,7219,721921,TRUE,TRUE,TRUE,FALSE
72192190,72,7219,721921,TRUE,TRUE,TRUE,TRUE
72192210,72,7219,721922,TRUE,TRUE,TRUE,TRUE
72192290,72,7219,721922,TRUE,TRUE,TRUE,TRUE
72192300,72,7219,721923,TRUE,TRUE,TRUE,TRUE
72192310,72,7219,721923,TRUE,TRUE,TRUE,FALSE
72192390,72,7219,721923,TRUE,TRUE,TRUE,FALSE
72192400,72,7219,721924,TRUE,TRUE,TRUE,TRUE
72192410,72,7219,721924,TRUE,TRUE,TRUE,FALSE
72192490,72,7219,721924,TRUE,TRUE,TRUE,FALSE
72193100,72,7219,721931,TRUE,TRUE,TRUE,TRUE
72193110,72,7219,721931,TRUE,TRUE,TRUE,FALSE
72193190,72,7219,721931,TRUE,TRUE,TRUE,FALSE
72193210,72,7219,721932,TRUE,TRUE,TRUE,TRUE
72193290,72,7219,721932,TRUE,TRUE,TRUE,TRUE
72193310,72,7219,721933,TRUE,TRUE,TRUE,TRUE
72193390,72,7219,721933,TRUE,TRUE,TRUE,TRUE
72193410,72,7219,721934,TRUE,TRUE,TRUE,TRUE
72193490,72,7219,721934,TRUE,TRUE,TRUE,TRUE
72193510,72,7219,721935,TRUE,TRUE,TRUE,TRUE
72193590,72,7219,721935,TRUE,TRUE,TRUE,TRUE
72199000,72,7219,721990,TRUE,TRUE,TRUE,FALSE
72199010,72,7219,721990,TRUE,TRUE,TRUE,FALSE
72199011,72,7219,721990,TRUE,TRUE,TRUE,FALSE
72199019,72,7219,721990,TRUE,TRUE,TRUE,FALSE
72199020,72,7219,721990,TRUE,TRUE,TRUE,TRUE
72199080,72,7219,721990,TRUE,TRUE,TRUE,TRUE
72199090,72,7219,721990,TRUE,TRUE,TRUE,FALSE
72199091,72,7219,721990,TRUE,TRUE,TRUE,FALSE
72199099,72,7219,721990,TRUE,TRUE,TRUE,FALSE
72201100,72,7220,722011,TRUE,TRUE,TRUE,TRUE
72201200,72,7220,722012,TRUE,TRUE,TRUE,TRUE
72202010,72,7220,722020,TRUE,TRUE,TRUE,FALSE
72202021,72,7220,722020,TRUE,TRUE,TRUE,TRUE
72202029,72,7220,722020,TRUE,TRUE,TRUE,TRUE
72202031,72,7220,722020,TRUE,TRUE,TRUE,FALSE
72202039,72,7220,722020,TRUE,TRUE,TRUE,FALSE
72202041,72,7220,722020,TRUE,TRUE,TRUE,TRUE
72202049,72,7220,722020,TRUE,TRUE,TRUE,TRUE
72202051,72,7220,722020,TRUE,TRUE,TRUE,FALSE
72202059,72,7220,722020,TRUE,TRUE,TRUE,FALSE
72202081,72,7220,722020,TRUE,TRUE,TRUE,TRUE
72202089,72,7220,722020,TRUE,TRUE,TRUE,TRUE
72202091,72,7220,722020,TRUE,TRUE,TRUE,FALSE
72202099,72,7220,722020,TRUE,TRUE,TRUE,FALSE
72209000,72,7220,722090,TRUE,TRUE,TRUE,FALSE
72209011,72,7220,722090,TRUE,TRUE,TRUE,FALSE
72209019,72,7220,722090,TRUE,TRUE,TRUE,FALSE
72209020,72,7220,722090,TRUE,TRUE,TRUE,TRUE
72209031,72,7220,722090,TRUE,TRUE,TRUE,FALSE
72209039,72,7220,722090,TRUE,TRUE,TRUE,FALSE
72209080,72,7220,722090,TRUE,TRUE,TRUE,TRUE
72209090,72,7220,722090,TRUE,TRUE,TRUE,FALSE
72210010,72,7221,722100,TRUE,TRUE,TRUE,TRUE
72210090,72,7221,722100,TRUE,TRUE,TRUE,TRUE
72221011,72,7222,722210,TRUE,TRUE,TRUE,FALSE
72221019,72,7222,722210,TRUE,TRUE,TRUE,FALSE
72221021,72,7222,722210,TRUE,TRUE,TRUE,FALSE
72221029,72,7222,722210,TRUE,TRUE,TRUE,FALSE
72221031,72,7222,722210,TRUE,TRUE,TRUE,FALSE
72221039,72,7222,722210,TRUE,TRUE,TRUE,FALSE
72221081,72,7222,722210,TRUE,TRUE,TRUE,FALSE
72221089,72,7222,722210,TRUE,TRUE,TRUE,FALSE
72221111,72,7222,722211,TRUE,TRUE,TRUE,TRUE
72221119,72,7222,722211,TRUE,TRUE,TRUE,TRUE
72221121,72,7222,722211,TRUE,TRUE,TRUE,FALSE
72221129,72,7222,722211,TRUE,TRUE,TRUE,FALSE
72221181,72,7222,722211,TRUE,TRUE,TRUE,TRUE
72221189,72,7222,722211,TRUE,TRUE,TRUE,TRUE
72221191,72,7222,722211,TRUE,TRUE,TRUE,FALSE
72221199,72,7222,722211,TRUE,TRUE,TRUE,FALSE
72221910,72,7222,722219,TRUE,TRUE,TRUE,TRUE
72221990,72,7222,722219,TRUE,TRUE,TRUE,TRUE
72222011,72,7222,722220,TRUE,TRUE,TRUE,TRUE
72222019,72,7222,722220,TRUE,TRUE,TRUE,TRUE
72222021,72,7222,722220,TRUE,TRUE,TRUE,TRUE
72222029,72,7222,722220,TRUE,TRUE,TRUE,TRUE
72222031,72,7222,722220,TRUE,TRUE,TRUE,TRUE
72222039,72,7222,722220,TRUE,TRUE,TRUE,TRUE
72222081,72,7222,722220,TRUE,TRUE,TRUE,TRUE
72222089,72,7222,722220,TRUE,TRUE,TRUE,TRUE
72223010,72,7222,722230,TRUE,TRUE,TRUE,FALSE
72223051,72,7222,722230,TRUE,TRUE,TRUE,TRUE
72223059,72,7222,722230,TRUE,TRUE,TRUE,FALSE
72223091,72,7222,722230,TRUE,TRUE,TRUE,TRUE
72223097,72,7222,722230,TRUE,TRUE,TRUE,TRUE
72223098,72,7222,722230,TRUE,TRUE,TRUE,FALSE
72223099,72,7222,722230,TRUE,TRUE,TRUE,FALSE
72224010,72,7222,722240,TRUE,TRUE,TRUE,TRUE
72224011,72,7222,722240,TRUE,TRUE,TRUE,FALSE
72224019,72,7222,722240,TRUE,TRUE,TRUE,FALSE
72224030,72,7222,722240,TRUE,TRUE,TRUE,FALSE
72224050,72,7222,722240,TRUE,TRUE,TRUE,TRUE
72224090,72,7222,722240,TRUE,TRUE,TRUE,TRUE
72224091,72,7222,722240,TRUE,TRUE,TRUE,FALSE
72224093,72,7222,722240,TRUE,TRUE,TRUE,FALSE
72224099,72,7222,722240,TRUE,TRUE,TRUE,FALSE
72230011,72,7223,722300,TRUE,TRUE,TRUE,TRUE
72230019,72,7223,722300,TRUE,TRUE,TRUE,TRUE
72230091,72,7223,722300,TRUE,TRUE,TRUE,TRUE
72230099,72,7223,722300,TRUE,TRUE,TRUE,TRUE
72241000,72,7224,722410,TRUE,TRUE,TRUE,FALSE
72241010,72,7224,722410,TRUE,TRUE,TRUE,TRUE
72241090,72,7224,722410,TRUE,TRUE,TRUE,TRUE
72249001,72,7224,722490,TRUE,TRUE,TRUE,FALSE
72249002,72,7224,722490,TRUE,TRUE,TRUE,TRUE
72249003,72,7224,722490,TRUE,TRUE,TRUE,TRUE
72249005,72,7224,722490,TRUE,TRUE,TRUE,TRUE
72249007,72,7224,722490,TRUE,TRUE,TRUE,TRUE
72249008,72,7224,722490,TRUE,TRUE,TRUE,FALSE
72249014,72,7224,722490,TRUE,TRUE,TRUE,TRUE
72249015,72,7224,722490,TRUE,TRUE,TRUE,FALSE
72249018,72,7224,722490,TRUE,TRUE,TRUE,TRUE
72249019,72,7224,722490,TRUE,TRUE,TRUE,FALSE
72249031,72,7224,722490,TRUE,TRUE,TRUE,TRUE
72249038,72,7224,722490,TRUE,TRUE,TRUE,TRUE
72249039,72,7224,722490,TRUE,TRUE,TRUE,FALSE
72249090,72,7224,722490,TRUE,TRUE,TRUE,TRUE
72249091,72,7224,722490,TRUE,TRUE,TRUE,FALSE
72249099,72,7224,722490,TRUE,TRUE,TRUE,FALSE
72251010,72,7225,722510,TRUE,TRUE,TRUE,FALSE
72251091,72,7225,722510,TRUE,TRUE,TRUE,FALSE
72251099,72,7225,722510,TRUE,TRUE,TRUE,FALSE
72251100,72,7225,722511,TRUE,TRUE,TRUE,TRUE
72251910,72,7225,722519,TRUE,TRUE,TRUE,TRUE
72251990,72,7225,722519,TRUE,TRUE,TRUE,TRUE
72252000,72,7225,722520,TRUE,TRUE,TRUE,FALSE
72252020,72,7225,722520,TRUE,TRUE,TRUE,FALSE
72252090,72,7225,722520,TRUE,TRUE,TRUE,FALSE
72253000,72,7225,722530,TRUE,TRUE,TRUE,FALSE
72253010,72,7225,722530,TRUE,TRUE,TRUE,TRUE
72253030,72,7225,722530,TRUE,TRUE,TRUE,TRUE
72253090,72,7225,722530,TRUE,TRUE,TRUE,TRUE
72254010,72,7225,722540,TRUE,TRUE,TRUE,FALSE
72254012,72,7225,722540,TRUE,TRUE,TRUE,TRUE
72254015,72,7225,722540,TRUE,TRUE,TRUE,TRUE
72254020,72,7225,722540,TRUE,TRUE,TRUE,FALSE
72254030,72,7225,722540,TRUE,TRUE,TRUE,FALSE
72254040,72,7225,722540,TRUE,TRUE,TRUE,TRUE
72254050,72,7225,722540,TRUE,TRUE,TRUE,FALSE
72254060,72,7225,722540,TRUE,TRUE,TRUE,TRUE
72254070,72,7225,722540,TRUE,TRUE,TRUE,FALSE
72254080,72,7225,722540,TRUE,TRUE,TRUE,FALSE
72254090,72,7225,722540,TRUE,TRUE,TRUE,TRUE
72255000,72,7225,722550,TRUE,TRUE,TRUE,FALSE
72255010,72,7225,722550,TRUE,TRUE,TRUE,FALSE
72255020,72,7225,722550,TRUE,TRUE,TRUE,TRUE
72255080,72,7225,722550,TRUE,TRUE,TRUE,TRUE
72255090,72,7225,722550,TRUE,TRUE,TRUE,FALSE
72259010,72,7225,722590,TRUE,TRUE,TRUE,FALSE
72259090,72,7225,722590,TRUE,TRUE,TRUE,FALSE
72259100,72,7225,722591,TRUE,TRUE,TRUE,TRUE
72259110,72,7225,722591,TRUE,TRUE,TRUE,FALSE
72259190,72,7225,722591,TRUE,TRUE,TRUE,FALSE
72259200,72,7225,722592,TRUE,TRUE,TRUE,TRUE
72259210,72,7225,722592,TRUE,TRUE,TRUE,FALSE
72259290,72,7225,722592,TRUE,TRUE,TRUE,FALSE
72259900,72,7225,722599,TRUE,TRUE,TRUE,TRUE
72259910,72,7225,722599,TRUE,TRUE,TRUE,FALSE
72259990,72,7225,722599,TRUE,TRUE,TRUE,FALSE
72261010,72,7226,722610,TRUE,TRUE,TRUE,FALSE
72261031,72,7226,722610,TRUE,TRUE,TRUE,FALSE
72261039,72,7226,722610,TRUE,TRUE,TRUE,FALSE
72261091,72,7226,722610,TRUE,TRUE,TRUE,FALSE
72261099,72,7226,722610,TRUE,TRUE,TRUE,FALSE
72261100,72,7226,722611,TRUE,TRUE,TRUE,TRUE
72261110,72,7226,722611,TRUE,TRUE,TRUE,FALSE
72261190,72,7226,722611,TRUE,TRUE,TRUE,FALSE
72261910,72,7226,722619,TRUE,TRUE,TRUE,TRUE
72261930,72,7226,722619,TRUE,TRUE,TRUE,FALSE
72261980,72,7226,722619,TRUE,TRUE,TRUE,TRUE
72261990,72,7226,722619,TRUE,TRUE,TRUE,FALSE
72262000,72,7226,722620,TRUE,TRUE,TRUE,TRUE
72262020,72,7226,722620,TRUE,TRUE,TRUE,FALSE
72262080,72,7226,722620,TRUE,TRUE,TRUE,FALSE
72269110,72,7226,722691,TRUE,TRUE,TRUE,FALSE
72269120,72,7226,722691,TRUE,TRUE,TRUE,TRUE
72269190,72,7226,722691,TRUE,TRUE,TRUE,FALSE
72269191,72,7226,722691,TRUE,TRUE,TRUE,TRUE
72269199,72,7226,722691,TRUE,TRUE,TRUE,TRUE
72269200,72,7226,722692,TRUE,TRUE,TRUE,TRUE
72269210,72,7226,722692,TRUE,TRUE,TRUE,FALSE
72269290,72,7226,722692,TRUE,TRUE,TRUE,FALSE
72269291,72,7226,722692,TRUE,TRUE,TRUE,FALSE
72269299,72,7226,722692,TRUE,TRUE,TRUE,FALSE
72269300,72,7226,722693,TRUE,TRUE,TRUE,FALSE
72269320,72,7226,722693,TRUE,TRUE,TRUE,FALSE
72269380,72,7226,722693,TRUE,TRUE,TRUE,FALSE
72269400,72,7226,722694,TRUE,TRUE,TRUE,FALSE
72269420,72,7226,722694,TRUE,TRUE,TRUE,FALSE
72269480,72,7226,722694,TRUE,TRUE,TRUE,FALSE
72269900,72,7226,722699,TRUE,TRUE,TRUE,FALSE
72269910,72,7226,722699,TRUE,TRUE,TRUE,TRUE
72269920,72,7226,722699,TRUE,TRUE,TRUE,FALSE
72269930,72,7226,722699,TRUE,TRUE,TRUE,TRUE
72269970,72,7226,722699,TRUE,TRUE,TRUE,TRUE
72269980,72,7226,722699,TRUE,TRUE,TRUE,FALSE
72271000,72,7227,722710,TRUE,TRUE,TRUE,TRUE
72272000,72,7227,722720,TRUE,TRUE,TRUE,TRUE
72279010,72,7227,722790,TRUE,TRUE,TRUE,TRUE
72279030,72,7227,722790,TRUE,TRUE,TRUE,FALSE
72279050,72,7227,722790,TRUE,TRUE,TRUE,TRUE
72279070,72,7227,722790,TRUE,TRUE,TRUE,FALSE
72279095,72,7227,722790,TRUE,TRUE,TRUE,TRUE
72281010,72,7228,722810,TRUE,TRUE,TRUE,FALSE
72281020,72,7228,722810,TRUE,TRUE,TRUE,TRUE
72281030,72,7228,722810,TRUE,TRUE,TRUE,FALSE
72281050,72,7228,722810,TRUE,TRUE,TRUE,TRUE
72281090,72,7228,722810,TRUE,TRUE,TRUE,TRUE
72282010,72,7228,722820,TRUE,TRUE,TRUE,TRUE
72282011,72,7228,722820,TRUE,TRUE,TRUE,FALSE
72282019,72,7228,722820,TRUE,TRUE,TRUE,FALSE
72282030,72,7228,722820,TRUE,TRUE,TRUE,FALSE
72282060,72,7228,722820,TRUE,TRUE,TRUE,FALSE
72282091,72,7228,722820,TRUE,TRUE,TRUE,TRUE
72282099,72,7228,722820,TRUE,TRUE,TRUE,TRUE
72283020,72,7228,722830,TRUE,TRUE,TRUE,TRUE
72283041,72,7228,722830,TRUE,TRUE,TRUE,TRUE
72283049,72,7228,722830,TRUE,TRUE,TRUE,TRUE
72283061,72,7228,722830,TRUE,TRUE,TRUE,TRUE
72283069,72,7228,722830,TRUE,TRUE,TRUE,TRUE
72283070,72,7228,722830,TRUE,TRUE,TRUE,TRUE
72283089,72,7228,722830,TRUE,TRUE,TRUE,TRUE
72284010,72,7228,722840,TRUE,TRUE,TRUE,TRUE
72284090,72,7228,722840,TRUE,TRUE,TRUE,TRUE
72285020,72,7228,722850,TRUE,TRUE,TRUE,TRUE
72285040,72,7228,722850,TRUE,TRUE,TRUE,TRUE
72285061,72,7228,722850,TRUE,TRUE,TRUE,TRUE
72285069,72,7228,722850,TRUE,TRUE,TRUE,TRUE
72285070,72,7228,722850,TRUE,TRUE,TRUE,FALSE
72285080,72,7228,722850,TRUE,TRUE,TRUE,TRUE
72285089,72,7228,722850,TRUE,TRUE,TRUE,FALSE
72286010,72,7228,722860,TRUE,TRUE,TRUE,FALSE
72286020,72,7228,722860,TRUE,TRUE,TRUE,TRUE
72286080,72,7228,722860,TRUE,TRUE,TRUE,TRUE
72286081,72,7228,722860,TRUE,TRUE,TRUE,FALSE
72286089,72,7228,722860,TRUE,TRUE,TRUE,FALSE
72287010,72,7228,722870,TRUE,TRUE,TRUE,TRUE
72287031,72,7228,722870,TRUE,TRUE,TRUE,FALSE
72287090,72,7228,722870,TRUE,TRUE,TRUE,TRUE
72287091,72,7228,722870,TRUE,TRUE,TRUE,FALSE
72287099,72,7228,722870,TRUE,TRUE,TRUE,FALSE
72288000,72,7228,722880,TRUE,TRUE,TRUE,TRUE
72288010,72,7228,722880,TRUE,TRUE,TRUE,FALSE
72288090,72,7228,722880,TRUE,TRUE,TRUE,FALSE
72291000,72,7229,722910,TRUE,TRUE,TRUE,FALSE
72292000,72,7229,722920,TRUE,TRUE,TRUE,TRUE
72299010,72,7229,722990,TRUE,TRUE,TRUE,FALSE
72299020,72,7229,722990,TRUE,TRUE,TRUE,TRUE
72299050,72,7229,722990,TRUE,TRUE,TRUE,TRUE
72299090,72,7229,722990,TRUE,TRUE,TRUE,TRUE
73011000,73,7301,730110,TRUE,TRUE,TRUE,TRUE
73012000,73,7301,730120,TRUE,TRUE,TRUE,TRUE
73021010,73,7302,730210,TRUE,TRUE,TRUE,TRUE
73021021,73,7302,730210,TRUE,TRUE,TRUE,FALSE
73021022,73,7302,730210,TRUE,TRUE,TRUE,TRUE
73021023,73,7302,730210,TRUE,TRUE,TRUE,FALSE
73021028,73,7302,730210,TRUE,TRUE,TRUE,TRUE
73021029,73,7302,730210,TRUE,TRUE,TRUE,FALSE
73021031,73,7302,730210,TRUE,TRUE,TRUE,FALSE
73021039,73,7302,730210,TRUE,TRUE,TRUE,FALSE
73021040,73,7302,730210,TRUE,TRUE,TRUE,TRUE
73021050,73,7302,730210,TRUE,TRUE,TRUE,TRUE
73021090,73,7302,730210,TRUE,TRUE,TRUE,TRUE
73022000,73,7302,730220,TRUE,TRUE,TRUE,FALSE
73023000,73,7302,730230,TRUE,TRUE,TRUE,TRUE
73024000,73,7302,730240,TRUE,TRUE,TRUE,TRUE
73024010,73,7302,730240,TRUE,TRUE,TRUE,FALSE
73024090,73,7302,730240,TRUE,TRUE,TRUE,FALSE
73029000,73,7302,730290,TRUE,TRUE,TRUE,TRUE
73029010,73,7302,730290,TRUE,TRUE,TRUE,FALSE
73029020,73,7302,730290,TRUE,TRUE,TRUE,FALSE
73029030,73,7302,730290,TRUE,TRUE,TRUE,FALSE
73029090,73,7302,730290,TRUE,TRUE,TRUE,FALSE
73030010,73,7303,730300,TRUE,TRUE,TRUE,TRUE
73030090,73,7303,730300,TRUE,TRUE,TRUE,TRUE
73041010,73,7304,730410,TRUE,TRUE,TRUE,FALSE
73041030,73,7304,730410,TRUE,TRUE,TRUE,FALSE
73041090,73,7304,730410,TRUE,TRUE,TRUE,FALSE
73041100,73,7304,730411,TRUE,TRUE,TRUE,TRUE
73041910,73,7304,730419,TRUE,TRUE,TRUE,TRUE
73041930,73,7304,730419,TRUE,TRUE,TRUE,TRUE
73041990,73,7304,730419,TRUE,TRUE,TRUE,TRUE
73042010,73,7304,730420,TRUE,TRUE,TRUE,FALSE
73042091,73,7304,730420,TRUE,TRUE,TRUE,FALSE
73042099,73,7304,730420,TRUE,TRUE,TRUE,FALSE
73042100,73,7304,730421,TRUE,TRUE,TRUE,FALSE
73042200,73,7304,730422,TRUE,TRUE,TRUE,TRUE
73042300,73,7304,730423,TRUE,TRUE,TRUE,TRUE
73042400,73,7304,730424,TRUE,TRUE,TRUE,TRUE
73042910,73,7304,730429,TRUE,TRUE,TRUE,TRUE
73042911,73,7304,730429,TRUE,TRUE,TRUE,FALSE
73042919,73,7304,730429,TRUE,TRUE,TRUE,FALSE
73042930,73,7304,730429,TRUE,TRUE,TRUE,TRUE
73042990,73,7304,730429,TRUE,TRUE,TRUE,TRUE
73043110,73,7304,730431,TRUE,TRUE,TRUE,FALSE
73043120,73,7304,730431,TRUE,TRUE,TRUE,TRUE
73043180,73,7304,730431,TRUE,TRUE,TRUE,TRUE
73043191,73,7304,730431,TRUE,TRUE,TRUE,FALSE
73043199,73,7304,730431,TRUE,TRUE,TRUE,FALSE
73043910,73,7304,730439,TRUE,TRUE,TRUE,TRUE
73043920,73,7304,730439,TRUE,TRUE,TRUE,FALSE
73043930,73,7304,730439,TRUE,TRUE,TRUE,FALSE
73043951,73,7304,730439,TRUE,TRUE,TRUE,FALSE
73043952,73,7304,730439,TRUE,TRUE,TRUE,TRUE
73043958,73,7304,730439,TRUE,TRUE,TRUE,TRUE
73043959,73,7304,730439,TRUE,TRUE,TRUE,FALSE
73043991,73,7304,730439,TRUE,TRUE,TRUE,FALSE
73043992,73,7304,730439,TRUE,TRUE,TRUE,TRUE
73043993,73,7304,730439,TRUE,TRUE,TRUE,TRUE
73043998,73,7304,730439,TRUE,TRUE,TRUE,TRUE
73043999,73,7304,730439,TRUE,TRUE,TRUE,FALSE
73044100,73,7304,730441,TRUE,TRUE,TRUE,TRUE
73044110,73,7304,730441,TRUE,TRUE,TRUE,FALSE
73044190,73,7304,730441,TRUE,TRUE,TRUE,FALSE
73044910,73,7304,730449,TRUE,TRUE,TRUE,TRUE
73044930,73,7304,730449,TRUE,TRUE,TRUE,FALSE
73044991,73,7304,730449,TRUE,TRUE,TRUE,FALSE
73044992,73,7304,730449,TRUE,TRUE,TRUE,FALSE
73044993,73,7304,730449,TRUE,TRUE,TRUE,TRUE
73044995,73,7304,730449,TRUE,TRUE,TRUE,TRUE
73044999,73,7304,730449,TRUE,TRUE,TRUE,TRUE
73045111,73,7304,730451,TRUE,TRUE,TRUE,FALSE
73045112,73,7304,730451,TRUE,TRUE,TRUE,TRUE
73045118,73,7304,730451,TRUE,TRUE,TRUE,TRUE
73045119,73,7304,730451,TRUE,TRUE,TRUE,FALSE
73045130,73,7304,730451,TRUE,TRUE,TRUE,FALSE
73045181,73,7304,730451,TRUE,TRUE,TRUE,TRUE
73045189,73,7304,730451,TRUE,TRUE,TRUE,TRUE
73045191,73,7304,730451,TRUE,TRUE,TRUE,FALSE
73045199,73,7304,730451,TRUE,TRUE,TRUE,FALSE
73045910,73,7304,730459,TRUE,TRUE,TRUE,TRUE
73045931,73,7304,730459,TRUE,TRUE,TRUE,FALSE
73045932,73,7304,730459,TRUE,TRUE,TRUE,TRUE
73045938,73,7304,730459,TRUE,TRUE,TRUE,TRUE
73045939,73,7304,730459,TRUE,TRUE,TRUE,FALSE
73045950,73,7304,730459,TRUE,TRUE,TRUE,FALSE
73045991,73,7304,730459,TRUE,TRUE,TRUE,FALSE
73045992,73,7304,730459,TRUE,TRUE,TRUE,TRUE
73045993,73,7304,730459,TRUE,TRUE,TRUE,TRUE
73045999,73,7304,730459,TRUE,TRUE,TRUE,TRUE
73049000,73,7304,730490,TRUE,TRUE,TRUE,TRUE
73049010,73,7304,730490,TRUE,TRUE,TRUE,FALSE
73049090,73,7304,730490,TRUE,TRUE,TRUE,FALSE
73051100,73,7305,730511,TRUE,TRUE,TRUE,TRUE
73051200,73,7305,730512,TRUE,TRUE,TRUE,TRUE
73051900,73,7305,730519,TRUE,TRUE,TRUE,TRUE
73052000,73,7305,730520,TRUE,TRUE,TRUE,TRUE
73052010,73,7305,730520,TRUE,TRUE,TRUE,FALSE
73052090,73,7305,730520,TRUE,TRUE,TRUE,FALSE
73053100,73,7305,730531,TRUE,TRUE,TRUE,TRUE
73053900,73,7305,730539,TRUE,TRUE,TRUE,TRUE
73059000,73,7305,730590,TRUE,TRUE,TRUE,TRUE
73061011,73,7306,730610,TRUE,TRUE,TRUE,FALSE
73061019,73,7306,730610,TRUE,TRUE,TRUE,FALSE
73061090,73,7306,730610,TRUE,TRUE,TRUE,FALSE
73061110,73,7306,730611,TRUE,TRUE,TRUE,TRUE
73061190,73,7306,730611,TRUE,TRUE,TRUE,TRUE
73061910,73,7306,730619,TRUE,TRUE,TRUE,TRUE
73061911,73,7306,730619,TRUE,TRUE,TRUE,FALSE
73061919,73,7306,730619,TRUE,TRUE,TRUE,FALSE
73061990,73,7306,730619,TRUE,TRUE,TRUE,TRUE
73062000,73,7306,730620,TRUE,TRUE,TRUE,FALSE
73062100,73,7306,730621,TRUE,TRUE,TRUE,TRUE
73062900,73,7306,730629,TRUE,TRUE,TRUE,TRUE
73063010,73,7306,730630,TRUE,TRUE,TRUE,FALSE
73063011,73,7306,730630,TRUE,TRUE,TRUE,TRUE
73063019,73,7306,730630,TRUE,TRUE,TRUE,TRUE
73063021,73,7306,730630,TRUE,TRUE,TRUE,FALSE
73063029,73,7306,730630,TRUE,TRUE,TRUE,FALSE
73063041,73,7306,730630,TRUE,TRUE,TRUE,TRUE
73063049,73,7306,730630,TRUE,TRUE,TRUE,TRUE
73063051,73,7306,730630,TRUE,TRUE,TRUE,FALSE
73063059,73,7306,730630,TRUE,TRUE,TRUE,FALSE
73063071,73,7306,730630,TRUE,TRUE,TRUE,FALSE
73063072,73,7306,730630,TRUE,TRUE,TRUE,TRUE
73063077,73,7306,730630,TRUE,TRUE,TRUE,TRUE
73063078,73,7306,730630,TRUE,TRUE,TRUE,FALSE
73063080,73,7306,730630,TRUE,TRUE,TRUE,TRUE
73063090,73,7306,730630,TRUE,TRUE,TRUE,FALSE
73064010,73,7306,730640,TRUE,TRUE,TRUE,FALSE
73064020,73,7306,730640,TRUE,TRUE,TRUE,TRUE
73064080,73,7306,730640,TRUE,TRUE,TRUE,TRUE
73064091,73,7306,730640,TRUE,TRUE,TRUE,FALSE
73064099,73,7306,730640,TRUE,TRUE,TRUE,FALSE
73065010,73,7306,730650,TRUE,TRUE,TRUE,FALSE
73065020,73,7306,730650,TRUE,TRUE,TRUE,TRUE
73065080,73,7306,730650,TRUE,TRUE,TRUE,TRUE
73065091,73,7306,730650,TRUE,TRUE,TRUE,FALSE
73065099,73,7306,730650,TRUE,TRUE,TRUE,FALSE
73066010,73,7306,730660,TRUE,TRUE,TRUE,FALSE
73066011,73,7306,730660,TRUE,TRUE,TRUE,FALSE
73066019,73,7306,730660,TRUE,TRUE,TRUE,FALSE
73066021,73,7306,730660,TRUE,TRUE,TRUE,FALSE
73066029,73,7306,730660,TRUE,TRUE,TRUE,FALSE
73066031,73,7306,730660,TRUE,TRUE,TRUE,FALSE
73066032,73,7306,730660,TRUE,TRUE,TRUE,FALSE
73066034,73,7306,730660,TRUE,TRUE,TRUE,FALSE
73066036,73,7306,730660,TRUE,TRUE,TRUE,FALSE
73066038,73,7306,730660,TRUE,TRUE,TRUE,FALSE
73066039,73,7306,730660,TRUE,TRUE,TRUE,FALSE
73066081,73,7306,730660,TRUE,TRUE,TRUE,FALSE
73066089,73,7306,730660,TRUE,TRUE,TRUE,FALSE
73066090,73,7306,730660,TRUE,TRUE,TRUE,FALSE
73066091,73,7306,730660,TRUE,TRUE,TRUE,FALSE
73066099,73,7306,730660,TRUE,TRUE,TRUE,FALSE
73066110,73,7306,730661,TRUE,TRUE,TRUE,TRUE
73066111,73,7306,730661,TRUE,TRUE,TRUE,FALSE
73066119,73,7306,730661,TRUE,TRUE,TRUE,FALSE
73066191,73,7306,730661,TRUE,TRUE,TRUE,FALSE
73066192,73,7306,730661,TRUE,TRUE,TRUE,TRUE
73066199,73,7306,730661,TRUE,TRUE,TRUE,TRUE
73066910,73,7306,730669,TRUE,TRUE,TRUE,TRUE
73066990,73,7306,730669,TRUE,TRUE,TRUE,TRUE
73069000,73,7306,730690,TRUE,TRUE,TRUE,TRUE
73071110,73,7307,730711,TRUE,TRUE,TRUE,TRUE
73071190,73,7307,730711,TRUE,TRUE,TRUE,TRUE
73071910,73,7307,730719,TRUE,TRUE,TRUE,TRUE
73071990,73,7307,730719,TRUE,TRUE,TRUE,TRUE
73072100,73,7307,730721,TRUE,TRUE,TRUE,TRUE
73072210,73,7307,730722,TRUE,TRUE,TRUE,TRUE
73072290,73,7307,730722,TRUE,TRUE,TRUE,TRUE
73072310,73,7307,730723,TRUE,TRUE,TRUE,TRUE
73072390,73,7307,730723,TRUE,TRUE,TRUE,TRUE
73072910,73,7307,730729,TRUE,TRUE,TRUE,TRUE
73072930,73,7307,730729,TRUE,TRUE,TRUE,FALSE
73072980,73,7307,730729,TRUE,TRUE,TRUE,TRUE
73072990,73,7307,730729,TRUE,TRUE,TRUE,FALSE
73079100,73,7307,730791,TRUE,TRUE,TRUE,TRUE
73079210,73,7307,730792,TRUE,TRUE,TRUE,TRUE
73079290,73,7307,730792,TRUE,TRUE,TRUE,TRUE
73079311,73,7307,730793,TRUE,TRUE,TRUE,TRUE
73079319,73,7307,730793,TRUE,TRUE,TRUE,TRUE
73079391,73,7307,730793,TRUE,TRUE,TRUE,TRUE
73079399,73,7307,730793,TRUE,TRUE,TRUE,TRUE
73079910,73,7307,730799,TRUE,TRUE,TRUE,TRUE
73079930,73,7307,730799,TRUE,TRUE,TRUE,FALSE
73079980,73,7307,730799,TRUE,TRUE,TRUE,TRUE
73079990,73,7307,730799,TRUE,TRUE,TRUE,FALSE
73081000,73,7308,730810,TRUE,TRUE,TRUE,TRUE
73082000,73,7308,730820,TRUE,TRUE,TRUE,TRUE
73083000,73,7308,730830,TRUE,TRUE,TRUE,TRUE
73084000,73,7308,730840,TRUE,TRUE,TRUE,TRUE
73084010,73,7308,730840,TRUE,TRUE,TRUE,FALSE
73084090,73,7308,730840,TRUE,TRUE,TRUE,FALSE
73089010,73,7308,730890,TRUE,TRUE,TRUE,FALSE
73089051,73,7308,730890,TRUE,TRUE,TRUE,TRUE
73089059,73,7308,730890,TRUE,TRUE,TRUE,TRUE
73089098,73,7308,730890,TRUE,TRUE,TRUE,TRUE
73089099,73,7308,730890,TRUE,TRUE,TRUE,FALSE
73090010,73,7309,730900,TRUE,TRUE,TRUE,TRUE
73090030,73,7309,730900,TRUE,TRUE,TRUE,TRUE
73090051,73,7309,730900,TRUE,TRUE,TRUE,TRUE
73090059,73,7309,730900,TRUE,TRUE,TRUE,TRUE
73090090,73,7309,730900,TRUE,TRUE,TRUE,TRUE
73101000,73,7310,731010,TRUE,TRUE,TRUE,TRUE
73102110,73,7310,731021,TRUE,TRUE,TRUE,FALSE
73102111,73,7310,731021,TRUE,TRUE,TRUE,TRUE
73102119,73,7310,731021,TRUE,TRUE,TRUE,TRUE
73102191,73,7310,731021,TRUE,TRUE,TRUE,TRUE
73102199,73,7310,731021,TRUE,TRUE,TRUE,TRUE
73102910,73,7310,731029,TRUE,TRUE,TRUE,TRUE
73102990,73,7310,731029,TRUE,TRUE,TRUE,TRUE
73110010,73,7311,731100,TRUE,TRUE,TRUE,FALSE
73110011,73,7311,731100,TRUE,TRUE,TRUE,TRUE
73110013,73,7311,731100,TRUE,TRUE,TRUE,TRUE
73110019,73,7311,731100,TRUE,TRUE,TRUE,TRUE
73110030,73,7311,731100,TRUE,TRUE,TRUE,TRUE
73110091,73,7311,731100,TRUE,TRUE,TRUE,TRUE
73110099,73,7311,731100,TRUE,TRUE,TRUE,TRUE
73121010,73,7312,731210,TRUE,FALSE,TRUE,FALSE
73121020,73,7312,731210,TRUE,FALSE,TRUE,TRUE
73121030,73,7312,731210,TRUE,FALSE,TRUE,FALSE
73121041,73,7312,731210,TRUE,FALSE,TRUE,TRUE
73121049,73,7312,731210,TRUE,FALSE,TRUE,TRUE
73121051,73,7312,731210,TRUE,FALSE,TRUE,FALSE
73121059,73,7312,731210,TRUE,FALSE,TRUE,FALSE
73121061,73,7312,731210,TRUE,FALSE,TRUE,TRUE
73121065,73,7312,731210,TRUE,FALSE,TRUE,TRUE
73121069,73,7312,731210,TRUE,FALSE,TRUE,TRUE
73121071,73,7312,731210,TRUE,FALSE,TRUE,FALSE
73121075,73,7312,731210,TRUE,FALSE,TRUE,FALSE
73121079,73,7312,731210,TRUE,FALSE,TRUE,FALSE
73121081,73,7312,731210,TRUE,FALSE,TRUE,TRUE
73121082,73,7312,731210,TRUE,FALSE,TRUE,FALSE
73121083,73,7312,731210,TRUE,FALSE,TRUE,TRUE
73121084,73,7312,731210,TRUE,FALSE,TRUE,FALSE
73121085,73,7312,731210,TRUE,FALSE,TRUE,TRUE
73121086,73,7312,731210,TRUE,FALSE,TRUE,FALSE
73121088,73,7312,731210,TRUE,FALSE,TRUE,FALSE
73121089,73,7312,731210,TRUE,FALSE,TRUE,TRUE
73121098,73,7312,731210,TRUE,FALSE,TRUE,TRUE
73121099,73,7312,731210,TRUE,FALSE,TRUE,FALSE
73129000,73,7312,731290,TRUE,FALSE,TRUE,TRUE
73129010,73,7312,731290,TRUE,FALSE,TRUE,FALSE
73129090,73,7312,731290,TRUE,FALSE,TRUE,FALSE
73130000,73,7313,731300,TRUE,FALSE,TRUE,TRUE
73141110,73,7314,731411,TRUE,FALSE,TRUE,FALSE
73141190,73,7314,731411,TRUE,FALSE,TRUE,FALSE
73141200,73,7314,731412,TRUE,FALSE,TRUE,TRUE
73141300,73,7314,731413,TRUE,FALSE,TRUE,FALSE
73141400,73,7314,731414,TRUE,FALSE,TRUE,TRUE
73141900,73,7314,731419,TRUE,FALSE,TRUE,TRUE
73141910,73,7314,731419,TRUE,FALSE,TRUE,FALSE
73141990,73,7314,731419,TRUE,FALSE,TRUE,FALSE
73142010,73,7314,731420,TRUE,FALSE,TRUE,TRUE
73142090,73,7314,731420,TRUE,FALSE,TRUE,TRUE
73143010,73,7314,731430,TRUE,FALSE,TRUE,FALSE
73143090,73,7314,731430,TRUE,FALSE,TRUE,FALSE
73143100,73,7314,731431,TRUE,FALSE,TRUE,TRUE
73143900,73,7314,731439,TRUE,FALSE,TRUE,TRUE
73144100,73,7314,731441,TRUE,FALSE,TRUE,TRUE
73144110,73,7314,731441,TRUE,FALSE,TRUE,FALSE
73144190,73,7314,731441,TRUE,FALSE,TRUE,FALSE
73144200,73,7314,731442,TRUE,FALSE,TRUE,TRUE
73144210,73,7314,731442,TRUE,FALSE,TRUE,FALSE
73144290,73,7314,731442,TRUE,FALSE,TRUE,FALSE
73144900,73,7314,731449,TRUE,FALSE,TRUE,TRUE
73145000,73,7314,731450,TRUE,FALSE,TRUE,TRUE
73151110,73,7315,731511,TRUE,FALSE,TRUE,TRUE
73151190,73,7315,731511,TRUE,FALSE,TRUE,TRUE
73151200,73,7315,731512,TRUE,FALSE,TRUE,TRUE
73151900,73,7315,731519,TRUE,FALSE,TRUE,TRUE
73152000,73,7315,731520,TRUE,FALSE,TRUE,TRUE
73158100,73,7315,731581,TRUE,FALSE,TRUE,TRUE
73158200,73,7315,731582,TRUE,FALSE,TRUE,TRUE
73158210,73,7315,731582,TRUE,FALSE,TRUE,FALSE
73158290,73,7315,731582,TRUE,FALSE,TRUE,FALSE
73158900,73,7315,731589,TRUE,FALSE,TRUE,TRUE
73159000,73,7315,731590,TRUE,FALSE,TRUE,TRUE
73160000,73,7316,731600,TRUE,FALSE,TRUE,TRUE
73170010,73,7317,731700,TRUE,FALSE,TRUE,FALSE
73170020,73,7317,731700,TRUE,FALSE,TRUE,TRUE
73170040,73,7317,731700,TRUE,FALSE,TRUE,FALSE
73170060,73,7317,731700,TRUE,FALSE,TRUE,TRUE
73170061,73,7317,731700,TRUE,FALSE,TRUE,FALSE
73170069,73,7317,731700,TRUE,FALSE,TRUE,FALSE
73170080,73,7317,731700,TRUE,FALSE,TRUE,TRUE
73170090,73,7317,731700,TRUE,FALSE,TRUE,FALSE
73181100,73,7318,731811,TRUE,TRUE,TRUE,TRUE
73181210,73,7318,731812,TRUE,TRUE,TRUE,TRUE
73181290,73,7318,731812,TRUE,TRUE,TRUE,TRUE
73181300,73,7318,731813,TRUE,TRUE,TRUE,TRUE
73181410,73,7318,731814,TRUE,TRUE,TRUE,TRUE
73181491,73,7318,731814,TRUE,TRUE,TRUE,TRUE
73181499,73,7318,731814,TRUE,TRUE,TRUE,TRUE
73181510,73,7318,731815,TRUE,TRUE,TRUE,TRUE
73181520,73,7318,731815,TRUE,TRUE,TRUE,TRUE
73181530,73,7318,731815,TRUE,TRUE,TRUE,TRUE
73181535,73,7318,731815,TRUE,TRUE,TRUE,FALSE
73181541,73,7318,731815,TRUE,TRUE,TRUE,TRUE
73181542,73,7318,731815,TRUE,TRUE,TRUE,FALSE
73181548,73,7318,731815,TRUE,TRUE,TRUE,FALSE
73181549,73,7318,731815,TRUE,TRUE,TRUE,TRUE
73181551,73,7318,731815,TRUE,TRUE,TRUE,TRUE
73181552,73,7318,731815,TRUE,TRUE,TRUE,FALSE
73181558,73,7318,731815,TRUE,TRUE,TRUE,FALSE
73181559,73,7318,731815,TRUE,TRUE,TRUE,TRUE
73181561,73,7318,731815,TRUE,TRUE,TRUE,TRUE
73181562,73,7318,731815,TRUE,TRUE,TRUE,FALSE
73181568,73,7318,731815,TRUE,TRUE,TRUE,FALSE
73181569,73,7318,731815,TRUE,TRUE,TRUE,TRUE
73181570,73,7318,731815,TRUE,TRUE,TRUE,TRUE
73181575,73,7318,731815,TRUE,TRUE,TRUE,FALSE
73181581,73,7318,731815,TRUE,TRUE,TRUE,TRUE
73181582,73,7318,731815,TRUE,TRUE,TRUE,FALSE
73181588,73,7318,731815,TRUE,TRUE,TRUE,FALSE
73181589,73,7318,731815,TRUE,TRUE,TRUE,TRUE
73181590,73,7318,731815,TRUE,TRUE,TRUE,TRUE
73181595,73,7318,731815,TRUE,TRUE,TRUE,FALSE
73181610,73,7318,731816,TRUE,TRUE,TRUE,TRUE
73181630,73,7318,731816,TRUE,TRUE,TRUE,TRUE
73181631,73,7318,731816,TRUE,TRUE,TRUE,FALSE
73181639,73,7318,731816,TRUE,TRUE,TRUE,FALSE
73181640,73,7318,731816,TRUE,TRUE,TRUE,FALSE
73181650,73,7318,731816,TRUE,TRUE,TRUE,TRUE
73181660,73,7318,731816,TRUE,TRUE,TRUE,FALSE
73181691,73,7318,731816,TRUE,TRUE,TRUE,TRUE
73181692,73,7318,731816,TRUE,TRUE,TRUE,FALSE
73181699,73,7318,731816,TRUE,TRUE,TRUE,TRUE
73181900,73,7318,731819,TRUE,TRUE,TRUE,TRUE
73182100,73,7318,731821,TRUE,TRUE,TRUE,TRUE
73182200,73,7318,731822,TRUE,TRUE,TRUE,TRUE
73182300,73,7318,731823,TRUE,TRUE,TRUE,TRUE
73182400,73,7318,731824,TRUE,TRUE,TRUE,TRUE
73182900,73,7318,731829,TRUE,TRUE,TRUE,TRUE
73191000,73,7319,731910,TRUE,FALSE,TRUE,FALSE
73192000,73,7319,731920,TRUE,FALSE,TRUE,FALSE
73193000,73,7319,731930,TRUE,FALSE,TRUE,FALSE
73194000,73,7319,731940,TRUE,FALSE,TRUE,TRUE
73199000,73,7319,731990,TRUE,FALSE,TRUE,FALSE
73199010,73,7319,731990,TRUE,FALSE,TRUE,TRUE
73199090,73,7319,731990,TRUE,FALSE,TRUE,TRUE
73201011,73,7320,732010,TRUE,FALSE,TRUE,TRUE
73201019,73,7320,732010,TRUE,FALSE,TRUE,TRUE
73201090,73,7320,732010,TRUE,FALSE,TRUE,TRUE
73202020,73,7320,732020,TRUE,FALSE,TRUE,TRUE
73202081,73,7320,732020,TRUE,FALSE,TRUE,TRUE
73202085,73,7320,732020,TRUE,FALSE,TRUE,TRUE
73202089,73,7320,732020,TRUE,FALSE,TRUE,TRUE
73209010,73,7320,732090,TRUE,FALSE,TRUE,TRUE
73209030,73,7320,732090,TRUE,FALSE,TRUE,TRUE
73209090,73,7320,732090,TRUE,FALSE,TRUE,TRUE
73211110,73,7321,732111,TRUE,FALSE,TRUE,TRUE
73211190,73,7321,732111,TRUE,FALSE,TRUE,TRUE
73211200,73,7321,732112,TRUE,FALSE,TRUE,TRUE
73211300,73,7321,732113,TRUE,FALSE,TRUE,FALSE
73211900,73,7321,732119,TRUE,FALSE,TRUE,TRUE
73218100,73,7321,732181,TRUE,FALSE,TRUE,TRUE
73218110,73,7321,732181,TRUE,FALSE,TRUE,FALSE
73218190,73,7321,732181,TRUE,FALSE,TRUE,FALSE
73218200,73,7321,732182,TRUE,FALSE,TRUE,TRUE
73218210,73,7321,732182,TRUE,FALSE,TRUE,FALSE
73218290,73,7321,732182,TRUE,FALSE,TRUE,FALSE
73218300,73,7321,732183,TRUE,FALSE,TRUE,FALSE
73218900,73,7321,732189,TRUE,FALSE,TRUE,TRUE
73219000,73,7321,732190,TRUE,FALSE,TRUE,TRUE
73221100,73,7322,732211,TRUE,FALSE,TRUE,TRUE
73221900,73,7322,732219,TRUE,FALSE,TRUE,TRUE
73229000,73,7322,732290,TRUE,FALSE,TRUE,TRUE
73229010,73,7322,732290,TRUE,FALSE,TRUE,FALSE
73229090,73,7322,732290,TRUE,FALSE,TRUE,FALSE
73231000,73,7323,732310,TRUE,FALSE,TRUE,TRUE
73239100,73,7323,732391,TRUE,FALSE,TRUE,TRUE
73239200,73,7323,732392,TRUE,FALSE,TRUE,TRUE
73239300,73,7323,732393,TRUE,FALSE,TRUE,TRUE
73239310,73,7323,732393,TRUE,FALSE,TRUE,FALSE
73239390,73,7323,732393,TRUE,FALSE,TRUE,FALSE
73239400,73,7323,732394,TRUE,FALSE,TRUE,TRUE
73239410,73,7323,732394,TRUE,FALSE,TRUE,FALSE
73239490,73,7323,732394,TRUE,FALSE,TRUE,FALSE
73239900,73,7323,732399,TRUE,FALSE,TRUE,TRUE
73239910,73,7323,732399,TRUE,FALSE,TRUE,FALSE
73239991,73,7323,732399,TRUE,FALSE,TRUE,FALSE
73239999,73,7323,732399,TRUE,FALSE,TRUE,FALSE
73241000,73,7324,732410,TRUE,FALSE,TRUE,TRUE
73241010,73,7324,732410,TRUE,FALSE,TRUE,FALSE
73241090,73,7324,732410,TRUE,FALSE,TRUE,FALSE
73242100,73,7324,732421,TRUE,FALSE,TRUE,TRUE
73242900,73,7324,732429,TRUE,FALSE,TRUE,TRUE
73249000,73,7324,732490,TRUE,FALSE,TRUE,TRUE
73249010,73,7324,732490,TRUE,FALSE,TRUE,FALSE
73249090,73,7324,732490,TRUE,FALSE,TRUE,FALSE
73251000,73,7325,732510,TRUE,FALSE,TRUE,TRUE
73251020,73,7325,732510,TRUE,FALSE,TRUE,FALSE
73251050,73,7325,732510,TRUE,FALSE,TRUE,FALSE
73251091,73,7325,732510,TRUE,FALSE,TRUE,FALSE
73251092,73,7325,732510,TRUE,FALSE,TRUE,FALSE
73251099,73,7325,732510,TRUE,FALSE,TRUE,FALSE
73259100,73,7325,732591,TRUE,FALSE,TRUE,TRUE
73259910,73,7325,732599,TRUE,FALSE,TRUE,TRUE
73259990,73,7325,732599,TRUE,FALSE,TRUE,TRUE
73259991,73,7325,732599,TRUE,FALSE,TRUE,FALSE
73259999,73,7325,732599,TRUE,FALSE,TRUE,FALSE
73261100,73,7326,732611,TRUE,TRUE,TRUE,TRUE
73261910,73,7326,732619,TRUE,TRUE,TRUE,TRUE
73261990,73,7326,732619,TRUE,TRUE,TRUE,TRUE
73262000,73,7326,732620,TRUE,TRUE,TRUE,TRUE
73262010,73,7326,732620,TRUE,TRUE,TRUE,FALSE
73262030,73,7326,732620,TRUE,TRUE,TRUE,FALSE
73262050,73,7326,732620,TRUE,TRUE,TRUE,FALSE
73262080,73,7326,732620,TRUE,TRUE,TRUE,FALSE
73262090,73,7326,732620,TRUE,TRUE,TRUE,FALSE
73269010,73,7326,732690,TRUE,TRUE,TRUE,FALSE
73269030,73,7326,732690,TRUE,TRUE,TRUE,TRUE
73269040,73,7326,732690,TRUE,TRUE,TRUE,TRUE
73269050,73,7326,732690,TRUE,TRUE,TRUE,TRUE
73269060,73,7326,732690,TRUE,TRUE,TRUE,TRUE
73269070,73,7326,732690,TRUE,TRUE,TRUE,FALSE
73269080,73,7326,732690,TRUE,TRUE,TRUE,FALSE
73269091,73,7326,732690,TRUE,TRUE,TRUE,FALSE
73269092,73,7326,732690,TRUE,TRUE,TRUE,TRUE
73269093,73,7326,732690,TRUE,TRUE,TRUE,FALSE
73269094,73,7326,732690,TRUE,TRUE,TRUE,TRUE
73269095,73,7326,732690,TRUE,TRUE,TRUE,FALSE
73269096,73,7326,732690,TRUE,TRUE,TRUE,TRUE
73269097,73,7326,732690,TRUE,TRUE,TRUE,FALSE
73269098,73,7326,732690,TRUE,TRUE,TRUE,TRUE
74010000,74,7401,740100,TRUE,FALSE,TRUE,TRUE
74011000,74,7401,740110,TRUE,FALSE,TRUE,FALSE
74012000,74,7401,740120,TRUE,FALSE,TRUE,FALSE
74020000,74,7402,740200,TRUE,FALSE,TRUE,TRUE
74031100,74,7403,740311,TRUE,FALSE,TRUE,TRUE
74031200,74,7403,740312,TRUE,FALSE,TRUE,TRUE
74031300,74,7403,740313,TRUE,FALSE,TRUE,TRUE
74031900,74,7403,740319,TRUE,FALSE,TRUE,TRUE
74032100,74,7403,740321,TRUE,FALSE,TRUE,TRUE
74032200,74,7403,740322,TRUE,FALSE,TRUE,TRUE
74032300,74,7403,740323,TRUE,FALSE,TRUE,FALSE
74032900,74,7403,740329,TRUE,FALSE,TRUE,TRUE
74040010,74,7404,740400,TRUE,FALSE,TRUE,TRUE
74040091,74,7404,740400,TRUE,FALSE,TRUE,TRUE
74040099,74,7404,740400,TRUE,FALSE,TRUE,TRUE
74050000,74,7405,740500,TRUE,FALSE,TRUE,TRUE
74061000,74,7406,740610,TRUE,FALSE,TRUE,TRUE
74062000,74,7406,740620,TRUE,FALSE,TRUE,TRUE
74071000,74,7407,740710,TRUE,FALSE,TRUE,TRUE
74072110,74,7407,740721,TRUE,FALSE,TRUE,TRUE
74072190,74,7407,740721,TRUE,FALSE,TRUE,TRUE
74072210,74,7407,740722,TRUE,FALSE,TRUE,FALSE
74072290,74,7407,740722,TRUE,FALSE,TRUE,FALSE
74072900,74,7407,740729,TRUE,FALSE,TRUE,TRUE
74072910,74,7407,740729,TRUE,FALSE,TRUE,FALSE
74072990,74,7407,740729,TRUE,FALSE,TRUE,FALSE
74081100,74,7408,740811,TRUE,FALSE,TRUE,TRUE
74081910,74,7408,740819,TRUE,FALSE,TRUE,TRUE
74081990,74,7408,740819,TRUE,FALSE,TRUE,TRUE
74082100,74,7408,740821,TRUE,FALSE,TRUE,TRUE
74082200,74,7408,740822,TRUE,FALSE,TRUE,TRUE
74082900,74,7408,740829,TRUE,FALSE,TRUE,TRUE
74091100,74,7409,740911,TRUE,FALSE,TRUE,TRUE
74091900,74,7409,740919,TRUE,FALSE,TRUE,TRUE
74092100,74,7409,740921,TRUE,FALSE,TRUE,TRUE
74092900,74,7409,740929,TRUE,FALSE,TRUE,TRUE
74093100,74,7409,740931,TRUE,FALSE,TRUE,TRUE
74093900,74,7409,740939,TRUE,FALSE,TRUE,TRUE
74094000,74,7409,740940,TRUE,FALSE,TRUE,TRUE
74094010,74,7409,740940,TRUE,FALSE,TRUE,FALSE
74094090,74,7409,740940,TRUE,FALSE,TRUE,FALSE
74099000,74,7409,740990,TRUE,FALSE,TRUE,TRUE
74099010,74,7409,740990,TRUE,FALSE,TRUE,FALSE
74099090,74,7409,740990,TRUE,FALSE,TRUE,FALSE
74101100,74,7410,741011,TRUE,FALSE,TRUE,TRUE
74101200,74,7410,741012,TRUE,FALSE,TRUE,TRUE
74102100,74,7410,741021,TRUE,FALSE,TRUE,TRUE
74102200,74,7410,741022,TRUE,FALSE,TRUE,TRUE
74111010,74,7411,741110,TRUE,FALSE,TRUE,TRUE
74111011,74,7411,741110,TRUE,FALSE,TRUE,FALSE
74111019,74,7411,741110,TRUE,FALSE,TRUE,FALSE
74111090,74,7411,741110,TRUE,FALSE,TRUE,TRUE
74112110,74,7411,741121,TRUE,FALSE,TRUE,TRUE
74112190,74,7411,741121,TRUE,FALSE,TRUE,TRUE
74112200,74,7411,741122,TRUE,FALSE,TRUE,TRUE
74112900,74,7411,741129,TRUE,FALSE,TRUE,TRUE
74112910,74,7411,741129,TRUE,FALSE,TRUE,FALSE
74112990,74,7411,741129,TRUE,FALSE,TRUE,FALSE
74121000,74,7412,741210,TRUE,FALSE,TRUE,TRUE
74122000,74,7412,741220,TRUE,FALSE,TRUE,TRUE
74130000,74,7413,741300,TRUE,FALSE,TRUE,TRUE
74130010,74,7413,741300,TRUE,FALSE,TRUE,FALSE
74130020,74,7413,741300,TRUE,FALSE,TRUE,FALSE
74130080,74,7413,741300,TRUE,FALSE,TRUE,FALSE
74130091,74,7413,741300,TRUE,FALSE,TRUE,FALSE
74130099,74,7413,741300,TRUE,FALSE,TRUE,FALSE
74141000,74,7414,741410,TRUE,FALSE,TRUE,FALSE
74142000,74,7414,741420,TRUE,FALSE,TRUE,FALSE
74149000,74,7414,741490,TRUE,FALSE,TRUE,FALSE
74149010,74,7414,741490,TRUE,FALSE,TRUE,FALSE
74149090,74,7414,741490,TRUE,FALSE,TRUE,FALSE
74151000,74,7415,741510,TRUE,FALSE,TRUE,TRUE
74152100,74,7415,741521,TRUE,FALSE,TRUE,TRUE
74152900,74,7415,741529,TRUE,FALSE,TRUE,TRUE
74153100,74,7415,741531,TRUE,FALSE,TRUE,FALSE
74153200,74,7415,741532,TRUE,FALSE,TRUE,FALSE
74153300,74,7415,741533,TRUE,FALSE,TRUE,TRUE
74153900,74,7415,741539,TRUE,FALSE,TRUE,TRUE
74160000,74,7416,741600,TRUE,FALSE,TRUE,FALSE
74170000,74,7417,741700,TRUE,FALSE,TRUE,FALSE
74181000,74,7418,741810,TRUE,FALSE,TRUE,FALSE
74181010,74,7418,741810,TRUE,FALSE,TRUE,TRUE
74181090,74,7418,741810,TRUE,FALSE,TRUE,TRUE
74181100,74,7418,741811,TRUE,FALSE,TRUE,FALSE
74181900,74,7418,741819,TRUE,FALSE,TRUE,FALSE
74181910,74,7418,741819,TRUE,FALSE,TRUE,FALSE
74181990,74,7418,741819,TRUE,FALSE,TRUE,FALSE
74182000,74,7418,741820,TRUE,FALSE,TRUE,TRUE
74191000,74,7419,741910,TRUE,FALSE,TRUE,TRUE
74199100,74,7419,741991,TRUE,FALSE,TRUE,TRUE
74199900,74,7419,741999,TRUE,FALSE,TRUE,FALSE
74199910,74,7419,741999,TRUE,FALSE,TRUE,TRUE
74199930,74,7419,741999,TRUE,FALSE,TRUE,TRUE
74199990,74,7419,741999,TRUE,FALSE,TRUE,TRUE
75011000,75,7501,750110,TRUE,FALSE,TRUE,TRUE
75012000,75,7501,750120,TRUE,FALSE,TRUE,TRUE
75021000,75,7502,750210,TRUE,FALSE,TRUE,TRUE
75022000,75,7502,750220,TRUE,FALSE,TRUE,TRUE
75030010,75,7503,750300,TRUE,FALSE,TRUE,TRUE
75030090,75,7503,750300,TRUE,FALSE,TRUE,TRUE
75040000,75,7504,750400,TRUE,FALSE,TRUE,TRUE
75051100,75,7505,750511,TRUE,FALSE,TRUE,TRUE
75051200,75,7505,750512,TRUE,FALSE,TRUE,TRUE
75052100,75,7505,750521,TRUE,FALSE,TRUE,TRUE
75052200,75,7505,750522,TRUE,FALSE,TRUE,TRUE
75061000,75,7506,750610,TRUE,FALSE,TRUE,TRUE
75062000,75,7506,750620,TRUE,FALSE,TRUE,TRUE
75071100,75,7507,750711,TRUE,FALSE,TRUE,TRUE
75071200,75,7507,750712,TRUE,FALSE,TRUE,TRUE
75072000,75,7507,750720,TRUE,FALSE,TRUE,TRUE
75080010,75,7508,750800,TRUE,FALSE,TRUE,FALSE
75080090,75,7508,750800,TRUE,FALSE,TRUE,FALSE
75081000,75,7508,750810,TRUE,FALSE,TRUE,TRUE
75089000,75,7508,750890,TRUE,FALSE,TRUE,TRUE
76011000,76,7601,760110,TRUE,TRUE,TRUE,TRUE
76012010,76,7601,760120,TRUE,TRUE,TRUE,FALSE
76012020,76,7601,760120,TRUE,TRUE,TRUE,TRUE
76012080,76,7601,760120,TRUE,TRUE,TRUE,TRUE
76012090,76,7601,760120,TRUE,TRUE,TRUE,FALSE
76012091,76,7601,760120,TRUE,TRUE,TRUE,FALSE
76012099,76,7601,760120,TRUE,TRUE,TRUE,FALSE
76020011,76,7602,760200,TRUE,FALSE,TRUE,TRUE
76020019,76,7602,760200,TRUE,FALSE,TRUE,TRUE
76020090,76,7602,760200,TRUE,FALSE,TRUE,TRUE
76031000,76,7603,760310,TRUE,TRUE,TRUE,TRUE
76032000,76,7603,760320,TRUE,TRUE,TRUE,TRUE
76041010,76,7604,760410,TRUE,TRUE,TRUE,TRUE
76041090,76,7604,760410,TRUE,TRUE,TRUE,TRUE
76042100,76,7604,760421,TRUE,TRUE,TRUE,TRUE
76042910,76,7604,760429,TRUE,TRUE,TRUE,TRUE
76042990,76,7604,760429,TRUE,TRUE,TRUE,TRUE
76051100,76,7605,760511,TRUE,TRUE,TRUE,TRUE
76051900,76,7605,760519,TRUE,TRUE,TRUE,TRUE
76052100,76,7605,760521,TRUE,TRUE,TRUE,TRUE
76052900,76,7605,760529,TRUE,TRUE,TRUE,TRUE
76061110,76,7606,760611,TRUE,TRUE,TRUE,TRUE
76061191,76,7606,760611,TRUE,TRUE,TRUE,TRUE
76061193,76,7606,760611,TRUE,TRUE,TRUE,TRUE
76061199,76,7606,760611,TRUE,TRUE,TRUE,TRUE
76061210,76,7606,760612,TRUE,TRUE,TRUE,FALSE
76061220,76,7606,760612,TRUE,TRUE,TRUE,TRUE
76061250,76,7606,760612,TRUE,TRUE,TRUE,FALSE
76061291,76,7606,760612,TRUE,TRUE,TRUE,FALSE
76061292,76,7606,760612,TRUE,TRUE,TRUE,TRUE
76061293,76,7606,760612,TRUE,TRUE,TRUE,TRUE
76061299,76,7606,760612,TRUE,TRUE,TRUE,TRUE
76069100,76,7606,760691,TRUE,TRUE,TRUE,TRUE
76069200,76,7606,760692,TRUE,TRUE,TRUE,TRUE
76071110,76,7607,760711,TRUE,TRUE,TRUE,FALSE
76071111,76,7607,760711,TRUE,TRUE,TRUE,TRUE
76071119,76,7607,760711,TRUE,TRUE,TRUE,TRUE
76071190,76,7607,760711,TRUE,TRUE,TRUE,TRUE
76071910,76,7607,760719,TRUE,TRUE,TRUE,TRUE
76071990,76,7607,760719,TRUE,TRUE,TRUE,TRUE
76071991,76,7607,760719,TRUE,TRUE,TRUE,FALSE
76071999,76,7607,760719,TRUE,TRUE,TRUE,FALSE
76072010,76,7607,760720,TRUE,TRUE,TRUE,TRUE
76072090,76,7607,760720,TRUE,TRUE,TRUE,TRUE
76072091,76,7607,760720,TRUE,TRUE,TRUE,FALSE
76072099,76,7607,760720,TRUE,TRUE,TRUE,FALSE
76081000,76,7608,760810,TRUE,TRUE,TRUE,TRUE
76081010,76,7608,760810,TRUE,TRUE,TRUE,FALSE
76081090,76,7608,760810,TRUE,TRUE,TRUE,FALSE
76082010,76,7608,760820,TRUE,TRUE,TRUE,FALSE
76082020,76,7608,760820,TRUE,TRUE,TRUE,TRUE
76082030,76,7608,760820,TRUE,TRUE,TRUE,FALSE
76082081,76,7608,760820,TRUE,TRUE,TRUE,TRUE
76082089,76,7608,760820,TRUE,TRUE,TRUE,TRUE
76082091,76,7608,760820,TRUE,TRUE,TRUE,FALSE
76082099,76,7608,760820,TRUE,TRUE,TRUE,FALSE
76090000,76,7609,760900,TRUE,TRUE,TRUE,TRUE
76101000,76,7610,761010,TRUE,TRUE,TRUE,TRUE
76109010,76,7610,761090,TRUE,TRUE,TRUE,TRUE
76109090,76,7610,761090,TRUE,TRUE,TRUE,TRUE
76110000,76,7611,761100,TRUE,TRUE,TRUE,TRUE
76121000,76,7612,761210,TRUE,TRUE,TRUE,TRUE
76129010,76,7612,761290,TRUE,TRUE,TRUE,FALSE
76129020,76,7612,761290,TRUE,TRUE,TRUE,TRUE
76129030,76,7612,761290,TRUE,TRUE,TRUE,TRUE
76129080,76,7612,761290,TRUE,TRUE,TRUE,TRUE
76129090,76,7612,761290,TRUE,TRUE,TRUE,FALSE
76129091,76,7612,761290,TRUE,TRUE,TRUE,FALSE
76129098,76,7612,761290,TRUE,TRUE,TRUE,FALSE
76130000,76,7613,761300,TRUE,TRUE,TRUE,TRUE
76141000,76,7614,761410,TRUE,TRUE,TRUE,TRUE
76149000,76,7614,761490,TRUE,TRUE,TRUE,TRUE
76151010,76,7615,761510,TRUE,FALSE,TRUE,TRUE
76151030,76,7615,761510,TRUE,FALSE,TRUE,TRUE
76151080,76,7615,761510,TRUE,FALSE,TRUE,TRUE
76151090,76,7615,761510,TRUE,FALSE,TRUE,FALSE
76151100,76,7615,761511,TRUE,FALSE,TRUE,FALSE
76151910,76,7615,761519,TRUE,FALSE,TRUE,FALSE
76151990,76,7615,761519,TRUE,FALSE,TRUE,FALSE
76152000,76,7615,761520,TRUE,FALSE,TRUE,TRUE
76161000,76,7616,761610,TRUE,TRUE,TRUE,TRUE
76169010,76,7616,761690,TRUE,TRUE,TRUE,FALSE
76169030,76,7616,761690,TRUE,TRUE,TRUE,FALSE
76169091,76,7616,761690,TRUE,TRUE,TRUE,FALSE
76169099,76,7616,761690,TRUE,TRUE,TRUE,FALSE
76169100,76,7616,761691,TRUE,TRUE,TRUE,TRUE
76169910,76,7616,761699,TRUE,TRUE,TRUE,TRUE
76169990,76,7616,761699,TRUE,TRUE,TRUE,TRUE
78011000,78,7801,780110,TRUE,FALSE,TRUE,TRUE
78019100,78,7801,780191,TRUE,FALSE,TRUE,TRUE
78019910,78,7801,780199,TRUE,FALSE,TRUE,TRUE
78019990,78,7801,780199,TRUE,FALSE,TRUE,TRUE
78019991,78,7801,780199,TRUE,FALSE,TRUE,FALSE
78019999,78,7801,780199,TRUE,FALSE,TRUE,FALSE
78020000,78,7802,780200,TRUE,FALSE,TRUE,TRUE
78020010,78,7802,780200,TRUE,FALSE,TRUE,FALSE
78020090,78,7802,780200,TRUE,FALSE,TRUE,FALSE
78030000,78,7803,780300,TRUE,FALSE,TRUE,FALSE
78041100,78,7804,780411,TRUE,FALSE,TRUE,TRUE
78041900,78,7804,780419,TRUE,FALSE,TRUE,TRUE
78042000,78,7804,780420,TRUE,FALSE,TRUE,TRUE
78050000,78,7805,780500,TRUE,FALSE,TRUE,FALSE
78060010,78,7806,780600,TRUE,FALSE,TRUE,TRUE
78060030,78,7806,780600,TRUE,FALSE,TRUE,FALSE
78060050,78,7806,780600,TRUE,FALSE,TRUE,FALSE
78060080,78,7806,780600,TRUE,FALSE,TRUE,TRUE
78060090,78,7806,780600,TRUE,FALSE,TRUE,FALSE
79011100,79,7901,790111,TRUE,FALSE,TRUE,TRUE
79011210,79,7901,790112,TRUE,FALSE,TRUE,TRUE
79011230,79,7901,790112,TRUE,FALSE,TRUE,TRUE
79011290,79,7901,790112,TRUE,FALSE,TRUE,TRUE
79012000,79,7901,790120,TRUE,FALSE,TRUE,TRUE
79020000,79,7902,790200,TRUE,FALSE,TRUE,TRUE
79031000,79,7903,790310,TRUE,FALSE,TRUE,TRUE
79039000,79,7903,790390,TRUE,FALSE,TRUE,TRUE
79040000,79,7904,790400,TRUE,FALSE,TRUE,TRUE
79050000,79,7905,790500,TRUE,FALSE,TRUE,TRUE
79060000,79,7906,790600,TRUE,FALSE,TRUE,FALSE
79070000,79,7907,790700,TRUE,FALSE,TRUE,TRUE
79070010,79,7907,790700,TRUE,FALSE,TRUE,FALSE
79070090,79,7907,790700,TRUE,FALSE,TRUE,FALSE
79071000,79,7907,790710,TRUE,FALSE,TRUE,FALSE
79079000,79,7907,790790,TRUE,FALSE,TRUE,FALSE
80011000,80,8001,800110,TRUE,FALSE,TRUE,TRUE
80012000,80,8001,800120,TRUE,FALSE,TRUE,TRUE
80020000,80,8002,800200,TRUE,FALSE,TRUE,TRUE
80030000,80,8003,800300,TRUE,FALSE,TRUE,TRUE
80040000,80,8004,800400,TRUE,FALSE,TRUE,FALSE
80050000,80,8005,800500,TRUE,FALSE,TRUE,FALSE
80050010,80,8005,800500,TRUE,FALSE,TRUE,FALSE
80050020,80,8005,800500,TRUE,FALSE,TRUE,FALSE
80051000,80,8005,800510,TRUE,FALSE,TRUE,FALSE
80052000,80,8005,800520,TRUE,FALSE,TRUE,FALSE
80060000,80,8006,800600,TRUE,FALSE,TRUE,FALSE
80070000,80,8007,800700,TRUE,FALSE,TRUE,FALSE
80070010,80,8007,800700,TRUE,FALSE,TRUE,TRUE
80070030,80,8007,800700,TRUE,FALSE,TRUE,FALSE
80070050,80,8007,800700,TRUE,FALSE,TRUE,FALSE
80070080,80,8007,800700,TRUE,FALSE,TRUE,TRUE
80070090,80,8007,800700,TRUE,FALSE,TRUE,FALSE
81011000,81,8101,810110,TRUE,FALSE,TRUE,TRUE
81019110,81,8101,810191,TRUE,FALSE,TRUE,FALSE
81019190,81,8101,810191,TRUE,FALSE,TRUE,FALSE
81019200,81,8101,810192,TRUE,FALSE,TRUE,FALSE
81019300,81,8101,810193,TRUE,FALSE,TRUE,FALSE
81019400,81,8101,810194,TRUE,FALSE,TRUE,TRUE
81019500,81,8101,810195,TRUE,FALSE,TRUE,FALSE
81019600,81,8101,810196,TRUE,FALSE,TRUE,TRUE
81019700,81,8101,810197,TRUE,FALSE,TRUE,TRUE
81019900,81,8101,810199,TRUE,FALSE,TRUE,FALSE
81019910,81,8101,810199,TRUE,FALSE,TRUE,TRUE
81019990,81,8101,810199,TRUE,FALSE,TRUE,TRUE
81021000,81,8102,810210,TRUE,FALSE,TRUE,TRUE
81029110,81,8102,810291,TRUE,FALSE,TRUE,FALSE
81029190,81,8102,810291,TRUE,FALSE,TRUE,FALSE
81029200,81,8102,810292,TRUE,FALSE,TRUE,FALSE
81029300,81,8102,810293,TRUE,FALSE,TRUE,FALSE
81029400,81,8102,810294,TRUE,FALSE,TRUE,TRUE
81029500,81,8102,810295,TRUE,FALSE,TRUE,TRUE
81029600,81,8102,810296,TRUE,FALSE,TRUE,TRUE
81029700,81,8102,810297,TRUE,FALSE,TRUE,TRUE
81029900,81,8102,810299,TRUE,FALSE,TRUE,TRUE
81031010,81,8103,810310,TRUE,FALSE,TRUE,FALSE
81031090,81,8103,810310,TRUE,FALSE,TRUE,FALSE
81032000,81,8103,810320,TRUE,FALSE,TRUE,TRUE
81033000,81,8103,810330,TRUE,FALSE,TRUE,TRUE
81039010,81,8103,810390,TRUE,FALSE,TRUE,TRUE
81039090,81,8103,810390,TRUE,FALSE,TRUE,TRUE
81041100,81,8104,810411,TRUE,FALSE,TRUE,TRUE
81041900,81,8104,810419,TRUE,FALSE,TRUE,TRUE
81042000,81,8104,810420,TRUE,FALSE,TRUE,TRUE
81043000,81,8104,810430,TRUE,FALSE,TRUE,TRUE
81049000,81,8104,810490,TRUE,FALSE,TRUE,TRUE
81051010,81,8105,810510,TRUE,FALSE,TRUE,FALSE
81051090,81,8105,810510,TRUE,FALSE,TRUE,FALSE
81052000,81,8105,810520,TRUE,FALSE,TRUE,TRUE
81053000,81,8105,810530,TRUE,FALSE,TRUE,TRUE
81059000,81,8105,810590,TRUE,FALSE,TRUE,TRUE
81060010,81,8106,810600,TRUE,FALSE,TRUE,TRUE
81060090,81,8106,810600,TRUE,FALSE,TRUE,TRUE
81071010,81,8107,810710,TRUE,FALSE,TRUE,FALSE
81071090,81,8107,810710,TRUE,FALSE,TRUE,FALSE
81072000,81,8107,810720,TRUE,FALSE,TRUE,TRUE
81073000,81,8107,810730,TRUE,FALSE,TRUE,TRUE
81079000,81,8107,810790,TRUE,FALSE,TRUE,TRUE
81081010,81,8108,810810,TRUE,FALSE,TRUE,FALSE
81081090,81,8108,810810,TRUE,FALSE,TRUE,FALSE
81082000,81,8108,810820,TRUE,FALSE,TRUE,TRUE
81083000,81,8108,810830,TRUE,FALSE,TRUE,TRUE
81089010,81,8108,810890,TRUE,FALSE,TRUE,FALSE
81089030,81,8108,810890,TRUE,FALSE,TRUE,TRUE
81089050,81,8108,810890,TRUE,FALSE,TRUE,TRUE
81089060,81,8108,810890,TRUE,FALSE,TRUE,TRUE
81089070,81,8108,810890,TRUE,FALSE,TRUE,FALSE
81089090,81,8108,810890,TRUE,FALSE,TRUE,TRUE
81091010,81,8109,810910,TRUE,FALSE,TRUE,FALSE
81091090,81,8109,810910,TRUE,FALSE,TRUE,FALSE
81092000,81,8109,810920,TRUE,FALSE,TRUE,TRUE
81093000,81,8109,810930,TRUE,FALSE,TRUE,TRUE
81099000,81,8109,810990,TRUE,FALSE,TRUE,TRUE
81100011,81,8110,811000,TRUE,FALSE,TRUE,FALSE
81100019,81,8110,811000,TRUE,FALSE,TRUE,FALSE
81100090,81,8110,811000,TRUE,FALSE,TRUE,FALSE
81101000,81,8110,811010,TRUE,FALSE,TRUE,TRUE
81102000,81,8110,811020,TRUE,FALSE,TRUE,TRUE
81109000,81,8110,811090,TRUE,FALSE,TRUE,TRUE
81110011,81,8111,811100,TRUE,FALSE,TRUE,TRUE
81110019,81,8111,811100,TRUE,FALSE,TRUE,TRUE
81110090,81,8111,811100,TRUE,FALSE,TRUE,TRUE
81121110,81,8112,811211,TRUE,FALSE,TRUE,FALSE
81121190,81,8112,811211,TRUE,FALSE,TRUE,FALSE
81121200,81,8112,811212,TRUE,FALSE,TRUE,TRUE
81121300,81,8112,811213,TRUE,FALSE,TRUE,TRUE
81121900,81,8112,811219,TRUE,FALSE,TRUE,TRUE
81122010,81,8112,811220,TRUE,FALSE,TRUE,FALSE
81122031,81,8112,811220,TRUE,FALSE,TRUE,FALSE
81122039,81,8112,811220,TRUE,FALSE,TRUE,FALSE
81122090,81,8112,811220,TRUE,FALSE,TRUE,FALSE
81122110,81,8112,811221,TRUE,FALSE,TRUE,TRUE
81122190,81,8112,811221,TRUE,FALSE,TRUE,TRUE
81122200,81,8112,811222,TRUE,FALSE,TRUE,TRUE
81122900,81,8112,811229,TRUE,FALSE,TRUE,TRUE
81123020,81,8112,811230,TRUE,FALSE,TRUE,FALSE
81123040,81,8112,811230,TRUE,FALSE,TRUE,FALSE
81123090,81,8112,811230,TRUE,FALSE,TRUE,FALSE
81124010,81,8112,811240,TRUE,FALSE,TRUE,FALSE
81124011,81,8112,811240,TRUE,FALSE,TRUE,FALSE
81124019,81,8112,811240,TRUE,FALSE,TRUE,FALSE
81124090,81,8112,811240,TRUE,FALSE,TRUE,FALSE
81125100,81,8112,811251,TRUE,FALSE,TRUE,TRUE
81125200,81,8112,811252,TRUE,FALSE,TRUE,TRUE
81125900,81,8112,811259,TRUE,FALSE,TRUE,TRUE
81129110,81,8112,811291,TRUE,FALSE,TRUE,FALSE
81129131,81,8112,811291,TRUE,FALSE,TRUE,FALSE
81129139,81,8112,811291,TRUE,FALSE,TRUE,FALSE
81129150,81,8112,811291,TRUE,FALSE,TRUE,FALSE
81129181,81,8112,811291,TRUE,FALSE,TRUE,FALSE
81129189,81,8112,811291,TRUE,FALSE,TRUE,FALSE
81129210,81,8112,811292,TRUE,FALSE,TRUE,TRUE
81129221,81,8112,811292,TRUE,FALSE,TRUE,TRUE
81129231,81,8112,811292,TRUE,FALSE,TRUE,TRUE
81129239,81,8112,811292,TRUE,FALSE,TRUE,FALSE
81129250,81,8112,811292,TRUE,FALSE,TRUE,FALSE
81129281,81,8112,811292,TRUE,FALSE,TRUE,TRUE
81129289,81,8112,811292,TRUE,FALSE,TRUE,TRUE
81129291,81,8112,811292,TRUE,FALSE,TRUE,TRUE
81129295,81,8112,811292,TRUE,FALSE,TRUE,TRUE
81129910,81,8112,811299,TRUE,FALSE,TRUE,FALSE
81129920,81,8112,811299,TRUE,FALSE,TRUE,TRUE
81129930,81,8112,811299,TRUE,FALSE,TRUE,TRUE
81129970,81,8112,811299,TRUE,FALSE,TRUE,TRUE
81129980,81,8112,811299,TRUE,FALSE,TRUE,FALSE
81129990,81,8112,811299,TRUE,FALSE,TRUE,FALSE
81130020,81,8113,811300,TRUE,FALSE,TRUE,TRUE
81130040,81,8113,811300,TRUE,FALSE,TRUE,TRUE
81130090,81,8113,811300,TRUE,FALSE,TRUE,TRUE
82011000,82,8201,820110,FALSE,FALSE,FALSE,TRUE
82012000,82,8201,820120,FALSE,FALSE,FALSE,FALSE
82013000,82,8201,820130,FALSE,FALSE,FALSE,TRUE
82014000,82,8201,820140,FALSE,FALSE,FALSE,TRUE
82015000,82,8201,820150,FALSE,FALSE,FALSE,TRUE
82016000,82,8201,820160,FALSE,FALSE,FALSE,TRUE
82019000,82,8201,820190,FALSE,FALSE,FALSE,TRUE
82021000,82,8202,820210,FALSE,FALSE,FALSE,TRUE
82022000,82,8202,820220,FALSE,FALSE,FALSE,TRUE
82022010,82,8202,820220,FALSE,FALSE,FALSE,FALSE
82022090,82,8202,820220,FALSE,FALSE,FALSE,FALSE
82023100,82,8202,820231,FALSE,FALSE,FALSE,TRUE
82023110,82,8202,820231,FALSE,FALSE,FALSE,FALSE
82023151,82,8202,820231,FALSE,FALSE,FALSE,FALSE
82023159,82,8202,820231,FALSE,FALSE,FALSE,FALSE
82023190,82,8202,820231,FALSE,FALSE,FALSE,FALSE
82023210,82,8202,820232,FALSE,FALSE,FALSE,FALSE
82023290,82,8202,820232,FALSE,FALSE,FALSE,FALSE
82023900,82,8202,820239,FALSE,FALSE,FALSE,TRUE
82024000,82,8202,820240,FALSE,FALSE,FALSE,TRUE
82029100,82,8202,820291,FALSE,FALSE,FALSE,TRUE
82029911,82,8202,820299,FALSE,FALSE,FALSE,FALSE
82029919,82,8202,820299,FALSE,FALSE,FALSE,FALSE
82029920,82,8202,820299,FALSE,FALSE,FALSE,TRUE
82029980,82,8202,820299,FALSE,FALSE,FALSE,TRUE
82029990,82,8202,820299,FALSE,FALSE,FALSE,FALSE
82031000,82,8203,820310,FALSE,FALSE,FALSE,TRUE
82032000,82,8203,820320,FALSE,FALSE,FALSE,TRUE
82032010,82,8203,820320,FALSE,FALSE,FALSE,FALSE
82032090,82,8203,820320,FALSE,FALSE,FALSE,FALSE
82033000,82,8203,820330,FALSE,FALSE,FALSE,TRUE
82034000,82,8203,820340,FALSE,FALSE,FALSE,TRUE
82041100,82,8204,820411,FALSE,FALSE,FALSE,TRUE
82041200,82,8204,820412,FALSE,FALSE,FALSE,TRUE
82042000,82,8204,820420,FALSE,FALSE,FALSE,TRUE
82051000,82,8205,820510,FALSE,FALSE,FALSE,TRUE
82052000,82,8205,820520,FALSE,FALSE,FALSE,TRUE
82053000,82,8205,820530,FALSE,FALSE,FALSE,TRUE
82054000,82,8205,820540,FALSE,FALSE,FALSE,TRUE
82055100,82,8205,820551,FALSE,FALSE,FALSE,TRUE
82055910,82,8205,820559,FALSE,FALSE,FALSE,TRUE
82055930,82,8205,820559,FALSE,FALSE,FALSE,FALSE
82055980,82,8205,820559,FALSE,FALSE,FALSE,TRUE
82055990,82,8205,820559,FALSE,FALSE,FALSE,FALSE
82056000,82,8205,820560,FALSE,FALSE,FALSE,TRUE
82057000,82,8205,820570,FALSE,FALSE,FALSE,TRUE
82058000,82,8205,820580,FALSE,FALSE,FALSE,FALSE
82059000,82,8205,820590,FALSE,FALSE,FALSE,FALSE
82059010,82,8205,820590,FALSE,FALSE,FALSE,TRUE
82059090,82,8205,820590,FALSE,FALSE,FALSE,TRUE
82060000,82,8206,820600,FALSE,FALSE,FALSE,TRUE
82071100,82,8207,820711,FALSE,FALSE,FALSE,FALSE
82071210,82,8207,820712,FALSE,FALSE,FALSE,FALSE
82071290,82,8207,820712,FALSE,FALSE,FALSE,FALSE
82071300,82,8207,820713,FALSE,FALSE,FALSE,TRUE
82071910,82,8207,820719,FALSE,FALSE,FALSE,TRUE
82071990,82,8207,820719,FALSE,FALSE,FALSE,TRUE
82072010,82,8207,820720,FALSE,FALSE,FALSE,TRUE
82072090,82,8207,820720,FALSE,FALSE,FALSE,TRUE
82072091,82,8207,820720,FALSE,FALSE,FALSE,FALSE
82072099,82,8207,820720,FALSE,FALSE,FALSE,FALSE
82073010,82,8207,820730,FALSE,FALSE,FALSE,TRUE
82073090,82,8207,820730,FALSE,FALSE,FALSE,TRUE
82074010,82,8207,820740,FALSE,FALSE,FALSE,TRUE
82074011,82,8207,820740,FALSE,FALSE,FALSE,FALSE
82074019,82,8207,820740,FALSE,FALSE,FALSE,FALSE
82074030,82,8207,820740,FALSE,FALSE,FALSE,TRUE
82074031,82,8207,820740,FALSE,FALSE,FALSE,FALSE
82074039,82,8207,820740,FALSE,FALSE,FALSE,FALSE
82074090,82,8207,820740,FALSE,FALSE,FALSE,TRUE
82075010,82,8207,820750,FALSE,FALSE,FALSE,TRUE
82075030,82,8207,820750,FALSE,FALSE,FALSE,TRUE
82075050,82,8207,820750,FALSE,FALSE,FALSE,TRUE
82075060,82,8207,820750,FALSE,FALSE,FALSE,TRUE
82075070,82,8207,820750,FALSE,FALSE,FALSE,TRUE
82075090,82,8207,820750,FALSE,FALSE,FALSE,TRUE
82076010,82,8207,820760,FALSE,FALSE,FALSE,TRUE
82076030,82,8207,820760,FALSE,FALSE,FALSE,TRUE
82076031,82,8207,820760,FALSE,FALSE,FALSE,FALSE
82076039,82,8207,820760,FALSE,FALSE,FALSE,FALSE
82076050,82,8207,820760,FALSE,FALSE,FALSE,TRUE
82076070,82,8207,820760,FALSE,FALSE,FALSE,TRUE
82076071,82,8207,820760,FALSE,FALSE,FALSE,FALSE
82076079,82,8207,820760,FALSE,FALSE,FALSE,FALSE
82076090,82,8207,820760,FALSE,FALSE,FALSE,TRUE
82077010,82,8207,820770,FALSE,FALSE,FALSE,TRUE
82077031,82,8207,820770,FALSE,FALSE,FALSE,TRUE
82077035,82,8207,820770,FALSE,FALSE,FALSE,FALSE
82077037,82,8207,820770,FALSE,FALSE,FALSE,TRUE
82077038,82,8207,820770,FALSE,FALSE,FALSE,FALSE
82077090,82,8207,820770,FALSE,FALSE,FALSE,TRUE
82078011,82,8207,820780,FALSE,FALSE,FALSE,TRUE
82078015,82,8207,820780,FALSE,FALSE,FALSE,FALSE
82078018,82,8207,820780,FALSE,FALSE,FALSE,FALSE
82078019,82,8207,820780,FALSE,FALSE,FALSE,TRUE
82078090,82,8207,820780,FALSE,FALSE,FALSE,TRUE
82079010,82,8207,820790,FALSE,FALSE,FALSE,TRUE
82079030,82,8207,820790,FALSE,FALSE,FALSE,TRUE
82079050,82,8207,820790,FALSE,FALSE,FALSE,TRUE
82079071,82,8207,820790,FALSE,FALSE,FALSE,TRUE
82079078,82,8207,820790,FALSE,FALSE,FALSE,TRUE
82079091,82,8207,820790,FALSE,FALSE,FALSE,TRUE
82079099,82,8207,820790,FALSE,FALSE,FALSE,TRUE
82081000,82,8208,820810,FALSE,FALSE,FALSE,TRUE
82082000,82,8208,820820,FALSE,FALSE,FALSE,TRUE
82083000,82,8208,820830,FALSE,FALSE,FALSE,TRUE
82083010,82,8208,820830,FALSE,FALSE,FALSE,FALSE
82083090,82,8208,820830,FALSE,FALSE,FALSE,FALSE
82084000,82,8208,820840,FALSE,FALSE,FALSE,TRUE
82089000,82,8208,820890,FALSE,FALSE,FALSE,TRUE
82090020,82,8209,820900,FALSE,FALSE,FALSE,TRUE
82090080,82,8209,820900,FALSE,FALSE,FALSE,TRUE
82100000,82,8210,821000,FALSE,FALSE,FALSE,TRUE
82111000,82,8211,821110,FALSE,FALSE,FALSE,TRUE
82119100,82,8211,821191,FALSE,FALSE,FALSE,TRUE
82119110,82,8211,821191,FALSE,FALSE,FALSE,FALSE
82119130,82,8211,821191,FALSE,FALSE,FALSE,FALSE
82119180,82,8211,821191,FALSE,FALSE,FALSE,FALSE
82119200,82,8211,821192,FALSE,FALSE,FALSE,TRUE
82119210,82,8211,821192,FALSE,FALSE,FALSE,FALSE
82119290,82,8211,821192,FALSE,FALSE,FALSE,FALSE
82119300,82,8211,821193,FALSE,FALSE,FALSE,TRUE
82119310,82,8211,821193,FALSE,FALSE,FALSE,FALSE
82119390,82,8211,821193,FALSE,FALSE,FALSE,FALSE
82119400,82,8211,821194,FALSE,FALSE,FALSE,TRUE
82119500,82,8211,821195,FALSE,FALSE,FALSE,TRUE
82121010,82,8212,821210,FALSE,FALSE,FALSE,TRUE
82121090,82,8212,821210,FALSE,FALSE,FALSE,TRUE
82122000,82,8212,821220,FALSE,FALSE,FALSE,TRUE
82129000,82,8212,821290,FALSE,FALSE,FALSE,TRUE
82130000,82,8213,821300,FALSE,FALSE,FALSE,TRUE
82141000,82,8214,821410,FALSE,FALSE,FALSE,TRUE
82142000,82,8214,821420,FALSE,FALSE,FALSE,TRUE
82149000,82,8214,821490,FALSE,FALSE,FALSE,TRUE
82151020,82,8215,821510,FALSE,FALSE,FALSE,TRUE
82151030,82,8215,821510,FALSE,FALSE,FALSE,TRUE
82151080,82,8215,821510,FALSE,FALSE,FALSE,TRUE
82152010,82,8215,821520,FALSE,FALSE,FALSE,TRUE
82152090,82,8215,821520,FALSE,FALSE,FALSE,TRUE
82159100,82,8215,821591,FALSE,FALSE,FALSE,TRUE
82159910,82,8215,821599,FALSE,FALSE,FALSE,TRUE
82159990,82,8215,821599,FALSE,FALSE,FALSE,TRUE
83011000,83,8301,830110,FALSE,FALSE,FALSE,TRUE
83012000,83,8301,830120,FALSE,FALSE,FALSE,TRUE
83013000,83,8301,830130,FALSE,FALSE,FALSE,TRUE
83014011,83,8301,830140,FALSE,FALSE,FALSE,TRUE
83014019,83,8301,830140,FALSE,FALSE,FALSE,TRUE
83014090,83,8301,830140,FALSE,FALSE,FALSE,TRUE
83015000,83,8301,830150,FALSE,FALSE,FALSE,TRUE
83016000,83,8301,830160,FALSE,FALSE,FALSE,TRUE
83017000,83,8301,830170,FALSE,FALSE,FALSE,TRUE
83021000,83,8302,830210,FALSE,FALSE,FALSE,TRUE
83021010,83,8302,830210,FALSE,FALSE,FALSE,FALSE
83021090,83,8302,830210,FALSE,FALSE,FALSE,FALSE
83022000,83,8302,830220,FALSE,FALSE,FALSE,TRUE
83022010,83,8302,830220,FALSE,FALSE,FALSE,FALSE
83022090,83,8302,830220,FALSE,FALSE,FALSE,FALSE
83023000,83,8302,830230,FALSE,FALSE,FALSE,TRUE
83024100,83,8302,830241,FALSE,FALSE,FALSE,FALSE
83024110,83,8302,830241,FALSE,FALSE,FALSE,TRUE
83024150,83,8302,830241,FALSE,FALSE,FALSE,TRUE
83024190,83,8302,830241,FALSE,FALSE,FALSE,TRUE
83024200,83,8302,830242,FALSE,FALSE,FALSE,TRUE
83024210,83,8302,830242,FALSE,FALSE,FALSE,FALSE
83024290,83,8302,830242,FALSE,FALSE,FALSE,FALSE
83024900,83,8302,830249,FALSE,FALSE,FALSE,TRUE
83024910,83,8302,830249,FALSE,FALSE,FALSE,FALSE
83024990,83,8302,830249,FALSE,FALSE,FALSE,FALSE
83025000,83,8302,830250,FALSE,FALSE,FALSE,TRUE
83026000,83,8302,830260,FALSE,FALSE,FALSE,TRUE
83026010,83,8302,830260,FALSE,FALSE,FALSE,FALSE
83026090,83,8302,830260,FALSE,FALSE,FALSE,FALSE
83030010,83,8303,830300,FALSE,FALSE,FALSE,FALSE
83030030,83,8303,830300,FALSE,FALSE,FALSE,FALSE
83030040,83,8303,830300,FALSE,FALSE,FALSE,TRUE
83030090,83,8303,830300,FALSE,FALSE,FALSE,TRUE
83040000,83,8304,830400,FALSE,FALSE,FALSE,TRUE
83051000,83,8305,830510,FALSE,FALSE,FALSE,TRUE
83052000,83,8305,830520,FALSE,FALSE,FALSE,TRUE
83059000,83,8305,830590,FALSE,FALSE,FALSE,TRUE
83061000,83,8306,830610,FALSE,FALSE,FALSE,TRUE
83062100,83,8306,830621,FALSE,FALSE,FALSE,TRUE
83062900,83,8306,830629,FALSE,FALSE,FALSE,TRUE
83062910,83,8306,830629,FALSE,FALSE,FALSE,FALSE
83062990,83,8306,830629,FALSE,FALSE,FALSE,FALSE
83063000,83,8306,830630,FALSE,FALSE,FALSE,TRUE
83071000,83,8307,830710,FALSE,FALSE,FALSE,TRUE
83071010,83,8307,830710,FALSE,FALSE,FALSE,FALSE
83071090,83,8307,830710,FALSE,FALSE,FALSE,FALSE
83079000,83,8307,830790,FALSE,FALSE,FALSE,TRUE
83079010,83,8307,830790,FALSE,FALSE,FALSE,FALSE
83079090,83,8307,830790,FALSE,FALSE,FALSE,FALSE
83081000,83,8308,830810,FALSE,FALSE,FALSE,TRUE
83082000,83,8308,830820,FALSE,FALSE,FALSE,TRUE
83089000,83,8308,830890,FALSE,FALSE,FALSE,TRUE
83091000,83,8309,830910,FALSE,FALSE,FALSE,TRUE
83099010,83,8309,830990,FALSE,FALSE,FALSE,TRUE
83099090,83,8309,830990,FALSE,FALSE,FALSE,TRUE
83100000,83,8310,831000,FALSE,FALSE,FALSE,TRUE
83111000,83,8311,831110,FALSE,FALSE,FALSE,TRUE
83111010,83,8311,831110,FALSE,FALSE,FALSE,FALSE
83111090,83,8311,831110,FALSE,FALSE,FALSE,FALSE
83112000,83,8311,831120,FALSE,FALSE,FALSE,TRUE
83113000,83,8311,831130,FALSE,FALSE,FALSE,TRUE
83119000,83,8311,831190,FALSE,FALSE,FALSE,TRUE
84011000,84,8401,840110,FALSE,FALSE,FALSE,TRUE
84012000,84,8401,840120,FALSE,FALSE,FALSE,TRUE
84013000,84,8401,840130,FALSE,FALSE,FALSE,TRUE
84014000,84,8401,840140,FALSE,FALSE,FALSE,TRUE
84014010,84,8401,840140,FALSE,FALSE,FALSE,FALSE
84014090,84,8401,840140,FALSE,FALSE,FALSE,FALSE
84021100,84,8402,840211,FALSE,FALSE,FALSE,TRUE
84021200,84,8402,840212,FALSE,FALSE,FALSE,TRUE
84021910,84,8402,840219,FALSE,FALSE,FALSE,TRUE
84021990,84,8402,840219,FALSE,FALSE,FALSE,TRUE
84022000,84,8402,840220,FALSE,FALSE,FALSE,TRUE
84029000,84,8402,840290,FALSE,FALSE,FALSE,TRUE
84031010,84,8403,840310,FALSE,FALSE,FALSE,TRUE
84031090,84,8403,840310,FALSE,FALSE,FALSE,TRUE
84039010,84,8403,840390,FALSE,FALSE,FALSE,TRUE
84039090,84,8403,840390,FALSE,FALSE,FALSE,TRUE
84041000,84,8404,840410,FALSE,FALSE,FALSE,TRUE
84042000,84,8404,840420,FALSE,FALSE,FALSE,TRUE
84049000,84,8404,840490,FALSE,FALSE,FALSE,TRUE
84051000,84,8405,840510,FALSE,FALSE,FALSE,TRUE
84059000,84,8405,840590,FALSE,FALSE,FALSE,TRUE
84061000,84,8406,840610,FALSE,FALSE,FALSE,TRUE
84061100,84,8406,840611,FALSE,FALSE,FALSE,FALSE
84061911,84,8406,840619,FALSE,FALSE,FALSE,FALSE
84061913,84,8406,840619,FALSE,FALSE,FALSE,FALSE
84061918,84,8406,840619,FALSE,FALSE,FALSE,FALSE
84061990,84,8406,840619,FALSE,FALSE,FALSE,FALSE
84068100,84,8406,840681,FALSE,FALSE,FALSE,TRUE
84068110,84,8406,840681,FALSE,FALSE,FALSE,FALSE
84068190,84,8406,840681,FALSE,FALSE,FALSE,FALSE
84068200,84,8406,840682,FALSE,FALSE,FALSE,TRUE
84068211,84,8406,840682,FALSE,FALSE,FALSE,FALSE
84068219,84,8406,840682,FALSE,FALSE,FALSE,FALSE
84068290,84,8406,840682,FALSE,FALSE,FALSE,FALSE
84069010,84,8406,840690,FALSE,FALSE,FALSE,TRUE
84069090,84,8406,840690,FALSE,FALSE,FALSE,TRUE
84071000,84,8407,840710,FALSE,FALSE,FALSE,TRUE
84071010,84,8407,840710,FALSE,FALSE,FALSE,FALSE
84071090,84,8407,840710,FALSE,FALSE,FALSE,FALSE
84072110,84,8407,840721,FALSE,FALSE,FALSE,TRUE
84072191,84,8407,840721,FALSE,FALSE,FALSE,TRUE
84072199,84,8407,840721,FALSE,FALSE,FALSE,TRUE
84072900,84,8407,840729,FALSE,FALSE,FALSE,TRUE
84072920,84,8407,840729,FALSE,FALSE,FALSE,FALSE
84072980,84,8407,840729,FALSE,FALSE,FALSE,FALSE
84073100,84,8407,840731,FALSE,FALSE,FALSE,TRUE
84073210,84,8407,840732,FALSE,FALSE,FALSE,TRUE
84073290,84,8407,840732,FALSE,FALSE,FALSE,TRUE
84073300,84,8407,840733,FALSE,FALSE,FALSE,FALSE
84073310,84,8407,840733,FALSE,FALSE,FALSE,FALSE
84073320,84,8407,840733,FALSE,FALSE,FALSE,TRUE
84073380,84,8407,840733,FALSE,FALSE,FALSE,TRUE
84073390,84,8407,840733,FALSE,FALSE,FALSE,FALSE
84073410,84,8407,840734,FALSE,FALSE,FALSE,TRUE
84073430,84,8407,840734,FALSE,FALSE,FALSE,TRUE
84073491,84,8407,840734,FALSE,FALSE,FALSE,TRUE
84073499,84,8407,840734,FALSE,FALSE,FALSE,TRUE
84079010,84,8407,840790,FALSE,FALSE,FALSE,TRUE
84079050,84,8407,840790,FALSE,FALSE,FALSE,TRUE
84079080,84,8407,840790,FALSE,FALSE,FALSE,TRUE
84079090,84,8407,840790,FALSE,FALSE,FALSE,TRUE
84081011,84,8408,840810,FALSE,FALSE,FALSE,TRUE
84081019,84,8408,840810,FALSE,FALSE,FALSE,TRUE
84081022,84,8408,840810,FALSE,FALSE,FALSE,FALSE
84081023,84,8408,840810,FALSE,FALSE,FALSE,TRUE
84081024,84,8408,840810,FALSE,FALSE,FALSE,FALSE
84081026,84,8408,840810,FALSE,FALSE,FALSE,FALSE
84081027,84,8408,840810,FALSE,FALSE,FALSE,TRUE
84081028,84,8408,840810,FALSE,FALSE,FALSE,FALSE
84081031,84,8408,840810,FALSE,FALSE,FALSE,TRUE
84081039,84,8408,840810,FALSE,FALSE,FALSE,TRUE
84081041,84,8408,840810,FALSE,FALSE,FALSE,TRUE
84081049,84,8408,840810,FALSE,FALSE,FALSE,TRUE
84081051,84,8408,840810,FALSE,FALSE,FALSE,TRUE
84081059,84,8408,840810,FALSE,FALSE,FALSE,TRUE
84081061,84,8408,840810,FALSE,FALSE,FALSE,TRUE
84081069,84,8408,840810,FALSE,FALSE,FALSE,TRUE
84081071,84,8408,840810,FALSE,FALSE,FALSE,TRUE
84081079,84,8408,840810,FALSE,FALSE,FALSE,TRUE
84081081,84,8408,840810,FALSE,FALSE,FALSE,TRUE
84081089,84,8408,840810,FALSE,FALSE,FALSE,TRUE
84081091,84,8408,840810,FALSE,FALSE,FALSE,TRUE
84081099,84,8408,840810,FALSE,FALSE,FALSE,TRUE
84082010,84,8408,840820,FALSE,FALSE,FALSE,TRUE
84082031,84,8408,840820,FALSE,FALSE,FALSE,TRUE
84082035,84,8408,840820,FALSE,FALSE,FALSE,TRUE
84082037,84,8408,840820,FALSE,FALSE,FALSE,TRUE
84082051,84,8408,840820,FALSE,FALSE,FALSE,TRUE
84082055,84,8408,840820,FALSE,FALSE,FALSE,TRUE
84082057,84,8408,840820,FALSE,FALSE,FALSE,TRUE
84082099,84,8408,840820,FALSE,FALSE,FALSE,TRUE
84089010,84,8408,840890,FALSE,FALSE,FALSE,FALSE
84089021,84,8408,840890,FALSE,FALSE,FALSE,TRUE
84089027,84,8408,840890,FALSE,FALSE,FALSE,TRUE
84089029,84,8408,840890,FALSE,FALSE,FALSE,FALSE
84089031,84,8408,840890,FALSE,FALSE,FALSE,FALSE
84089033,84,8408,840890,FALSE,FALSE,FALSE,FALSE
84089036,84,8408,840890,FALSE,FALSE,FALSE,FALSE
84089037,84,8408,840890,FALSE,FALSE,FALSE,FALSE
84089041,84,8408,840890,FALSE,FALSE,FALSE,TRUE
84089043,84,8408,840890,FALSE,FALSE,FALSE,TRUE
84089045,84,8408,840890,FALSE,FALSE,FALSE,TRUE
84089047,84,8408,840890,FALSE,FALSE,FALSE,TRUE
84089051,84,8408,840890,FALSE,FALSE,FALSE,FALSE
84089055,84,8408,840890,FALSE,FALSE,FALSE,FALSE
84089057,84,8408,840890,FALSE,FALSE,FALSE,FALSE
84089061,84,8408,840890,FALSE,FALSE,FALSE,TRUE
84089065,84,8408,840890,FALSE,FALSE,FALSE,TRUE
84089067,84,8408,840890,FALSE,FALSE,FALSE,TRUE
84089071,84,8408,840890,FALSE,FALSE,FALSE,FALSE
84089075,84,8408,840890,FALSE,FALSE,FALSE,FALSE
84089081,84,8408,840890,FALSE,FALSE,FALSE,TRUE
84089085,84,8408,840890,FALSE,FALSE,FALSE,TRUE
84089089,84,8408,840890,FALSE,FALSE,FALSE,TRUE
84089099,84,8408,840890,FALSE,FALSE,FALSE,FALSE
84091000,84,8409,840910,FALSE,FALSE,FALSE,TRUE
84091010,84,8409,840910,FALSE,FALSE,FALSE,FALSE
84091090,84,8409,840910,FALSE,FALSE,FALSE,FALSE
84099100,84,8409,840991,FALSE,FALSE,FALSE,TRUE
84099900,84,8409,840999,FALSE,FALSE,FALSE,TRUE
84101100,84,8410,841011,FALSE,FALSE,FALSE,TRUE
84101200,84,8410,841012,FALSE,FALSE,FALSE,TRUE
84101300,84,8410,841013,FALSE,FALSE,FALSE,TRUE
84109000,84,8410,841090,FALSE,FALSE,FALSE,TRUE
84109010,84,8410,841090,FALSE,FALSE,FALSE,FALSE
84109090,84,8410,841090,FALSE,FALSE,FALSE,FALSE
84111100,84,8411,841111,FALSE,FALSE,FALSE,TRUE
84111110,84,8411,841111,FALSE,FALSE,FALSE,FALSE
84111190,84,8411,841111,FALSE,FALSE,FALSE,FALSE
84111210,84,8411,841112,FALSE,FALSE,FALSE,TRUE
84111211,84,8411,841112,FALSE,FALSE,FALSE,FALSE
84111213,84,8411,841112,FALSE,FALSE,FALSE,FALSE
84111219,84,8411,841112,FALSE,FALSE,FALSE,FALSE
84111230,84,8411,841112,FALSE,FALSE,FALSE,TRUE
84111280,84,8411,841112,FALSE,FALSE,FALSE,TRUE
84111290,84,8411,841112,FALSE,FALSE,FALSE,FALSE
84112100,84,8411,841121,FALSE,FALSE,FALSE,TRUE
84112110,84,8411,841121,FALSE,FALSE,FALSE,FALSE
84112190,84,8411,841121,FALSE,FALSE,FALSE,FALSE
84112211,84,8411,841122,FALSE,FALSE,FALSE,FALSE
84112219,84,8411,841122,FALSE,FALSE,FALSE,FALSE
84112220,84,8411,841122,FALSE,FALSE,FALSE,TRUE
84112280,84,8411,841122,FALSE,FALSE,FALSE,TRUE
84112290,84,8411,841122,FALSE,FALSE,FALSE,FALSE
84118100,84,8411,841181,FALSE,FALSE,FALSE,TRUE
84118110,84,8411,841181,FALSE,FALSE,FALSE,FALSE
84118190,84,8411,841181,FALSE,FALSE,FALSE,FALSE
84118210,84,8411,841182,FALSE,FALSE,FALSE,FALSE
84118220,84,8411,841182,FALSE,FALSE,FALSE,TRUE
84118260,84,8411,841182,FALSE,FALSE,FALSE,TRUE
84118280,84,8411,841182,FALSE,FALSE,FALSE,TRUE
84118281,84,8411,841182,FALSE,FALSE,FALSE,FALSE
84118289,84,8411,841182,FALSE,FALSE,FALSE,FALSE
84118291,84,8411,841182,FALSE,FALSE,FALSE,FALSE
84118293,84,8411,841182,FALSE,FALSE,FALSE,FALSE
84118299,84,8411,841182,FALSE,FALSE,FALSE,FALSE
84119100,84,8411,841191,FALSE,FALSE,FALSE,TRUE
84119110,84,8411,841191,FALSE,FALSE,FALSE,FALSE
84119190,84,8411,841191,FALSE,FALSE,FALSE,FALSE
84119900,84,8411,841199,FALSE,FALSE,FALSE,TRUE
84119910,84,8411,841199,FALSE,FALSE,FALSE,FALSE
84119990,84,8411,841199,FALSE,FALSE,FALSE,FALSE
84121000,84,8412,841210,FALSE,FALSE,FALSE,TRUE
84121010,84,8412,841210,FALSE,FALSE,FALSE,FALSE
84121090,84,8412,841210,FALSE,FALSE,FALSE,FALSE
84122110,84,8412,841221,FALSE,FALSE,FALSE,FALSE
84122120,84,8412,841221,FALSE,FALSE,FALSE,TRUE
84122180,84,8412,841221,FALSE,FALSE,FALSE,TRUE
84122191,84,8412,841221,FALSE,FALSE,FALSE,FALSE
84122199,84,8412,841221,FALSE,FALSE,FALSE,FALSE
84122910,84,8412,841229,FALSE,FALSE,FALSE,FALSE
84122920,84,8412,841229,FALSE,FALSE,FALSE,TRUE
84122950,84,8412,841229,FALSE,FALSE,FALSE,FALSE
84122981,84,8412,841229,FALSE,FALSE,FALSE,TRUE
84122989,84,8412,841229,FALSE,FALSE,FALSE,TRUE
84122991,84,8412,841229,FALSE,FALSE,FALSE,FALSE
84122999,84,8412,841229,FALSE,FALSE,FALSE,FALSE
84123100,84,8412,841231,FALSE,FALSE,FALSE,TRUE
84123110,84,8412,841231,FALSE,FALSE,FALSE,FALSE
84123190,84,8412,841231,FALSE,FALSE,FALSE,FALSE
84123900,84,8412,841239,FALSE,FALSE,FALSE,TRUE
84123910,84,8412,841239,FALSE,FALSE,FALSE,FALSE
84123990,84,8412,841239,FALSE,FALSE,FALSE,FALSE
84128010,84,8412,841280,FALSE,FALSE,FALSE,TRUE
84128080,84,8412,841280,FALSE,FALSE,FALSE,TRUE
84128091,84,8412,841280,FALSE,FALSE,FALSE,FALSE
84128099,84,8412,841280,FALSE,FALSE,FALSE,FALSE
84129010,84,8412,841290,FALSE,FALSE,FALSE,FALSE
84129020,84,8412,841290,FALSE,FALSE,FALSE,TRUE
84129030,84,8412,841290,FALSE,FALSE,FALSE,FALSE
84129040,84,8412,841290,FALSE,FALSE,FALSE,TRUE
84129050,84,8412,841290,FALSE,FALSE,FALSE,FALSE
84129080,84,8412,841290,FALSE,FALSE,FALSE,TRUE
84129090,84,8412,841290,FALSE,FALSE,FALSE,FALSE
84131100,84,8413,841311,FALSE,FALSE,FALSE,TRUE
84131900,84,8413,841319,FALSE,FALSE,FALSE,TRUE
84131910,84,8413,841319,FALSE,FALSE,FALSE,FALSE
84131990,84,8413,841319,FALSE,FALSE,FALSE,FALSE
84132000,84,8413,841320,FALSE,FALSE,FALSE,TRUE
84132010,84,8413,841320,FALSE,FALSE,FALSE,FALSE
84132090,84,8413,841320,FALSE,FALSE,FALSE,FALSE
84133010,84,8413,841330,FALSE,FALSE,FALSE,FALSE
84133020,84,8413,841330,FALSE,FALSE,FALSE,TRUE
84133080,84,8413,841330,FALSE,FALSE,FALSE,TRUE
84133091,84,8413,841330,FALSE,FALSE,FALSE,FALSE
84133099,84,8413,841330,FALSE,FALSE,FALSE,FALSE
84134000,84,8413,841340,FALSE,FALSE,FALSE,TRUE
84135010,84,8413,841350,FALSE,FALSE,FALSE,FALSE
84135020,84,8413,841350,FALSE,FALSE,FALSE,TRUE
84135030,84,8413,841350,FALSE,FALSE,FALSE,FALSE
84135040,84,8413,841350,FALSE,FALSE,FALSE,TRUE
84135050,84,8413,841350,FALSE,FALSE,FALSE,FALSE
84135061,84,8413,841350,FALSE,FALSE,FALSE,TRUE
84135069,84,8413,841350,FALSE,FALSE,FALSE,TRUE
84135071,84,8413,841350,FALSE,FALSE,FALSE,FALSE
84135079,84,8413,841350,FALSE,FALSE,FALSE,FALSE
84135080,84,8413,841350,FALSE,FALSE,FALSE,TRUE
84135090,84,8413,841350,FALSE,FALSE,FALSE,FALSE
84136010,84,8413,841360,FALSE,FALSE,FALSE,FALSE
84136020,84,8413,841360,FALSE,FALSE,FALSE,TRUE
84136030,84,8413,841360,FALSE,FALSE,FALSE,FALSE
84136031,84,8413,841360,FALSE,FALSE,FALSE,TRUE
84136039,84,8413,841360,FALSE,FALSE,FALSE,TRUE
84136041,84,8413,841360,FALSE,FALSE,FALSE,FALSE
84136049,84,8413,841360,FALSE,FALSE,FALSE,FALSE
84136051,84,8413,841360,FALSE,FALSE,FALSE,FALSE
84136059,84,8413,841360,FALSE,FALSE,FALSE,FALSE
84136060,84,8413,841360,FALSE,FALSE,FALSE,FALSE
84136061,84,8413,841360,FALSE,FALSE,FALSE,TRUE
84136069,84,8413,841360,FALSE,FALSE,FALSE,TRUE
84136070,84,8413,841360,FALSE,FALSE,FALSE,TRUE
84136080,84,8413,841360,FALSE,FALSE,FALSE,TRUE
84136090,84,8413,841360,FALSE,FALSE,FALSE,FALSE
84137010,84,8413,841370,FALSE,FALSE,FALSE,FALSE
84137021,84,8413,841370,FALSE,FALSE,FALSE,TRUE
84137029,84,8413,841370,FALSE,FALSE,FALSE,TRUE
84137030,84,8413,841370,FALSE,FALSE,FALSE,TRUE
84137035,84,8413,841370,FALSE,FALSE,FALSE,TRUE
84137040,84,8413,841370,FALSE,FALSE,FALSE,FALSE
84137045,84,8413,841370,FALSE,FALSE,FALSE,TRUE
84137050,84,8413,841370,FALSE,FALSE,FALSE,FALSE
84137051,84,8413,841370,FALSE,FALSE,FALSE,TRUE
84137059,84,8413,841370,FALSE,FALSE,FALSE,TRUE
84137061,84,8413,841370,FALSE,FALSE,FALSE,FALSE
84137065,84,8413,841370,FALSE,FALSE,FALSE,TRUE
84137069,84,8413,841370,FALSE,FALSE,FALSE,FALSE
84137070,84,8413,841370,FALSE,FALSE,FALSE,FALSE
84137075,84,8413,841370,FALSE,FALSE,FALSE,TRUE
84137080,84,8413,841370,FALSE,FALSE,FALSE,FALSE
84137081,84,8413,841370,FALSE,FALSE,FALSE,TRUE
84137089,84,8413,841370,FALSE,FALSE,FALSE,TRUE
84137091,84,8413,841370,FALSE,FALSE,FALSE,FALSE
84137099,84,8413,841370,FALSE,FALSE,FALSE,FALSE
84138100,84,8413,841381,FALSE,FALSE,FALSE,TRUE
84138110,84,8413,841381,FALSE,FALSE,FALSE,FALSE
84138190,84,8413,841381,FALSE,FALSE,FALSE,FALSE
84138200,84,8413,841382,FALSE,FALSE,FALSE,TRUE
84139100,84,8413,841391,FALSE,FALSE,FALSE,TRUE
84139110,84,8413,841391,FALSE,FALSE,FALSE,FALSE
84139190,84,8413,841391,FALSE,FALSE,FALSE,FALSE
84139200,84,8413,841392,FALSE,FALSE,FALSE,TRUE
84141010,84,8414,841410,FALSE,FALSE,FALSE,FALSE
84141015,84,8414,841410,FALSE,FALSE,FALSE,FALSE
84141020,84,8414,841410,FALSE,FALSE,FALSE,TRUE
84141025,84,8414,841410,FALSE,FALSE,FALSE,TRUE
84141030,84,8414,841410,FALSE,FALSE,FALSE,FALSE
84141050,84,8414,841410,FALSE,FALSE,FALSE,FALSE
84141080,84,8414,841410,FALSE,FALSE,FALSE,FALSE
84141081,84,8414,841410,FALSE,FALSE,FALSE,TRUE
84141089,84,8414,841410,FALSE,FALSE,FALSE,TRUE
84141090,84,8414,841410,FALSE,FALSE,FALSE,FALSE
84142010,84,8414,841420,FALSE,FALSE,FALSE,FALSE
84142020,84,8414,841420,FALSE,FALSE,FALSE,TRUE
84142080,84,8414,841420,FALSE,FALSE,FALSE,TRUE
84142091,84,8414,841420,FALSE,FALSE,FALSE,FALSE
84142099,84,8414,841420,FALSE,FALSE,FALSE,FALSE
84143010,84,8414,841430,FALSE,FALSE,FALSE,FALSE
84143020,84,8414,841430,FALSE,FALSE,FALSE,TRUE
84143030,84,8414,841430,FALSE,FALSE,FALSE,FALSE
84143081,84,8414,841430,FALSE,FALSE,FALSE,TRUE
84143089,84,8414,841430,FALSE,FALSE,FALSE,TRUE
84143091,84,8414,841430,FALSE,FALSE,FALSE,FALSE
84143099,84,8414,841430,FALSE,FALSE,FALSE,FALSE
84144010,84,8414,841440,FALSE,FALSE,FALSE,TRUE
84144090,84,8414,841440,FALSE,FALSE,FALSE,TRUE
84145100,84,8414,841451,FALSE,FALSE,FALSE,TRUE
84145110,84,8414,841451,FALSE,FALSE,FALSE,FALSE
84145190,84,8414,841451,FALSE,FALSE,FALSE,FALSE
84145910,84,8414,841459,FALSE,FALSE,FALSE,FALSE
84145915,84,8414,841459,FALSE,FALSE,FALSE,FALSE
84145920,84,8414,841459,FALSE,FALSE,FALSE,TRUE
84145925,84,8414,841459,FALSE,FALSE,FALSE,FALSE
84145930,84,8414,841459,FALSE,FALSE,FALSE,FALSE
84145935,84,8414,841459,FALSE,FALSE,FALSE,FALSE
84145940,84,8414,841459,FALSE,FALSE,FALSE,TRUE
84145950,84,8414,841459,FALSE,FALSE,FALSE,FALSE
84145980,84,8414,841459,FALSE,FALSE,FALSE,TRUE
84145990,84,8414,841459,FALSE,FALSE,FALSE,FALSE
84145995,84,8414,841459,FALSE,FALSE,FALSE,FALSE
84146000,84,8414,841460,FALSE,FALSE,FALSE,TRUE
84148010,84,8414,841480,FALSE,FALSE,FALSE,FALSE
84148011,84,8414,841480,FALSE,FALSE,FALSE,TRUE
84148019,84,8414,841480,FALSE,FALSE,FALSE,TRUE
84148021,84,8414,841480,FALSE,FALSE,FALSE,FALSE
84148022,84,8414,841480,FALSE,FALSE,FALSE,TRUE
84148028,84,8414,841480,FALSE,FALSE,FALSE,TRUE
84148029,84,8414,841480,FALSE,FALSE,FALSE,FALSE
84148031,84,8414,841480,FALSE,FALSE,FALSE,FALSE
84148039,84,8414,841480,FALSE,FALSE,FALSE,FALSE
84148041,84,8414,841480,FALSE,FALSE,FALSE,FALSE
84148049,84,8414,841480,FALSE,FALSE,FALSE,FALSE
84148051,84,8414,841480,FALSE,FALSE,FALSE,TRUE
84148059,84,8414,841480,FALSE,FALSE,FALSE,TRUE
84148060,84,8414,841480,FALSE,FALSE,FALSE,FALSE
84148071,84,8414,841480,FALSE,FALSE,FALSE,FALSE
84148073,84,8414,841480,FALSE,FALSE,FALSE,TRUE
84148075,84,8414,841480,FALSE,FALSE,FALSE,TRUE
84148078,84,8414,841480,FALSE,FALSE,FALSE,TRUE
84148079,84,8414,841480,FALSE,FALSE,FALSE,FALSE
84148080,84,8414,841480,FALSE,FALSE,FALSE,TRUE
84148090,84,8414,841480,FALSE,FALSE,FALSE,FALSE
84149000,84,8414,841490,FALSE,FALSE,FALSE,TRUE
84149010,84,8414,841490,FALSE,FALSE,FALSE,FALSE
84149090,84,8414,841490,FALSE,FALSE,FALSE,FALSE
84151000,84,8415,841510,FALSE,FALSE,FALSE,FALSE
84151010,84,8415,841510,FALSE,FALSE,FALSE,TRUE
84151090,84,8415,841510,FALSE,FALSE,FALSE,TRUE
84152000,84,8415,841520,FALSE,FALSE,FALSE,TRUE
84158100,84,8415,841581,FALSE,FALSE,FALSE,TRUE
84158110,84,8415,841581,FALSE,FALSE,FALSE,FALSE
84158190,84,8415,841581,FALSE,FALSE,FALSE,FALSE
84158200,84,8415,841582,FALSE,FALSE,FALSE,TRUE
84158210,84,8415,841582,FALSE,FALSE,FALSE,FALSE
84158280,84,8415,841582,FALSE,FALSE,FALSE,FALSE
84158290,84,8415,841582,FALSE,FALSE,FALSE,FALSE
84158300,84,8415,841583,FALSE,FALSE,FALSE,TRUE
84158310,84,8415,841583,FALSE,FALSE,FALSE,FALSE
84158390,84,8415,841583,FALSE,FALSE,FALSE,FALSE
84159000,84,8415,841590,FALSE,FALSE,FALSE,TRUE
84159010,84,8415,841590,FALSE,FALSE,FALSE,FALSE
84159090,84,8415,841590,FALSE,FALSE,FALSE,FALSE
84161010,84,8416,841610,FALSE,FALSE,FALSE,TRUE
84161090,84,8416,841610,FALSE,FALSE,FALSE,TRUE
84162000,84,8416,841620,FALSE,FALSE,FALSE,FALSE
84162010,84,8416,841620,FALSE,FALSE,FALSE,TRUE
84162020,84,8416,841620,FALSE,FALSE,FALSE,TRUE
84162080,84,8416,841620,FALSE,FALSE,FALSE,TRUE
84162090,84,8416,841620,FALSE,FALSE,FALSE,FALSE
84163000,84,8416,841630,FALSE,FALSE,FALSE,TRUE
84169000,84,8416,841690,FALSE,FALSE,FALSE,TRUE
84171000,84,8417,841710,FALSE,FALSE,FALSE,TRUE
84172010,84,8417,841720,FALSE,FALSE,FALSE,TRUE
84172090,84,8417,841720,FALSE,FALSE,FALSE,TRUE
84178010,84,8417,841780,FALSE,FALSE,FALSE,FALSE
84178020,84,8417,841780,FALSE,FALSE,FALSE,FALSE
84178030,84,8417,841780,FALSE,FALSE,FALSE,TRUE
84178050,84,8417,841780,FALSE,FALSE,FALSE,TRUE
84178070,84,8417,841780,FALSE,FALSE,FALSE,TRUE
84178080,84,8417,841780,FALSE,FALSE,FALSE,FALSE
84178090,84,8417,841780,FALSE,FALSE,FALSE,FALSE
84179000,84,8417,841790,FALSE,FALSE,FALSE,TRUE
84181010,84,8418,841810,FALSE,FALSE,FALSE,FALSE
84181020,84,8418,841810,FALSE,FALSE,FALSE,TRUE
84181080,84,8418,841810,FALSE,FALSE,FALSE,TRUE
84181091,84,8418,841810,FALSE,FALSE,FALSE,FALSE
84181099,84,8418,841810,FALSE,FALSE,FALSE,FALSE
84182110,84,8418,841821,FALSE,FALSE,FALSE,TRUE
84182151,84,8418,841821,FALSE,FALSE,FALSE,TRUE
84182159,84,8418,841821,FALSE,FALSE,FALSE,TRUE
84182191,84,8418,841821,FALSE,FALSE,FALSE,TRUE
84182199,84,8418,841821,FALSE,FALSE,FALSE,TRUE
84182200,84,8418,841822,FALSE,FALSE,FALSE,FALSE
84182900,84,8418,841829,FALSE,FALSE,FALSE,TRUE
84183010,84,8418,841830,FALSE,FALSE,FALSE,FALSE
84183020,84,8418,841830,FALSE,FALSE,FALSE,TRUE
84183080,84,8418,841830,FALSE,FALSE,FALSE,TRUE
84183091,84,8418,841830,FALSE,FALSE,FALSE,FALSE
84183099,84,8418,841830,FALSE,FALSE,FALSE,FALSE
84184010,84,8418,841840,FALSE,FALSE,FALSE,FALSE
84184020,84,8418,841840,FALSE,FALSE,FALSE,TRUE
84184080,84,8418,841840,FALSE,FALSE,FALSE,TRUE
84184091,84,8418,841840,FALSE,FALSE,FALSE,FALSE
84184099,84,8418,841840,FALSE,FALSE,FALSE,FALSE
84185011,84,8418,841850,FALSE,FALSE,FALSE,TRUE
84185019,84,8418,841850,FALSE,FALSE,FALSE,TRUE
84185090,84,8418,841850,FALSE,FALSE,FALSE,TRUE
84185091,84,8418,841850,FALSE,FALSE,FALSE,FALSE
84185099,84,8418,841850,FALSE,FALSE,FALSE,FALSE
84186100,84,8418,841861,FALSE,FALSE,FALSE,TRUE
84186110,84,8418,841861,FALSE,FALSE,FALSE,FALSE
84186190,84,8418,841861,FALSE,FALSE,FALSE,FALSE
84186900,84,8418,841869,FALSE,FALSE,FALSE,TRUE
84186910,84,8418,841869,FALSE,FALSE,FALSE,FALSE
84186920,84,8418,841869,FALSE,FALSE,FALSE,FALSE
84186980,84,8418,841869,FALSE,FALSE,FALSE,FALSE
84186991,84,8418,841869,FALSE,FALSE,FALSE,FALSE
84186999,84,8418,841869,FALSE,FALSE,FALSE,FALSE
84189100,84,8418,841891,FALSE,FALSE,FALSE,TRUE
84189910,84,8418,841899,FALSE,FALSE,FALSE,TRUE
84189990,84,8418,841899,FALSE,FALSE,FALSE,TRUE
84191100,84,8419,841911,FALSE,FALSE,FALSE,TRUE
84191900,84,8419,841919,FALSE,FALSE,FALSE,TRUE
84192000,84,8419,841920,FALSE,FALSE,FALSE,TRUE
84193100,84,8419,841931,FALSE,FALSE,FALSE,TRUE
84193200,84,8419,841932,FALSE,FALSE,FALSE,TRUE
84193900,84,8419,841939,FALSE,FALSE,FALSE,TRUE
84193910,84,8419,841939,FALSE,FALSE,FALSE,FALSE
84193990,84,8419,841939,FALSE,FALSE,FALSE,FALSE
84194000,84,8419,841940,FALSE,FALSE,FALSE,TRUE
84195000,84,8419,841950,FALSE,FALSE,FALSE,TRUE
84195010,84,8419,841950,FALSE,FALSE,FALSE,FALSE
84195020,84,8419,841950,FALSE,FALSE,FALSE,FALSE
84195080,84,8419,841950,FALSE,FALSE,FALSE,FALSE
84195090,84,8419,841950,FALSE,FALSE,FALSE,FALSE
84196000,84,8419,841960,FALSE,FALSE,FALSE,TRUE
84198110,84,8419,841981,FALSE,FALSE,FALSE,FALSE
84198120,84,8419,841981,FALSE,FALSE,FALSE,TRUE
84198180,84,8419,841981,FALSE,FALSE,FALSE,TRUE
84198191,84,8419,841981,FALSE,FALSE,FALSE,FALSE
84198199,84,8419,841981,FALSE,FALSE,FALSE,FALSE
84198910,84,8419,841989,FALSE,FALSE,FALSE,TRUE
84198915,84,8419,841989,FALSE,FALSE,FALSE,FALSE
84198920,84,8419,841989,FALSE,FALSE,FALSE,FALSE
84198925,84,8419,841989,FALSE,FALSE,FALSE,FALSE
84198927,84,8419,841989,FALSE,FALSE,FALSE,FALSE
84198930,84,8419,841989,FALSE,FALSE,FALSE,TRUE
84198995,84,8419,841989,FALSE,FALSE,FALSE,FALSE
84198998,84,8419,841989,FALSE,FALSE,FALSE,TRUE
84199010,84,8419,841990,FALSE,FALSE,FALSE,FALSE
84199015,84,8419,841990,FALSE,FALSE,FALSE,TRUE
84199020,84,8419,841990,FALSE,FALSE,FALSE,FALSE
84199025,84,8419,841990,FALSE,FALSE,FALSE,FALSE
84199030,84,8419,841990,FALSE,FALSE,FALSE,FALSE
84199050,84,8419,841990,FALSE,FALSE,FALSE,FALSE
84199080,84,8419,841990,FALSE,FALSE,FALSE,FALSE
84199085,84,8419,841990,FALSE,FALSE,FALSE,TRUE
84199095,84,8419,841990,FALSE,FALSE,FALSE,FALSE
84201010,84,8420,842010,FALSE,FALSE,FALSE,TRUE
84201030,84,8420,842010,FALSE,FALSE,FALSE,TRUE
84201050,84,8420,842010,FALSE,FALSE,FALSE,FALSE
84201080,84,8420,842010,FALSE,FALSE,FALSE,TRUE
84201081,84,8420,842010,FALSE,FALSE,FALSE,FALSE
84201089,84,8420,842010,FALSE,FALSE,FALSE,FALSE
84201090,84,8420,842010,FALSE,FALSE,FALSE,FALSE
84209110,84,8420,842091,FALSE,FALSE,FALSE,TRUE
84209130,84,8420,842091,FALSE,FALSE,FALSE,FALSE
84209180,84,8420,842091,FALSE,FALSE,FALSE,TRUE
84209190,84,8420,842091,FALSE,FALSE,FALSE,FALSE
84209900,84,8420,842099,FALSE,FALSE,FALSE,TRUE
84211100,84,8421,842111,FALSE,FALSE,FALSE,TRUE
84211200,84,8421,842112,FALSE,FALSE,FALSE,TRUE
84211910,84,8421,842119,FALSE,FALSE,FALSE,FALSE
84211920,84,8421,842119,FALSE,FALSE,FALSE,TRUE
84211940,84,8421,842119,FALSE,FALSE,FALSE,FALSE
84211970,84,8421,842119,FALSE,FALSE,FALSE,TRUE
84211980,84,8421,842119,FALSE,FALSE,FALSE,FALSE
84211991,84,8421,842119,FALSE,FALSE,FALSE,FALSE
84211993,84,8421,842119,FALSE,FALSE,FALSE,FALSE
84211994,84,8421,842119,FALSE,FALSE,FALSE,FALSE
84211995,84,8421,842119,FALSE,FALSE,FALSE,FALSE
84211996,84,8421,842119,FALSE,FALSE,FALSE,FALSE
84211997,84,8421,842119,FALSE,FALSE,FALSE,FALSE
84211998,84,8421,842119,FALSE,FALSE,FALSE,FALSE
84211999,84,8421,842119,FALSE,FALSE,FALSE,FALSE
84212100,84,8421,842121,FALSE,FALSE,FALSE,TRUE
84212110,84,8421,842121,FALSE,FALSE,FALSE,FALSE
84212190,84,8421,842121,FALSE,FALSE,FALSE,FALSE
84212200,84,8421,842122,FALSE,FALSE,FALSE,TRUE
84212300,84,8421,842123,FALSE,FALSE,FALSE,TRUE
84212310,84,8421,842123,FALSE,FALSE,FALSE,FALSE
84212390,84,8421,842123,FALSE,FALSE,FALSE,FALSE
84212900,84,8421,842129,FALSE,FALSE,FALSE,TRUE
84212910,84,8421,842129,FALSE,FALSE,FALSE,FALSE
84212920,84,8421,842129,FALSE,FALSE,FALSE,FALSE
84212980,84,8421,842129,FALSE,FALSE,FALSE,FALSE
84212990,84,8421,842129,FALSE,FALSE,FALSE,FALSE
84213100,84,8421,842131,FALSE,FALSE,FALSE,TRUE
84213110,84,8421,842131,FALSE,FALSE,FALSE,FALSE
84213190,84,8421,842131,FALSE,FALSE,FALSE,FALSE
84213910,84,8421,842139,FALSE,FALSE,FALSE,FALSE
84213915,84,8421,842139,FALSE,FALSE,FALSE,FALSE
84213920,84,8421,842139,FALSE,FALSE,FALSE,TRUE
84213925,84,8421,842139,FALSE,FALSE,FALSE,FALSE
84213930,84,8421,842139,FALSE,FALSE,FALSE,FALSE
84213935,84,8421,842139,FALSE,FALSE,FALSE,FALSE
84213940,84,8421,842139,FALSE,FALSE,FALSE,FALSE
84213951,84,8421,842139,FALSE,FALSE,FALSE,FALSE
84213955,84,8421,842139,FALSE,FALSE,FALSE,FALSE
84213960,84,8421,842139,FALSE,FALSE,FALSE,TRUE
84213971,84,8421,842139,FALSE,FALSE,FALSE,FALSE
84213975,84,8421,842139,FALSE,FALSE,FALSE,FALSE
84213980,84,8421,842139,FALSE,FALSE,FALSE,TRUE
84213985,84,8421,842139,FALSE,FALSE,FALSE,FALSE
84213990,84,8421,842139,FALSE,FALSE,FALSE,FALSE
84213998,84,8421,842139,FALSE,FALSE,FALSE,FALSE
84213999,84,8421,842139,FALSE,FALSE,FALSE,FALSE
84219100,84,8421,842191,FALSE,FALSE,FALSE,TRUE
84219110,84,8421,842191,FALSE,FALSE,FALSE,FALSE
84219130,84,8421,842191,FALSE,FALSE,FALSE,FALSE
84219190,84,8421,842191,FALSE,FALSE,FALSE,FALSE
84219900,84,8421,842199,FALSE,FALSE,FALSE,TRUE
84219910,84,8421,842199,FALSE,FALSE,FALSE,FALSE
84219990,84,8421,842199,FALSE,FALSE,FALSE,FALSE
84221100,84,8422,842211,FALSE,FALSE,FALSE,TRUE
84221900,84,8422,842219,FALSE,FALSE,FALSE,TRUE
84222000,84,8422,842220,FALSE,FALSE,FALSE,TRUE
84223000,84,8422,842230,FALSE,FALSE,FALSE,TRUE
84224000,84,8422,842240,FALSE,FALSE,FALSE,TRUE
84229010,84,8422,842290,FALSE,FALSE,FALSE,TRUE
84229090,84,8422,842290,FALSE,FALSE,FALSE,TRUE
84231010,84,8423,842310,FALSE,FALSE,FALSE,TRUE
84231090,84,8423,842310,FALSE,FALSE,FALSE,TRUE
84232000,84,8423,842320,FALSE,FALSE,FALSE,TRUE
84232010,84,8423,842320,FALSE,FALSE,FALSE,FALSE
84232090,84,8423,842320,FALSE,FALSE,FALSE,FALSE
84233000,84,8423,842330,FALSE,FALSE,FALSE,TRUE
84233010,84,8423,842330,FALSE,FALSE,FALSE,FALSE
84233090,84,8423,842330,FALSE,FALSE,FALSE,FALSE
84238110,84,8423,842381,FALSE,FALSE,FALSE,TRUE
84238121,84,8423,842381,FALSE,FALSE,FALSE,FALSE
84238123,84,8423,842381,FALSE,FALSE,FALSE,FALSE
84238125,84,8423,842381,FALSE,FALSE,FALSE,FALSE
84238129,84,8423,842381,FALSE,FALSE,FALSE,FALSE
84238130,84,8423,842381,FALSE,FALSE,FALSE,TRUE
84238150,84,8423,842381,FALSE,FALSE,FALSE,TRUE
84238180,84,8423,842381,FALSE,FALSE,FALSE,FALSE
84238190,84,8423,842381,FALSE,FALSE,FALSE,TRUE
84238210,84,8423,842382,FALSE,FALSE,FALSE,TRUE
84238220,84,8423,842382,FALSE,FALSE,FALSE,FALSE
84238281,84,8423,842382,FALSE,FALSE,FALSE,FALSE
84238289,84,8423,842382,FALSE,FALSE,FALSE,FALSE
84238290,84,8423,842382,FALSE,FALSE,FALSE,TRUE
84238900,84,8423,842389,FALSE,FALSE,FALSE,TRUE
84238910,84,8423,842389,FALSE,FALSE,FALSE,FALSE
84238920,84,8423,842389,FALSE,FALSE,FALSE,FALSE
84238980,84,8423,842389,FALSE,FALSE,FALSE,FALSE
84238990,84,8423,842389,FALSE,FALSE,FALSE,FALSE
84239000,84,8423,842390,FALSE,FALSE,FALSE,TRUE
84239010,84,8423,842390,FALSE,FALSE,FALSE,FALSE
84239090,84,8423,842390,FALSE,FALSE,FALSE,FALSE
84241000,84,8424,842410,FALSE,FALSE,FALSE,TRUE
84241010,84,8424,842410,FALSE,FALSE,FALSE,FALSE
84241020,84,8424,842410,FALSE,FALSE,FALSE,FALSE
84241080,84,8424,842410,FALSE,FALSE,FALSE,FALSE
84241091,84,8424,842410,FALSE,FALSE,FALSE,FALSE
84241099,84,8424,842410,FALSE,FALSE,FALSE,FALSE
84242000,84,8424,842420,FALSE,FALSE,FALSE,TRUE
84243001,84,8424,842430,FALSE,FALSE,FALSE,TRUE
84243005,84,8424,842430,FALSE,FALSE,FALSE,FALSE
84243008,84,8424,842430,FALSE,FALSE,FALSE,TRUE
84243009,84,8424,842430,FALSE,FALSE,FALSE,FALSE
84243010,84,8424,842430,FALSE,FALSE,FALSE,TRUE
84243090,84,8424,842430,FALSE,FALSE,FALSE,TRUE
84244100,84,8424,842441,FALSE,FALSE,FALSE,FALSE
84244910,84,8424,842449,FALSE,FALSE,FALSE,FALSE
84244990,84,8424,842449,FALSE,FALSE,FALSE,FALSE
84248110,84,8424,842481,FALSE,FALSE,FALSE,TRUE
84248130,84,8424,842481,FALSE,FALSE,FALSE,TRUE
84248131,84,8424,842481,FALSE,FALSE,FALSE,FALSE
84248139,84,8424,842481,FALSE,FALSE,FALSE,FALSE
84248191,84,8424,842481,FALSE,FALSE,FALSE,TRUE
84248199,84,8424,842481,FALSE,FALSE,FALSE,TRUE
84248210,84,8424,842482,FALSE,FALSE,FALSE,FALSE
84248290,84,8424,842482,FALSE,FALSE,FALSE,FALSE
84248900,84,8424,842489,FALSE,FALSE,FALSE,TRUE
84248920,84,8424,842489,FALSE,FALSE,FALSE,FALSE
84248930,84,8424,842489,FALSE,FALSE,FALSE,FALSE
84248940,84,8424,842489,FALSE,FALSE,FALSE,FALSE
84248970,84,8424,842489,FALSE,FALSE,FALSE,FALSE
84248980,84,8424,842489,FALSE,FALSE,FALSE,FALSE
84248995,84,8424,842489,FALSE,FALSE,FALSE,FALSE
84249000,84,8424,842490,FALSE,FALSE,FALSE,TRUE
84249010,84,8424,842490,FALSE,FALSE,FALSE,FALSE
84249020,84,8424,842490,FALSE,FALSE,FALSE,FALSE
84249030,84,8424,842490,FALSE,FALSE,FALSE,FALSE
84249080,84,8424,842490,FALSE,FALSE,FALSE,FALSE
84249090,84,8424,842490,FALSE,FALSE,FALSE,FALSE
84251100,84,8425,842511,FALSE,FALSE,FALSE,TRUE
84251110,84,8425,842511,FALSE,FALSE,FALSE,FALSE
84251190,84,8425,842511,FALSE,FALSE,FALSE,FALSE
84251900,84,8425,842519,FALSE,FALSE,FALSE,TRUE
84251910,84,8425,842519,FALSE,FALSE,FALSE,FALSE
84251920,84,8425,842519,FALSE,FALSE,FALSE,FALSE
84251980,84,8425,842519,FALSE,FALSE,FALSE,FALSE
84251991,84,8425,842519,FALSE,FALSE,FALSE,FALSE
84251999,84,8425,842519,FALSE,FALSE,FALSE,FALSE
84252000,84,8425,842520,FALSE,FALSE,FALSE,FALSE
84253100,84,8425,842531,FALSE,FALSE,FALSE,TRUE
84253110,84,8425,842531,FALSE,FALSE,FALSE,FALSE
84253190,84,8425,842531,FALSE,FALSE,FALSE,FALSE
84253900,84,8425,842539,FALSE,FALSE,FALSE,TRUE
84253910,84,8425,842539,FALSE,FALSE,FALSE,FALSE
84253920,84,8425,842539,FALSE,FALSE,FALSE,FALSE
84253930,84,8425,842539,FALSE,FALSE,FALSE,FALSE
84253980,84,8425,842539,FALSE,FALSE,FALSE,FALSE
84253990,84,8425,842539,FALSE,FALSE,FALSE,FALSE
84253991,84,8425,842539,FALSE,FALSE,FALSE,FALSE
84253999,84,8425,842539,FALSE,FALSE,FALSE,FALSE
84254100,84,8425,842541,FALSE,FALSE,FALSE,TRUE
84254200,84,8425,842542,FALSE,FALSE,FALSE,TRUE
84254210,84,8425,842542,FALSE,FALSE,FALSE,FALSE
84254290,84,8425,842542,FALSE,FALSE,FALSE,FALSE
84254900,84,8425,842549,FALSE,FALSE,FALSE,TRUE
84254910,84,8425,842549,FALSE,FALSE,FALSE,FALSE
84254990,84,8425,842549,FALSE,FALSE,FALSE,FALSE
84261100,84,8426,842611,FALSE,FALSE,FALSE,TRUE
84261200,84,8426,842612,FALSE,FALSE,FALSE,TRUE
84261900,84,8426,842619,FALSE,FALSE,FALSE,TRUE
84262000,84,8426,842620,FALSE,FALSE,FALSE,TRUE
84263000,84,8426,842630,FALSE,FALSE,FALSE,TRUE
84264100,84,8426,842641,FALSE,FALSE,FALSE,TRUE
84264900,84,8426,842649,FALSE,FALSE,FALSE,TRUE
84269110,84,8426,842691,FALSE,FALSE,FALSE,TRUE
84269190,84,8426,842691,FALSE,FALSE,FALSE,TRUE
84269900,84,8426,842699,FALSE,FALSE,FALSE,TRUE
84269910,84,8426,842699,FALSE,FALSE,FALSE,FALSE
84269990,84,8426,842699,FALSE,FALSE,FALSE,FALSE
84271010,84,8427,842710,FALSE,FALSE,FALSE,TRUE
84271090,84,8427,842710,FALSE,FALSE,FALSE,TRUE
84272011,84,8427,842720,FALSE,FALSE,FALSE,TRUE
84272019,84,8427,842720,FALSE,FALSE,FALSE,TRUE
84272090,84,8427,842720,FALSE,FALSE,FALSE,TRUE
84279000,84,8427,842790,FALSE,FALSE,FALSE,TRUE
84281010,84,8428,842810,FALSE,FALSE,FALSE,FALSE
84281020,84,8428,842810,FALSE,FALSE,FALSE,TRUE
84281080,84,8428,842810,FALSE,FALSE,FALSE,TRUE
84281091,84,8428,842810,FALSE,FALSE,FALSE,FALSE
84281099,84,8428,842810,FALSE,FALSE,FALSE,FALSE
84282010,84,8428,842820,FALSE,FALSE,FALSE,FALSE
84282020,84,8428,842820,FALSE,FALSE,FALSE,TRUE
84282030,84,8428,842820,FALSE,FALSE,FALSE,FALSE
84282080,84,8428,842820,FALSE,FALSE,FALSE,TRUE
84282091,84,8428,842820,FALSE,FALSE,FALSE,FALSE
84282098,84,8428,842820,FALSE,FALSE,FALSE,FALSE
84282099,84,8428,842820,FALSE,FALSE,FALSE,FALSE
84283100,84,8428,842831,FALSE,FALSE,FALSE,TRUE
84283200,84,8428,842832,FALSE,FALSE,FALSE,TRUE
84283300,84,8428,842833,FALSE,FALSE,FALSE,TRUE
84283310,84,8428,842833,FALSE,FALSE,FALSE,FALSE
84283390,84,8428,842833,FALSE,FALSE,FALSE,FALSE
84283910,84,8428,842839,FALSE,FALSE,FALSE,FALSE
84283920,84,8428,842839,FALSE,FALSE,FALSE,TRUE
84283940,84,8428,842839,FALSE,FALSE,FALSE,FALSE
84283990,84,8428,842839,FALSE,FALSE,FALSE,TRUE
84283991,84,8428,842839,FALSE,FALSE,FALSE,FALSE
84283993,84,8428,842839,FALSE,FALSE,FALSE,FALSE
84283998,84,8428,842839,FALSE,FALSE,FALSE,FALSE
84284000,84,8428,842840,FALSE,FALSE,FALSE,TRUE
84285000,84,8428,842850,FALSE,FALSE,FALSE,FALSE
84286000,84,8428,842860,FALSE,FALSE,FALSE,TRUE
84289010,84,8428,842890,FALSE,FALSE,FALSE,FALSE
84289030,84,8428,842890,FALSE,FALSE,FALSE,FALSE
84289050,84,8428,842890,FALSE,FALSE,FALSE,FALSE
84289071,84,8428,842890,FALSE,FALSE,FALSE,TRUE
84289079,84,8428,842890,FALSE,FALSE,FALSE,TRUE
84289090,84,8428,842890,FALSE,FALSE,FALSE,TRUE
84289091,84,8428,842890,FALSE,FALSE,FALSE,FALSE
84289095,84,8428,842890,FALSE,FALSE,FALSE,FALSE
84289097,84,8428,842890,FALSE,FALSE,FALSE,FALSE
84289098,84,8428,842890,FALSE,FALSE,FALSE,FALSE
84289099,84,8428,842890,FALSE,FALSE,FALSE,FALSE
84291100,84,8429,842911,FALSE,FALSE,FALSE,TRUE
84291900,84,8429,842919,FALSE,FALSE,FALSE,TRUE
84292000,84,8429,842920,FALSE,FALSE,FALSE,TRUE
84293000,84,8429,842930,FALSE,FALSE,FALSE,TRUE
84294010,84,8429,842940,FALSE,FALSE,FALSE,TRUE
84294030,84,8429,842940,FALSE,FALSE,FALSE,TRUE
84294090,84,8429,842940,FALSE,FALSE,FALSE,TRUE
84295110,84,8429,842951,FALSE,FALSE,FALSE,TRUE
84295191,84,8429,842951,FALSE,FALSE,FALSE,TRUE
84295199,84,8429,842951,FALSE,FALSE,FALSE,TRUE
84295210,84,8429,842952,FALSE,FALSE,FALSE,TRUE
84295290,84,8429,842952,FALSE,FALSE,FALSE,TRUE
84295900,84,8429,842959,FALSE,FALSE,FALSE,TRUE
84301000,84,8430,843010,FALSE,FALSE,FALSE,TRUE
84302000,84,8430,843020,FALSE,FALSE,FALSE,TRUE
84303100,84,8430,843031,FALSE,FALSE,FALSE,TRUE
84303900,84,8430,843039,FALSE,FALSE,FALSE,TRUE
84304100,84,8430,843041,FALSE,FALSE,FALSE,TRUE
84304900,84,8430,843049,FALSE,FALSE,FALSE,TRUE
84305000,84,8430,843050,FALSE,FALSE,FALSE,TRUE
84306100,84,8430,843061,FALSE,FALSE,FALSE,TRUE
84306200,84,8430,843062,FALSE,FALSE,FALSE,FALSE
84306900,84,8430,843069,FALSE,FALSE,FALSE,TRUE
84311000,84,8431,843110,FALSE,FALSE,FALSE,TRUE
84312000,84,8431,843120,FALSE,FALSE,FALSE,TRUE
84313100,84,8431,843131,FALSE,FALSE,FALSE,TRUE
84313900,84,8431,843139,FALSE,FALSE,FALSE,TRUE
84313910,84,8431,843139,FALSE,FALSE,FALSE,FALSE
84313920,84,8431,843139,FALSE,FALSE,FALSE,FALSE
84313970,84,8431,843139,FALSE,FALSE,FALSE,FALSE
84313980,84,8431,843139,FALSE,FALSE,FALSE,FALSE
84313990,84,8431,843139,FALSE,FALSE,FALSE,FALSE
84314100,84,8431,843141,FALSE,FALSE,FALSE,TRUE
84314200,84,8431,843142,FALSE,FALSE,FALSE,TRUE
84314300,84,8431,843143,FALSE,FALSE,FALSE,TRUE
84314920,84,8431,843149,FALSE,FALSE,FALSE,TRUE
84314980,84,8431,843149,FALSE,FALSE,FALSE,TRUE
84321000,84,8432,843210,FALSE,FALSE,FALSE,TRUE
84321010,84,8432,843210,FALSE,FALSE,FALSE,FALSE
84321090,84,8432,843210,FALSE,FALSE,FALSE,FALSE
84322100,84,8432,843221,FALSE,FALSE,FALSE,TRUE
84322910,84,8432,843229,FALSE,FALSE,FALSE,TRUE
84322930,84,8432,843229,FALSE,FALSE,FALSE,TRUE
84322950,84,8432,843229,FALSE,FALSE,FALSE,TRUE
84322990,84,8432,843229,FALSE,FALSE,FALSE,TRUE
84323011,84,8432,843230,FALSE,FALSE,FALSE,TRUE
84323019,84,8432,843230,FALSE,FALSE,FALSE,TRUE
84323090,84,8432,843230,FALSE,FALSE,FALSE,TRUE
84323100,84,8432,843231,FALSE,FALSE,FALSE,FALSE
84323911,84,8432,843239,FALSE,FALSE,FALSE,FALSE
84323919,84,8432,843239,FALSE,FALSE,FALSE,FALSE
84323990,84,8432,843239,FALSE,FALSE,FALSE,FALSE
84324010,84,8432,843240,FALSE,FALSE,FALSE,TRUE
84324090,84,8432,843240,FALSE,FALSE,FALSE,TRUE
84324100,84,8432,843241,FALSE,FALSE,FALSE,FALSE
84324200,84,8432,843242,FALSE,FALSE,FALSE,FALSE
84328000,84,8432,843280,FALSE,FALSE,FALSE,TRUE
84329000,84,8432,843290,FALSE,FALSE,FALSE,TRUE
84329010,84,8432,843290,FALSE,FALSE,FALSE,FALSE
84329091,84,8432,843290,FALSE,FALSE,FALSE,FALSE
84329099,84,8432,843290,FALSE,FALSE,FALSE,FALSE
84331110,84,8433,843311,FALSE,FALSE,FALSE,TRUE
84331151,84,8433,843311,FALSE,FALSE,FALSE,TRUE
84331159,84,8433,843311,FALSE,FALSE,FALSE,TRUE
84331190,84,8433,843311,FALSE,FALSE,FALSE,TRUE
84331910,84,8433,843319,FALSE,FALSE,FALSE,TRUE
84331951,84,8433,843319,FALSE,FALSE,FALSE,TRUE
84331959,84,8433,843319,FALSE,FALSE,FALSE,TRUE
84331970,84,8433,843319,FALSE,FALSE,FALSE,TRUE
84331990,84,8433,843319,FALSE,FALSE,FALSE,TRUE
84332010,84,8433,843320,FALSE,FALSE,FALSE,TRUE
84332050,84,8433,843320,FALSE,FALSE,FALSE,TRUE
84332051,84,8433,843320,FALSE,FALSE,FALSE,FALSE
84332059,84,8433,843320,FALSE,FALSE,FALSE,FALSE
84332090,84,8433,843320,FALSE,FALSE,FALSE,TRUE
84333000,84,8433,843330,FALSE,FALSE,FALSE,TRUE
84333010,84,8433,843330,FALSE,FALSE,FALSE,FALSE
84333090,84,8433,843330,FALSE,FALSE,FALSE,FALSE
84334000,84,8433,843340,FALSE,FALSE,FALSE,TRUE
84334010,84,8433,843340,FALSE,FALSE,FALSE,FALSE
84334090,84,8433,843340,FALSE,FALSE,FALSE,FALSE
84335100,84,8433,843351,FALSE,FALSE,FALSE,TRUE
84335200,84,8433,843352,FALSE,FALSE,FALSE,TRUE
84335310,84,8433,843353,FALSE,FALSE,FALSE,TRUE
84335330,84,8433,843353,FALSE,FALSE,FALSE,TRUE
84335390,84,8433,843353,FALSE,FALSE,FALSE,TRUE
84335911,84,8433,843359,FALSE,FALSE,FALSE,TRUE
84335919,84,8433,843359,FALSE,FALSE,FALSE,TRUE
84335930,84,8433,843359,FALSE,FALSE,FALSE,FALSE
84335980,84,8433,843359,FALSE,FALSE,FALSE,FALSE
84335985,84,8433,843359,FALSE,FALSE,FALSE,TRUE
84336000,84,8433,843360,FALSE,FALSE,FALSE,TRUE
84336010,84,8433,843360,FALSE,FALSE,FALSE,FALSE
84336090,84,8433,843360,FALSE,FALSE,FALSE,FALSE
84339000,84,8433,843390,FALSE,FALSE,FALSE,TRUE
84341000,84,8434,843410,FALSE,FALSE,FALSE,TRUE
84342000,84,8434,843420,FALSE,FALSE,FALSE,TRUE
84349000,84,8434,843490,FALSE,FALSE,FALSE,TRUE
84351000,84,8435,843510,FALSE,FALSE,FALSE,TRUE
84351010,84,8435,843510,FALSE,FALSE,FALSE,FALSE
84351090,84,8435,843510,FALSE,FALSE,FALSE,FALSE
84359000,84,8435,843590,FALSE,FALSE,FALSE,TRUE
84361000,84,8436,843610,FALSE,FALSE,FALSE,TRUE
84361010,84,8436,843610,FALSE,FALSE,FALSE,FALSE
84361090,84,8436,843610,FALSE,FALSE,FALSE,FALSE
84362100,84,8436,843621,FALSE,FALSE,FALSE,TRUE
84362900,84,8436,843629,FALSE,FALSE,FALSE,TRUE
84368010,84,8436,843680,FALSE,FALSE,FALSE,TRUE
84368090,84,8436,843680,FALSE,FALSE,FALSE,TRUE
84368091,84,8436,843680,FALSE,FALSE,FALSE,FALSE
84368099,84,8436,843680,FALSE,FALSE,FALSE,FALSE
84369100,84,8436,843691,FALSE,FALSE,FALSE,TRUE
84369900,84,8436,843699,FALSE,FALSE,FALSE,TRUE
84371000,84,8437,843710,FALSE,FALSE,FALSE,TRUE
84378000,84,8437,843780,FALSE,FALSE,FALSE,TRUE
84379000,84,8437,843790,FALSE,FALSE,FALSE,TRUE
84381010,84,8438,843810,FALSE,FALSE,FALSE,TRUE
84381090,84,8438,843810,FALSE,FALSE,FALSE,TRUE
84382000,84,8438,843820,FALSE,FALSE,FALSE,TRUE
84383000,84,8438,843830,FALSE,FALSE,FALSE,TRUE
84384000,84,8438,843840,FALSE,FALSE,FALSE,TRUE
84385000,84,8438,843850,FALSE,FALSE,FALSE,TRUE
84386000,84,8438,843860,FALSE,FALSE,FALSE,TRUE
84388010,84,8438,843880,FALSE,FALSE,FALSE,TRUE
84388091,84,8438,843880,FALSE,FALSE,FALSE,TRUE
84388099,84,8438,843880,FALSE,FALSE,FALSE,TRUE
84389000,84,8438,843890,FALSE,FALSE,FALSE,TRUE
84391000,84,8439,843910,FALSE,FALSE,FALSE,TRUE
84392000,84,8439,843920,FALSE,FALSE,FALSE,TRUE
84393000,84,8439,843930,FALSE,FALSE,FALSE,TRUE
84399100,84,8439,843991,FALSE,FALSE,FALSE,TRUE
84399110,84,8439,843991,FALSE,FALSE,FALSE,FALSE
84399190,84,8439,843991,FALSE,FALSE,FALSE,FALSE
84399900,84,8439,843999,FALSE,FALSE,FALSE,TRUE
84399910,84,8439,843999,FALSE,FALSE,FALSE,FALSE
84399990,84,8439,843999,FALSE,FALSE,FALSE,FALSE
84401010,84,8440,844010,FALSE,FALSE,FALSE,TRUE
84401020,84,8440,844010,FALSE,FALSE,FALSE,TRUE
84401030,84,8440,844010,FALSE,FALSE,FALSE,TRUE
84401040,84,8440,844010,FALSE,FALSE,FALSE,TRUE
84401090,84,8440,844010,FALSE,FALSE,FALSE,TRUE
84409000,84,8440,844090,FALSE,FALSE,FALSE,TRUE
84411010,84,8441,844110,FALSE,FALSE,FALSE,TRUE
84411020,84,8441,844110,FALSE,FALSE,FALSE,TRUE
84411030,84,8441,844110,FALSE,FALSE,FALSE,TRUE
84411040,84,8441,844110,FALSE,FALSE,FALSE,FALSE
84411070,84,8441,844110,FALSE,FALSE,FALSE,TRUE
84411080,84,8441,844110,FALSE,FALSE,FALSE,FALSE
84412000,84,8441,844120,FALSE,FALSE,FALSE,TRUE
84413000,84,8441,844130,FALSE,FALSE,FALSE,TRUE
84414000,84,8441,844140,FALSE,FALSE,FALSE,TRUE
84418000,84,8441,844180,FALSE,FALSE,FALSE,TRUE
84419010,84,8441,844190,FALSE,FALSE,FALSE,TRUE
84419090,84,8441,844190,FALSE,FALSE,FALSE,TRUE
84421000,84,8442,844210,FALSE,FALSE,FALSE,FALSE
84422010,84,8442,844220,FALSE,FALSE,FALSE,FALSE
84422090,84,8442,844220,FALSE,FALSE,FALSE,FALSE
84423000,84,8442,844230,FALSE,FALSE,FALSE,FALSE
84423010,84,8442,844230,FALSE,FALSE,FALSE,TRUE
84423091,84,8442,844230,FALSE,FALSE,FALSE,TRUE
84423099,84,8442,844230,FALSE,FALSE,FALSE,TRUE
84424000,84,8442,844240,FALSE,FALSE,FALSE,TRUE
84425000,84,8442,844250,FALSE,FALSE,FALSE,FALSE
84425020,84,8442,844250,FALSE,FALSE,FALSE,TRUE
84425021,84,8442,844250,FALSE,FALSE,FALSE,FALSE
84425023,84,8442,844250,FALSE,FALSE,FALSE,FALSE
84425029,84,8442,844250,FALSE,FALSE,FALSE,FALSE
84425080,84,8442,844250,FALSE,FALSE,FALSE,TRUE
84431100,84,8443,844311,FALSE,FALSE,FALSE,TRUE
84431200,84,8443,844312,FALSE,FALSE,FALSE,TRUE
84431310,84,8443,844313,FALSE,FALSE,FALSE,TRUE
84431331,84,8443,844313,FALSE,FALSE,FALSE,TRUE
84431335,84,8443,844313,FALSE,FALSE,FALSE,TRUE
84431339,84,8443,844313,FALSE,FALSE,FALSE,TRUE
84431390,84,8443,844313,FALSE,FALSE,FALSE,TRUE
84431400,84,8443,844314,FALSE,FALSE,FALSE,TRUE
84431500,84,8443,844315,FALSE,FALSE,FALSE,TRUE
84431600,84,8443,844316,FALSE,FALSE,FALSE,TRUE
84431700,84,8443,844317,FALSE,FALSE,FALSE,TRUE
84431910,84,8443,844319,FALSE,FALSE,FALSE,FALSE
84431920,84,8443,844319,FALSE,FALSE,FALSE,TRUE
84431931,84,8443,844319,FALSE,FALSE,FALSE,FALSE
84431935,84,8443,844319,FALSE,FALSE,FALSE,FALSE
84431939,84,8443,844319,FALSE,FALSE,FALSE,FALSE
84431940,84,8443,844319,FALSE,FALSE,FALSE,TRUE
84431970,84,8443,844319,FALSE,FALSE,FALSE,TRUE
84431990,84,8443,844319,FALSE,FALSE,FALSE,FALSE
84432100,84,8443,844321,FALSE,FALSE,FALSE,FALSE
84432900,84,8443,844329,FALSE,FALSE,FALSE,FALSE
84433000,84,8443,844330,FALSE,FALSE,FALSE,FALSE
84433100,84,8443,844331,FALSE,FALSE,FALSE,FALSE
84433110,84,8443,844331,FALSE,FALSE,FALSE,FALSE
84433120,84,8443,844331,FALSE,FALSE,FALSE,TRUE
84433180,84,8443,844331,FALSE,FALSE,FALSE,TRUE
84433191,84,8443,844331,FALSE,FALSE,FALSE,FALSE
84433199,84,8443,844331,FALSE,FALSE,FALSE,FALSE
84433210,84,8443,844332,FALSE,FALSE,FALSE,TRUE
84433230,84,8443,844332,FALSE,FALSE,FALSE,TRUE
84433280,84,8443,844332,FALSE,FALSE,FALSE,FALSE
84433291,84,8443,844332,FALSE,FALSE,FALSE,TRUE
84433293,84,8443,844332,FALSE,FALSE,FALSE,TRUE
84433299,84,8443,844332,FALSE,FALSE,FALSE,TRUE
84433900,84,8443,844339,FALSE,FALSE,FALSE,FALSE
84433910,84,8443,844339,FALSE,FALSE,FALSE,TRUE
84433931,84,8443,844339,FALSE,FALSE,FALSE,TRUE
84433939,84,8443,844339,FALSE,FALSE,FALSE,TRUE
84433990,84,8443,844339,FALSE,FALSE,FALSE,TRUE
84434000,84,8443,844340,FALSE,FALSE,FALSE,FALSE
84435020,84,8443,844350,FALSE,FALSE,FALSE,FALSE
84435080,84,8443,844350,FALSE,FALSE,FALSE,FALSE
84435100,84,8443,844351,FALSE,FALSE,FALSE,FALSE
84435920,84,8443,844359,FALSE,FALSE,FALSE,FALSE
84435940,84,8443,844359,FALSE,FALSE,FALSE,FALSE
84435970,84,8443,844359,FALSE,FALSE,FALSE,FALSE
84435980,84,8443,844359,FALSE,FALSE,FALSE,FALSE
84436000,84,8443,844360,FALSE,FALSE,FALSE,FALSE
84439005,84,8443,844390,FALSE,FALSE,FALSE,FALSE
84439010,84,8443,844390,FALSE,FALSE,FALSE,FALSE
84439080,84,8443,844390,FALSE,FALSE,FALSE,FALSE
84439090,84,8443,844390,FALSE,FALSE,FALSE,FALSE
84439110,84,8443,844391,FALSE,FALSE,FALSE,TRUE
84439191,84,8443,844391,FALSE,FALSE,FALSE,TRUE
84439199,84,8443,844391,FALSE,FALSE,FALSE,TRUE
84439910,84,8443,844399,FALSE,FALSE,FALSE,TRUE
84439990,84,8443,844399,FALSE,FALSE,FALSE,TRUE
84440010,84,8444,844400,FALSE,FALSE,FALSE,TRUE
84440090,84,8444,844400,FALSE,FALSE,FALSE,TRUE
84451100,84,8445,844511,FALSE,FALSE,FALSE,TRUE
84451200,84,8445,844512,FALSE,FALSE,FALSE,TRUE
84451300,84,8445,844513,FALSE,FALSE,FALSE,TRUE
84451900,84,8445,844519,FALSE,FALSE,FALSE,TRUE
84452000,84,8445,844520,FALSE,FALSE,FALSE,TRUE
84453000,84,8445,844530,FALSE,FALSE,FALSE,TRUE
84453010,84,8445,844530,FALSE,FALSE,FALSE,FALSE
84453090,84,8445,844530,FALSE,FALSE,FALSE,FALSE
84454000,84,8445,844540,FALSE,FALSE,FALSE,TRUE
84459000,84,8445,844590,FALSE,FALSE,FALSE,TRUE
84461000,84,8446,844610,FALSE,FALSE,FALSE,TRUE
84462100,84,8446,844621,FALSE,FALSE,FALSE,TRUE
84462900,84,8446,844629,FALSE,FALSE,FALSE,TRUE
84463000,84,8446,844630,FALSE,FALSE,FALSE,TRUE
84471100,84,8447,844711,FALSE,FALSE,FALSE,TRUE
84471110,84,8447,844711,FALSE,FALSE,FALSE,FALSE
84471190,84,8447,844711,FALSE,FALSE,FALSE,FALSE
84471200,84,8447,844712,FALSE,FALSE,FALSE,TRUE
84471210,84,8447,844712,FALSE,FALSE,FALSE,FALSE
84471290,84,8447,844712,FALSE,FALSE,FALSE,FALSE
84472010,84,8447,844720,FALSE,FALSE,FALSE,FALSE
84472020,84,8447,844720,FALSE,FALSE,FALSE,TRUE
84472080,84,8447,844720,FALSE,FALSE,FALSE,TRUE
84472092,84,8447,844720,FALSE,FALSE,FALSE,FALSE
84472098,84,8447,844720,FALSE,FALSE,FALSE,FALSE
84479000,84,8447,844790,FALSE,FALSE,FALSE,TRUE
84481100,84,8448,844811,FALSE,FALSE,FALSE,TRUE
84481900,84,8448,844819,FALSE,FALSE,FALSE,TRUE
84482000,84,8448,844820,FALSE,FALSE,FALSE,TRUE
84482010,84,8448,844820,FALSE,FALSE,FALSE,FALSE
84482090,84,8448,844820,FALSE,FALSE,FALSE,FALSE
84483100,84,8448,844831,FALSE,FALSE,FALSE,TRUE
84483200,84,8448,844832,FALSE,FALSE,FALSE,TRUE
84483300,84,8448,844833,FALSE,FALSE,FALSE,TRUE
84483310,84,8448,844833,FALSE,FALSE,FALSE,FALSE
84483390,84,8448,844833,FALSE,FALSE,FALSE,FALSE
84483900,84,8448,844839,FALSE,FALSE,FALSE,TRUE
84484100,84,8448,844841,FALSE,FALSE,FALSE,FALSE
84484200,84,8448,844842,FALSE,FALSE,FALSE,TRUE
84484900,84,8448,844849,FALSE,FALSE,FALSE,TRUE
84485110,84,8448,844851,FALSE,FALSE,FALSE,TRUE
84485190,84,8448,844851,FALSE,FALSE,FALSE,TRUE
84485900,84,8448,844859,FALSE,FALSE,FALSE,TRUE
84490000,84,8449,844900,FALSE,FALSE,FALSE,TRUE
84501111,84,8450,845011,FALSE,FALSE,FALSE,TRUE
84501119,84,8450,845011,FALSE,FALSE,FALSE,TRUE
84501190,84,8450,845011,FALSE,FALSE,FALSE,TRUE
84501200,84,8450,845012,FALSE,FALSE,FALSE,TRUE
84501900,84,8450,845019,FALSE,FALSE,FALSE,TRUE
84502000,84,8450,845020,FALSE,FALSE,FALSE,TRUE
84509000,84,8450,845090,FALSE,FALSE,FALSE,TRUE
84511000,84,8451,845110,FALSE,FALSE,FALSE,TRUE
84512100,84,8451,845121,FALSE,FALSE,FALSE,TRUE
84512110,84,8451,845121,FALSE,FALSE,FALSE,FALSE
84512190,84,8451,845121,FALSE,FALSE,FALSE,FALSE
84512900,84,8451,845129,FALSE,FALSE,FALSE,TRUE
84513000,84,8451,845130,FALSE,FALSE,FALSE,TRUE
84513010,84,8451,845130,FALSE,FALSE,FALSE,FALSE
84513030,84,8451,845130,FALSE,FALSE,FALSE,FALSE
84513080,84,8451,845130,FALSE,FALSE,FALSE,FALSE
84514000,84,8451,845140,FALSE,FALSE,FALSE,TRUE
84515000,84,8451,845150,FALSE,FALSE,FALSE,TRUE
84518010,84,8451,845180,FALSE,FALSE,FALSE,TRUE
84518030,84,8451,845180,FALSE,FALSE,FALSE,TRUE
84518080,84,8451,845180,FALSE,FALSE,FALSE,TRUE
84519000,84,8451,845190,FALSE,FALSE,FALSE,TRUE
84521011,84,8452,845210,FALSE,FALSE,FALSE,TRUE
84521019,84,8452,845210,FALSE,FALSE,FALSE,TRUE
84521090,84,8452,845210,FALSE,FALSE,FALSE,TRUE
84522100,84,8452,845221,FALSE,FALSE,FALSE,TRUE
84522900,84,8452,845229,FALSE,FALSE,FALSE,TRUE
84523000,84,8452,845230,FALSE,FALSE,FALSE,TRUE
84523010,84,8452,845230,FALSE,FALSE,FALSE,FALSE
84523090,84,8452,845230,FALSE,FALSE,FALSE,FALSE
84524000,84,8452,845240,FALSE,FALSE,FALSE,FALSE
84529000,84,8452,845290,FALSE,FALSE,FALSE,TRUE
84531000,84,8453,845310,FALSE,FALSE,FALSE,TRUE
84532000,84,8453,845320,FALSE,FALSE,FALSE,TRUE
84538000,84,8453,845380,FALSE,FALSE,FALSE,TRUE
84539000,84,8453,845390,FALSE,FALSE,FALSE,TRUE
84541000,84,8454,845410,FALSE,FALSE,FALSE,TRUE
84542000,84,8454,845420,FALSE,FALSE,FALSE,TRUE
84543010,84,8454,845430,FALSE,FALSE,FALSE,TRUE
84543090,84,8454,845430,FALSE,FALSE,FALSE,TRUE
84549000,84,8454,845490,FALSE,FALSE,FALSE,TRUE
84551000,84,8455,845510,FALSE,FALSE,FALSE,TRUE
84552100,84,8455,845521,FALSE,FALSE,FALSE,TRUE
84552200,84,8455,845522,FALSE,FALSE,FALSE,TRUE
84553010,84,8455,845530,FALSE,FALSE,FALSE,TRUE
84553031,84,8455,845530,FALSE,FALSE,FALSE,TRUE
84553039,84,8455,845530,FALSE,FALSE,FALSE,TRUE
84553090,84,8455,845530,FALSE,FALSE,FALSE,TRUE
84559000,84,8455,845590,FALSE,FALSE,FALSE,TRUE
84561000,84,8456,845610,FALSE,FALSE,FALSE,TRUE
84561010,84,8456,845610,FALSE,FALSE,FALSE,FALSE
84561090,84,8456,845610,FALSE,FALSE,FALSE,FALSE
84561110,84,8456,845611,FALSE,FALSE,FALSE,FALSE
84561190,84,8456,845611,FALSE,FALSE,FALSE,FALSE
84561210,84,8456,845612,FALSE,FALSE,FALSE,FALSE
84561290,84,8456,845612,FALSE,FALSE,FALSE,FALSE
84562000,84,8456,845620,FALSE,FALSE,FALSE,TRUE
84563011,84,8456,845630,FALSE,FALSE,FALSE,TRUE
84563019,84,8456,845630,FALSE,FALSE,FALSE,TRUE
84563090,84,8456,845630,FALSE,FALSE,FALSE,TRUE
84564000,84,8456,845640,FALSE,FALSE,FALSE,FALSE
84565000,84,8456,845650,FALSE,FALSE,FALSE,FALSE
84569000,84,8456,845690,FALSE,FALSE,FALSE,FALSE
84569010,84,8456,845690,FALSE,FALSE,FALSE,FALSE
84569020,84,8456,845690,FALSE,FALSE,FALSE,TRUE
84569030,84,8456,845690,FALSE,FALSE,FALSE,FALSE
84569080,84,8456,845690,FALSE,FALSE,FALSE,TRUE
84569090,84,8456,845690,FALSE,FALSE,FALSE,FALSE
84569100,84,8456,845691,FALSE,FALSE,FALSE,FALSE
84569910,84,8456,845699,FALSE,FALSE,FALSE,FALSE
84569930,84,8456,845699,FALSE,FALSE,FALSE,FALSE
84569950,84,8456,845699,FALSE,FALSE,FALSE,FALSE
84569980,84,8456,845699,FALSE,FALSE,FALSE,FALSE
84569990,84,8456,845699,FALSE,FALSE,FALSE,FALSE
84571010,84,8457,845710,FALSE,FALSE,FALSE,TRUE
84571090,84,8457,845710,FALSE,FALSE,FALSE,TRUE
84572000,84,8457,845720,FALSE,FALSE,FALSE,TRUE
84572010,84,8457,845720,FALSE,FALSE,FALSE,FALSE
84572090,84,8457,845720,FALSE,FALSE,FALSE,FALSE
84573010,84,8457,845730,FALSE,FALSE,FALSE,TRUE
84573090,84,8457,845730,FALSE,FALSE,FALSE,TRUE
84581120,84,8458,845811,FALSE,FALSE,FALSE,TRUE
84581141,84,8458,845811,FALSE,FALSE,FALSE,TRUE
84581149,84,8458,845811,FALSE,FALSE,FALSE,TRUE
84581180,84,8458,845811,FALSE,FALSE,FALSE,TRUE
84581900,84,8458,845819,FALSE,FALSE,FALSE,TRUE
84581920,84,8458,845819,FALSE,FALSE,FALSE,FALSE
84581940,84,8458,845819,FALSE,FALSE,FALSE,FALSE
84581980,84,8458,845819,FALSE,FALSE,FALSE,FALSE
84589120,84,8458,845891,FALSE,FALSE,FALSE,TRUE
84589180,84,8458,845891,FALSE,FALSE,FALSE,TRUE
84589900,84,8458,845899,FALSE,FALSE,FALSE,TRUE
84591000,84,8459,845910,FALSE,FALSE,FALSE,TRUE
84592100,84,8459,845921,FALSE,FALSE,FALSE,TRUE
84592900,84,8459,845929,FALSE,FALSE,FALSE,TRUE
84593100,84,8459,845931,FALSE,FALSE,FALSE,TRUE
84593900,84,8459,845939,FALSE,FALSE,FALSE,TRUE
84594010,84,8459,845940,FALSE,FALSE,FALSE,TRUE
84594090,84,8459,845940,FALSE,FALSE,FALSE,TRUE
84594100,84,8459,845941,FALSE,FALSE,FALSE,FALSE
84594900,84,8459,845949,FALSE,FALSE,FALSE,FALSE
84595100,84,8459,845951,FALSE,FALSE,FALSE,TRUE
84595900,84,8459,845959,FALSE,FALSE,FALSE,TRUE
84596110,84,8459,845961,FALSE,FALSE,FALSE,TRUE
84596190,84,8459,845961,FALSE,FALSE,FALSE,TRUE
84596191,84,8459,845961,FALSE,FALSE,FALSE,FALSE
84596199,84,8459,845961,FALSE,FALSE,FALSE,FALSE
84596910,84,8459,845969,FALSE,FALSE,FALSE,TRUE
84596990,84,8459,845969,FALSE,FALSE,FALSE,TRUE
84596991,84,8459,845969,FALSE,FALSE,FALSE,FALSE
84596999,84,8459,845969,FALSE,FALSE,FALSE,FALSE
84597000,84,8459,845970,FALSE,FALSE,FALSE,TRUE
84601100,84,8460,846011,FALSE,FALSE,FALSE,TRUE
84601200,84,8460,846012,FALSE,FALSE,FALSE,FALSE
84601900,84,8460,846019,FALSE,FALSE,FALSE,TRUE
84602111,84,8460,846021,FALSE,FALSE,FALSE,TRUE
84602115,84,8460,846021,FALSE,FALSE,FALSE,TRUE
84602119,84,8460,846021,FALSE,FALSE,FALSE,TRUE
84602190,84,8460,846021,FALSE,FALSE,FALSE,TRUE
84602200,84,8460,846022,FALSE,FALSE,FALSE,FALSE
84602300,84,8460,846023,FALSE,FALSE,FALSE,FALSE
84602400,84,8460,846024,FALSE,FALSE,FALSE,FALSE
84602910,84,8460,846029,FALSE,FALSE,FALSE,TRUE
84602911,84,8460,846029,FALSE,FALSE,FALSE,FALSE
84602919,84,8460,846029,FALSE,FALSE,FALSE,FALSE
84602990,84,8460,846029,FALSE,FALSE,FALSE,TRUE
84603100,84,8460,846031,FALSE,FALSE,FALSE,TRUE
84603900,84,8460,846039,FALSE,FALSE,FALSE,TRUE
84604010,84,8460,846040,FALSE,FALSE,FALSE,TRUE
84604090,84,8460,846040,FALSE,FALSE,FALSE,TRUE
84609000,84,8460,846090,FALSE,FALSE,FALSE,FALSE
84609010,84,8460,846090,FALSE,FALSE,FALSE,TRUE
84609090,84,8460,846090,FALSE,FALSE,FALSE,TRUE
84611000,84,8461,846110,FALSE,FALSE,FALSE,FALSE
84612000,84,8461,846120,FALSE,FALSE,FALSE,TRUE
84613010,84,8461,846130,FALSE,FALSE,FALSE,TRUE
84613090,84,8461,846130,FALSE,FALSE,FALSE,TRUE
84614011,84,8461,846140,FALSE,FALSE,FALSE,TRUE
84614019,84,8461,846140,FALSE,FALSE,FALSE,TRUE
84614031,84,8461,846140,FALSE,FALSE,FALSE,TRUE
84614039,84,8461,846140,FALSE,FALSE,FALSE,TRUE
84614071,84,8461,846140,FALSE,FALSE,FALSE,TRUE
84614079,84,8461,846140,FALSE,FALSE,FALSE,TRUE
84614090,84,8461,846140,FALSE,FALSE,FALSE,TRUE
84615011,84,8461,846150,FALSE,FALSE,FALSE,TRUE
84615019,84,8461,846150,FALSE,FALSE,FALSE,TRUE
84615090,84,8461,846150,FALSE,FALSE,FALSE,TRUE
84619000,84,8461,846190,FALSE,FALSE,FALSE,TRUE
84621010,84,8462,846210,FALSE,FALSE,FALSE,TRUE
84621090,84,8462,846210,FALSE,FALSE,FALSE,TRUE
84622105,84,8462,846221,FALSE,FALSE,FALSE,FALSE
84622110,84,8462,846221,FALSE,FALSE,FALSE,TRUE
84622180,84,8462,846221,FALSE,FALSE,FALSE,TRUE
84622190,84,8462,846221,FALSE,FALSE,FALSE,FALSE
84622905,84,8462,846229,FALSE,FALSE,FALSE,FALSE
84622910,84,8462,846229,FALSE,FALSE,FALSE,TRUE
84622991,84,8462,846229,FALSE,FALSE,FALSE,TRUE
84622998,84,8462,846229,FALSE,FALSE,FALSE,TRUE
84622999,84,8462,846229,FALSE,FALSE,FALSE,FALSE
84623100,84,8462,846231,FALSE,FALSE,FALSE,TRUE
84623910,84,8462,846239,FALSE,FALSE,FALSE,TRUE
84623991,84,8462,846239,FALSE,FALSE,FALSE,TRUE
84623999,84,8462,846239,FALSE,FALSE,FALSE,TRUE
84624110,84,8462,846241,FALSE,FALSE,FALSE,TRUE
84624190,84,8462,846241,FALSE,FALSE,FALSE,TRUE
84624910,84,8462,846249,FALSE,FALSE,FALSE,TRUE
84624990,84,8462,846249,FALSE,FALSE,FALSE,TRUE
84629110,84,8462,846291,FALSE,FALSE,FALSE,FALSE
84629120,84,8462,846291,FALSE,FALSE,FALSE,TRUE
84629150,84,8462,846291,FALSE,FALSE,FALSE,FALSE
84629180,84,8462,846291,FALSE,FALSE,FALSE,TRUE
84629190,84,8462,846291,FALSE,FALSE,FALSE,FALSE
84629191,84,8462,846291,FALSE,FALSE,FALSE,FALSE
84629199,84,8462,846291,FALSE,FALSE,FALSE,FALSE
84629910,84,8462,846299,FALSE,FALSE,FALSE,FALSE
84629920,84,8462,846299,FALSE,FALSE,FALSE,TRUE
84629950,84,8462,846299,FALSE,FALSE,FALSE,FALSE
84629980,84,8462,846299,FALSE,FALSE,FALSE,TRUE
84629990,84,8462,846299,FALSE,FALSE,FALSE,FALSE
84629991,84,8462,846299,FALSE,FALSE,FALSE,FALSE
84629999,84,8462,846299,FALSE,FALSE,FALSE,FALSE
84631010,84,8463,846310,FALSE,FALSE,FALSE,TRUE
84631090,84,8463,846310,FALSE,FALSE,FALSE,TRUE
84632000,84,8463,846320,FALSE,FALSE,FALSE,TRUE
84633000,84,8463,846330,FALSE,FALSE,FALSE,TRUE
84639000,84,8463,846390,FALSE,FALSE,FALSE,TRUE
84639010,84,8463,846390,FALSE,FALSE,FALSE,FALSE
84639090,84,8463,846390,FALSE,FALSE,FALSE,FALSE
84641000,84,8464,846410,FALSE,FALSE,FALSE,TRUE
84641010,84,8464,846410,FALSE,FALSE,FALSE,FALSE
84641090,84,8464,846410,FALSE,FALSE,FALSE,FALSE
84642005,84,8464,846420,FALSE,FALSE,FALSE,FALSE
84642011,84,8464,846420,FALSE,FALSE,FALSE,TRUE
84642019,84,8464,846420,FALSE,FALSE,FALSE,TRUE
84642020,84,8464,846420,FALSE,FALSE,FALSE,FALSE
84642080,84,8464,846420,FALSE,FALSE,FALSE,TRUE
84642095,84,8464,846420,FALSE,FALSE,FALSE,FALSE
84649000,84,8464,846490,FALSE,FALSE,FALSE,TRUE
84649010,84,8464,846490,FALSE,FALSE,FALSE,FALSE
84649020,84,8464,846490,FALSE,FALSE,FALSE,FALSE
84649080,84,8464,846490,FALSE,FALSE,FALSE,FALSE
84649090,84,8464,846490,FALSE,FALSE,FALSE,FALSE
84651010,84,8465,846510,FALSE,FALSE,FALSE,TRUE
84651090,84,8465,846510,FALSE,FALSE,FALSE,TRUE
84652000,84,8465,846520,FALSE,FALSE,FALSE,FALSE
84659110,84,8465,846591,FALSE,FALSE,FALSE,TRUE
84659120,84,8465,846591,FALSE,FALSE,FALSE,TRUE
84659190,84,8465,846591,FALSE,FALSE,FALSE,TRUE
84659200,84,8465,846592,FALSE,FALSE,FALSE,TRUE
84659300,84,8465,846593,FALSE,FALSE,FALSE,TRUE
84659400,84,8465,846594,FALSE,FALSE,FALSE,TRUE
84659500,84,8465,846595,FALSE,FALSE,FALSE,TRUE
84659600,84,8465,846596,FALSE,FALSE,FALSE,TRUE
84659900,84,8465,846599,FALSE,FALSE,FALSE,TRUE
84659910,84,8465,846599,FALSE,FALSE,FALSE,FALSE
84659990,84,8465,846599,FALSE,FALSE,FALSE,FALSE
84661010,84,8466,846610,FALSE,FALSE,FALSE,FALSE
84661020,84,8466,846610,FALSE,FALSE,FALSE,TRUE
84661031,84,8466,846610,FALSE,FALSE,FALSE,TRUE
84661038,84,8466,846610,FALSE,FALSE,FALSE,TRUE
84661039,84,8466,846610,FALSE,FALSE,FALSE,FALSE
84661080,84,8466,846610,FALSE,FALSE,FALSE,TRUE
84661090,84,8466,846610,FALSE,FALSE,FALSE,FALSE
84662010,84,8466,846620,FALSE,FALSE,FALSE,FALSE
84662020,84,8466,846620,FALSE,FALSE,FALSE,TRUE
84662091,84,8466,846620,FALSE,FALSE,FALSE,TRUE
84662098,84,8466,846620,FALSE,FALSE,FALSE,TRUE
84662099,84,8466,846620,FALSE,FALSE,FALSE,FALSE
84663000,84,8466,846630,FALSE,FALSE,FALSE,TRUE
84669115,84,8466,846691,FALSE,FALSE,FALSE,FALSE
84669120,84,8466,846691,FALSE,FALSE,FALSE,TRUE
84669180,84,8466,846691,FALSE,FALSE,FALSE,FALSE
84669195,84,8466,846691,FALSE,FALSE,FALSE,TRUE
84669220,84,8466,846692,FALSE,FALSE,FALSE,TRUE
84669280,84,8466,846692,FALSE,FALSE,FALSE,TRUE
84669300,84,8466,846693,FALSE,FALSE,FALSE,FALSE
84669315,84,8466,846693,FALSE,FALSE,FALSE,FALSE
84669317,84,8466,846693,FALSE,FALSE,FALSE,FALSE
84669320,84,8466,846693,FALSE,FALSE,FALSE,FALSE
84669330,84,8466,846693,FALSE,FALSE,FALSE,TRUE
84669340,84,8466,846693,FALSE,FALSE,FALSE,FALSE
84669350,84,8466,846693,FALSE,FALSE,FALSE,FALSE
84669360,84,8466,846693,FALSE,FALSE,FALSE,FALSE
84669370,84,8466,846693,FALSE,FALSE,FALSE,TRUE
84669380,84,8466,846693,FALSE,FALSE,FALSE,FALSE
84669395,84,8466,846693,FALSE,FALSE,FALSE,FALSE
84669400,84,8466,846694,FALSE,FALSE,FALSE,TRUE
84669410,84,8466,846694,FALSE,FALSE,FALSE,FALSE
84669490,84,8466,846694,FALSE,FALSE,FALSE,FALSE
84671110,84,8467,846711,FALSE,FALSE,FALSE,TRUE
84671190,84,8467,846711,FALSE,FALSE,FALSE,TRUE
84671900,84,8467,846719,FALSE,FALSE,FALSE,TRUE
84672110,84,8467,846721,FALSE,FALSE,FALSE,TRUE
84672191,84,8467,846721,FALSE,FALSE,FALSE,TRUE
84672199,84,8467,846721,FALSE,FALSE,FALSE,TRUE
84672210,84,8467,846722,FALSE,FALSE,FALSE,TRUE
84672230,84,8467,846722,FALSE,FALSE,FALSE,TRUE
84672290,84,8467,846722,FALSE,FALSE,FALSE,TRUE
84672910,84,8467,846729,FALSE,FALSE,FALSE,FALSE
84672920,84,8467,846729,FALSE,FALSE,FALSE,TRUE
84672930,84,8467,846729,FALSE,FALSE,FALSE,FALSE
84672951,84,8467,846729,FALSE,FALSE,FALSE,TRUE
84672953,84,8467,846729,FALSE,FALSE,FALSE,TRUE
84672959,84,8467,846729,FALSE,FALSE,FALSE,TRUE
84672970,84,8467,846729,FALSE,FALSE,FALSE,TRUE
84672980,84,8467,846729,FALSE,FALSE,FALSE,TRUE
84672985,84,8467,846729,FALSE,FALSE,FALSE,TRUE
84672990,84,8467,846729,FALSE,FALSE,FALSE,FALSE
84678100,84,8467,846781,FALSE,FALSE,FALSE,TRUE
84678900,84,8467,846789,FALSE,FALSE,FALSE,TRUE
84679100,84,8467,846791,FALSE,FALSE,FALSE,TRUE
84679200,84,8467,846792,FALSE,FALSE,FALSE,TRUE
84679900,84,8467,846799,FALSE,FALSE,FALSE,TRUE
84681000,84,8468,846810,FALSE,FALSE,FALSE,TRUE
84682000,84,8468,846820,FALSE,FALSE,FALSE,TRUE
84688000,84,8468,846880,FALSE,FALSE,FALSE,TRUE
84689000,84,8468,846890,FALSE,FALSE,FALSE,TRUE
84690010,84,8469,846900,FALSE,FALSE,FALSE,TRUE
84690091,84,8469,846900,FALSE,FALSE,FALSE,TRUE
84690099,84,8469,846900,FALSE,FALSE,FALSE,TRUE
84691000,84,8469,846910,FALSE,FALSE,FALSE,FALSE
84691100,84,8469,846911,FALSE,FALSE,FALSE,FALSE
84691200,84,8469,846912,FALSE,FALSE,FALSE,FALSE
84692000,84,8469,846920,FALSE,FALSE,FALSE,FALSE
84692100,84,8469,846921,FALSE,FALSE,FALSE,FALSE
84692900,84,8469,846929,FALSE,FALSE,FALSE,FALSE
84693000,84,8469,846930,FALSE,FALSE,FALSE,FALSE
84693100,84,8469,846931,FALSE,FALSE,FALSE,FALSE
84693900,84,8469,846939,FALSE,FALSE,FALSE,FALSE
84701000,84,8470,847010,FALSE,FALSE,FALSE,TRUE
84701010,84,8470,847010,FALSE,FALSE,FALSE,FALSE
84701090,84,8470,847010,FALSE,FALSE,FALSE,FALSE
84702100,84,8470,847021,FALSE,FALSE,FALSE,TRUE
84702900,84,8470,847029,FALSE,FALSE,FALSE,TRUE
84703000,84,8470,847030,FALSE,FALSE,FALSE,TRUE
84704000,84,8470,847040,FALSE,FALSE,FALSE,FALSE
84705000,84,8470,847050,FALSE,FALSE,FALSE,TRUE
84709000,84,8470,847090,FALSE,FALSE,FALSE,TRUE
84711000,84,8471,847110,FALSE,FALSE,FALSE,FALSE
84711010,84,8471,847110,FALSE,FALSE,FALSE,FALSE
84711090,84,8471,847110,FALSE,FALSE,FALSE,FALSE
84712010,84,8471,847120,FALSE,FALSE,FALSE,FALSE
84712020,84,8471,847120,FALSE,FALSE,FALSE,FALSE
84712080,84,8471,847120,FALSE,FALSE,FALSE,FALSE
84713000,84,8471,847130,FALSE,FALSE,FALSE,TRUE
84713010,84,8471,847130,FALSE,FALSE,FALSE,FALSE
84713091,84,8471,847130,FALSE,FALSE,FALSE,FALSE
84713099,84,8471,847130,FALSE,FALSE,FALSE,FALSE
84714100,84,8471,847141,FALSE,FALSE,FALSE,TRUE
84714110,84,8471,847141,FALSE,FALSE,FALSE,FALSE
84714130,84,8471,847141,FALSE,FALSE,FALSE,FALSE
84714190,84,8471,847141,FALSE,FALSE,FALSE,FALSE
84714191,84,8471,847141,FALSE,FALSE,FALSE,FALSE
84714199,84,8471,847141,FALSE,FALSE,FALSE,FALSE
84714900,84,8471,847149,FALSE,FALSE,FALSE,TRUE
84714910,84,8471,847149,FALSE,FALSE,FALSE,FALSE
84714930,84,8471,847149,FALSE,FALSE,FALSE,FALSE
84714990,84,8471,847149,FALSE,FALSE,FALSE,FALSE
84714991,84,8471,847149,FALSE,FALSE,FALSE,FALSE
84714999,84,8471,847149,FALSE,FALSE,FALSE,FALSE
84715000,84,8471,847150,FALSE,FALSE,FALSE,TRUE
84715010,84,8471,847150,FALSE,FALSE,FALSE,FALSE
84715030,84,8471,847150,FALSE,FALSE,FALSE,FALSE
84715090,84,8471,847150,FALSE,FALSE,FALSE,FALSE
84715091,84,8471,847150,FALSE,FALSE,FALSE,FALSE
84715099,84,8471,847150,FALSE,FALSE,FALSE,FALSE
84716010,84,8471,847160,FALSE,FALSE,FALSE,FALSE
84716020,84,8471,847160,FALSE,FALSE,FALSE,FALSE
84716040,84,8471,847160,FALSE,FALSE,FALSE,FALSE
84716050,84,8471,847160,FALSE,FALSE,FALSE,FALSE
84716060,84,8471,847160,FALSE,FALSE,FALSE,TRUE
84716070,84,8471,847160,FALSE,FALSE,FALSE,TRUE
84716080,84,8471,847160,FALSE,FALSE,FALSE,FALSE
84716090,84,8471,847160,FALSE,FALSE,FALSE,FALSE
84717010,84,8471,847170,FALSE,FALSE,FALSE,FALSE
84717020,84,8471,847170,FALSE,FALSE,FALSE,TRUE
84717030,84,8471,847170,FALSE,FALSE,FALSE,TRUE
84717040,84,8471,847170,FALSE,FALSE,FALSE,FALSE
84717050,84,8471,847170,FALSE,FALSE,FALSE,TRUE
84717051,84,8471,847170,FALSE,FALSE,FALSE,FALSE
84717053,84,8471,847170,FALSE,FALSE,FALSE,FALSE
84717059,84,8471,847170,FALSE,FALSE,FALSE,FALSE
84717060,84,8471,847170,FALSE,FALSE,FALSE,FALSE
84717070,84,8471,847170,FALSE,FALSE,FALSE,TRUE
84717080,84,8471,847170,FALSE,FALSE,FALSE,TRUE
84717090,84,8471,847170,FALSE,FALSE,FALSE,FALSE
84717098,84,8471,847170,FALSE,FALSE,FALSE,TRUE
84718000,84,8471,847180,FALSE,FALSE,FALSE,TRUE
84718010,84,8471,847180,FALSE,FALSE,FALSE,FALSE
84718090,84,8471,847180,FALSE,FALSE,FALSE,FALSE
84719000,84,8471,847190,FALSE,FALSE,FALSE,TRUE
84719110,84,8471,847191,FALSE,FALSE,FALSE,FALSE
84719180,84,8471,847191,FALSE,FALSE,FALSE,FALSE
84719210,84,8471,847192,FALSE,FALSE,FALSE,FALSE
84719220,84,8471,847192,FALSE,FALSE,FALSE,FALSE
84719240,84,8471,847192,FALSE,FALSE,FALSE,FALSE
84719280,84,8471,847192,FALSE,FALSE,FALSE,FALSE
84719310,84,8471,847193,FALSE,FALSE,FALSE,FALSE
84719340,84,8471,847193,FALSE,FALSE,FALSE,FALSE
84719351,84,8471,847193,FALSE,FALSE,FALSE,FALSE
84719359,84,8471,847193,FALSE,FALSE,FALSE,FALSE
84719360,84,8471,847193,FALSE,FALSE,FALSE,FALSE
84719390,84,8471,847193,FALSE,FALSE,FALSE,FALSE
84719910,84,8471,847199,FALSE,FALSE,FALSE,FALSE
84719980,84,8471,847199,FALSE,FALSE,FALSE,FALSE
84721000,84,8472,847210,FALSE,FALSE,FALSE,TRUE
84722000,84,8472,847220,FALSE,FALSE,FALSE,FALSE
84723000,84,8472,847230,FALSE,FALSE,FALSE,TRUE
84729010,84,8472,847290,FALSE,FALSE,FALSE,TRUE
84729030,84,8472,847290,FALSE,FALSE,FALSE,TRUE
84729040,84,8472,847290,FALSE,FALSE,FALSE,FALSE
84729070,84,8472,847290,FALSE,FALSE,FALSE,TRUE
84729080,84,8472,847290,FALSE,FALSE,FALSE,FALSE
84729090,84,8472,847290,FALSE,FALSE,FALSE,FALSE
84731010,84,8473,847310,FALSE,FALSE,FALSE,FALSE
84731011,84,8473,847310,FALSE,FALSE,FALSE,TRUE
84731019,84,8473,847310,FALSE,FALSE,FALSE,TRUE
84731090,84,8473,847310,FALSE,FALSE,FALSE,TRUE
84732110,84,8473,847321,FALSE,FALSE,FALSE,TRUE
84732190,84,8473,847321,FALSE,FALSE,FALSE,TRUE
84732910,84,8473,847329,FALSE,FALSE,FALSE,TRUE
84732990,84,8473,847329,FALSE,FALSE,FALSE,TRUE
84733010,84,8473,847330,FALSE,FALSE,FALSE,FALSE
84733020,84,8473,847330,FALSE,FALSE,FALSE,TRUE
84733080,84,8473,847330,FALSE,FALSE,FALSE,TRUE
84733090,84,8473,847330,FALSE,FALSE,FALSE,FALSE
84734010,84,8473,847340,FALSE,FALSE,FALSE,FALSE
84734011,84,8473,847340,FALSE,FALSE,FALSE,TRUE
84734018,84,8473,847340,FALSE,FALSE,FALSE,TRUE
84734019,84,8473,847340,FALSE,FALSE,FALSE,FALSE
84734080,84,8473,847340,FALSE,FALSE,FALSE,TRUE
84734090,84,8473,847340,FALSE,FALSE,FALSE,FALSE
84735010,84,8473,847350,FALSE,FALSE,FALSE,FALSE
84735020,84,8473,847350,FALSE,FALSE,FALSE,TRUE
84735080,84,8473,847350,FALSE,FALSE,FALSE,TRUE
84735090,84,8473,847350,FALSE,FALSE,FALSE,FALSE
84741000,84,8474,847410,FALSE,FALSE,FALSE,TRUE
84742000,84,8474,847420,FALSE,FALSE,FALSE,TRUE
84742010,84,8474,847420,FALSE,FALSE,FALSE,FALSE
84742090,84,8474,847420,FALSE,FALSE,FALSE,FALSE
84743100,84,8474,847431,FALSE,FALSE,FALSE,TRUE
84743200,84,8474,847432,FALSE,FALSE,FALSE,TRUE
84743900,84,8474,847439,FALSE,FALSE,FALSE,TRUE
84743910,84,8474,847439,FALSE,FALSE,FALSE,FALSE
84743990,84,8474,847439,FALSE,FALSE,FALSE,FALSE
84748000,84,8474,847480,FALSE,FALSE,FALSE,FALSE
84748010,84,8474,847480,FALSE,FALSE,FALSE,TRUE
84748090,84,8474,847480,FALSE,FALSE,FALSE,TRUE
84749010,84,8474,847490,FALSE,FALSE,FALSE,TRUE
84749090,84,8474,847490,FALSE,FALSE,FALSE,TRUE
84751000,84,8475,847510,FALSE,FALSE,FALSE,TRUE
84752000,84,8475,847520,FALSE,FALSE,FALSE,FALSE
84752100,84,8475,847521,FALSE,FALSE,FALSE,TRUE
84752900,84,8475,847529,FALSE,FALSE,FALSE,TRUE
84759000,84,8475,847590,FALSE,FALSE,FALSE,TRUE
84759010,84,8475,847590,FALSE,FALSE,FALSE,FALSE
84759090,84,8475,847590,FALSE,FALSE,FALSE,FALSE
84761110,84,8476,847611,FALSE,FALSE,FALSE,FALSE
84761190,84,8476,847611,FALSE,FALSE,FALSE,FALSE
84761910,84,8476,847619,FALSE,FALSE,FALSE,FALSE
84761990,84,8476,847619,FALSE,FALSE,FALSE,FALSE
84762100,84,8476,847621,FALSE,FALSE,FALSE,TRUE
84762900,84,8476,847629,FALSE,FALSE,FALSE,TRUE
84768100,84,8476,847681,FALSE,FALSE,FALSE,TRUE
84768900,84,8476,847689,FALSE,FALSE,FALSE,TRUE
84768910,84,8476,847689,FALSE,FALSE,FALSE,FALSE
84768990,84,8476,847689,FALSE,FALSE,FALSE,FALSE
84769000,84,8476,847690,FALSE,FALSE,FALSE,TRUE
84769010,84,8476,847690,FALSE,FALSE,FALSE,FALSE
84769090,84,8476,847690,FALSE,FALSE,FALSE,FALSE
84771000,84,8477,847710,FALSE,FALSE,FALSE,TRUE
84771010,84,8477,847710,FALSE,FALSE,FALSE,FALSE
84771090,84,8477,847710,FALSE,FALSE,FALSE,FALSE
84772000,84,8477,847720,FALSE,FALSE,FALSE,TRUE
84773000,84,8477,847730,FALSE,FALSE,FALSE,TRUE
84774000,84,8477,847740,FALSE,FALSE,FALSE,TRUE
84775100,84,8477,847751,FALSE,FALSE,FALSE,TRUE
84775905,84,8477,847759,FALSE,FALSE,FALSE,FALSE
84775910,84,8477,847759,FALSE,FALSE,FALSE,TRUE
84775980,84,8477,847759,FALSE,FALSE,FALSE,TRUE
84775990,84,8477,847759,FALSE,FALSE,FALSE,FALSE
84778010,84,8477,847780,FALSE,FALSE,FALSE,FALSE
84778011,84,8477,847780,FALSE,FALSE,FALSE,TRUE
84778019,84,8477,847780,FALSE,FALSE,FALSE,TRUE
84778090,84,8477,847780,FALSE,FALSE,FALSE,FALSE
84778091,84,8477,847780,FALSE,FALSE,FALSE,TRUE
84778093,84,8477,847780,FALSE,FALSE,FALSE,TRUE
84778095,84,8477,847780,FALSE,FALSE,FALSE,TRUE
84778099,84,8477,847780,FALSE,FALSE,FALSE,TRUE
84779005,84,8477,847790,FALSE,FALSE,FALSE,FALSE
84779010,84,8477,847790,FALSE,FALSE,FALSE,TRUE
84779080,84,8477,847790,FALSE,FALSE,FALSE,TRUE
84779090,84,8477,847790,FALSE,FALSE,FALSE,FALSE
84781000,84,8478,847810,FALSE,FALSE,FALSE,TRUE
84789000,84,8478,847890,FALSE,FALSE,FALSE,TRUE
84791000,84,8479,847910,FALSE,FALSE,FALSE,TRUE
84792000,84,8479,847920,FALSE,FALSE,FALSE,TRUE
84793010,84,8479,847930,FALSE,FALSE,FALSE,TRUE
84793090,84,8479,847930,FALSE,FALSE,FALSE,TRUE
84794000,84,8479,847940,FALSE,FALSE,FALSE,TRUE
84795000,84,8479,847950,FALSE,FALSE,FALSE,TRUE
84796000,84,8479,847960,FALSE,FALSE,FALSE,TRUE
84797100,84,8479,847971,FALSE,FALSE,FALSE,TRUE
84797900,84,8479,847979,FALSE,FALSE,FALSE,TRUE
84798100,84,8479,847981,FALSE,FALSE,FALSE,TRUE
84798200,84,8479,847982,FALSE,FALSE,FALSE,TRUE
84798910,84,8479,847989,FALSE,FALSE,FALSE,FALSE
84798930,84,8479,847989,FALSE,FALSE,FALSE,TRUE
84798950,84,8479,847989,FALSE,FALSE,FALSE,FALSE
84798960,84,8479,847989,FALSE,FALSE,FALSE,TRUE
84798965,84,8479,847989,FALSE,FALSE,FALSE,FALSE
84798970,84,8479,847989,FALSE,FALSE,FALSE,FALSE
84798973,84,8479,847989,FALSE,FALSE,FALSE,FALSE
84798975,84,8479,847989,FALSE,FALSE,FALSE,FALSE
84798976,84,8479,847989,FALSE,FALSE,FALSE,FALSE
84798977,84,8479,847989,FALSE,FALSE,FALSE,FALSE
84798979,84,8479,847989,FALSE,FALSE,FALSE,FALSE
84798991,84,8479,847989,FALSE,FALSE,FALSE,FALSE
84798995,84,8479,847989,FALSE,FALSE,FALSE,FALSE
84798997,84,8479,847989,FALSE,FALSE,FALSE,TRUE
84798998,84,8479,847989,FALSE,FALSE,FALSE,FALSE
84798999,84,8479,847989,FALSE,FALSE,FALSE,FALSE
84799010,84,8479,847990,FALSE,FALSE,FALSE,FALSE
84799015,84,8479,847990,FALSE,FALSE,FALSE,FALSE
84799020,84,8479,847990,FALSE,FALSE,FALSE,TRUE
84799050,84,8479,847990,FALSE,FALSE,FALSE,FALSE
84799070,84,8479,847990,FALSE,FALSE,FALSE,FALSE
84799080,84,8479,847990,FALSE,FALSE,FALSE,TRUE
84799092,84,8479,847990,FALSE,FALSE,FALSE,FALSE
84799093,84,8479,847990,FALSE,FALSE,FALSE,FALSE
84799096,84,8479,847990,FALSE,FALSE,FALSE,FALSE
84799097,84,8479,847990,FALSE,FALSE,FALSE,FALSE
84799098,84,8479,847990,FALSE,FALSE,FALSE,FALSE
84801000,84,8480,848010,FALSE,FALSE,FALSE,TRUE
84802000,84,8480,848020,FALSE,FALSE,FALSE,TRUE
84803010,84,8480,848030,FALSE,FALSE,FALSE,TRUE
84803090,84,8480,848030,FALSE,FALSE,FALSE,TRUE
84804100,84,8480,848041,FALSE,FALSE,FALSE,TRUE
84804900,84,8480,848049,FALSE,FALSE,FALSE,TRUE
84805000,84,8480,848050,FALSE,FALSE,FALSE,TRUE
84806000,84,8480,848060,FALSE,FALSE,FALSE,TRUE
84806010,84,8480,848060,FALSE,FALSE,FALSE,FALSE
84806090,84,8480,848060,FALSE,FALSE,FALSE,FALSE
84807100,84,8480,848071,FALSE,FALSE,FALSE,TRUE
84807110,84,8480,848071,FALSE,FALSE,FALSE,FALSE
84807190,84,8480,848071,FALSE,FALSE,FALSE,FALSE
84807900,84,8480,848079,FALSE,FALSE,FALSE,TRUE
84811005,84,8481,848110,FALSE,FALSE,FALSE,TRUE
84811011,84,8481,848110,FALSE,FALSE,FALSE,FALSE
84811019,84,8481,848110,FALSE,FALSE,FALSE,TRUE
84811091,84,8481,848110,FALSE,FALSE,FALSE,FALSE
84811099,84,8481,848110,FALSE,FALSE,FALSE,TRUE
84812010,84,8481,848120,FALSE,FALSE,FALSE,TRUE
84812090,84,8481,848120,FALSE,FALSE,FALSE,TRUE
84813010,84,8481,848130,FALSE,FALSE,FALSE,FALSE
84813091,84,8481,848130,FALSE,FALSE,FALSE,TRUE
84813099,84,8481,848130,FALSE,FALSE,FALSE,TRUE
84814010,84,8481,848140,FALSE,FALSE,FALSE,TRUE
84814090,84,8481,848140,FALSE,FALSE,FALSE,TRUE
84818011,84,8481,848180,FALSE,FALSE,FALSE,TRUE
84818019,84,8481,848180,FALSE,FALSE,FALSE,TRUE
84818031,84,8481,848180,FALSE,FALSE,FALSE,TRUE
84818039,84,8481,848180,FALSE,FALSE,FALSE,TRUE
84818040,84,8481,848180,FALSE,FALSE,FALSE,TRUE
84818051,84,8481,848180,FALSE,FALSE,FALSE,TRUE
84818059,84,8481,848180,FALSE,FALSE,FALSE,TRUE
84818061,84,8481,848180,FALSE,FALSE,FALSE,TRUE
84818063,84,8481,848180,FALSE,FALSE,FALSE,TRUE
84818069,84,8481,848180,FALSE,FALSE,FALSE,TRUE
84818071,84,8481,848180,FALSE,FALSE,FALSE,TRUE
84818073,84,8481,848180,FALSE,FALSE,FALSE,TRUE
84818079,84,8481,848180,FALSE,FALSE,FALSE,TRUE
84818081,84,8481,848180,FALSE,FALSE,FALSE,TRUE
84818085,84,8481,848180,FALSE,FALSE,FALSE,TRUE
84818087,84,8481,848180,FALSE,FALSE,FALSE,TRUE
84818099,84,8481,848180,FALSE,FALSE,FALSE,TRUE
84819000,84,8481,848190,FALSE,FALSE,FALSE,TRUE
84821010,84,8482,848210,FALSE,FALSE,FALSE,TRUE
84821090,84,8482,848210,FALSE,FALSE,FALSE,TRUE
84822000,84,8482,848220,FALSE,FALSE,FALSE,TRUE
84823000,84,8482,848230,FALSE,FALSE,FALSE,TRUE
84824000,84,8482,848240,FALSE,FALSE,FALSE,TRUE
84825000,84,8482,848250,FALSE,FALSE,FALSE,TRUE
84828000,84,8482,848280,FALSE,FALSE,FALSE,TRUE
84829110,84,8482,848291,FALSE,FALSE,FALSE,TRUE
84829190,84,8482,848291,FALSE,FALSE,FALSE,TRUE
84829900,84,8482,848299,FALSE,FALSE,FALSE,TRUE
84831010,84,8483,848310,FALSE,FALSE,FALSE,FALSE
84831021,84,8483,848310,FALSE,FALSE,FALSE,TRUE
84831025,84,8483,848310,FALSE,FALSE,FALSE,TRUE
84831029,84,8483,848310,FALSE,FALSE,FALSE,TRUE
84831030,84,8483,848310,FALSE,FALSE,FALSE,FALSE
84831041,84,8483,848310,FALSE,FALSE,FALSE,FALSE
84831050,84,8483,848310,FALSE,FALSE,FALSE,TRUE
84831051,84,8483,848310,FALSE,FALSE,FALSE,FALSE
84831053,84,8483,848310,FALSE,FALSE,FALSE,FALSE
84831057,84,8483,848310,FALSE,FALSE,FALSE,FALSE
84831058,84,8483,848310,FALSE,FALSE,FALSE,FALSE
84831060,84,8483,848310,FALSE,FALSE,FALSE,FALSE
84831080,84,8483,848310,FALSE,FALSE,FALSE,FALSE
84831090,84,8483,848310,FALSE,FALSE,FALSE,FALSE
84831095,84,8483,848310,FALSE,FALSE,FALSE,TRUE
84832000,84,8483,848320,FALSE,FALSE,FALSE,TRUE
84832010,84,8483,848320,FALSE,FALSE,FALSE,FALSE
84832090,84,8483,848320,FALSE,FALSE,FALSE,FALSE
84833010,84,8483,848330,FALSE,FALSE,FALSE,FALSE
84833031,84,8483,848330,FALSE,FALSE,FALSE,FALSE
84833032,84,8483,848330,FALSE,FALSE,FALSE,TRUE
84833038,84,8483,848330,FALSE,FALSE,FALSE,TRUE
84833039,84,8483,848330,FALSE,FALSE,FALSE,FALSE
84833051,84,8483,848330,FALSE,FALSE,FALSE,FALSE
84833059,84,8483,848330,FALSE,FALSE,FALSE,FALSE
84833080,84,8483,848330,FALSE,FALSE,FALSE,TRUE
84833090,84,8483,848330,FALSE,FALSE,FALSE,FALSE
84834010,84,8483,848340,FALSE,FALSE,FALSE,FALSE
84834021,84,8483,848340,FALSE,FALSE,FALSE,TRUE
84834023,84,8483,848340,FALSE,FALSE,FALSE,TRUE
84834025,84,8483,848340,FALSE,FALSE,FALSE,TRUE
84834029,84,8483,848340,FALSE,FALSE,FALSE,TRUE
84834030,84,8483,848340,FALSE,FALSE,FALSE,TRUE
84834051,84,8483,848340,FALSE,FALSE,FALSE,TRUE
84834059,84,8483,848340,FALSE,FALSE,FALSE,TRUE
84834082,84,8483,848340,FALSE,FALSE,FALSE,FALSE
84834083,84,8483,848340,FALSE,FALSE,FALSE,FALSE
84834084,84,8483,848340,FALSE,FALSE,FALSE,FALSE
84834085,84,8483,848340,FALSE,FALSE,FALSE,FALSE
84834090,84,8483,848340,FALSE,FALSE,FALSE,TRUE
84834091,84,8483,848340,FALSE,FALSE,FALSE,FALSE
84834092,84,8483,848340,FALSE,FALSE,FALSE,FALSE
84834093,84,8483,848340,FALSE,FALSE,FALSE,FALSE
84834094,84,8483,848340,FALSE,FALSE,FALSE,FALSE
84834096,84,8483,848340,FALSE,FALSE,FALSE,FALSE
84834098,84,8483,848340,FALSE,FALSE,FALSE,FALSE
84834099,84,8483,848340,FALSE,FALSE,FALSE,FALSE
84835010,84,8483,848350,FALSE,FALSE,FALSE,FALSE
84835020,84,8483,848350,FALSE,FALSE,FALSE,TRUE
84835080,84,8483,848350,FALSE,FALSE,FALSE,TRUE
84835091,84,8483,848350,FALSE,FALSE,FALSE,FALSE
84835099,84,8483,848350,FALSE,FALSE,FALSE,FALSE
84836010,84,8483,848360,FALSE,FALSE,FALSE,FALSE
84836020,84,8483,848360,FALSE,FALSE,FALSE,TRUE
84836080,84,8483,848360,FALSE,FALSE,FALSE,TRUE
84836091,84,8483,848360,FALSE,FALSE,FALSE,FALSE
84836099,84,8483,848360,FALSE,FALSE,FALSE,FALSE
84839010,84,8483,848390,FALSE,FALSE,FALSE,FALSE
84839020,84,8483,848390,FALSE,FALSE,FALSE,TRUE
84839030,84,8483,848390,FALSE,FALSE,FALSE,FALSE
84839081,84,8483,848390,FALSE,FALSE,FALSE,TRUE
84839089,84,8483,848390,FALSE,FALSE,FALSE,TRUE
84839092,84,8483,848390,FALSE,FALSE,FALSE,FALSE
84839098,84,8483,848390,FALSE,FALSE,FALSE,FALSE
84841000,84,8484,848410,FALSE,FALSE,FALSE,TRUE
84841010,84,8484,848410,FALSE,FALSE,FALSE,FALSE
84841090,84,8484,848410,FALSE,FALSE,FALSE,FALSE
84842000,84,8484,848420,FALSE,FALSE,FALSE,TRUE
84849000,84,8484,848490,FALSE,FALSE,FALSE,TRUE
84849010,84,8484,848490,FALSE,FALSE,FALSE,FALSE
84849090,84,8484,848490,FALSE,FALSE,FALSE,FALSE
84851010,84,8485,848510,FALSE,FALSE,FALSE,FALSE
84851090,84,8485,848510,FALSE,FALSE,FALSE,FALSE
84859010,84,8485,848590,FALSE,FALSE,FALSE,FALSE
84859030,84,8485,848590,FALSE,FALSE,FALSE,FALSE
84859051,84,8485,848590,FALSE,FALSE,FALSE,FALSE
84859053,84,8485,848590,FALSE,FALSE,FALSE,FALSE
84859055,84,8485,848590,FALSE,FALSE,FALSE,FALSE
84859059,84,8485,848590,FALSE,FALSE,FALSE,FALSE
84859080,84,8485,848590,FALSE,FALSE,FALSE,FALSE
84861000,84,8486,848610,FALSE,FALSE,FALSE,TRUE
84862000,84,8486,848620,FALSE,FALSE,FALSE,FALSE
84862010,84,8486,848620,FALSE,FALSE,FALSE,TRUE
84862090,84,8486,848620,FALSE,FALSE,FALSE,TRUE
84863000,84,8486,848630,FALSE,FALSE,FALSE,FALSE
84863010,84,8486,848630,FALSE,FALSE,FALSE,TRUE
84863030,84,8486,848630,FALSE,FALSE,FALSE,TRUE
84863050,84,8486,848630,FALSE,FALSE,FALSE,TRUE
84863090,84,8486,848630,FALSE,FALSE,FALSE,TRUE
84864000,84,8486,848640,FALSE,FALSE,FALSE,TRUE
84869000,84,8486,848690,FALSE,FALSE,FALSE,FALSE
84869010,84,8486,848690,FALSE,FALSE,FALSE,TRUE
84869020,84,8486,848690,FALSE,FALSE,FALSE,TRUE
84869030,84,8486,848690,FALSE,FALSE,FALSE,TRUE
84869040,84,8486,848690,FALSE,FALSE,FALSE,TRUE
84869050,84,8486,848690,FALSE,FALSE,FALSE,TRUE
84869060,84,8486,848690,FALSE,FALSE,FALSE,TRUE
84869070,84,8486,848690,FALSE,FALSE,FALSE,TRUE
84869090,84,8486,848690,FALSE,FALSE,FALSE,TRUE
84871010,84,8487,848710,FALSE,FALSE,FALSE,TRUE
84871090,84,8487,848710,FALSE,FALSE,FALSE,TRUE
84879010,84,8487,848790,FALSE,FALSE,FALSE,FALSE
84879030,84,8487,848790,FALSE,FALSE,FALSE,FALSE
84879040,84,8487,848790,FALSE,FALSE,FALSE,TRUE
84879051,84,8487,848790,FALSE,FALSE,FALSE,TRUE
84879053,84,8487,848790,FALSE,FALSE,FALSE,FALSE
84879055,84,8487,848790,FALSE,FALSE,FALSE,FALSE
84879057,84,8487,848790,FALSE,FALSE,FALSE,TRUE
84879059,84,8487,848790,FALSE,FALSE,FALSE,TRUE
84879090,84,8487,848790,FALSE,FALSE,FALSE,TRUE
85011010,85,8501,850110,FALSE,FALSE,FALSE,TRUE
85011091,85,8501,850110,FALSE,FALSE,FALSE,TRUE
85011093,85,8501,850110,FALSE,FALSE,FALSE,TRUE
85011099,85,8501,850110,FALSE,FALSE,FALSE,TRUE
85012000,85,8501,850120,FALSE,FALSE,FALSE,TRUE
85012010,85,8501,850120,FALSE,FALSE,FALSE,FALSE
85012090,85,8501,850120,FALSE,FALSE,FALSE,FALSE
85013100,85,8501,850131,FALSE,FALSE,FALSE,TRUE
85013110,85,8501,850131,FALSE,FALSE,FALSE,FALSE
85013190,85,8501,850131,FALSE,FALSE,FALSE,FALSE
85013200,85,8501,850132,FALSE,FALSE,FALSE,TRUE
85013210,85,8501,850132,FALSE,FALSE,FALSE,FALSE
85013220,85,8501,850132,FALSE,FALSE,FALSE,FALSE
85013280,85,8501,850132,FALSE,FALSE,FALSE,FALSE
85013291,85,8501,850132,FALSE,FALSE,FALSE,FALSE
85013299,85,8501,850132,FALSE,FALSE,FALSE,FALSE
85013300,85,8501,850133,FALSE,FALSE,FALSE,TRUE
85013310,85,8501,850133,FALSE,FALSE,FALSE,FALSE
85013390,85,8501,850133,FALSE,FALSE,FALSE,FALSE
85013400,85,8501,850134,FALSE,FALSE,FALSE,TRUE
85013410,85,8501,850134,FALSE,FALSE,FALSE,FALSE
85013450,85,8501,850134,FALSE,FALSE,FALSE,FALSE
85013491,85,8501,850134,FALSE,FALSE,FALSE,FALSE
85013492,85,8501,850134,FALSE,FALSE,FALSE,FALSE
85013498,85,8501,850134,FALSE,FALSE,FALSE,FALSE
85013499,85,8501,850134,FALSE,FALSE,FALSE,FALSE
85014010,85,8501,850140,FALSE,FALSE,FALSE,FALSE
85014020,85,8501,850140,FALSE,FALSE,FALSE,TRUE
85014080,85,8501,850140,FALSE,FALSE,FALSE,TRUE
85014091,85,8501,850140,FALSE,FALSE,FALSE,FALSE
85014099,85,8501,850140,FALSE,FALSE,FALSE,FALSE
85015100,85,8501,850151,FALSE,FALSE,FALSE,TRUE
85015110,85,8501,850151,FALSE,FALSE,FALSE,FALSE
85015190,85,8501,850151,FALSE,FALSE,FALSE,FALSE
85015210,85,8501,850152,FALSE,FALSE,FALSE,FALSE
85015220,85,8501,850152,FALSE,FALSE,FALSE,TRUE
85015230,85,8501,850152,FALSE,FALSE,FALSE,TRUE
85015290,85,8501,850152,FALSE,FALSE,FALSE,TRUE
85015291,85,8501,850152,FALSE,FALSE,FALSE,FALSE
85015293,85,8501,850152,FALSE,FALSE,FALSE,FALSE
85015299,85,8501,850152,FALSE,FALSE,FALSE,FALSE
85015310,85,8501,850153,FALSE,FALSE,FALSE,FALSE
85015350,85,8501,850153,FALSE,FALSE,FALSE,TRUE
85015381,85,8501,850153,FALSE,FALSE,FALSE,TRUE
85015392,85,8501,850153,FALSE,FALSE,FALSE,FALSE
85015394,85,8501,850153,FALSE,FALSE,FALSE,TRUE
85015399,85,8501,850153,FALSE,FALSE,FALSE,TRUE
85016110,85,8501,850161,FALSE,FALSE,FALSE,FALSE
85016120,85,8501,850161,FALSE,FALSE,FALSE,TRUE
85016180,85,8501,850161,FALSE,FALSE,FALSE,TRUE
85016191,85,8501,850161,FALSE,FALSE,FALSE,FALSE
85016199,85,8501,850161,FALSE,FALSE,FALSE,FALSE
85016200,85,8501,850162,FALSE,FALSE,FALSE,TRUE
85016210,85,8501,850162,FALSE,FALSE,FALSE,FALSE
85016290,85,8501,850162,FALSE,FALSE,FALSE,FALSE
85016300,85,8501,850163,FALSE,FALSE,FALSE,TRUE
85016310,85,8501,850163,FALSE,FALSE,FALSE,FALSE
85016390,85,8501,850163,FALSE,FALSE,FALSE,FALSE
85016400,85,8501,850164,FALSE,FALSE,FALSE,TRUE
85021110,85,8502,850211,FALSE,FALSE,FALSE,FALSE
85021120,85,8502,850211,FALSE,FALSE,FALSE,TRUE
85021180,85,8502,850211,FALSE,FALSE,FALSE,TRUE
85021191,85,8502,850211,FALSE,FALSE,FALSE,FALSE
85021199,85,8502,850211,FALSE,FALSE,FALSE,FALSE
85021200,85,8502,850212,FALSE,FALSE,FALSE,TRUE
85021210,85,8502,850212,FALSE,FALSE,FALSE,FALSE
85021290,85,8502,850212,FALSE,FALSE,FALSE,FALSE
85021310,85,8502,850213,FALSE,FALSE,FALSE,FALSE
85021320,85,8502,850213,FALSE,FALSE,FALSE,TRUE
85021340,85,8502,850213,FALSE,FALSE,FALSE,TRUE
85021380,85,8502,850213,FALSE,FALSE,FALSE,TRUE
85021391,85,8502,850213,FALSE,FALSE,FALSE,FALSE
85021393,85,8502,850213,FALSE,FALSE,FALSE,FALSE
85021398,85,8502,850213,FALSE,FALSE,FALSE,FALSE
85021399,85,8502,850213,FALSE,FALSE,FALSE,FALSE
85022010,85,8502,850220,FALSE,FALSE,FALSE,FALSE
85022020,85,8502,850220,FALSE,FALSE,FALSE,TRUE
85022040,85,8502,850220,FALSE,FALSE,FALSE,TRUE
85022060,85,8502,850220,FALSE,FALSE,FALSE,TRUE
85022080,85,8502,850220,FALSE,FALSE,FALSE,TRUE
85022091,85,8502,850220,FALSE,FALSE,FALSE,FALSE
85022092,85,8502,850220,FALSE,FALSE,FALSE,FALSE
85022094,85,8502,850220,FALSE,FALSE,FALSE,FALSE
85022098,85,8502,850220,FALSE,FALSE,FALSE,FALSE
85022099,85,8502,850220,FALSE,FALSE,FALSE,FALSE
85023010,85,8502,850230,FALSE,FALSE,FALSE,FALSE
85023091,85,8502,850230,FALSE,FALSE,FALSE,FALSE
85023099,85,8502,850230,FALSE,FALSE,FALSE,FALSE
85023100,85,8502,850231,FALSE,FALSE,FALSE,TRUE
85023110,85,8502,850231,FALSE,FALSE,FALSE,FALSE
85023190,85,8502,850231,FALSE,FALSE,FALSE,FALSE
85023910,85,8502,850239,FALSE,FALSE,FALSE,FALSE
85023920,85,8502,850239,FALSE,FALSE,FALSE,TRUE
85023980,85,8502,850239,FALSE,FALSE,FALSE,TRUE
85023991,85,8502,850239,FALSE,FALSE,FALSE,FALSE
85023999,85,8502,850239,FALSE,FALSE,FALSE,FALSE
85024000,85,8502,850240,FALSE,FALSE,FALSE,TRUE
85024010,85,8502,850240,FALSE,FALSE,FALSE,FALSE
85024090,85,8502,850240,FALSE,FALSE,FALSE,FALSE
85030010,85,8503,850300,FALSE,FALSE,FALSE,TRUE
85030091,85,8503,850300,FALSE,FALSE,FALSE,TRUE
85030099,85,8503,850300,FALSE,FALSE,FALSE,TRUE
85041010,85,8504,850410,FALSE,FALSE,FALSE,FALSE
85041020,85,8504,850410,FALSE,FALSE,FALSE,TRUE
85041080,85,8504,850410,FALSE,FALSE,FALSE,TRUE
85041091,85,8504,850410,FALSE,FALSE,FALSE,FALSE
85041099,85,8504,850410,FALSE,FALSE,FALSE,FALSE
85042100,85,8504,850421,FALSE,FALSE,FALSE,TRUE
85042210,85,8504,850422,FALSE,FALSE,FALSE,TRUE
85042290,85,8504,850422,FALSE,FALSE,FALSE,TRUE
85042300,85,8504,850423,FALSE,FALSE,FALSE,TRUE
85043110,85,8504,850431,FALSE,FALSE,FALSE,FALSE
85043121,85,8504,850431,FALSE,FALSE,FALSE,TRUE
85043129,85,8504,850431,FALSE,FALSE,FALSE,TRUE
85043131,85,8504,850431,FALSE,FALSE,FALSE,FALSE
85043139,85,8504,850431,FALSE,FALSE,FALSE,FALSE
85043180,85,8504,850431,FALSE,FALSE,FALSE,TRUE
85043190,85,8504,850431,FALSE,FALSE,FALSE,FALSE
85043200,85,8504,850432,FALSE,FALSE,FALSE,TRUE
85043210,85,8504,850432,FALSE,FALSE,FALSE,FALSE
85043220,85,8504,850432,FALSE,FALSE,FALSE,FALSE
85043230,85,8504,850432,FALSE,FALSE,FALSE,FALSE
85043280,85,8504,850432,FALSE,FALSE,FALSE,FALSE
85043290,85,8504,850432,FALSE,FALSE,FALSE,FALSE
85043300,85,8504,850433,FALSE,FALSE,FALSE,TRUE
85043310,85,8504,850433,FALSE,FALSE,FALSE,FALSE
85043390,85,8504,850433,FALSE,FALSE,FALSE,FALSE
85043400,85,8504,850434,FALSE,FALSE,FALSE,TRUE
85044010,85,8504,850440,FALSE,FALSE,FALSE,FALSE
85044020,85,8504,850440,FALSE,FALSE,FALSE,FALSE
85044030,85,8504,850440,FALSE,FALSE,FALSE,TRUE
85044035,85,8504,850440,FALSE,FALSE,FALSE,FALSE
85044040,85,8504,850440,FALSE,FALSE,FALSE,FALSE
85044050,85,8504,850440,FALSE,FALSE,FALSE,FALSE
85044055,85,8504,850440,FALSE,FALSE,FALSE,TRUE
85044081,85,8504,850440,FALSE,FALSE,FALSE,FALSE
85044082,85,8504,850440,FALSE,FALSE,FALSE,TRUE
85044084,85,8504,850440,FALSE,FALSE,FALSE,TRUE
85044088,85,8504,850440,FALSE,FALSE,FALSE,TRUE
85044090,85,8504,850440,FALSE,FALSE,FALSE,TRUE
85044091,85,8504,850440,FALSE,FALSE,FALSE,FALSE
85044093,85,8504,850440,FALSE,FALSE,FALSE,FALSE
85044094,85,8504,850440,FALSE,FALSE,FALSE,FALSE
85044096,85,8504,850440,FALSE,FALSE,FALSE,FALSE
85044097,85,8504,850440,FALSE,FALSE,FALSE,FALSE
85044098,85,8504,850440,FALSE,FALSE,FALSE,FALSE
85044099,85,8504,850440,FALSE,FALSE,FALSE,FALSE
85045010,85,8504,850450,FALSE,FALSE,FALSE,FALSE
85045020,85,8504,850450,FALSE,FALSE,FALSE,TRUE
85045030,85,8504,850450,FALSE,FALSE,FALSE,FALSE
85045080,85,8504,850450,FALSE,FALSE,FALSE,FALSE
85045090,85,8504,850450,FALSE,FALSE,FALSE,FALSE
85045095,85,8504,850450,FALSE,FALSE,FALSE,TRUE
85049005,85,8504,850490,FALSE,FALSE,FALSE,TRUE
85049011,85,8504,850490,FALSE,FALSE,FALSE,TRUE
85049018,85,8504,850490,FALSE,FALSE,FALSE,TRUE
85049019,85,8504,850490,FALSE,FALSE,FALSE,FALSE
85049090,85,8504,850490,FALSE,FALSE,FALSE,FALSE
85049091,85,8504,850490,FALSE,FALSE,FALSE,TRUE
85049099,85,8504,850490,FALSE,FALSE,FALSE,TRUE
85051100,85,8505,850511,FALSE,FALSE,FALSE,TRUE
85051910,85,8505,850519,FALSE,FALSE,FALSE,TRUE
85051990,85,8505,850519,FALSE,FALSE,FALSE,TRUE
85052000,85,8505,850520,FALSE,FALSE,FALSE,TRUE
85053000,85,8505,850530,FALSE,FALSE,FALSE,FALSE
85059010,85,8505,850590,FALSE,FALSE,FALSE,FALSE
85059020,85,8505,850590,FALSE,FALSE,FALSE,TRUE
85059021,85,8505,850590,FALSE,FALSE,FALSE,FALSE
85059029,85,8505,850590,FALSE,FALSE,FALSE,FALSE
85059030,85,8505,850590,FALSE,FALSE,FALSE,FALSE
85059050,85,8505,850590,FALSE,FALSE,FALSE,TRUE
85059090,85,8505,850590,FALSE,FALSE,FALSE,TRUE
85061011,85,8506,850610,FALSE,FALSE,FALSE,TRUE
85061015,85,8506,850610,FALSE,FALSE,FALSE,FALSE
85061018,85,8506,850610,FALSE,FALSE,FALSE,TRUE
85061019,85,8506,850610,FALSE,FALSE,FALSE,FALSE
85061091,85,8506,850610,FALSE,FALSE,FALSE,TRUE
85061095,85,8506,850610,FALSE,FALSE,FALSE,FALSE
85061098,85,8506,850610,FALSE,FALSE,FALSE,TRUE
85061099,85,8506,850610,FALSE,FALSE,FALSE,FALSE
85061111,85,8506,850611,FALSE,FALSE,FALSE,FALSE
85061115,85,8506,850611,FALSE,FALSE,FALSE,FALSE
85061119,85,8506,850611,FALSE,FALSE,FALSE,FALSE
85061191,85,8506,850611,FALSE,FALSE,FALSE,FALSE
85061195,85,8506,850611,FALSE,FALSE,FALSE,FALSE
85061199,85,8506,850611,FALSE,FALSE,FALSE,FALSE
85061210,85,8506,850612,FALSE,FALSE,FALSE,FALSE
85061230,85,8506,850612,FALSE,FALSE,FALSE,FALSE
85061290,85,8506,850612,FALSE,FALSE,FALSE,FALSE
85061310,85,8506,850613,FALSE,FALSE,FALSE,FALSE
85061330,85,8506,850613,FALSE,FALSE,FALSE,FALSE
85061390,85,8506,850613,FALSE,FALSE,FALSE,FALSE
85061911,85,8506,850619,FALSE,FALSE,FALSE,FALSE
85061915,85,8506,850619,FALSE,FALSE,FALSE,FALSE
85061919,85,8506,850619,FALSE,FALSE,FALSE,FALSE
85061931,85,8506,850619,FALSE,FALSE,FALSE,FALSE
85061935,85,8506,850619,FALSE,FALSE,FALSE,FALSE
85061939,85,8506,850619,FALSE,FALSE,FALSE,FALSE
85061950,85,8506,850619,FALSE,FALSE,FALSE,FALSE
85061991,85,8506,850619,FALSE,FALSE,FALSE,FALSE
85061995,85,8506,850619,FALSE,FALSE,FALSE,FALSE
85061998,85,8506,850619,FALSE,FALSE,FALSE,FALSE
85062011,85,8506,850620,FALSE,FALSE,FALSE,FALSE
85062019,85,8506,850620,FALSE,FALSE,FALSE,FALSE
85062020,85,8506,850620,FALSE,FALSE,FALSE,FALSE
85062030,85,8506,850620,FALSE,FALSE,FALSE,FALSE
85062040,85,8506,850620,FALSE,FALSE,FALSE,FALSE
85062050,85,8506,850620,FALSE,FALSE,FALSE,FALSE
85062090,85,8506,850620,FALSE,FALSE,FALSE,FALSE
85063000,85,8506,850630,FALSE,FALSE,FALSE,TRUE
85063010,85,8506,850630,FALSE,FALSE,FALSE,FALSE
85063030,85,8506,850630,FALSE,FALSE,FALSE,FALSE
85063090,85,8506,850630,FALSE,FALSE,FALSE,FALSE
85064000,85,8506,850640,FALSE,FALSE,FALSE,TRUE
85064010,85,8506,850640,FALSE,FALSE,FALSE,FALSE
85064030,85,8506,850640,FALSE,FALSE,FALSE,FALSE
85064090,85,8506,850640,FALSE,FALSE,FALSE,FALSE
85065010,85,8506,850650,FALSE,FALSE,FALSE,TRUE
85065030,85,8506,850650,FALSE,FALSE,FALSE,TRUE
85065090,85,8506,850650,FALSE,FALSE,FALSE,TRUE
85066000,85,8506,850660,FALSE,FALSE,FALSE,TRUE
85066010,85,8506,850660,FALSE,FALSE,FALSE,FALSE
85066030,85,8506,850660,FALSE,FALSE,FALSE,FALSE
85066090,85,8506,850660,FALSE,FALSE,FALSE,FALSE
85068005,85,8506,850680,FALSE,FALSE,FALSE,TRUE
85068011,85,8506,850680,FALSE,FALSE,FALSE,FALSE
85068015,85,8506,850680,FALSE,FALSE,FALSE,FALSE
85068080,85,8506,850680,FALSE,FALSE,FALSE,TRUE
85068090,85,8506,850680,FALSE,FALSE,FALSE,FALSE
85069000,85,8506,850690,FALSE,FALSE,FALSE,TRUE
85071010,85,8507,850710,FALSE,FALSE,FALSE,FALSE
85071020,85,8507,850710,FALSE,FALSE,FALSE,TRUE
85071031,85,8507,850710,FALSE,FALSE,FALSE,FALSE
85071039,85,8507,850710,FALSE,FALSE,FALSE,FALSE
85071041,85,8507,850710,FALSE,FALSE,FALSE,FALSE
85071049,85,8507,850710,FALSE,FALSE,FALSE,FALSE
85071080,85,8507,850710,FALSE,FALSE,FALSE,TRUE
85071081,85,8507,850710,FALSE,FALSE,FALSE,FALSE
85071089,85,8507,850710,FALSE,FALSE,FALSE,FALSE
85071092,85,8507,850710,FALSE,FALSE,FALSE,FALSE
85071098,85,8507,850710,FALSE,FALSE,FALSE,FALSE
85072010,85,8507,850720,FALSE,FALSE,FALSE,FALSE
85072020,85,8507,850720,FALSE,FALSE,FALSE,TRUE
85072031,85,8507,850720,FALSE,FALSE,FALSE,FALSE
85072039,85,8507,850720,FALSE,FALSE,FALSE,FALSE
85072041,85,8507,850720,FALSE,FALSE,FALSE,FALSE
85072049,85,8507,850720,FALSE,FALSE,FALSE,FALSE
85072080,85,8507,850720,FALSE,FALSE,FALSE,TRUE
85072081,85,8507,850720,FALSE,FALSE,FALSE,FALSE
85072089,85,8507,850720,FALSE,FALSE,FALSE,FALSE
85072092,85,8507,850720,FALSE,FALSE,FALSE,FALSE
85072098,85,8507,850720,FALSE,FALSE,FALSE,FALSE
85073010,85,8507,850730,FALSE,FALSE,FALSE,FALSE
85073020,85,8507,850730,FALSE,FALSE,FALSE,TRUE
85073080,85,8507,850730,FALSE,FALSE,FALSE,TRUE
85073081,85,8507,850730,FALSE,FALSE,FALSE,FALSE
85073089,85,8507,850730,FALSE,FALSE,FALSE,FALSE
85073091,85,8507,850730,FALSE,FALSE,FALSE,FALSE
85073093,85,8507,850730,FALSE,FALSE,FALSE,FALSE
85073098,85,8507,850730,FALSE,FALSE,FALSE,FALSE
85074000,85,8507,850740,FALSE,FALSE,FALSE,TRUE
85074010,85,8507,850740,FALSE,FALSE,FALSE,FALSE
85074090,85,8507,850740,FALSE,FALSE,FALSE,FALSE
85075000,85,8507,850750,FALSE,FALSE,FALSE,TRUE
85076000,85,8507,850760,FALSE,FALSE,FALSE,TRUE
85078000,85,8507,850780,FALSE,FALSE,FALSE,TRUE
85078010,85,8507,850780,FALSE,FALSE,FALSE,FALSE
85078020,85,8507,850780,FALSE,FALSE,FALSE,FALSE
85078030,85,8507,850780,FALSE,FALSE,FALSE,FALSE
85078080,85,8507,850780,FALSE,FALSE,FALSE,FALSE
85078091,85,8507,850780,FALSE,FALSE,FALSE,FALSE
85078094,85,8507,850780,FALSE,FALSE,FALSE,FALSE
85078098,85,8507,850780,FALSE,FALSE,FALSE,FALSE
85078099,85,8507,850780,FALSE,FALSE,FALSE,FALSE
85079010,85,8507,850790,FALSE,FALSE,FALSE,FALSE
85079020,85,8507,850790,FALSE,FALSE,FALSE,FALSE
85079030,85,8507,850790,FALSE,FALSE,FALSE,TRUE
85079080,85,8507,850790,FALSE,FALSE,FALSE,TRUE
85079090,85,8507,850790,FALSE,FALSE,FALSE,FALSE
85079091,85,8507,850790,FALSE,FALSE,FALSE,FALSE
85079093,85,8507,850790,FALSE,FALSE,FALSE,FALSE
85079098,85,8507,850790,FALSE,FALSE,FALSE,FALSE
85081010,85,8508,850810,FALSE,FALSE,FALSE,FALSE
85081091,85,8508,850810,FALSE,FALSE,FALSE,FALSE
85081099,85,8508,850810,FALSE,FALSE,FALSE,FALSE
85081100,85,8508,850811,FALSE,FALSE,FALSE,TRUE
85081900,85,8508,850819,FALSE,FALSE,FALSE,TRUE
85082010,85,8508,850820,FALSE,FALSE,FALSE,FALSE
85082030,85,8508,850820,FALSE,FALSE,FALSE,FALSE
85082090,85,8508,850820,FALSE,FALSE,FALSE,FALSE
85086000,85,8508,850860,FALSE,FALSE,FALSE,TRUE
85087000,85,8508,850870,FALSE,FALSE,FALSE,TRUE
85088010,85,8508,850880,FALSE,FALSE,FALSE,FALSE
85088030,85,8508,850880,FALSE,FALSE,FALSE,FALSE
85088051,85,8508,850880,FALSE,FALSE,FALSE,FALSE
85088053,85,8508,850880,FALSE,FALSE,FALSE,FALSE
85088059,85,8508,850880,FALSE,FALSE,FALSE,FALSE
85088070,85,8508,850880,FALSE,FALSE,FALSE,FALSE
85088080,85,8508,850880,FALSE,FALSE,FALSE,FALSE
85088090,85,8508,850880,FALSE,FALSE,FALSE,FALSE
85089000,85,8508,850890,FALSE,FALSE,FALSE,FALSE
85091010,85,8509,850910,FALSE,FALSE,FALSE,FALSE
85091090,85,8509,850910,FALSE,FALSE,FALSE,FALSE
85092000,85,8509,850920,FALSE,FALSE,FALSE,FALSE
85093000,85,8509,850930,FALSE,FALSE,FALSE,FALSE
85094000,85,8509,850940,FALSE,FALSE,FALSE,TRUE
85098000,85,8509,850980,FALSE,FALSE,FALSE,TRUE
85099000,85,8509,850990,FALSE,FALSE,FALSE,TRUE
85099010,85,8509,850990,FALSE,FALSE,FALSE,FALSE
85099090,85,8509,850990,FALSE,FALSE,FALSE,FALSE
85101000,85,8510,851010,FALSE,FALSE,FALSE,TRUE
85102000,85,8510,851020,FALSE,FALSE,FALSE,TRUE
85103000,85,8510,851030,FALSE,FALSE,FALSE,TRUE
85109000,85,8510,851090,FALSE,FALSE,FALSE,TRUE
85111000,85,8511,851110,FALSE,FALSE,FALSE,TRUE
85111010,85,8511,851110,FALSE,FALSE,FALSE,FALSE
85111090,85,8511,851110,FALSE,FALSE,FALSE,FALSE
85112000,85,8511,851120,FALSE,FALSE,FALSE,TRUE
85112010,85,8511,851120,FALSE,FALSE,FALSE,FALSE
85112090,85,8511,851120,FALSE,FALSE,FALSE,FALSE
85113000,85,8511,851130,FALSE,FALSE,FALSE,TRUE
85113010,85,8511,851130,FALSE,FALSE,FALSE,FALSE
85113090,85,8511,851130,FALSE,FALSE,FALSE,FALSE
85114000,85,8511,851140,FALSE,FALSE,FALSE,TRUE
85114010,85,8511,851140,FALSE,FALSE,FALSE,FALSE
85114090,85,8511,851140,FALSE,FALSE,FALSE,FALSE
85115000,85,8511,851150,FALSE,FALSE,FALSE,TRUE
85115010,85,8511,851150,FALSE,FALSE,FALSE,FALSE
85115090,85,8511,851150,FALSE,FALSE,FALSE,FALSE
85118000,85,8511,851180,FALSE,FALSE,FALSE,TRUE
85118010,85,8511,851180,FALSE,FALSE,FALSE,FALSE
85118090,85,8511,851180,FALSE,FALSE,FALSE,FALSE
85119000,85,8511,851190,FALSE,FALSE,FALSE,TRUE
85121000,85,8512,851210,FALSE,FALSE,FALSE,TRUE
85122000,85,8512,851220,FALSE,FALSE,FALSE,TRUE
85123000,85,8512,851230,FALSE,FALSE,FALSE,FALSE
85123010,85,8512,851230,FALSE,FALSE,FALSE,TRUE
85123090,85,8512,851230,FALSE,FALSE,FALSE,TRUE
85124000,85,8512,851240,FALSE,FALSE,FALSE,TRUE
85129000,85,8512,851290,FALSE,FALSE,FALSE,FALSE
85129010,85,8512,851290,FALSE,FALSE,FALSE,TRUE
85129090,85,8512,851290,FALSE,FALSE,FALSE,TRUE
85131000,85,8513,851310,FALSE,FALSE,FALSE,TRUE
85139000,85,8513,851390,FALSE,FALSE,FALSE,TRUE
85141005,85,8514,851410,FALSE,FALSE,FALSE,FALSE
85141010,85,8514,851410,FALSE,FALSE,FALSE,TRUE
85141080,85,8514,851410,FALSE,FALSE,FALSE,TRUE
85141090,85,8514,851410,FALSE,FALSE,FALSE,FALSE
85142005,85,8514,851420,FALSE,FALSE,FALSE,FALSE
85142010,85,8514,851420,FALSE,FALSE,FALSE,TRUE
85142080,85,8514,851420,FALSE,FALSE,FALSE,TRUE
85142090,85,8514,851420,FALSE,FALSE,FALSE,FALSE
85143000,85,8514,851430,FALSE,FALSE,FALSE,TRUE
85143011,85,8514,851430,FALSE,FALSE,FALSE,FALSE
85143019,85,8514,851430,FALSE,FALSE,FALSE,FALSE
85143020,85,8514,851430,FALSE,FALSE,FALSE,FALSE
85143080,85,8514,851430,FALSE,FALSE,FALSE,FALSE
85143091,85,8514,851430,FALSE,FALSE,FALSE,FALSE
85143099,85,8514,851430,FALSE,FALSE,FALSE,FALSE
85144000,85,8514,851440,FALSE,FALSE,FALSE,TRUE
85149000,85,8514,851490,FALSE,FALSE,FALSE,TRUE
85149010,85,8514,851490,FALSE,FALSE,FALSE,FALSE
85149020,85,8514,851490,FALSE,FALSE,FALSE,FALSE
85149030,85,8514,851490,FALSE,FALSE,FALSE,FALSE
85149070,85,8514,851490,FALSE,FALSE,FALSE,FALSE
85149080,85,8514,851490,FALSE,FALSE,FALSE,FALSE
85149090,85,8514,851490,FALSE,FALSE,FALSE,FALSE
85151100,85,8515,851511,FALSE,FALSE,FALSE,TRUE
85151900,85,8515,851519,FALSE,FALSE,FALSE,TRUE
85151910,85,8515,851519,FALSE,FALSE,FALSE,FALSE
85151990,85,8515,851519,FALSE,FALSE,FALSE,FALSE
85152100,85,8515,851521,FALSE,FALSE,FALSE,TRUE
85152900,85,8515,851529,FALSE,FALSE,FALSE,TRUE
85152910,85,8515,851529,FALSE,FALSE,FALSE,FALSE
85152990,85,8515,851529,FALSE,FALSE,FALSE,FALSE
85153100,85,8515,851531,FALSE,FALSE,FALSE,TRUE
85153913,85,8515,851539,FALSE,FALSE,FALSE,TRUE
85153918,85,8515,851539,FALSE,FALSE,FALSE,TRUE
85153990,85,8515,851539,FALSE,FALSE,FALSE,TRUE
85158005,85,8515,851580,FALSE,FALSE,FALSE,FALSE
85158010,85,8515,851580,FALSE,FALSE,FALSE,TRUE
85158011,85,8515,851580,FALSE,FALSE,FALSE,FALSE
85158019,85,8515,851580,FALSE,FALSE,FALSE,FALSE
85158090,85,8515,851580,FALSE,FALSE,FALSE,TRUE
85158091,85,8515,851580,FALSE,FALSE,FALSE,FALSE
85158099,85,8515,851580,FALSE,FALSE,FALSE,FALSE
85159000,85,8515,851590,FALSE,FALSE,FALSE,TRUE
85159010,85,8515,851590,FALSE,FALSE,FALSE,FALSE
85159020,85,8515,851590,FALSE,FALSE,FALSE,FALSE
85159080,85,8515,851590,FALSE,FALSE,FALSE,FALSE
85159090,85,8515,851590,FALSE,FALSE,FALSE,FALSE
85161011,85,8516,851610,FALSE,FALSE,FALSE,TRUE
85161019,85,8516,851610,FALSE,FALSE,FALSE,FALSE
85161080,85,8516,851610,FALSE,FALSE,FALSE,TRUE
85161090,85,8516,851610,FALSE,FALSE,FALSE,FALSE
85161091,85,8516,851610,FALSE,FALSE,FALSE,FALSE
85161099,85,8516,851610,FALSE,FALSE,FALSE,FALSE
85162100,85,8516,851621,FALSE,FALSE,FALSE,TRUE
85162910,85,8516,851629,FALSE,FALSE,FALSE,TRUE
85162950,85,8516,851629,FALSE,FALSE,FALSE,TRUE
85162991,85,8516,851629,FALSE,FALSE,FALSE,TRUE
85162999,85,8516,851629,FALSE,FALSE,FALSE,TRUE
85163100,85,8516,851631,FALSE,FALSE,FALSE,TRUE
85163110,85,8516,851631,FALSE,FALSE,FALSE,FALSE
85163190,85,8516,851631,FALSE,FALSE,FALSE,FALSE
85163200,85,8516,851632,FALSE,FALSE,FALSE,TRUE
85163300,85,8516,851633,FALSE,FALSE,FALSE,TRUE
85164000,85,8516,851640,FALSE,FALSE,FALSE,TRUE
85164010,85,8516,851640,FALSE,FALSE,FALSE,FALSE
85164090,85,8516,851640,FALSE,FALSE,FALSE,FALSE
85165000,85,8516,851650,FALSE,FALSE,FALSE,TRUE
85166010,85,8516,851660,FALSE,FALSE,FALSE,TRUE
85166050,85,8516,851660,FALSE,FALSE,FALSE,TRUE
85166051,85,8516,851660,FALSE,FALSE,FALSE,FALSE
85166059,85,8516,851660,FALSE,FALSE,FALSE,FALSE
85166070,85,8516,851660,FALSE,FALSE,FALSE,TRUE
85166080,85,8516,851660,FALSE,FALSE,FALSE,TRUE
85166090,85,8516,851660,FALSE,FALSE,FALSE,TRUE
85167100,85,8516,851671,FALSE,FALSE,FALSE,TRUE
85167200,85,8516,851672,FALSE,FALSE,FALSE,TRUE
85167910,85,8516,851679,FALSE,FALSE,FALSE,FALSE
85167920,85,8516,851679,FALSE,FALSE,FALSE,TRUE
85167970,85,8516,851679,FALSE,FALSE,FALSE,TRUE
85167980,85,8516,851679,FALSE,FALSE,FALSE,FALSE
85168010,85,8516,851680,FALSE,FALSE,FALSE,FALSE
85168020,85,8516,851680,FALSE,FALSE,FALSE,TRUE
85168080,85,8516,851680,FALSE,FALSE,FALSE,TRUE
85168091,85,8516,851680,FALSE,FALSE,FALSE,FALSE
85168099,85,8516,851680,FALSE,FALSE,FALSE,FALSE
85169000,85,8516,851690,FALSE,FALSE,FALSE,TRUE
85171000,85,8517,851710,FALSE,FALSE,FALSE,FALSE
85171100,85,8517,851711,FALSE,FALSE,FALSE,TRUE
85171200,85,8517,851712,FALSE,FALSE,FALSE,TRUE
85171800,85,8517,851718,FALSE,FALSE,FALSE,TRUE
85171910,85,8517,851719,FALSE,FALSE,FALSE,FALSE
85171990,85,8517,851719,FALSE,FALSE,FALSE,FALSE
85172000,85,8517,851720,FALSE,FALSE,FALSE,FALSE
85172100,85,8517,851721,FALSE,FALSE,FALSE,FALSE
85172200,85,8517,851722,FALSE,FALSE,FALSE,FALSE
85173000,85,8517,851730,FALSE,FALSE,FALSE,FALSE
85174000,85,8517,851740,FALSE,FALSE,FALSE,FALSE
85175010,85,8517,851750,FALSE,FALSE,FALSE,FALSE
85175090,85,8517,851750,FALSE,FALSE,FALSE,FALSE
85176100,85,8517,851761,FALSE,FALSE,FALSE,TRUE
85176200,85,8517,851762,FALSE,FALSE,FALSE,TRUE
85176910,85,8517,851769,FALSE,FALSE,FALSE,TRUE
85176920,85,8517,851769,FALSE,FALSE,FALSE,TRUE
85176930,85,8517,851769,FALSE,FALSE,FALSE,FALSE
85176931,85,8517,851769,FALSE,FALSE,FALSE,TRUE
85176939,85,8517,851769,FALSE,FALSE,FALSE,TRUE
85176990,85,8517,851769,FALSE,FALSE,FALSE,TRUE
85177000,85,8517,851770,FALSE,FALSE,FALSE,FALSE
85177011,85,8517,851770,FALSE,FALSE,FALSE,TRUE
85177015,85,8517,851770,FALSE,FALSE,FALSE,TRUE
85177019,85,8517,851770,FALSE,FALSE,FALSE,TRUE
85177090,85,8517,851770,FALSE,FALSE,FALSE,TRUE
85178010,85,8517,851780,FALSE,FALSE,FALSE,FALSE
85178090,85,8517,851780,FALSE,FALSE,FALSE,FALSE
85178110,85,8517,851781,FALSE,FALSE,FALSE,FALSE
85178190,85,8517,851781,FALSE,FALSE,FALSE,FALSE
85178210,85,8517,851782,FALSE,FALSE,FALSE,FALSE
85178290,85,8517,851782,FALSE,FALSE,FALSE,FALSE
85179011,85,8517,851790,FALSE,FALSE,FALSE,FALSE
85179019,85,8517,851790,FALSE,FALSE,FALSE,FALSE
85179081,85,8517,851790,FALSE,FALSE,FALSE,FALSE
85179082,85,8517,851790,FALSE,FALSE,FALSE,FALSE
85179088,85,8517,851790,FALSE,FALSE,FALSE,FALSE
85179089,85,8517,851790,FALSE,FALSE,FALSE,FALSE
85179092,85,8517,851790,FALSE,FALSE,FALSE,FALSE
85179098,85,8517,851790,FALSE,FALSE,FALSE,FALSE
85181010,85,8518,851810,FALSE,FALSE,FALSE,FALSE
85181020,85,8518,851810,FALSE,FALSE,FALSE,FALSE
85181030,85,8518,851810,FALSE,FALSE,FALSE,TRUE
85181080,85,8518,851810,FALSE,FALSE,FALSE,FALSE
85181090,85,8518,851810,FALSE,FALSE,FALSE,FALSE
85181095,85,8518,851810,FALSE,FALSE,FALSE,TRUE
85182100,85,8518,851821,FALSE,FALSE,FALSE,TRUE
85182110,85,8518,851821,FALSE,FALSE,FALSE,FALSE
85182190,85,8518,851821,FALSE,FALSE,FALSE,FALSE
85182200,85,8518,851822,FALSE,FALSE,FALSE,TRUE
85182210,85,8518,851822,FALSE,FALSE,FALSE,FALSE
85182290,85,8518,851822,FALSE,FALSE,FALSE,FALSE
85182910,85,8518,851829,FALSE,FALSE,FALSE,FALSE
85182920,85,8518,851829,FALSE,FALSE,FALSE,FALSE
85182930,85,8518,851829,FALSE,FALSE,FALSE,TRUE
85182980,85,8518,851829,FALSE,FALSE,FALSE,FALSE
85182990,85,8518,851829,FALSE,FALSE,FALSE,FALSE
85182995,85,8518,851829,FALSE,FALSE,FALSE,TRUE
85183010,85,8518,851830,FALSE,FALSE,FALSE,FALSE
85183020,85,8518,851830,FALSE,FALSE,FALSE,TRUE
85183080,85,8518,851830,FALSE,FALSE,FALSE,FALSE
85183090,85,8518,851830,FALSE,FALSE,FALSE,FALSE
85183095,85,8518,851830,FALSE,FALSE,FALSE,TRUE
85184010,85,8518,851840,FALSE,FALSE,FALSE,FALSE
85184030,85,8518,851840,FALSE,FALSE,FALSE,TRUE
85184080,85,8518,851840,FALSE,FALSE,FALSE,TRUE
85184081,85,8518,851840,FALSE,FALSE,FALSE,FALSE
85184089,85,8518,851840,FALSE,FALSE,FALSE,FALSE
85184091,85,8518,851840,FALSE,FALSE,FALSE,FALSE
85184099,85,8518,851840,FALSE,FALSE,FALSE,FALSE
85185000,85,8518,851850,FALSE,FALSE,FALSE,TRUE
85185010,85,8518,851850,FALSE,FALSE,FALSE,FALSE
85185090,85,8518,851850,FALSE,FALSE,FALSE,FALSE
85189000,85,8518,851890,FALSE,FALSE,FALSE,TRUE
85191000,85,8519,851910,FALSE,FALSE,FALSE,FALSE
85192010,85,8519,851920,FALSE,FALSE,FALSE,TRUE
85192091,85,8519,851920,FALSE,FALSE,FALSE,TRUE
85192099,85,8519,851920,FALSE,FALSE,FALSE,TRUE
85192100,85,8519,851921,FALSE,FALSE,FALSE,FALSE
85192900,85,8519,851929,FALSE,FALSE,FALSE,FALSE
85193000,85,8519,851930,FALSE,FALSE,FALSE,TRUE
85193100,85,8519,851931,FALSE,FALSE,FALSE,FALSE
85193900,85,8519,851939,FALSE,FALSE,FALSE,FALSE
85194000,85,8519,851940,FALSE,FALSE,FALSE,FALSE
85195000,85,8519,851950,FALSE,FALSE,FALSE,TRUE
85198111,85,8519,851981,FALSE,FALSE,FALSE,TRUE
85198115,85,8519,851981,FALSE,FALSE,FALSE,TRUE
85198121,85,8519,851981,FALSE,FALSE,FALSE,TRUE
85198125,85,8519,851981,FALSE,FALSE,FALSE,TRUE
85198131,85,8519,851981,FALSE,FALSE,FALSE,TRUE
85198135,85,8519,851981,FALSE,FALSE,FALSE,TRUE
85198145,85,8519,851981,FALSE,FALSE,FALSE,TRUE
85198151,85,8519,851981,FALSE,FALSE,FALSE,TRUE
85198155,85,8519,851981,FALSE,FALSE,FALSE,TRUE
85198161,85,8519,851981,FALSE,FALSE,FALSE,TRUE
85198165,85,8519,851981,FALSE,FALSE,FALSE,TRUE
85198170,85,8519,851981,FALSE,FALSE,FALSE,FALSE
85198175,85,8519,851981,FALSE,FALSE,FALSE,TRUE
85198181,85,8519,851981,FALSE,FALSE,FALSE,TRUE
85198185,85,8519,851981,FALSE,FALSE,FALSE,TRUE
85198195,85,8519,851981,FALSE,FALSE,FALSE,TRUE
85198900,85,8519,851989,FALSE,FALSE,FALSE,FALSE
85198911,85,8519,851989,FALSE,FALSE,FALSE,TRUE
85198915,85,8519,851989,FALSE,FALSE,FALSE,TRUE
85198919,85,8519,851989,FALSE,FALSE,FALSE,TRUE
85198990,85,8519,851989,FALSE,FALSE,FALSE,TRUE
85199110,85,8519,851991,FALSE,FALSE,FALSE,FALSE
85199131,85,8519,851991,FALSE,FALSE,FALSE,FALSE
85199139,85,8519,851991,FALSE,FALSE,FALSE,FALSE
85199181,85,8519,851991,FALSE,FALSE,FALSE,FALSE
85199189,85,8519,851991,FALSE,FALSE,FALSE,FALSE
85199200,85,8519,851992,FALSE,FALSE,FALSE,FALSE
85199331,85,8519,851993,FALSE,FALSE,FALSE,FALSE
85199339,85,8519,851993,FALSE,FALSE,FALSE,FALSE
85199381,85,8519,851993,FALSE,FALSE,FALSE,FALSE
85199389,85,8519,851993,FALSE,FALSE,FALSE,FALSE
85199911,85,8519,851999,FALSE,FALSE,FALSE,FALSE
85199912,85,8519,851999,FALSE,FALSE,FALSE,FALSE
85199918,85,8519,851999,FALSE,FALSE,FALSE,FALSE
85199919,85,8519,851999,FALSE,FALSE,FALSE,FALSE
85199990,85,8519,851999,FALSE,FALSE,FALSE,FALSE
85201000,85,8520,852010,FALSE,FALSE,FALSE,FALSE
85202000,85,8520,852020,FALSE,FALSE,FALSE,FALSE
85203111,85,8520,852031,FALSE,FALSE,FALSE,FALSE
85203119,85,8520,852031,FALSE,FALSE,FALSE,FALSE
85203130,85,8520,852031,FALSE,FALSE,FALSE,FALSE
85203190,85,8520,852031,FALSE,FALSE,FALSE,FALSE
85203211,85,8520,852032,FALSE,FALSE,FALSE,FALSE
85203219,85,8520,852032,FALSE,FALSE,FALSE,FALSE
85203230,85,8520,852032,FALSE,FALSE,FALSE,FALSE
85203250,85,8520,852032,FALSE,FALSE,FALSE,FALSE
85203291,85,8520,852032,FALSE,FALSE,FALSE,FALSE
85203299,85,8520,852032,FALSE,FALSE,FALSE,FALSE
85203311,85,8520,852033,FALSE,FALSE,FALSE,FALSE
85203319,85,8520,852033,FALSE,FALSE,FALSE,FALSE
85203330,85,8520,852033,FALSE,FALSE,FALSE,FALSE
85203390,85,8520,852033,FALSE,FALSE,FALSE,FALSE
85203910,85,8520,852039,FALSE,FALSE,FALSE,FALSE
85203990,85,8520,852039,FALSE,FALSE,FALSE,FALSE
85209000,85,8520,852090,FALSE,FALSE,FALSE,FALSE
85209010,85,8520,852090,FALSE,FALSE,FALSE,FALSE
85209090,85,8520,852090,FALSE,FALSE,FALSE,FALSE
85211010,85,8521,852110,FALSE,FALSE,FALSE,FALSE
85211020,85,8521,852110,FALSE,FALSE,FALSE,TRUE
85211030,85,8521,852110,FALSE,FALSE,FALSE,FALSE
85211031,85,8521,852110,FALSE,FALSE,FALSE,FALSE
85211038,85,8521,852110,FALSE,FALSE,FALSE,FALSE
85211080,85,8521,852110,FALSE,FALSE,FALSE,FALSE
85211095,85,8521,852110,FALSE,FALSE,FALSE,TRUE
85219000,85,8521,852190,FALSE,FALSE,FALSE,TRUE
85221000,85,8522,852210,FALSE,FALSE,FALSE,TRUE
85229010,85,8522,852290,FALSE,FALSE,FALSE,FALSE
85229020,85,8522,852290,FALSE,FALSE,FALSE,FALSE
85229030,85,8522,852290,FALSE,FALSE,FALSE,TRUE
85229041,85,8522,852290,FALSE,FALSE,FALSE,TRUE
85229049,85,8522,852290,FALSE,FALSE,FALSE,TRUE
85229051,85,8522,852290,FALSE,FALSE,FALSE,FALSE
85229059,85,8522,852290,FALSE,FALSE,FALSE,FALSE
85229070,85,8522,852290,FALSE,FALSE,FALSE,TRUE
85229080,85,8522,852290,FALSE,FALSE,FALSE,TRUE
85229091,85,8522,852290,FALSE,FALSE,FALSE,FALSE
85229093,85,8522,852290,FALSE,FALSE,FALSE,FALSE
85229098,85,8522,852290,FALSE,FALSE,FALSE,FALSE
85231100,85,8523,852311,FALSE,FALSE,FALSE,FALSE
85231200,85,8523,852312,FALSE,FALSE,FALSE,FALSE
85231300,85,8523,852313,FALSE,FALSE,FALSE,FALSE
85232010,85,8523,852320,FALSE,FALSE,FALSE,FALSE
85232011,85,8523,852320,FALSE,FALSE,FALSE,FALSE
85232019,85,8523,852320,FALSE,FALSE,FALSE,FALSE
85232090,85,8523,852320,FALSE,FALSE,FALSE,FALSE
85232100,85,8523,852321,FALSE,FALSE,FALSE,TRUE
85232915,85,8523,852329,FALSE,FALSE,FALSE,TRUE
85232919,85,8523,852329,FALSE,FALSE,FALSE,FALSE
85232931,85,8523,852329,FALSE,FALSE,FALSE,TRUE
85232933,85,8523,852329,FALSE,FALSE,FALSE,TRUE
85232939,85,8523,852329,FALSE,FALSE,FALSE,TRUE
85232990,85,8523,852329,FALSE,FALSE,FALSE,TRUE
85233000,85,8523,852330,FALSE,FALSE,FALSE,FALSE
85234011,85,8523,852340,FALSE,FALSE,FALSE,FALSE
85234013,85,8523,852340,FALSE,FALSE,FALSE,FALSE
85234019,85,8523,852340,FALSE,FALSE,FALSE,FALSE
85234025,85,8523,852340,FALSE,FALSE,FALSE,FALSE
85234031,85,8523,852340,FALSE,FALSE,FALSE,FALSE
85234039,85,8523,852340,FALSE,FALSE,FALSE,FALSE
85234045,85,8523,852340,FALSE,FALSE,FALSE,FALSE
85234051,85,8523,852340,FALSE,FALSE,FALSE,FALSE
85234059,85,8523,852340,FALSE,FALSE,FALSE,FALSE
85234091,85,8523,852340,FALSE,FALSE,FALSE,FALSE
85234093,85,8523,852340,FALSE,FALSE,FALSE,FALSE
85234099,85,8523,852340,FALSE,FALSE,FALSE,FALSE
85234110,85,8523,852341,FALSE,FALSE,FALSE,TRUE
85234130,85,8523,852341,FALSE,FALSE,FALSE,TRUE
85234190,85,8523,852341,FALSE,FALSE,FALSE,TRUE
85234910,85,8523,852349,FALSE,FALSE,FALSE,FALSE
85234920,85,8523,852349,FALSE,FALSE,FALSE,FALSE
85234925,85,8523,852349,FALSE,FALSE,FALSE,TRUE
85234931,85,8523,852349,FALSE,FALSE,FALSE,TRUE
85234939,85,8523,852349,FALSE,FALSE,FALSE,TRUE
85234945,85,8523,852349,FALSE,FALSE,FALSE,TRUE
85234951,85,8523,852349,FALSE,FALSE,FALSE,TRUE
85234959,85,8523,852349,FALSE,FALSE,FALSE,TRUE
85234990,85,8523,852349,FALSE,FALSE,FALSE,FALSE
85234991,85,8523,852349,FALSE,FALSE,FALSE,TRUE
85234993,85,8523,852349,FALSE,FALSE,FALSE,TRUE
85234999,85,8523,852349,FALSE,FALSE,FALSE,TRUE
85235110,85,8523,852351,FALSE,FALSE,FALSE,TRUE
85235190,85,8523,852351,FALSE,FALSE,FALSE,FALSE
85235191,85,8523,852351,FALSE,FALSE,FALSE,TRUE
85235193,85,8523,852351,FALSE,FALSE,FALSE,TRUE
85235199,85,8523,852351,FALSE,FALSE,FALSE,TRUE
85235200,85,8523,852352,FALSE,FALSE,FALSE,FALSE
85235210,85,8523,852352,FALSE,FALSE,FALSE,TRUE
85235290,85,8523,852352,FALSE,FALSE,FALSE,TRUE
85235910,85,8523,852359,FALSE,FALSE,FALSE,TRUE
85235990,85,8523,852359,FALSE,FALSE,FALSE,FALSE
85235991,85,8523,852359,FALSE,FALSE,FALSE,TRUE
85235993,85,8523,852359,FALSE,FALSE,FALSE,TRUE
85235999,85,8523,852359,FALSE,FALSE,FALSE,TRUE
85238010,85,8523,852380,FALSE,FALSE,FALSE,TRUE
85238090,85,8523,852380,FALSE,FALSE,FALSE,FALSE
85238091,85,8523,852380,FALSE,FALSE,FALSE,TRUE
85238093,85,8523,852380,FALSE,FALSE,FALSE,TRUE
85238099,85,8523,852380,FALSE,FALSE,FALSE,TRUE
85239000,85,8523,852390,FALSE,FALSE,FALSE,FALSE
85239010,85,8523,852390,FALSE,FALSE,FALSE,FALSE
85239030,85,8523,852390,FALSE,FALSE,FALSE,FALSE
85239090,85,8523,852390,FALSE,FALSE,FALSE,FALSE
85241000,85,8524,852410,FALSE,FALSE,FALSE,FALSE
85242110,85,8524,852421,FALSE,FALSE,FALSE,FALSE
85242190,85,8524,852421,FALSE,FALSE,FALSE,FALSE
85242210,85,8524,852422,FALSE,FALSE,FALSE,FALSE
85242290,85,8524,852422,FALSE,FALSE,FALSE,FALSE
85242310,85,8524,852423,FALSE,FALSE,FALSE,FALSE
85242390,85,8524,852423,FALSE,FALSE,FALSE,FALSE
85243100,85,8524,852431,FALSE,FALSE,FALSE,FALSE
85243200,85,8524,852432,FALSE,FALSE,FALSE,FALSE
85243210,85,8524,852432,FALSE,FALSE,FALSE,FALSE
85243290,85,8524,852432,FALSE,FALSE,FALSE,FALSE
85243900,85,8524,852439,FALSE,FALSE,FALSE,FALSE
85243910,85,8524,852439,FALSE,FALSE,FALSE,FALSE
85243920,85,8524,852439,FALSE,FALSE,FALSE,FALSE
85243980,85,8524,852439,FALSE,FALSE,FALSE,FALSE
85243990,85,8524,852439,FALSE,FALSE,FALSE,FALSE
85244000,85,8524,852440,FALSE,FALSE,FALSE,FALSE
85244010,85,8524,852440,FALSE,FALSE,FALSE,FALSE
85244091,85,8524,852440,FALSE,FALSE,FALSE,FALSE
85244099,85,8524,852440,FALSE,FALSE,FALSE,FALSE
85245100,85,8524,852451,FALSE,FALSE,FALSE,FALSE
85245200,85,8524,852452,FALSE,FALSE,FALSE,FALSE
85245300,85,8524,852453,FALSE,FALSE,FALSE,FALSE
85246000,85,8524,852460,FALSE,FALSE,FALSE,FALSE
85249010,85,8524,852490,FALSE,FALSE,FALSE,FALSE
85249091,85,8524,852490,FALSE,FALSE,FALSE,FALSE
85249099,85,8524,852490,FALSE,FALSE,FALSE,FALSE
85249100,85,8524,852491,FALSE,FALSE,FALSE,FALSE
85249110,85,8524,852491,FALSE,FALSE,FALSE,FALSE
85249190,85,8524,852491,FALSE,FALSE,FALSE,FALSE
85249900,85,8524,852499,FALSE,FALSE,FALSE,FALSE
85249910,85,8524,852499,FALSE,FALSE,FALSE,FALSE
85249990,85,8524,852499,FALSE,FALSE,FALSE,FALSE
85251010,85,8525,852510,FALSE,FALSE,FALSE,FALSE
85251020,85,8525,852510,FALSE,FALSE,FALSE,FALSE
85251050,85,8525,852510,FALSE,FALSE,FALSE,FALSE
85251080,85,8525,852510,FALSE,FALSE,FALSE,FALSE
85251090,85,8525,852510,FALSE,FALSE,FALSE,FALSE
85252010,85,8525,852520,FALSE,FALSE,FALSE,FALSE
85252020,85,8525,852520,FALSE,FALSE,FALSE,FALSE
85252080,85,8525,852520,FALSE,FALSE,FALSE,FALSE
85252090,85,8525,852520,FALSE,FALSE,FALSE,FALSE
85252091,85,8525,852520,FALSE,FALSE,FALSE,FALSE
85252099,85,8525,852520,FALSE,FALSE,FALSE,FALSE
85253010,85,8525,852530,FALSE,FALSE,FALSE,FALSE
85253090,85,8525,852530,FALSE,FALSE,FALSE,FALSE
85253091,85,8525,852530,FALSE,FALSE,FALSE,FALSE
85253099,85,8525,852530,FALSE,FALSE,FALSE,FALSE
85254010,85,8525,852540,FALSE,FALSE,FALSE,FALSE
85254011,85,8525,852540,FALSE,FALSE,FALSE,FALSE
85254019,85,8525,852540,FALSE,FALSE,FALSE,FALSE
85254091,85,8525,852540,FALSE,FALSE,FALSE,FALSE
85254099,85,8525,852540,FALSE,FALSE,FALSE,FALSE
85255000,85,8525,852550,FALSE,FALSE,FALSE,TRUE
85256000,85,8525,852560,FALSE,FALSE,FALSE,TRUE
85258011,85,8525,852580,FALSE,FALSE,FALSE,TRUE
85258019,85,8525,852580,FALSE,FALSE,FALSE,TRUE
85258030,85,8525,852580,FALSE,FALSE,FALSE,TRUE
85258091,85,8525,852580,FALSE,FALSE,FALSE,TRUE
85258099,85,8525,852580,FALSE,FALSE,FALSE,TRUE
85261000,85,8526,852610,FALSE,FALSE,FALSE,TRUE
85261010,85,8526,852610,FALSE,FALSE,FALSE,FALSE
85261090,85,8526,852610,FALSE,FALSE,FALSE,FALSE
85269111,85,8526,852691,FALSE,FALSE,FALSE,FALSE
85269119,85,8526,852691,FALSE,FALSE,FALSE,FALSE
85269120,85,8526,852691,FALSE,FALSE,FALSE,TRUE
85269180,85,8526,852691,FALSE,FALSE,FALSE,TRUE
85269190,85,8526,852691,FALSE,FALSE,FALSE,FALSE
85269200,85,8526,852692,FALSE,FALSE,FALSE,TRUE
85269210,85,8526,852692,FALSE,FALSE,FALSE,FALSE
85269290,85,8526,852692,FALSE,FALSE,FALSE,FALSE
85271110,85,8527,852711,FALSE,FALSE,FALSE,FALSE
85271191,85,8527,852711,FALSE,FALSE,FALSE,FALSE
85271199,85,8527,852711,FALSE,FALSE,FALSE,FALSE
85271210,85,8527,852712,FALSE,FALSE,FALSE,TRUE
85271290,85,8527,852712,FALSE,FALSE,FALSE,TRUE
85271310,85,8527,852713,FALSE,FALSE,FALSE,TRUE
85271391,85,8527,852713,FALSE,FALSE,FALSE,TRUE
85271399,85,8527,852713,FALSE,FALSE,FALSE,TRUE
85271900,85,8527,852719,FALSE,FALSE,FALSE,TRUE
85272110,85,8527,852721,FALSE,FALSE,FALSE,FALSE
85272120,85,8527,852721,FALSE,FALSE,FALSE,TRUE
85272152,85,8527,852721,FALSE,FALSE,FALSE,TRUE
85272159,85,8527,852721,FALSE,FALSE,FALSE,TRUE
85272170,85,8527,852721,FALSE,FALSE,FALSE,TRUE
85272191,85,8527,852721,FALSE,FALSE,FALSE,FALSE
85272192,85,8527,852721,FALSE,FALSE,FALSE,TRUE
85272198,85,8527,852721,FALSE,FALSE,FALSE,TRUE
85272199,85,8527,852721,FALSE,FALSE,FALSE,FALSE
85272900,85,8527,852729,FALSE,FALSE,FALSE,TRUE
85273111,85,8527,852731,FALSE,FALSE,FALSE,FALSE
85273119,85,8527,852731,FALSE,FALSE,FALSE,FALSE
85273191,85,8527,852731,FALSE,FALSE,FALSE,FALSE
85273193,85,8527,852731,FALSE,FALSE,FALSE,FALSE
85273198,85,8527,852731,FALSE,FALSE,FALSE,FALSE
85273210,85,8527,852732,FALSE,FALSE,FALSE,FALSE
85273290,85,8527,852732,FALSE,FALSE,FALSE,FALSE
85273910,85,8527,852739,FALSE,FALSE,FALSE,FALSE
85273920,85,8527,852739,FALSE,FALSE,FALSE,FALSE
85273980,85,8527,852739,FALSE,FALSE,FALSE,FALSE
85273991,85,8527,852739,FALSE,FALSE,FALSE,FALSE
85273999,85,8527,852739,FALSE,FALSE,FALSE,FALSE
85279010,85,8527,852790,FALSE,FALSE,FALSE,FALSE
85279020,85,8527,852790,FALSE,FALSE,FALSE,FALSE
85279080,85,8527,852790,FALSE,FALSE,FALSE,FALSE
85279091,85,8527,852790,FALSE,FALSE,FALSE,FALSE
85279092,85,8527,852790,FALSE,FALSE,FALSE,FALSE
85279098,85,8527,852790,FALSE,FALSE,FALSE,FALSE
85279099,85,8527,852790,FALSE,FALSE,FALSE,FALSE
85279111,85,8527,852791,FALSE,FALSE,FALSE,TRUE
85279119,85,8527,852791,FALSE,FALSE,FALSE,TRUE
85279135,85,8527,852791,FALSE,FALSE,FALSE,TRUE
85279191,85,8527,852791,FALSE,FALSE,FALSE,TRUE
85279199,85,8527,852791,FALSE,FALSE,FALSE,TRUE
85279210,85,8527,852792,FALSE,FALSE,FALSE,TRUE
85279290,85,8527,852792,FALSE,FALSE,FALSE,TRUE
85279900,85,8527,852799,FALSE,FALSE,FALSE,TRUE
85281014,85,8528,852810,FALSE,FALSE,FALSE,FALSE
85281016,85,8528,852810,FALSE,FALSE,FALSE,FALSE
85281018,85,8528,852810,FALSE,FALSE,FALSE,FALSE
85281022,85,8528,852810,FALSE,FALSE,FALSE,FALSE
85281028,85,8528,852810,FALSE,FALSE,FALSE,FALSE
85281031,85,8528,852810,FALSE,FALSE,FALSE,FALSE
85281041,85,8528,852810,FALSE,FALSE,FALSE,FALSE
85281043,85,8528,852810,FALSE,FALSE,FALSE,FALSE
85281049,85,8528,852810,FALSE,FALSE,FALSE,FALSE
85281052,85,8528,852810,FALSE,FALSE,FALSE,FALSE
85281054,85,8528,852810,FALSE,FALSE,FALSE,FALSE
85281056,85,8528,852810,FALSE,FALSE,FALSE,FALSE
85281058,85,8528,852810,FALSE,FALSE,FALSE,FALSE
85281062,85,8528,852810,FALSE,FALSE,FALSE,FALSE
85281066,85,8528,852810,FALSE,FALSE,FALSE,FALSE
85281072,85,8528,852810,FALSE,FALSE,FALSE,FALSE
85281076,85,8528,852810,FALSE,FALSE,FALSE,FALSE
85281081,85,8528,852810,FALSE,FALSE,FALSE,FALSE
85281089,85,8528,852810,FALSE,FALSE,FALSE,FALSE
85281091,85,8528,852810,FALSE,FALSE,FALSE,FALSE
85281098,85,8528,852810,FALSE,FALSE,FALSE,FALSE
85281210,85,8528,852812,FALSE,FALSE,FALSE,FALSE
85281214,85,8528,852812,FALSE,FALSE,FALSE,FALSE
85281216,85,8528,852812,FALSE,FALSE,FALSE,FALSE
85281218,85,8528,852812,FALSE,FALSE,FALSE,FALSE
85281220,85,8528,852812,FALSE,FALSE,FALSE,FALSE
85281222,85,8528,852812,FALSE,FALSE,FALSE,FALSE
85281228,85,8528,852812,FALSE,FALSE,FALSE,FALSE
85281252,85,8528,852812,FALSE,FALSE,FALSE,FALSE
85281254,85,8528,852812,FALSE,FALSE,FALSE,FALSE
85281256,85,8528,852812,FALSE,FALSE,FALSE,FALSE
85281258,85,8528,852812,FALSE,FALSE,FALSE,FALSE
85281262,85,8528,852812,FALSE,FALSE,FALSE,FALSE
85281266,85,8528,852812,FALSE,FALSE,FALSE,FALSE
85281270,85,8528,852812,FALSE,FALSE,FALSE,FALSE
85281272,85,8528,852812,FALSE,FALSE,FALSE,FALSE
85281276,85,8528,852812,FALSE,FALSE,FALSE,FALSE
85281281,85,8528,852812,FALSE,FALSE,FALSE,FALSE
85281289,85,8528,852812,FALSE,FALSE,FALSE,FALSE
85281290,85,8528,852812,FALSE,FALSE,FALSE,FALSE
85281291,85,8528,852812,FALSE,FALSE,FALSE,FALSE
85281292,85,8528,852812,FALSE,FALSE,FALSE,FALSE
85281293,85,8528,852812,FALSE,FALSE,FALSE,FALSE
85281294,85,8528,852812,FALSE,FALSE,FALSE,FALSE
85281295,85,8528,852812,FALSE,FALSE,FALSE,FALSE
85281298,85,8528,852812,FALSE,FALSE,FALSE,FALSE
85281300,85,8528,852813,FALSE,FALSE,FALSE,FALSE
85282020,85,8528,852820,FALSE,FALSE,FALSE,FALSE
85282071,85,8528,852820,FALSE,FALSE,FALSE,FALSE
85282073,85,8528,852820,FALSE,FALSE,FALSE,FALSE
85282079,85,8528,852820,FALSE,FALSE,FALSE,FALSE
85282091,85,8528,852820,FALSE,FALSE,FALSE,FALSE
85282099,85,8528,852820,FALSE,FALSE,FALSE,FALSE
85282114,85,8528,852821,FALSE,FALSE,FALSE,FALSE
85282116,85,8528,852821,FALSE,FALSE,FALSE,FALSE
85282118,85,8528,852821,FALSE,FALSE,FALSE,FALSE
85282190,85,8528,852821,FALSE,FALSE,FALSE,FALSE
85282200,85,8528,852822,FALSE,FALSE,FALSE,FALSE
85283005,85,8528,852830,FALSE,FALSE,FALSE,FALSE
85283010,85,8528,852830,FALSE,FALSE,FALSE,FALSE
85283020,85,8528,852830,FALSE,FALSE,FALSE,FALSE
85283090,85,8528,852830,FALSE,FALSE,FALSE,FALSE
85284100,85,8528,852841,FALSE,FALSE,FALSE,TRUE
85284200,85,8528,852842,FALSE,FALSE,FALSE,FALSE
85284900,85,8528,852849,FALSE,FALSE,FALSE,FALSE
85284910,85,8528,852849,FALSE,FALSE,FALSE,TRUE
85284935,85,8528,852849,FALSE,FALSE,FALSE,FALSE
85284980,85,8528,852849,FALSE,FALSE,FALSE,TRUE
85284991,85,8528,852849,FALSE,FALSE,FALSE,FALSE
85284999,85,8528,852849,FALSE,FALSE,FALSE,FALSE
85285100,85,8528,852851,FALSE,FALSE,FALSE,TRUE
85285210,85,8528,852852,FALSE,FALSE,FALSE,FALSE
85285291,85,8528,852852,FALSE,FALSE,FALSE,FALSE
85285299,85,8528,852852,FALSE,FALSE,FALSE,FALSE
85285900,85,8528,852859,FALSE,FALSE,FALSE,FALSE
85285910,85,8528,852859,FALSE,FALSE,FALSE,FALSE
85285920,85,8528,852859,FALSE,FALSE,FALSE,TRUE
85285931,85,8528,852859,FALSE,FALSE,FALSE,TRUE
85285939,85,8528,852859,FALSE,FALSE,FALSE,TRUE
85285940,85,8528,852859,FALSE,FALSE,FALSE,FALSE
85285970,85,8528,852859,FALSE,FALSE,FALSE,TRUE
85285980,85,8528,852859,FALSE,FALSE,FALSE,FALSE
85285990,85,8528,852859,FALSE,FALSE,FALSE,FALSE
85286100,85,8528,852861,FALSE,FALSE,FALSE,TRUE
85286200,85,8528,852862,FALSE,FALSE,FALSE,FALSE
85286910,85,8528,852869,FALSE,FALSE,FALSE,TRUE
85286920,85,8528,852869,FALSE,FALSE,FALSE,FALSE
85286980,85,8528,852869,FALSE,FALSE,FALSE,FALSE
85286991,85,8528,852869,FALSE,FALSE,FALSE,TRUE
85286999,85,8528,852869,FALSE,FALSE,FALSE,TRUE
85287111,85,8528,852871,FALSE,FALSE,FALSE,TRUE
85287113,85,8528,852871,FALSE,FALSE,FALSE,FALSE
85287115,85,8528,852871,FALSE,FALSE,FALSE,TRUE
85287119,85,8528,852871,FALSE,FALSE,FALSE,TRUE
85287190,85,8528,852871,FALSE,FALSE,FALSE,FALSE
85287191,85,8528,852871,FALSE,FALSE,FALSE,TRUE
85287199,85,8528,852871,FALSE,FALSE,FALSE,TRUE
85287210,85,8528,852872,FALSE,FALSE,FALSE,TRUE
85287220,85,8528,852872,FALSE,FALSE,FALSE,TRUE
85287230,85,8528,852872,FALSE,FALSE,FALSE,TRUE
85287231,85,8528,852872,FALSE,FALSE,FALSE,FALSE
85287233,85,8528,852872,FALSE,FALSE,FALSE,FALSE
85287235,85,8528,852872,FALSE,FALSE,FALSE,FALSE
85287239,85,8528,852872,FALSE,FALSE,FALSE,FALSE
85287240,85,8528,852872,FALSE,FALSE,FALSE,TRUE
85287251,85,8528,852872,FALSE,FALSE,FALSE,FALSE
85287259,85,8528,852872,FALSE,FALSE,FALSE,FALSE
85287260,85,8528,852872,FALSE,FALSE,FALSE,TRUE
85287275,85,8528,852872,FALSE,FALSE,FALSE,FALSE
85287280,85,8528,852872,FALSE,FALSE,FALSE,TRUE
85287291,85,8528,852872,FALSE,FALSE,FALSE,FALSE
85287299,85,8528,852872,FALSE,FALSE,FALSE,FALSE
85287300,85,8528,852873,FALSE,FALSE,FALSE,TRUE
85291010,85,8529,852910,FALSE,FALSE,FALSE,FALSE
85291011,85,8529,852910,FALSE,FALSE,FALSE,TRUE
85291013,85,8529,852910,FALSE,FALSE,FALSE,FALSE
85291015,85,8529,852910,FALSE,FALSE,FALSE,FALSE
85291020,85,8529,852910,FALSE,FALSE,FALSE,FALSE
85291031,85,8529,852910,FALSE,FALSE,FALSE,TRUE
85291039,85,8529,852910,FALSE,FALSE,FALSE,TRUE
85291040,85,8529,852910,FALSE,FALSE,FALSE,FALSE
85291045,85,8529,852910,FALSE,FALSE,FALSE,FALSE
85291050,85,8529,852910,FALSE,FALSE,FALSE,FALSE
85291065,85,8529,852910,FALSE,FALSE,FALSE,TRUE
85291069,85,8529,852910,FALSE,FALSE,FALSE,TRUE
85291070,85,8529,852910,FALSE,FALSE,FALSE,FALSE
85291075,85,8529,852910,FALSE,FALSE,FALSE,FALSE
85291080,85,8529,852910,FALSE,FALSE,FALSE,TRUE
85291085,85,8529,852910,FALSE,FALSE,FALSE,FALSE
85291090,85,8529,852910,FALSE,FALSE,FALSE,FALSE
85291095,85,8529,852910,FALSE,FALSE,FALSE,TRUE
85291099,85,8529,852910,FALSE,FALSE,FALSE,FALSE
85299010,85,8529,852990,FALSE,FALSE,FALSE,FALSE
85299015,85,8529,852990,FALSE,FALSE,FALSE,FALSE
85299020,85,8529,852990,FALSE,FALSE,FALSE,TRUE
85299040,85,8529,852990,FALSE,FALSE,FALSE,FALSE
85299041,85,8529,852990,FALSE,FALSE,FALSE,TRUE
85299049,85,8529,852990,FALSE,FALSE,FALSE,TRUE
85299051,85,8529,852990,FALSE,FALSE,FALSE,FALSE
85299059,85,8529,852990,FALSE,FALSE,FALSE,FALSE
85299060,85,8529,852990,FALSE,FALSE,FALSE,FALSE
85299065,85,8529,852990,FALSE,FALSE,FALSE,TRUE
85299070,85,8529,852990,FALSE,FALSE,FALSE,FALSE
85299072,85,8529,852990,FALSE,FALSE,FALSE,FALSE
85299081,85,8529,852990,FALSE,FALSE,FALSE,FALSE
85299088,85,8529,852990,FALSE,FALSE,FALSE,FALSE
85299089,85,8529,852990,FALSE,FALSE,FALSE,FALSE
85299091,85,8529,852990,FALSE,FALSE,FALSE,FALSE
85299092,85,8529,852990,FALSE,FALSE,FALSE,TRUE
85299095,85,8529,852990,FALSE,FALSE,FALSE,FALSE
85299097,85,8529,852990,FALSE,FALSE,FALSE,TRUE
85301000,85,8530,853010,FALSE,FALSE,FALSE,TRUE
85308000,85,8530,853080,FALSE,FALSE,FALSE,TRUE
85309000,85,8530,853090,FALSE,FALSE,FALSE,TRUE
85311010,85,8531,853110,FALSE,FALSE,FALSE,FALSE
85311020,85,8531,853110,FALSE,FALSE,FALSE,FALSE
85311030,85,8531,853110,FALSE,FALSE,FALSE,TRUE
85311080,85,8531,853110,FALSE,FALSE,FALSE,FALSE
85311095,85,8531,853110,FALSE,FALSE,FALSE,TRUE
85312010,85,8531,853120,FALSE,FALSE,FALSE,FALSE
85312020,85,8531,853120,FALSE,FALSE,FALSE,TRUE
85312030,85,8531,853120,FALSE,FALSE,FALSE,FALSE
85312040,85,8531,853120,FALSE,FALSE,FALSE,TRUE
85312050,85,8531,853120,FALSE,FALSE,FALSE,FALSE
85312051,85,8531,853120,FALSE,FALSE,FALSE,FALSE
85312059,85,8531,853120,FALSE,FALSE,FALSE,FALSE
85312080,85,8531,853120,FALSE,FALSE,FALSE,FALSE
85312095,85,8531,853120,FALSE,FALSE,FALSE,TRUE
85318010,85,8531,853180,FALSE,FALSE,FALSE,FALSE
85318020,85,8531,853180,FALSE,FALSE,FALSE,TRUE
85318030,85,8531,853180,FALSE,FALSE,FALSE,FALSE
85318040,85,8531,853180,FALSE,FALSE,FALSE,FALSE
85318070,85,8531,853180,FALSE,FALSE,FALSE,FALSE
85318080,85,8531,853180,FALSE,FALSE,FALSE,FALSE
85318090,85,8531,853180,FALSE,FALSE,FALSE,FALSE
85318095,85,8531,853180,FALSE,FALSE,FALSE,TRUE
85319000,85,8531,853190,FALSE,FALSE,FALSE,FALSE
85319010,85,8531,853190,FALSE,FALSE,FALSE,FALSE
85319020,85,8531,853190,FALSE,FALSE,FALSE,TRUE
85319030,85,8531,853190,FALSE,FALSE,FALSE,FALSE
85319080,85,8531,853190,FALSE,FALSE,FALSE,FALSE
85319085,85,8531,853190,FALSE,FALSE,FALSE,TRUE
85319090,85,8531,853190,FALSE,FALSE,FALSE,FALSE
85321000,85,8532,853210,FALSE,FALSE,FALSE,TRUE
85322100,85,8532,853221,FALSE,FALSE,FALSE,TRUE
85322200,85,8532,853222,FALSE,FALSE,FALSE,TRUE
85322300,85,8532,853223,FALSE,FALSE,FALSE,TRUE
85322400,85,8532,853224,FALSE,FALSE,FALSE,TRUE
85322410,85,8532,853224,FALSE,FALSE,FALSE,FALSE
85322490,85,8532,853224,FALSE,FALSE,FALSE,FALSE
85322500,85,8532,853225,FALSE,FALSE,FALSE,TRUE
85322900,85,8532,853229,FALSE,FALSE,FALSE,TRUE
85323000,85,8532,853230,FALSE,FALSE,FALSE,TRUE
85323010,85,8532,853230,FALSE,FALSE,FALSE,FALSE
85323090,85,8532,853230,FALSE,FALSE,FALSE,FALSE
85329000,85,8532,853290,FALSE,FALSE,FALSE,TRUE
85331000,85,8533,853310,FALSE,FALSE,FALSE,TRUE
85332100,85,8533,853321,FALSE,FALSE,FALSE,TRUE
85332900,85,8533,853329,FALSE,FALSE,FALSE,TRUE
85333100,85,8533,853331,FALSE,FALSE,FALSE,TRUE
85333900,85,8533,853339,FALSE,FALSE,FALSE,TRUE
85334010,85,8533,853340,FALSE,FALSE,FALSE,TRUE
85334090,85,8533,853340,FALSE,FALSE,FALSE,TRUE
85339000,85,8533,853390,FALSE,FALSE,FALSE,TRUE
85340011,85,8534,853400,FALSE,FALSE,FALSE,TRUE
85340019,85,8534,853400,FALSE,FALSE,FALSE,TRUE
85340090,85,8534,853400,FALSE,FALSE,FALSE,TRUE
85351000,85,8535,853510,FALSE,FALSE,FALSE,TRUE
85352100,85,8535,853521,FALSE,FALSE,FALSE,TRUE
85352900,85,8535,853529,FALSE,FALSE,FALSE,TRUE
85353010,85,8535,853530,FALSE,FALSE,FALSE,TRUE
85353090,85,8535,853530,FALSE,FALSE,FALSE,TRUE
85354000,85,8535,853540,FALSE,FALSE,FALSE,TRUE
85359000,85,8535,853590,FALSE,FALSE,FALSE,TRUE
85361010,85,8536,853610,FALSE,FALSE,FALSE,TRUE
85361050,85,8536,853610,FALSE,FALSE,FALSE,TRUE
85361090,85,8536,853610,FALSE,FALSE,FALSE,TRUE
85362010,85,8536,853620,FALSE,FALSE,FALSE,TRUE
85362090,85,8536,853620,FALSE,FALSE,FALSE,TRUE
85363010,85,8536,853630,FALSE,FALSE,FALSE,TRUE
85363030,85,8536,853630,FALSE,FALSE,FALSE,TRUE
85363090,85,8536,853630,FALSE,FALSE,FALSE,TRUE
85364110,85,8536,853641,FALSE,FALSE,FALSE,TRUE
85364190,85,8536,853641,FALSE,FALSE,FALSE,TRUE
85364900,85,8536,853649,FALSE,FALSE,FALSE,TRUE
85365003,85,8536,853650,FALSE,FALSE,FALSE,TRUE
85365005,85,8536,853650,FALSE,FALSE,FALSE,TRUE
85365007,85,8536,853650,FALSE,FALSE,FALSE,TRUE
85365011,85,8536,853650,FALSE,FALSE,FALSE,TRUE
85365015,85,8536,853650,FALSE,FALSE,FALSE,TRUE
85365019,85,8536,853650,FALSE,FALSE,FALSE,TRUE
85365080,85,8536,853650,FALSE,FALSE,FALSE,TRUE
85365090,85,8536,853650,FALSE,FALSE,FALSE,FALSE
85366110,85,8536,853661,FALSE,FALSE,FALSE,TRUE
85366190,85,8536,853661,FALSE,FALSE,FALSE,TRUE
85366910,85,8536,853669,FALSE,FALSE,FALSE,TRUE
85366930,85,8536,853669,FALSE,FALSE,FALSE,TRUE
85366990,85,8536,853669,FALSE,FALSE,FALSE,TRUE
85367000,85,8536,853670,FALSE,FALSE,FALSE,TRUE
85369001,85,8536,853690,FALSE,FALSE,FALSE,TRUE
85369010,85,8536,853690,FALSE,FALSE,FALSE,TRUE
85369020,85,8536,853690,FALSE,FALSE,FALSE,TRUE
85369040,85,8536,853690,FALSE,FALSE,FALSE,FALSE
85369085,85,8536,853690,FALSE,FALSE,FALSE,TRUE
85369095,85,8536,853690,FALSE,FALSE,FALSE,FALSE
85371010,85,8537,853710,FALSE,FALSE,FALSE,TRUE
85371091,85,8537,853710,FALSE,FALSE,FALSE,TRUE
85371095,85,8537,853710,FALSE,FALSE,FALSE,FALSE
85371098,85,8537,853710,FALSE,FALSE,FALSE,FALSE
85371099,85,8537,853710,FALSE,FALSE,FALSE,TRUE
85372091,85,8537,853720,FALSE,FALSE,FALSE,TRUE
85372099,85,8537,853720,FALSE,FALSE,FALSE,TRUE
85381000,85,8538,853810,FALSE,FALSE,FALSE,TRUE
85389010,85,8538,853890,FALSE,FALSE,FALSE,FALSE
85389011,85,8538,853890,FALSE,FALSE,FALSE,TRUE
85389019,85,8538,853890,FALSE,FALSE,FALSE,TRUE
85389090,85,8538,853890,FALSE,FALSE,FALSE,FALSE
85389091,85,8538,853890,FALSE,FALSE,FALSE,TRUE
85389099,85,8538,853890,FALSE,FALSE,FALSE,TRUE
85391000,85,8539,853910,FALSE,FALSE,FALSE,TRUE
85391010,85,8539,853910,FALSE,FALSE,FALSE,FALSE
85391090,85,8539,853910,FALSE,FALSE,FALSE,FALSE
85392110,85,8539,853921,FALSE,FALSE,FALSE,FALSE
85392130,85,8539,853921,FALSE,FALSE,FALSE,TRUE
85392191,85,8539,853921,FALSE,FALSE,FALSE,FALSE
85392192,85,8539,853921,FALSE,FALSE,FALSE,TRUE
85392198,85,8539,853921,FALSE,FALSE,FALSE,TRUE
85392199,85,8539,853921,FALSE,FALSE,FALSE,FALSE
85392210,85,8539,853922,FALSE,FALSE,FALSE,TRUE
85392290,85,8539,853922,FALSE,FALSE,FALSE,TRUE
85392910,85,8539,853929,FALSE,FALSE,FALSE,FALSE
85392930,85,8539,853929,FALSE,FALSE,FALSE,TRUE
85392931,85,8539,853929,FALSE,FALSE,FALSE,FALSE
85392939,85,8539,853929,FALSE,FALSE,FALSE,FALSE
85392991,85,8539,853929,FALSE,FALSE,FALSE,FALSE
85392992,85,8539,853929,FALSE,FALSE,FALSE,TRUE
85392998,85,8539,853929,FALSE,FALSE,FALSE,TRUE
85392999,85,8539,853929,FALSE,FALSE,FALSE,FALSE
85393110,85,8539,853931,FALSE,FALSE,FALSE,TRUE
85393190,85,8539,853931,FALSE,FALSE,FALSE,TRUE
85393210,85,8539,853932,FALSE,FALSE,FALSE,FALSE
85393220,85,8539,853932,FALSE,FALSE,FALSE,TRUE
85393250,85,8539,853932,FALSE,FALSE,FALSE,FALSE
85393290,85,8539,853932,FALSE,FALSE,FALSE,TRUE
85393900,85,8539,853939,FALSE,FALSE,FALSE,TRUE
85393910,85,8539,853939,FALSE,FALSE,FALSE,FALSE
85393920,85,8539,853939,FALSE,FALSE,FALSE,FALSE
85393930,85,8539,853939,FALSE,FALSE,FALSE,FALSE
85393951,85,8539,853939,FALSE,FALSE,FALSE,FALSE
85393959,85,8539,853939,FALSE,FALSE,FALSE,FALSE
85393980,85,8539,853939,FALSE,FALSE,FALSE,FALSE
85393990,85,8539,853939,FALSE,FALSE,FALSE,FALSE
85394010,85,8539,853940,FALSE,FALSE,FALSE,FALSE
85394030,85,8539,853940,FALSE,FALSE,FALSE,FALSE
85394090,85,8539,853940,FALSE,FALSE,FALSE,FALSE
85394100,85,8539,853941,FALSE,FALSE,FALSE,TRUE
85394900,85,8539,853949,FALSE,FALSE,FALSE,TRUE
85394910,85,8539,853949,FALSE,FALSE,FALSE,FALSE
85394930,85,8539,853949,FALSE,FALSE,FALSE,FALSE
85395000,85,8539,853950,FALSE,FALSE,FALSE,FALSE
85399010,85,8539,853990,FALSE,FALSE,FALSE,TRUE
85399090,85,8539,853990,FALSE,FALSE,FALSE,TRUE
85401100,85,8540,854011,FALSE,FALSE,FALSE,TRUE
85401111,85,8540,854011,FALSE,FALSE,FALSE,FALSE
85401113,85,8540,854011,FALSE,FALSE,FALSE,FALSE
85401115,85,8540,854011,FALSE,FALSE,FALSE,FALSE
85401119,85,8540,854011,FALSE,FALSE,FALSE,FALSE
85401170,85,8540,854011,FALSE,FALSE,FALSE,FALSE
85401191,85,8540,854011,FALSE,FALSE,FALSE,FALSE
85401199,85,8540,854011,FALSE,FALSE,FALSE,FALSE
85401200,85,8540,854012,FALSE,FALSE,FALSE,TRUE
85402010,85,8540,854020,FALSE,FALSE,FALSE,TRUE
85402030,85,8540,854020,FALSE,FALSE,FALSE,FALSE
85402080,85,8540,854020,FALSE,FALSE,FALSE,TRUE
85402090,85,8540,854020,FALSE,FALSE,FALSE,FALSE
85403010,85,8540,854030,FALSE,FALSE,FALSE,FALSE
85403090,85,8540,854030,FALSE,FALSE,FALSE,FALSE
85404000,85,8540,854040,FALSE,FALSE,FALSE,TRUE
85404100,85,8540,854041,FALSE,FALSE,FALSE,FALSE
85404200,85,8540,854042,FALSE,FALSE,FALSE,FALSE
85404900,85,8540,854049,FALSE,FALSE,FALSE,FALSE
85405000,85,8540,854050,FALSE,FALSE,FALSE,FALSE
85406000,85,8540,854060,FALSE,FALSE,FALSE,TRUE
85407100,85,8540,854071,FALSE,FALSE,FALSE,TRUE
85407200,85,8540,854072,FALSE,FALSE,FALSE,FALSE
85407900,85,8540,854079,FALSE,FALSE,FALSE,TRUE
85408100,85,8540,854081,FALSE,FALSE,FALSE,TRUE
85408900,85,8540,854089,FALSE,FALSE,FALSE,TRUE
85408911,85,8540,854089,FALSE,FALSE,FALSE,FALSE
85408919,85,8540,854089,FALSE,FALSE,FALSE,FALSE
85408990,85,8540,854089,FALSE,FALSE,FALSE,FALSE
85409100,85,8540,854091,FALSE,FALSE,FALSE,TRUE
85409900,85,8540,854099,FALSE,FALSE,FALSE,TRUE
85411000,85,8541,854110,FALSE,FALSE,FALSE,TRUE
85411010,85,8541,854110,FALSE,FALSE,FALSE,FALSE
85411091,85,8541,854110,FALSE,FALSE,FALSE,FALSE
85411099,85,8541,854110,FALSE,FALSE,FALSE,FALSE
85412100,85,8541,854121,FALSE,FALSE,FALSE,TRUE
85412110,85,8541,854121,FALSE,FALSE,FALSE,FALSE
85412190,85,8541,854121,FALSE,FALSE,FALSE,FALSE
85412900,85,8541,854129,FALSE,FALSE,FALSE,TRUE
85412910,85,8541,854129,FALSE,FALSE,FALSE,FALSE
85412920,85,8541,854129,FALSE,FALSE,FALSE,FALSE
85412930,85,8541,854129,FALSE,FALSE,FALSE,FALSE
85412980,85,8541,854129,FALSE,FALSE,FALSE,FALSE
85413000,85,8541,854130,FALSE,FALSE,FALSE,TRUE
85413010,85,8541,854130,FALSE,FALSE,FALSE,FALSE
85413090,85,8541,854130,FALSE,FALSE,FALSE,FALSE
85414010,85,8541,854140,FALSE,FALSE,FALSE,TRUE
85414011,85,8541,854140,FALSE,FALSE,FALSE,FALSE
85414019,85,8541,854140,FALSE,FALSE,FALSE,FALSE
85414090,85,8541,854140,FALSE,FALSE,FALSE,TRUE
85414091,85,8541,854140,FALSE,FALSE,FALSE,FALSE
85414093,85,8541,854140,FALSE,FALSE,FALSE,FALSE
85414099,85,8541,854140,FALSE,FALSE,FALSE,FALSE
85415000,85,8541,854150,FALSE,FALSE,FALSE,TRUE
85415010,85,8541,854150,FALSE,FALSE,FALSE,FALSE
85415090,85,8541,854150,FALSE,FALSE,FALSE,FALSE
85416000,85,8541,854160,FALSE,FALSE,FALSE,TRUE
85419000,85,8541,854190,FALSE,FALSE,FALSE,TRUE
85421000,85,8542,854210,FALSE,FALSE,FALSE,FALSE
85421101,85,8542,854211,FALSE,FALSE,FALSE,FALSE
85421105,85,8542,854211,FALSE,FALSE,FALSE,FALSE
85421112,85,8542,854211,FALSE,FALSE,FALSE,FALSE
85421114,85,8542,854211,FALSE,FALSE,FALSE,FALSE
85421116,85,8542,854211,FALSE,FALSE,FALSE,FALSE
85421118,85,8542,854211,FALSE,FALSE,FALSE,FALSE
85421121,85,8542,854211,FALSE,FALSE,FALSE,FALSE
85421123,85,8542,854211,FALSE,FALSE,FALSE,FALSE
85421125,85,8542,854211,FALSE,FALSE,FALSE,FALSE
85421127,85,8542,854211,FALSE,FALSE,FALSE,FALSE
85421131,85,8542,854211,FALSE,FALSE,FALSE,FALSE
85421133,85,8542,854211,FALSE,FALSE,FALSE,FALSE
85421134,85,8542,854211,FALSE,FALSE,FALSE,FALSE
85421135,85,8542,854211,FALSE,FALSE,FALSE,FALSE
85421136,85,8542,854211,FALSE,FALSE,FALSE,FALSE
85421138,85,8542,854211,FALSE,FALSE,FALSE,FALSE
85421140,85,8542,854211,FALSE,FALSE,FALSE,FALSE
85421141,85,8542,854211,FALSE,FALSE,FALSE,FALSE
85421143,85,8542,854211,FALSE,FALSE,FALSE,FALSE
85421145,85,8542,854211,FALSE,FALSE,FALSE,FALSE
85421147,85,8542,854211,FALSE,FALSE,FALSE,FALSE
85421149,85,8542,854211,FALSE,FALSE,FALSE,FALSE
85421151,85,8542,854211,FALSE,FALSE,FALSE,FALSE
85421152,85,8542,854211,FALSE,FALSE,FALSE,FALSE
85421153,85,8542,854211,FALSE,FALSE,FALSE,FALSE
85421154,85,8542,854211,FALSE,FALSE,FALSE,FALSE
85421155,85,8542,854211,FALSE,FALSE,FALSE,FALSE
85421156,85,8542,854211,FALSE,FALSE,FALSE,FALSE
85421157,85,8542,854211,FALSE,FALSE,FALSE,FALSE
85421158,85,8542,854211,FALSE,FALSE,FALSE,FALSE
85421160,85,8542,854211,FALSE,FALSE,FALSE,FALSE
85421161,85,8542,854211,FALSE,FALSE,FALSE,FALSE
85421163,85,8542,854211,FALSE,FALSE,FALSE,FALSE
85421165,85,8542,854211,FALSE,FALSE,FALSE,FALSE
85421166,85,8542,854211,FALSE,FALSE,FALSE,FALSE
85421169,85,8542,854211,FALSE,FALSE,FALSE,FALSE
85421170,85,8542,854211,FALSE,FALSE,FALSE,FALSE
85421171,85,8542,854211,FALSE,FALSE,FALSE,FALSE
85421172,85,8542,854211,FALSE,FALSE,FALSE,FALSE
85421173,85,8542,854211,FALSE,FALSE,FALSE,FALSE
85421175,85,8542,854211,FALSE,FALSE,FALSE,FALSE
85421176,85,8542,854211,FALSE,FALSE,FALSE,FALSE
85421177,85,8542,854211,FALSE,FALSE,FALSE,FALSE
85421178,85,8542,854211,FALSE,FALSE,FALSE,FALSE
85421181,85,8542,854211,FALSE,FALSE,FALSE,FALSE
85421183,85,8542,854211,FALSE,FALSE,FALSE,FALSE
85421185,85,8542,854211,FALSE,FALSE,FALSE,FALSE
85421187,85,8542,854211,FALSE,FALSE,FALSE,FALSE
85421192,85,8542,854211,FALSE,FALSE,FALSE,FALSE
85421193,85,8542,854211,FALSE,FALSE,FALSE,FALSE
85421194,85,8542,854211,FALSE,FALSE,FALSE,FALSE
85421196,85,8542,854211,FALSE,FALSE,FALSE,FALSE
85421197,85,8542,854211,FALSE,FALSE,FALSE,FALSE
85421199,85,8542,854211,FALSE,FALSE,FALSE,FALSE
85421200,85,8542,854212,FALSE,FALSE,FALSE,FALSE
85421301,85,8542,854213,FALSE,FALSE,FALSE,FALSE
85421305,85,8542,854213,FALSE,FALSE,FALSE,FALSE
85421311,85,8542,854213,FALSE,FALSE,FALSE,FALSE
85421313,85,8542,854213,FALSE,FALSE,FALSE,FALSE
85421315,85,8542,854213,FALSE,FALSE,FALSE,FALSE
85421317,85,8542,854213,FALSE,FALSE,FALSE,FALSE
85421320,85,8542,854213,FALSE,FALSE,FALSE,FALSE
85421322,85,8542,854213,FALSE,FALSE,FALSE,FALSE
85421325,85,8542,854213,FALSE,FALSE,FALSE,FALSE
85421327,85,8542,854213,FALSE,FALSE,FALSE,FALSE
85421330,85,8542,854213,FALSE,FALSE,FALSE,FALSE
85421332,85,8542,854213,FALSE,FALSE,FALSE,FALSE
85421335,85,8542,854213,FALSE,FALSE,FALSE,FALSE
85421337,85,8542,854213,FALSE,FALSE,FALSE,FALSE
85421341,85,8542,854213,FALSE,FALSE,FALSE,FALSE
85421342,85,8542,854213,FALSE,FALSE,FALSE,FALSE
85421343,85,8542,854213,FALSE,FALSE,FALSE,FALSE
85421345,85,8542,854213,FALSE,FALSE,FALSE,FALSE
85421346,85,8542,854213,FALSE,FALSE,FALSE,FALSE
85421347,85,8542,854213,FALSE,FALSE,FALSE,FALSE
85421348,85,8542,854213,FALSE,FALSE,FALSE,FALSE
85421349,85,8542,854213,FALSE,FALSE,FALSE,FALSE
85421351,85,8542,854213,FALSE,FALSE,FALSE,FALSE
85421353,85,8542,854213,FALSE,FALSE,FALSE,FALSE
85421354,85,8542,854213,FALSE,FALSE,FALSE,FALSE
85421355,85,8542,854213,FALSE,FALSE,FALSE,FALSE
85421360,85,8542,854213,FALSE,FALSE,FALSE,FALSE
85421361,85,8542,854213,FALSE,FALSE,FALSE,FALSE
85421363,85,8542,854213,FALSE,FALSE,FALSE,FALSE
85421365,85,8542,854213,FALSE,FALSE,FALSE,FALSE
85421367,85,8542,854213,FALSE,FALSE,FALSE,FALSE
85421369,85,8542,854213,FALSE,FALSE,FALSE,FALSE
85421370,85,8542,854213,FALSE,FALSE,FALSE,FALSE
85421372,85,8542,854213,FALSE,FALSE,FALSE,FALSE
85421374,85,8542,854213,FALSE,FALSE,FALSE,FALSE
85421376,85,8542,854213,FALSE,FALSE,FALSE,FALSE
85421380,85,8542,854213,FALSE,FALSE,FALSE,FALSE
85421382,85,8542,854213,FALSE,FALSE,FALSE,FALSE
85421384,85,8542,854213,FALSE,FALSE,FALSE,FALSE
85421391,85,8542,854213,FALSE,FALSE,FALSE,FALSE
85421399,85,8542,854213,FALSE,FALSE,FALSE,FALSE
85421401,85,8542,854214,FALSE,FALSE,FALSE,FALSE
85421405,85,8542,854214,FALSE,FALSE,FALSE,FALSE
85421410,85,8542,854214,FALSE,FALSE,FALSE,FALSE
85421411,85,8542,854214,FALSE,FALSE,FALSE,FALSE
85421415,85,8542,854214,FALSE,FALSE,FALSE,FALSE
85421420,85,8542,854214,FALSE,FALSE,FALSE,FALSE
85421422,85,8542,854214,FALSE,FALSE,FALSE,FALSE
85421425,85,8542,854214,FALSE,FALSE,FALSE,FALSE
85421429,85,8542,854214,FALSE,FALSE,FALSE,FALSE
85421430,85,8542,854214,FALSE,FALSE,FALSE,FALSE
85421440,85,8542,854214,FALSE,FALSE,FALSE,FALSE
85421442,85,8542,854214,FALSE,FALSE,FALSE,FALSE
85421444,85,8542,854214,FALSE,FALSE,FALSE,FALSE
85421450,85,8542,854214,FALSE,FALSE,FALSE,FALSE
85421460,85,8542,854214,FALSE,FALSE,FALSE,FALSE
85421465,85,8542,854214,FALSE,FALSE,FALSE,FALSE
85421470,85,8542,854214,FALSE,FALSE,FALSE,FALSE
85421475,85,8542,854214,FALSE,FALSE,FALSE,FALSE
85421480,85,8542,854214,FALSE,FALSE,FALSE,FALSE
85421490,85,8542,854214,FALSE,FALSE,FALSE,FALSE
85421491,85,8542,854214,FALSE,FALSE,FALSE,FALSE
85421499,85,8542,854214,FALSE,FALSE,FALSE,FALSE
85421901,85,8542,854219,FALSE,FALSE,FALSE,FALSE
85421905,85,8542,854219,FALSE,FALSE,FALSE,FALSE
85421910,85,8542,854219,FALSE,FALSE,FALSE,FALSE
85421915,85,8542,854219,FALSE,FALSE,FALSE,FALSE
85421920,85,8542,854219,FALSE,FALSE,FALSE,FALSE
85421922,85,8542,854219,FALSE,FALSE,FALSE,FALSE
85421925,85,8542,854219,FALSE,FALSE,FALSE,FALSE
85421927,85,8542,854219,FALSE,FALSE,FALSE,FALSE
85421930,85,8542,854219,FALSE,FALSE,FALSE,FALSE
85421931,85,8542,854219,FALSE,FALSE,FALSE,FALSE
85421935,85,8542,854219,FALSE,FALSE,FALSE,FALSE
85421940,85,8542,854219,FALSE,FALSE,FALSE,FALSE
85421941,85,8542,854219,FALSE,FALSE,FALSE,FALSE
85421949,85,8542,854219,FALSE,FALSE,FALSE,FALSE
85421950,85,8542,854219,FALSE,FALSE,FALSE,FALSE
85421955,85,8542,854219,FALSE,FALSE,FALSE,FALSE
85421961,85,8542,854219,FALSE,FALSE,FALSE,FALSE
85421962,85,8542,854219,FALSE,FALSE,FALSE,FALSE
85421965,85,8542,854219,FALSE,FALSE,FALSE,FALSE
85421966,85,8542,854219,FALSE,FALSE,FALSE,FALSE
85421968,85,8542,854219,FALSE,FALSE,FALSE,FALSE
85421969,85,8542,854219,FALSE,FALSE,FALSE,FALSE
85421970,85,8542,854219,FALSE,FALSE,FALSE,FALSE
85421971,85,8542,854219,FALSE,FALSE,FALSE,FALSE
85421972,85,8542,854219,FALSE,FALSE,FALSE,FALSE
85421974,85,8542,854219,FALSE,FALSE,FALSE,FALSE
85421976,85,8542,854219,FALSE,FALSE,FALSE,FALSE
85421982,85,8542,854219,FALSE,FALSE,FALSE,FALSE
85421984,85,8542,854219,FALSE,FALSE,FALSE,FALSE
85421985,85,8542,854219,FALSE,FALSE,FALSE,FALSE
85421991,85,8542,854219,FALSE,FALSE,FALSE,FALSE
85421992,85,8542,854219,FALSE,FALSE,FALSE,FALSE
85421995,85,8542,854219,FALSE,FALSE,FALSE,FALSE
85421998,85,8542,854219,FALSE,FALSE,FALSE,FALSE
85421999,85,8542,854219,FALSE,FALSE,FALSE,FALSE
85422010,85,8542,854220,FALSE,FALSE,FALSE,FALSE
85422030,85,8542,854220,FALSE,FALSE,FALSE,FALSE
85422050,85,8542,854220,FALSE,FALSE,FALSE,FALSE
85422080,85,8542,854220,FALSE,FALSE,FALSE,FALSE
85422101,85,8542,854221,FALSE,FALSE,FALSE,FALSE
85422105,85,8542,854221,FALSE,FALSE,FALSE,FALSE
85422111,85,8542,854221,FALSE,FALSE,FALSE,FALSE
85422113,85,8542,854221,FALSE,FALSE,FALSE,FALSE
85422115,85,8542,854221,FALSE,FALSE,FALSE,FALSE
85422117,85,8542,854221,FALSE,FALSE,FALSE,FALSE
85422120,85,8542,854221,FALSE,FALSE,FALSE,FALSE
85422125,85,8542,854221,FALSE,FALSE,FALSE,FALSE
85422131,85,8542,854221,FALSE,FALSE,FALSE,FALSE
85422133,85,8542,854221,FALSE,FALSE,FALSE,FALSE
85422135,85,8542,854221,FALSE,FALSE,FALSE,FALSE
85422137,85,8542,854221,FALSE,FALSE,FALSE,FALSE
85422139,85,8542,854221,FALSE,FALSE,FALSE,FALSE
85422141,85,8542,854221,FALSE,FALSE,FALSE,FALSE
85422145,85,8542,854221,FALSE,FALSE,FALSE,FALSE
85422150,85,8542,854221,FALSE,FALSE,FALSE,FALSE
85422161,85,8542,854221,FALSE,FALSE,FALSE,FALSE
85422169,85,8542,854221,FALSE,FALSE,FALSE,FALSE
85422171,85,8542,854221,FALSE,FALSE,FALSE,FALSE
85422173,85,8542,854221,FALSE,FALSE,FALSE,FALSE
85422181,85,8542,854221,FALSE,FALSE,FALSE,FALSE
85422183,85,8542,854221,FALSE,FALSE,FALSE,FALSE
85422185,85,8542,854221,FALSE,FALSE,FALSE,FALSE
85422191,85,8542,854221,FALSE,FALSE,FALSE,FALSE
85422199,85,8542,854221,FALSE,FALSE,FALSE,FALSE
85422910,85,8542,854229,FALSE,FALSE,FALSE,FALSE
85422920,85,8542,854229,FALSE,FALSE,FALSE,FALSE
85422930,85,8542,854229,FALSE,FALSE,FALSE,FALSE
85422950,85,8542,854229,FALSE,FALSE,FALSE,FALSE
85422960,85,8542,854229,FALSE,FALSE,FALSE,FALSE
85422970,85,8542,854229,FALSE,FALSE,FALSE,FALSE
85422990,85,8542,854229,FALSE,FALSE,FALSE,FALSE
85423010,85,8542,854230,FALSE,FALSE,FALSE,FALSE
85423020,85,8542,854230,FALSE,FALSE,FALSE,FALSE
85423030,85,8542,854230,FALSE,FALSE,FALSE,FALSE
85423050,85,8542,854230,FALSE,FALSE,FALSE,FALSE
85423060,85,8542,854230,FALSE,FALSE,FALSE,FALSE
85423061,85,8542,854230,FALSE,FALSE,FALSE,FALSE
85423065,85,8542,854230,FALSE,FALSE,FALSE,FALSE
85423069,85,8542,854230,FALSE,FALSE,FALSE,FALSE
85423070,85,8542,854230,FALSE,FALSE,FALSE,FALSE
85423090,85,8542,854230,FALSE,FALSE,FALSE,FALSE
85423091,85,8542,854230,FALSE,FALSE,FALSE,FALSE
85423095,85,8542,854230,FALSE,FALSE,FALSE,FALSE
85423099,85,8542,854230,FALSE,FALSE,FALSE,FALSE
85423110,85,8542,854231,FALSE,FALSE,FALSE,TRUE
85423111,85,8542,854231,FALSE,FALSE,FALSE,FALSE
85423119,85,8542,854231,FALSE,FALSE,FALSE,FALSE
85423190,85,8542,854231,FALSE,FALSE,FALSE,TRUE
85423210,85,8542,854232,FALSE,FALSE,FALSE,TRUE
85423211,85,8542,854232,FALSE,FALSE,FALSE,FALSE
85423219,85,8542,854232,FALSE,FALSE,FALSE,FALSE
85423231,85,8542,854232,FALSE,FALSE,FALSE,TRUE
85423239,85,8542,854232,FALSE,FALSE,FALSE,TRUE
85423245,85,8542,854232,FALSE,FALSE,FALSE,TRUE
85423255,85,8542,854232,FALSE,FALSE,FALSE,TRUE
85423261,85,8542,854232,FALSE,FALSE,FALSE,TRUE
85423269,85,8542,854232,FALSE,FALSE,FALSE,TRUE
85423275,85,8542,854232,FALSE,FALSE,FALSE,TRUE
85423290,85,8542,854232,FALSE,FALSE,FALSE,TRUE
85423300,85,8542,854233,FALSE,FALSE,FALSE,TRUE
85423310,85,8542,854233,FALSE,FALSE,FALSE,FALSE
85423390,85,8542,854233,FALSE,FALSE,FALSE,FALSE
85423910,85,8542,854239,FALSE,FALSE,FALSE,TRUE
85423911,85,8542,854239,FALSE,FALSE,FALSE,FALSE
85423919,85,8542,854239,FALSE,FALSE,FALSE,FALSE
85423990,85,8542,854239,FALSE,FALSE,FALSE,TRUE
85424000,85,8542,854240,FALSE,FALSE,FALSE,FALSE
85424010,85,8542,854240,FALSE,FALSE,FALSE,FALSE
85424030,85,8542,854240,FALSE,FALSE,FALSE,FALSE
85424050,85,8542,854240,FALSE,FALSE,FALSE,FALSE
85424090,85,8542,854240,FALSE,FALSE,FALSE,FALSE
85425000,85,8542,854250,FALSE,FALSE,FALSE,FALSE
85426000,85,8542,854260,FALSE,FALSE,FALSE,FALSE
85427000,85,8542,854270,FALSE,FALSE,FALSE,FALSE
85428000,85,8542,854280,FALSE,FALSE,FALSE,FALSE
85429000,85,8542,854290,FALSE,FALSE,FALSE,TRUE
85431000,85,8543,854310,FALSE,FALSE,FALSE,TRUE
85431010,85,8543,854310,FALSE,FALSE,FALSE,FALSE
85431090,85,8543,854310,FALSE,FALSE,FALSE,FALSE
85431100,85,8543,854311,FALSE,FALSE,FALSE,FALSE
85431900,85,8543,854319,FALSE,FALSE,FALSE,FALSE
85432000,85,8543,854320,FALSE,FALSE,FALSE,TRUE
85433000,85,8543,854330,FALSE,FALSE,FALSE,TRUE
85433010,85,8543,854330,FALSE,FALSE,FALSE,FALSE
85433020,85,8543,854330,FALSE,FALSE,FALSE,FALSE
85433030,85,8543,854330,FALSE,FALSE,FALSE,FALSE
85433040,85,8543,854330,FALSE,FALSE,FALSE,FALSE
85433070,85,8543,854330,FALSE,FALSE,FALSE,FALSE
85433080,85,8543,854330,FALSE,FALSE,FALSE,FALSE
85433090,85,8543,854330,FALSE,FALSE,FALSE,FALSE
85434000,85,8543,854340,FALSE,FALSE,FALSE,FALSE
85437001,85,8543,854370,FALSE,FALSE,FALSE,FALSE
85437002,85,8543,854370,FALSE,FALSE,FALSE,FALSE
85437003,85,8543,854370,FALSE,FALSE,FALSE,FALSE
85437004,85,8543,854370,FALSE,FALSE,FALSE,FALSE
85437005,85,8543,854370,FALSE,FALSE,FALSE,FALSE
85437006,85,8543,854370,FALSE,FALSE,FALSE,FALSE
85437007,85,8543,854370,FALSE,FALSE,FALSE,FALSE
85437008,85,8543,854370,FALSE,FALSE,FALSE,FALSE
85437009,85,8543,854370,FALSE,FALSE,FALSE,FALSE
85437010,85,8543,854370,FALSE,FALSE,FALSE,TRUE
85437030,85,8543,854370,FALSE,FALSE,FALSE,TRUE
85437050,85,8543,854370,FALSE,FALSE,FALSE,TRUE
85437051,85,8543,854370,FALSE,FALSE,FALSE,FALSE
85437055,85,8543,854370,FALSE,FALSE,FALSE,FALSE
85437059,85,8543,854370,FALSE,FALSE,FALSE,FALSE
85437060,85,8543,854370,FALSE,FALSE,FALSE,TRUE
85437070,85,8543,854370,FALSE,FALSE,FALSE,FALSE
85437090,85,8543,854370,FALSE,FALSE,FALSE,TRUE
85438010,85,8543,854380,FALSE,FALSE,FALSE,FALSE
85438020,85,8543,854380,FALSE,FALSE,FALSE,FALSE
85438051,85,8543,854380,FALSE,FALSE,FALSE,FALSE
85438055,85,8543,854380,FALSE,FALSE,FALSE,FALSE
85438059,85,8543,854380,FALSE,FALSE,FALSE,FALSE
85438070,85,8543,854380,FALSE,FALSE,FALSE,FALSE
85438095,85,8543,854380,FALSE,FALSE,FALSE,FALSE
85438100,85,8543,854381,FALSE,FALSE,FALSE,FALSE
85438910,85,8543,854389,FALSE,FALSE,FALSE,FALSE
85438915,85,8543,854389,FALSE,FALSE,FALSE,FALSE
85438920,85,8543,854389,FALSE,FALSE,FALSE,FALSE
85438951,85,8543,854389,FALSE,FALSE,FALSE,FALSE
85438955,85,8543,854389,FALSE,FALSE,FALSE,FALSE
85438959,85,8543,854389,FALSE,FALSE,FALSE,FALSE
85438965,85,8543,854389,FALSE,FALSE,FALSE,FALSE
85438970,85,8543,854389,FALSE,FALSE,FALSE,FALSE
85438972,85,8543,854389,FALSE,FALSE,FALSE,FALSE
85438973,85,8543,854389,FALSE,FALSE,FALSE,FALSE
85438975,85,8543,854389,FALSE,FALSE,FALSE,FALSE
85438979,85,8543,854389,FALSE,FALSE,FALSE,FALSE
85438990,85,8543,854389,FALSE,FALSE,FALSE,FALSE
85438995,85,8543,854389,FALSE,FALSE,FALSE,FALSE
85438997,85,8543,854389,FALSE,FALSE,FALSE,FALSE
85439000,85,8543,854390,FALSE,FALSE,FALSE,TRUE
85439010,85,8543,854390,FALSE,FALSE,FALSE,FALSE
85439020,85,8543,854390,FALSE,FALSE,FALSE,FALSE
85439030,85,8543,854390,FALSE,FALSE,FALSE,FALSE
85439040,85,8543,854390,FALSE,FALSE,FALSE,FALSE
85439080,85,8543,854390,FALSE,FALSE,FALSE,FALSE
85439090,85,8543,854390,FALSE,FALSE,FALSE,FALSE
85439095,85,8543,854390,FALSE,FALSE,FALSE,FALSE
85441110,85,8544,854411,FALSE,FALSE,FALSE,TRUE
85441190,85,8544,854411,FALSE,FALSE,FALSE,TRUE
85441900,85,8544,854419,FALSE,FALSE,FALSE,TRUE
85441910,85,8544,854419,FALSE,FALSE,FALSE,FALSE
85441990,85,8544,854419,FALSE,FALSE,FALSE,FALSE
85442000,85,8544,854420,FALSE,FALSE,FALSE,TRUE
85443000,85,8544,854430,FALSE,FALSE,FALSE,TRUE
85443010,85,8544,854430,FALSE,FALSE,FALSE,FALSE
85443090,85,8544,854430,FALSE,FALSE,FALSE,FALSE
85444110,85,8544,854441,FALSE,FALSE,FALSE,FALSE
85444190,85,8544,854441,FALSE,FALSE,FALSE,FALSE
85444210,85,8544,854442,FALSE,FALSE,FALSE,TRUE
85444290,85,8544,854442,FALSE,FALSE,FALSE,TRUE
85444920,85,8544,854449,FALSE,FALSE,FALSE,TRUE
85444980,85,8544,854449,FALSE,FALSE,FALSE,FALSE
85444991,85,8544,854449,FALSE,FALSE,FALSE,TRUE
85444993,85,8544,854449,FALSE,FALSE,FALSE,TRUE
85444995,85,8544,854449,FALSE,FALSE,FALSE,TRUE
85444999,85,8544,854449,FALSE,FALSE,FALSE,TRUE
85445100,85,8544,854451,FALSE,FALSE,FALSE,FALSE
85445110,85,8544,854451,FALSE,FALSE,FALSE,FALSE
85445190,85,8544,854451,FALSE,FALSE,FALSE,FALSE
85445910,85,8544,854459,FALSE,FALSE,FALSE,FALSE
85445920,85,8544,854459,FALSE,FALSE,FALSE,FALSE
85445980,85,8544,854459,FALSE,FALSE,FALSE,FALSE
85446010,85,8544,854460,FALSE,FALSE,FALSE,TRUE
85446090,85,8544,854460,FALSE,FALSE,FALSE,TRUE
85447000,85,8544,854470,FALSE,FALSE,FALSE,TRUE
85451100,85,8545,854511,FALSE,FALSE,FALSE,TRUE
85451900,85,8545,854519,FALSE,FALSE,FALSE,TRUE
85451910,85,8545,854519,FALSE,FALSE,FALSE,FALSE
85451990,85,8545,854519,FALSE,FALSE,FALSE,FALSE
85452000,85,8545,854520,FALSE,FALSE,FALSE,TRUE
85459010,85,8545,854590,FALSE,FALSE,FALSE,TRUE
85459090,85,8545,854590,FALSE,FALSE,FALSE,TRUE
85461000,85,8546,854610,FALSE,FALSE,FALSE,TRUE
85462000,85,8546,854620,FALSE,FALSE,FALSE,TRUE
85462010,85,8546,854620,FALSE,FALSE,FALSE,FALSE
85462091,85,8546,854620,FALSE,FALSE,FALSE,FALSE
85462099,85,8546,854620,FALSE,FALSE,FALSE,FALSE
85469010,85,8546,854690,FALSE,FALSE,FALSE,TRUE
85469090,85,8546,854690,FALSE,FALSE,FALSE,TRUE
85471000,85,8547,854710,FALSE,FALSE,FALSE,TRUE
85471010,85,8547,854710,FALSE,FALSE,FALSE,FALSE
85471090,85,8547,854710,FALSE,FALSE,FALSE,FALSE
85472000,85,8547,854720,FALSE,FALSE,FALSE,TRUE
85479000,85,8547,854790,FALSE,FALSE,FALSE,TRUE
85480000,85,8548,854800,FALSE,FALSE,FALSE,FALSE
85481010,85,8548,854810,FALSE,FALSE,FALSE,TRUE
85481020,85,8548,854810,FALSE,FALSE,FALSE,FALSE
85481021,85,8548,854810,FALSE,FALSE,FALSE,TRUE
85481029,85,8548,854810,FALSE,FALSE,FALSE,TRUE
85481090,85,8548,854810,FALSE,FALSE,FALSE,FALSE
85481091,85,8548,854810,FALSE,FALSE,FALSE,TRUE
85481099,85,8548,854810,FALSE,FALSE,FALSE,TRUE
85489000,85,8548,854890,FALSE,FALSE,FALSE,FALSE
85489010,85,8548,854890,FALSE,FALSE,FALSE,FALSE
85489020,85,8548,854890,FALSE,FALSE,FALSE,TRUE
85489030,85,8548,854890,FALSE,FALSE,FALSE,FALSE
85489090,85,8548,854890,FALSE,FALSE,FALSE,TRUE
86011000,86,8601,860110,FALSE,FALSE,FALSE,TRUE
86012000,86,8601,860120,FALSE,FALSE,FALSE,TRUE
86021000,86,8602,860210,FALSE,FALSE,FALSE,TRUE
86029000,86,8602,860290,FALSE,FALSE,FALSE,TRUE
86031000,86,8603,860310,FALSE,FALSE,FALSE,TRUE
86039000,86,8603,860390,FALSE,FALSE,FALSE,TRUE
86040000,86,8604,860400,FALSE,FALSE,FALSE,TRUE
86050000,86,8605,860500,FALSE,FALSE,FALSE,TRUE
86061000,86,8606,860610,FALSE,FALSE,FALSE,TRUE
86062000,86,8606,860620,FALSE,FALSE,FALSE,FALSE
86063000,86,8606,860630,FALSE,FALSE,FALSE,TRUE
86069110,86,8606,860691,FALSE,FALSE,FALSE,TRUE
86069180,86,8606,860691,FALSE,FALSE,FALSE,TRUE
86069190,86,8606,860691,FALSE,FALSE,FALSE,FALSE
86069200,86,8606,860692,FALSE,FALSE,FALSE,TRUE
86069900,86,8606,860699,FALSE,FALSE,FALSE,TRUE
86071100,86,8607,860711,FALSE,FALSE,FALSE,TRUE
86071200,86,8607,860712,FALSE,FALSE,FALSE,TRUE
86071901,86,8607,860719,FALSE,FALSE,FALSE,FALSE
86071910,86,8607,860719,FALSE,FALSE,FALSE,TRUE
86071911,86,8607,860719,FALSE,FALSE,FALSE,FALSE
86071918,86,8607,860719,FALSE,FALSE,FALSE,FALSE
86071990,86,8607,860719,FALSE,FALSE,FALSE,TRUE
86071991,86,8607,860719,FALSE,FALSE,FALSE,FALSE
86071999,86,8607,860719,FALSE,FALSE,FALSE,FALSE
86072110,86,8607,860721,FALSE,FALSE,FALSE,TRUE
86072190,86,8607,860721,FALSE,FALSE,FALSE,TRUE
86072900,86,8607,860729,FALSE,FALSE,FALSE,TRUE
86072910,86,8607,860729,FALSE,FALSE,FALSE,FALSE
86072990,86,8607,860729,FALSE,FALSE,FALSE,FALSE
86073000,86,8607,860730,FALSE,FALSE,FALSE,TRUE
86073001,86,8607,860730,FALSE,FALSE,FALSE,FALSE
86073099,86,8607,860730,FALSE,FALSE,FALSE,FALSE
86079110,86,8607,860791,FALSE,FALSE,FALSE,TRUE
86079190,86,8607,860791,FALSE,FALSE,FALSE,TRUE
86079191,86,8607,860791,FALSE,FALSE,FALSE,FALSE
86079199,86,8607,860791,FALSE,FALSE,FALSE,FALSE
86079910,86,8607,860799,FALSE,FALSE,FALSE,TRUE
86079930,86,8607,860799,FALSE,FALSE,FALSE,FALSE
86079950,86,8607,860799,FALSE,FALSE,FALSE,FALSE
86079980,86,8607,860799,FALSE,FALSE,FALSE,TRUE
86079990,86,8607,860799,FALSE,FALSE,FALSE,FALSE
86080000,86,8608,860800,FALSE,FALSE,FALSE,TRUE
86080010,86,8608,860800,FALSE,FALSE,FALSE,FALSE
86080030,86,8608,860800,FALSE,FALSE,FALSE,FALSE
86080090,86,8608,860800,FALSE,FALSE,FALSE,FALSE
86080091,86,8608,860800,FALSE,FALSE,FALSE,FALSE
86080099,86,8608,860800,FALSE,FALSE,FALSE,FALSE
86090010,86,8609,860900,FALSE,FALSE,FALSE,TRUE
86090090,86,8609,860900,FALSE,FALSE,FALSE,TRUE
87011000,87,8701,870110,FALSE,FALSE,FALSE,TRUE
87011010,87,8701,870110,FALSE,FALSE,FALSE,FALSE
87011090,87,8701,870110,FALSE,FALSE,FALSE,FALSE
87012010,87,8701,870120,FALSE,FALSE,FALSE,TRUE
87012090,87,8701,870120,FALSE,FALSE,FALSE,TRUE
87013000,87,8701,870130,FALSE,FALSE,FALSE,TRUE
87013010,87,8701,870130,FALSE,FALSE,FALSE,FALSE
87013090,87,8701,870130,FALSE,FALSE,FALSE,FALSE
87019011,87,8701,870190,FALSE,FALSE,FALSE,TRUE
87019015,87,8701,870190,FALSE,FALSE,FALSE,FALSE
87019020,87,8701,870190,FALSE,FALSE,FALSE,TRUE
87019021,87,8701,870190,FALSE,FALSE,FALSE,FALSE
87019025,87,8701,870190,FALSE,FALSE,FALSE,TRUE
87019031,87,8701,870190,FALSE,FALSE,FALSE,TRUE
87019035,87,8701,870190,FALSE,FALSE,FALSE,TRUE
87019039,87,8701,870190,FALSE,FALSE,FALSE,TRUE
87019050,87,8701,870190,FALSE,FALSE,FALSE,TRUE
87019090,87,8701,870190,FALSE,FALSE,FALSE,TRUE
87019110,87,8701,870191,FALSE,FALSE,FALSE,FALSE
87019190,87,8701,870191,FALSE,FALSE,FALSE,FALSE
87019210,87,8701,870192,FALSE,FALSE,FALSE,FALSE
87019290,87,8701,870192,FALSE,FALSE,FALSE,FALSE
87019310,87,8701,870193,FALSE,FALSE,FALSE,FALSE
87019390,87,8701,870193,FALSE,FALSE,FALSE,FALSE
87019410,87,8701,870194,FALSE,FALSE,FALSE,FALSE
87019490,87,8701,870194,FALSE,FALSE,FALSE,FALSE
87019510,87,8701,870195,FALSE,FALSE,FALSE,FALSE
87019590,87,8701,870195,FALSE,FALSE,FALSE,FALSE
87021011,87,8702,870210,FALSE,FALSE,FALSE,TRUE
87021019,87,8702,870210,FALSE,FALSE,FALSE,TRUE
87021091,87,8702,870210,FALSE,FALSE,FALSE,TRUE
87021099,87,8702,870210,FALSE,FALSE,FALSE,TRUE
87022010,87,8702,870220,FALSE,FALSE,FALSE,FALSE
87022090,87,8702,870220,FALSE,FALSE,FALSE,FALSE
87023010,87,8702,870230,FALSE,FALSE,FALSE,FALSE
87023090,87,8702,870230,FALSE,FALSE,FALSE,FALSE
87024000,87,8702,870240,FALSE,FALSE,FALSE,FALSE
87029011,87,8702,870290,FALSE,FALSE,FALSE,TRUE
87029019,87,8702,870290,FALSE,FALSE,FALSE,TRUE
87029031,87,8702,870290,FALSE,FALSE,FALSE,TRUE
87029039,87,8702,870290,FALSE,FALSE,FALSE,TRUE
87029090,87,8702,870290,FALSE,FALSE,FALSE,TRUE
87031010,87,8703,870310,FALSE,FALSE,FALSE,FALSE
87031011,87,8703,870310,FALSE,FALSE,FALSE,TRUE
87031018,87,8703,870310,FALSE,FALSE,FALSE,TRUE
87031019,87,8703,870310,FALSE,FALSE,FALSE,FALSE
87031090,87,8703,870310,FALSE,FALSE,FALSE,FALSE
87032110,87,8703,870321,FALSE,FALSE,FALSE,TRUE
87032190,87,8703,870321,FALSE,FALSE,FALSE,TRUE
87032210,87,8703,870322,FALSE,FALSE,FALSE,TRUE
87032211,87,8703,870322,FALSE,FALSE,FALSE,FALSE
87032219,87,8703,870322,FALSE,FALSE,FALSE,FALSE
87032290,87,8703,870322,FALSE,FALSE,FALSE,TRUE
87032311,87,8703,870323,FALSE,FALSE,FALSE,TRUE
87032319,87,8703,870323,FALSE,FALSE,FALSE,TRUE
87032390,87,8703,870323,FALSE,FALSE,FALSE,TRUE
87032410,87,8703,870324,FALSE,FALSE,FALSE,TRUE
87032490,87,8703,870324,FALSE,FALSE,FALSE,TRUE
87033110,87,8703,870331,FALSE,FALSE,FALSE,TRUE
87033190,87,8703,870331,FALSE,FALSE,FALSE,TRUE
87033211,87,8703,870332,FALSE,FALSE,FALSE,TRUE
87033219,87,8703,870332,FALSE,FALSE,FALSE,TRUE
87033290,87,8703,870332,FALSE,FALSE,FALSE,TRUE
87033311,87,8703,870333,FALSE,FALSE,FALSE,TRUE
87033319,87,8703,870333,FALSE,FALSE,FALSE,TRUE
87033390,87,8703,870333,FALSE,FALSE,FALSE,TRUE
87034010,87,8703,870340,FALSE,FALSE,FALSE,FALSE
87034090,87,8703,870340,FALSE,FALSE,FALSE,FALSE
87035000,87,8703,870350,FALSE,FALSE,FALSE,FALSE
87036010,87,8703,870360,FALSE,FALSE,FALSE,FALSE
87036090,87,8703,870360,FALSE,FALSE,FALSE,FALSE
87037000,87,8703,870370,FALSE,FALSE,FALSE,FALSE
87038010,87,8703,870380,FALSE,FALSE,FALSE,FALSE
87038090,87,8703,870380,FALSE,FALSE,FALSE,FALSE
87039000,87,8703,870390,FALSE,FALSE,FALSE,FALSE
87039010,87,8703,870390,FALSE,FALSE,FALSE,TRUE
87039090,87,8703,870390,FALSE,FALSE,FALSE,TRUE
87041010,87,8704,870410,FALSE,FALSE,FALSE,TRUE
87041011,87,8704,870410,FALSE,FALSE,FALSE,FALSE
87041019,87,8704,870410,FALSE,FALSE,FALSE,FALSE
87041090,87,8704,870410,FALSE,FALSE,FALSE,TRUE
87042110,87,8704,870421,FALSE,FALSE,FALSE,TRUE
87042131,87,8704,870421,FALSE,FALSE,FALSE,TRUE
87042139,87,8704,870421,FALSE,FALSE,FALSE,TRUE
87042191,87,8704,870421,FALSE,FALSE,FALSE,TRUE
87042199,87,8704,870421,FALSE,FALSE,FALSE,TRUE
87042210,87,8704,870422,FALSE,FALSE,FALSE,TRUE
87042291,87,8704,870422,FALSE,FALSE,FALSE,TRUE
87042299,87,8704,870422,FALSE,FALSE,FALSE,TRUE
87042310,87,8704,870423,FALSE,FALSE,FALSE,TRUE
87042391,87,8704,870423,FALSE,FALSE,FALSE,TRUE
87042399,87,8704,870423,FALSE,FALSE,FALSE,TRUE
87043110,87,8704,870431,FALSE,FALSE,FALSE,TRUE
87043131,87,8704,870431,FALSE,FALSE,FALSE,TRUE
87043139,87,8704,870431,FALSE,FALSE,FALSE,TRUE
87043191,87,8704,870431,FALSE,FALSE,FALSE,TRUE
87043199,87,8704,870431,FALSE,FALSE,FALSE,TRUE
87043210,87,8704,870432,FALSE,FALSE,FALSE,TRUE
87043291,87,8704,870432,FALSE,FALSE,FALSE,TRUE
87043299,87,8704,870432,FALSE,FALSE,FALSE,TRUE
87049000,87,8704,870490,FALSE,FALSE,FALSE,TRUE
87051000,87,8705,870510,FALSE,FALSE,FALSE,TRUE
87052000,87,8705,870520,FALSE,FALSE,FALSE,TRUE
87053000,87,8705,870530,FALSE,FALSE,FALSE,TRUE
87054000,87,8705,870540,FALSE,FALSE,FALSE,TRUE
87059010,87,8705,870590,FALSE,FALSE,FALSE,FALSE
87059030,87,8705,870590,FALSE,FALSE,FALSE,TRUE
87059080,87,8705,870590,FALSE,FALSE,FALSE,TRUE
87059090,87,8705,870590,FALSE,FALSE,FALSE,FALSE
87060011,87,8706,870600,FALSE,FALSE,FALSE,TRUE
87060019,87,8706,870600,FALSE,FALSE,FALSE,TRUE
87060091,87,8706,870600,FALSE,FALSE,FALSE,TRUE
87060099,87,8706,870600,FALSE,FALSE,FALSE,TRUE
87071010,87,8707,870710,FALSE,FALSE,FALSE,TRUE
87071090,87,8707,870710,FALSE,FALSE,FALSE,TRUE
87079010,87,8707,870790,FALSE,FALSE,FALSE,TRUE
87079090,87,8707,870790,FALSE,FALSE,FALSE,TRUE
87081010,87,8708,870810,FALSE,FALSE,FALSE,TRUE
87081090,87,8708,870810,FALSE,FALSE,FALSE,TRUE
87082110,87,8708,870821,FALSE,FALSE,FALSE,TRUE
87082190,87,8708,870821,FALSE,FALSE,FALSE,TRUE
87082910,87,8708,870829,FALSE,FALSE,FALSE,TRUE
87082990,87,8708,870829,FALSE,FALSE,FALSE,TRUE
87083010,87,8708,870830,FALSE,FALSE,FALSE,TRUE
87083091,87,8708,870830,FALSE,FALSE,FALSE,TRUE
87083099,87,8708,870830,FALSE,FALSE,FALSE,TRUE
87083110,87,8708,870831,FALSE,FALSE,FALSE,FALSE
87083191,87,8708,870831,FALSE,FALSE,FALSE,FALSE
87083199,87,8708,870831,FALSE,FALSE,FALSE,FALSE
87083910,87,8708,870839,FALSE,FALSE,FALSE,FALSE
87083990,87,8708,870839,FALSE,FALSE,FALSE,FALSE
87084010,87,8708,870840,FALSE,FALSE,FALSE,FALSE
87084020,87,8708,870840,FALSE,FALSE,FALSE,TRUE
87084050,87,8708,870840,FALSE,FALSE,FALSE,TRUE
87084090,87,8708,870840,FALSE,FALSE,FALSE,FALSE
87084091,87,8708,870840,FALSE,FALSE,FALSE,TRUE
87084099,87,8708,870840,FALSE,FALSE,FALSE,TRUE
87085010,87,8708,870850,FALSE,FALSE,FALSE,FALSE
87085020,87,8708,870850,FALSE,FALSE,FALSE,TRUE
87085035,87,8708,870850,FALSE,FALSE,FALSE,TRUE
87085055,87,8708,870850,FALSE,FALSE,FALSE,TRUE
87085090,87,8708,870850,FALSE,FALSE,FALSE,FALSE
87085091,87,8708,870850,FALSE,FALSE,FALSE,TRUE
87085099,87,8708,870850,FALSE,FALSE,FALSE,TRUE
87086010,87,8708,870860,FALSE,FALSE,FALSE,FALSE
87086091,87,8708,870860,FALSE,FALSE,FALSE,FALSE
87086099,87,8708,870860,FALSE,FALSE,FALSE,FALSE
87087010,87,8708,870870,FALSE,FALSE,FALSE,TRUE
87087050,87,8708,870870,FALSE,FALSE,FALSE,TRUE
87087091,87,8708,870870,FALSE,FALSE,FALSE,TRUE
87087099,87,8708,870870,FALSE,FALSE,FALSE,TRUE
87088010,87,8708,870880,FALSE,FALSE,FALSE,FALSE
87088020,87,8708,870880,FALSE,FALSE,FALSE,TRUE
87088035,87,8708,870880,FALSE,FALSE,FALSE,TRUE
87088055,87,8708,870880,FALSE,FALSE,FALSE,TRUE
87088090,87,8708,870880,FALSE,FALSE,FALSE,FALSE
87088091,87,8708,870880,FALSE,FALSE,FALSE,TRUE
87088099,87,8708,870880,FALSE,FALSE,FALSE,TRUE
87089110,87,8708,870891,FALSE,FALSE,FALSE,FALSE
87089120,87,8708,870891,FALSE,FALSE,FALSE,TRUE
87089135,87,8708,870891,FALSE,FALSE,FALSE,TRUE
87089190,87,8708,870891,FALSE,FALSE,FALSE,FALSE
87089191,87,8708,870891,FALSE,FALSE,FALSE,TRUE
87089199,87,8708,870891,FALSE,FALSE,FALSE,TRUE
87089210,87,8708,870892,FALSE,FALSE,FALSE,FALSE
87089220,87,8708,870892,FALSE,FALSE,FALSE,TRUE
87089235,87,8708,870892,FALSE,FALSE,FALSE,TRUE
87089290,87,8708,870892,FALSE,FALSE,FALSE,FALSE
87089291,87,8708,870892,FALSE,FALSE,FALSE,TRUE
87089299,87,8708,870892,FALSE,FALSE,FALSE,TRUE
87089310,87,8708,870893,FALSE,FALSE,FALSE,TRUE
87089390,87,8708,870893,FALSE,FALSE,FALSE,TRUE
87089410,87,8708,870894,FALSE,FALSE,FALSE,FALSE
87089420,87,8708,870894,FALSE,FALSE,FALSE,TRUE
87089435,87,8708,870894,FALSE,FALSE,FALSE,TRUE
87089490,87,8708,870894,FALSE,FALSE,FALSE,FALSE
87089491,87,8708,870894,FALSE,FALSE,FALSE,TRUE
87089499,87,8708,870894,FALSE,FALSE,FALSE,TRUE
87089510,87,8708,870895,FALSE,FALSE,FALSE,TRUE
87089591,87,8708,870895,FALSE,FALSE,FALSE,TRUE
87089599,87,8708,870895,FALSE,FALSE,FALSE,TRUE
87089910,87,8708,870899,FALSE,FALSE,FALSE,TRUE
87089911,87,8708,870899,FALSE,FALSE,FALSE,FALSE
87089919,87,8708,870899,FALSE,FALSE,FALSE,FALSE
87089930,87,8708,870899,FALSE,FALSE,FALSE,FALSE
87089950,87,8708,870899,FALSE,FALSE,FALSE,FALSE
87089992,87,8708,870899,FALSE,FALSE,FALSE,FALSE
87089993,87,8708,870899,FALSE,FALSE,FALSE,TRUE
87089997,87,8708,870899,FALSE,FALSE,FALSE,TRUE
87089998,87,8708,870899,FALSE,FALSE,FALSE,FALSE
87091110,87,8709,870911,FALSE,FALSE,FALSE,TRUE
87091190,87,8709,870911,FALSE,FALSE,FALSE,TRUE
87091910,87,8709,870919,FALSE,FALSE,FALSE,TRUE
87091990,87,8709,870919,FALSE,FALSE,FALSE,TRUE
87099000,87,8709,870990,FALSE,FALSE,FALSE,TRUE
87099010,87,8709,870990,FALSE,FALSE,FALSE,FALSE
87099090,87,8709,870990,FALSE,FALSE,FALSE,FALSE
87100000,87,8710,871000,FALSE,FALSE,FALSE,TRUE
87111000,87,8711,871110,FALSE,FALSE,FALSE,TRUE
87112010,87,8711,871120,FALSE,FALSE,FALSE,TRUE
87112091,87,8711,871120,FALSE,FALSE,FALSE,FALSE
87112092,87,8711,871120,FALSE,FALSE,FALSE,TRUE
87112093,87,8711,871120,FALSE,FALSE,FALSE,FALSE
87112098,87,8711,871120,FALSE,FALSE,FALSE,TRUE
87113010,87,8711,871130,FALSE,FALSE,FALSE,TRUE
87113090,87,8711,871130,FALSE,FALSE,FALSE,TRUE
87114000,87,8711,871140,FALSE,FALSE,FALSE,TRUE
87115000,87,8711,871150,FALSE,FALSE,FALSE,TRUE
87116010,87,8711,871160,FALSE,FALSE,FALSE,FALSE
87116090,87,8711,871160,FALSE,FALSE,FALSE,FALSE
87119000,87,8711,871190,FALSE,FALSE,FALSE,FALSE
87119010,87,8711,871190,FALSE,FALSE,FALSE,TRUE
87119090,87,8711,871190,FALSE,FALSE,FALSE,TRUE
87120010,87,8712,871200,FALSE,FALSE,FALSE,FALSE
87120030,87,8712,871200,FALSE,FALSE,FALSE,TRUE
87120070,87,8712,871200,FALSE,FALSE,FALSE,TRUE
87120080,87,8712,871200,FALSE,FALSE,FALSE,FALSE
87131000,87,8713,871310,FALSE,FALSE,FALSE,TRUE
87139000,87,8713,871390,FALSE,FALSE,FALSE,TRUE
87141000,87,8714,871410,FALSE,FALSE,FALSE,FALSE
87141010,87,8714,871410,FALSE,FALSE,FALSE,TRUE
87141020,87,8714,871410,FALSE,FALSE,FALSE,TRUE
87141030,87,8714,871410,FALSE,FALSE,FALSE,TRUE
87141040,87,8714,871410,FALSE,FALSE,FALSE,TRUE
87141050,87,8714,871410,FALSE,FALSE,FALSE,TRUE
87141090,87,8714,871410,FALSE,FALSE,FALSE,TRUE
87141100,87,8714,871411,FALSE,FALSE,FALSE,FALSE
87141900,87,8714,871419,FALSE,FALSE,FALSE,FALSE
87142000,87,8714,871420,FALSE,FALSE,FALSE,TRUE
87149110,87,8714,871491,FALSE,FALSE,FALSE,TRUE
87149130,87,8714,871491,FALSE,FALSE,FALSE,TRUE
87149190,87,8714,871491,FALSE,FALSE,FALSE,TRUE
87149210,87,8714,871492,FALSE,FALSE,FALSE,TRUE
87149290,87,8714,871492,FALSE,FALSE,FALSE,TRUE
87149300,87,8714,871493,FALSE,FALSE,FALSE,TRUE
87149310,87,8714,871493,FALSE,FALSE,FALSE,FALSE
87149390,87,8714,871493,FALSE,FALSE,FALSE,FALSE
87149410,87,8714,871494,FALSE,FALSE,FALSE,FALSE
87149420,87,8714,871494,FALSE,FALSE,FALSE,TRUE
87149430,87,8714,871494,FALSE,FALSE,FALSE,FALSE
87149490,87,8714,871494,FALSE,FALSE,FALSE,TRUE
87149500,87,8714,871495,FALSE,FALSE,FALSE,TRUE
87149610,87,8714,871496,FALSE,FALSE,FALSE,TRUE
87149630,87,8714,871496,FALSE,FALSE,FALSE,TRUE
87149690,87,8714,871496,FALSE,FALSE,FALSE,TRUE
87149910,87,8714,871499,FALSE,FALSE,FALSE,TRUE
87149930,87,8714,871499,FALSE,FALSE,FALSE,TRUE
87149950,87,8714,871499,FALSE,FALSE,FALSE,TRUE
87149990,87,8714,871499,FALSE,FALSE,FALSE,TRUE
87150010,87,8715,871500,FALSE,FALSE,FALSE,TRUE
87150090,87,8715,871500,FALSE,FALSE,FALSE,TRUE
87161010,87,8716,871610,FALSE,FALSE,FALSE,FALSE
87161091,87,8716,871610,FALSE,FALSE,FALSE,FALSE
87161092,87,8716,871610,FALSE,FALSE,FALSE,TRUE
87161094,87,8716,871610,FALSE,FALSE,FALSE,FALSE
87161096,87,8716,871610,FALSE,FALSE,FALSE,FALSE
87161098,87,8716,871610,FALSE,FALSE,FALSE,TRUE
87161099,87,8716,871610,FALSE,FALSE,FALSE,FALSE
87162000,87,8716,871620,FALSE,FALSE,FALSE,TRUE
87162010,87,8716,871620,FALSE,FALSE,FALSE,FALSE
87162090,87,8716,871620,FALSE,FALSE,FALSE,FALSE
87163100,87,8716,871631,FALSE,FALSE,FALSE,TRUE
87163910,87,8716,871639,FALSE,FALSE,FALSE,TRUE
87163930,87,8716,871639,FALSE,FALSE,FALSE,TRUE
87163950,87,8716,871639,FALSE,FALSE,FALSE,TRUE
87163951,87,8716,871639,FALSE,FALSE,FALSE,FALSE
87163959,87,8716,871639,FALSE,FALSE,FALSE,FALSE
87163980,87,8716,871639,FALSE,FALSE,FALSE,TRUE
87164000,87,8716,871640,FALSE,FALSE,FALSE,TRUE
87168000,87,8716,871680,FALSE,FALSE,FALSE,TRUE
87169010,87,8716,871690,FALSE,FALSE,FALSE,TRUE
87169030,87,8716,871690,FALSE,FALSE,FALSE,TRUE
87169050,87,8716,871690,FALSE,FALSE,FALSE,TRUE
87169090,87,8716,871690,FALSE,FALSE,FALSE,TRUE
88010010,88,8801,880100,FALSE,FALSE,FALSE,TRUE
88010090,88,8801,880100,FALSE,FALSE,FALSE,TRUE
88011000,88,8801,880110,FALSE,FALSE,FALSE,FALSE
88011010,88,8801,880110,FALSE,FALSE,FALSE,FALSE
88011090,88,8801,880110,FALSE,FALSE,FALSE,FALSE
88019010,88,8801,880190,FALSE,FALSE,FALSE,FALSE
88019020,88,8801,880190,FALSE,FALSE,FALSE,FALSE
88019080,88,8801,880190,FALSE,FALSE,FALSE,FALSE
88019091,88,8801,880190,FALSE,FALSE,FALSE,FALSE
88019099,88,8801,880190,FALSE,FALSE,FALSE,FALSE
88021100,88,8802,880211,FALSE,FALSE,FALSE,TRUE
88021110,88,8802,880211,FALSE,FALSE,FALSE,FALSE
88021190,88,8802,880211,FALSE,FALSE,FALSE,FALSE
88021200,88,8802,880212,FALSE,FALSE,FALSE,TRUE
88021210,88,8802,880212,FALSE,FALSE,FALSE,FALSE
88021290,88,8802,880212,FALSE,FALSE,FALSE,FALSE
88022000,88,8802,880220,FALSE,FALSE,FALSE,TRUE
88022010,88,8802,880220,FALSE,FALSE,FALSE,FALSE
88022090,88,8802,880220,FALSE,FALSE,FALSE,FALSE
88023000,88,8802,880230,FALSE,FALSE,FALSE,TRUE
88023010,88,8802,880230,FALSE,FALSE,FALSE,FALSE
88023090,88,8802,880230,FALSE,FALSE,FALSE,FALSE
88024000,88,8802,880240,FALSE,FALSE,FALSE,TRUE
88024010,88,8802,880240,FALSE,FALSE,FALSE,FALSE
88024090,88,8802,880240,FALSE,FALSE,FALSE,FALSE
88025000,88,8802,880250,FALSE,FALSE,FALSE,FALSE
88026000,88,8802,880260,FALSE,FALSE,FALSE,FALSE
88026010,88,8802,880260,FALSE,FALSE,FALSE,TRUE
88026011,88,8802,880260,FALSE,FALSE,FALSE,FALSE
88026019,88,8802,880260,FALSE,FALSE,FALSE,FALSE
88026090,88,8802,880260,FALSE,FALSE,FALSE,TRUE
88031000,88,8803,880310,FALSE,FALSE,FALSE,TRUE
88031010,88,8803,880310,FALSE,FALSE,FALSE,FALSE
88031090,88,8803,880310,FALSE,FALSE,FALSE,FALSE
88032000,88,8803,880320,FALSE,FALSE,FALSE,TRUE
88032010,88,8803,880320,FALSE,FALSE,FALSE,FALSE
88032090,88,8803,880320,FALSE,FALSE,FALSE,FALSE
88033000,88,8803,880330,FALSE,FALSE,FALSE,TRUE
88033010,88,8803,880330,FALSE,FALSE,FALSE,FALSE
88033090,88,8803,880330,FALSE,FALSE,FALSE,FALSE
88039010,88,8803,880390,FALSE,FALSE,FALSE,TRUE
88039020,88,8803,880390,FALSE,FALSE,FALSE,TRUE
88039021,88,8803,880390,FALSE,FALSE,FALSE,FALSE
88039029,88,8803,880390,FALSE,FALSE,FALSE,FALSE
88039030,88,8803,880390,FALSE,FALSE,FALSE,TRUE
88039090,88,8803,880390,FALSE,FALSE,FALSE,TRUE
88039091,88,8803,880390,FALSE,FALSE,FALSE,FALSE
88039098,88,8803,880390,FALSE,FALSE,FALSE,FALSE
88039099,88,8803,880390,FALSE,FALSE,FALSE,FALSE
88040000,88,8804,880400,FALSE,FALSE,FALSE,TRUE
88051010,88,8805,880510,FALSE,FALSE,FALSE,TRUE
88051090,88,8805,880510,FALSE,FALSE,FALSE,TRUE
88052010,88,8805,880520,FALSE,FALSE,FALSE,FALSE
88052090,88,8805,880520,FALSE,FALSE,FALSE,FALSE
88052100,88,8805,880521,FALSE,FALSE,FALSE,TRUE
88052900,88,8805,880529,FALSE,FALSE,FALSE,TRUE
88052910,88,8805,880529,FALSE,FALSE,FALSE,FALSE
88052990,88,8805,880529,FALSE,FALSE,FALSE,FALSE
89011010,89,8901,890110,FALSE,FALSE,FALSE,TRUE
89011090,89,8901,890110,FALSE,FALSE,FALSE,TRUE
89012010,89,8901,890120,FALSE,FALSE,FALSE,TRUE
89012090,89,8901,890120,FALSE,FALSE,FALSE,TRUE
89013010,89,8901,890130,FALSE,FALSE,FALSE,TRUE
89013090,89,8901,890130,FALSE,FALSE,FALSE,TRUE
89019010,89,8901,890190,FALSE,FALSE,FALSE,TRUE
89019090,89,8901,890190,FALSE,FALSE,FALSE,TRUE
89019091,89,8901,890190,FALSE,FALSE,FALSE,FALSE
89019099,89,8901,890190,FALSE,FALSE,FALSE,FALSE
89020010,89,8902,890200,FALSE,FALSE,FALSE,TRUE
89020011,89,8902,890200,FALSE,FALSE,FALSE,FALSE
89020012,89,8902,890200,FALSE,FALSE,FALSE,FALSE
89020018,89,8902,890200,FALSE,FALSE,FALSE,FALSE
89020019,89,8902,890200,FALSE,FALSE,FALSE,FALSE
89020090,89,8902,890200,FALSE,FALSE,FALSE,TRUE
89031010,89,8903,890310,FALSE,FALSE,FALSE,TRUE
89031011,89,8903,890310,FALSE,FALSE,FALSE,FALSE
89031019,89,8903,890310,FALSE,FALSE,FALSE,FALSE
89031090,89,8903,890310,FALSE,FALSE,FALSE,TRUE
89039110,89,8903,890391,FALSE,FALSE,FALSE,TRUE
89039190,89,8903,890391,FALSE,FALSE,FALSE,TRUE
89039191,89,8903,890391,FALSE,FALSE,FALSE,FALSE
89039192,89,8903,890391,FALSE,FALSE,FALSE,FALSE
89039193,89,8903,890391,FALSE,FALSE,FALSE,FALSE
89039199,89,8903,890391,FALSE,FALSE,FALSE,FALSE
89039210,89,8903,890392,FALSE,FALSE,FALSE,TRUE
89039291,89,8903,890392,FALSE,FALSE,FALSE,TRUE
89039299,89,8903,890392,FALSE,FALSE,FALSE,TRUE
89039910,89,8903,890399,FALSE,FALSE,FALSE,TRUE
89039991,89,8903,890399,FALSE,FALSE,FALSE,TRUE
89039999,89,8903,890399,FALSE,FALSE,FALSE,TRUE
89040010,89,8904,890400,FALSE,FALSE,FALSE,TRUE
89040091,89,8904,890400,FALSE,FALSE,FALSE,TRUE
89040099,89,8904,890400,FALSE,FALSE,FALSE,TRUE
89051010,89,8905,890510,FALSE,FALSE,FALSE,TRUE
89051090,89,8905,890510,FALSE,FALSE,FALSE,TRUE
89052000,89,8905,890520,FALSE,FALSE,FALSE,TRUE
89059010,89,8905,890590,FALSE,FALSE,FALSE,TRUE
89059090,89,8905,890590,FALSE,FALSE,FALSE,TRUE
89060010,89,8906,890600,FALSE,FALSE,FALSE,FALSE
89060091,89,8906,890600,FALSE,FALSE,FALSE,FALSE
89060093,89,8906,890600,FALSE,FALSE,FALSE,FALSE
89060099,89,8906,890600,FALSE,FALSE,FALSE,FALSE
89061000,89,8906,890610,FALSE,FALSE,FALSE,TRUE
89069010,89,8906,890690,FALSE,FALSE,FALSE,TRUE
89069091,89,8906,890690,FALSE,FALSE,FALSE,TRUE
89069099,89,8906,890690,FALSE,FALSE,FALSE,TRUE
89071000,89,8907,890710,FALSE,FALSE,FALSE,TRUE
89079000,89,8907,890790,FALSE,FALSE,FALSE,TRUE
89080000,89,8908,890800,FALSE,FALSE,FALSE,TRUE
90011010,90,9001,900110,FALSE,FALSE,FALSE,TRUE
90011090,90,9001,900110,FALSE,FALSE,FALSE,TRUE
90012000,90,9001,900120,FALSE,FALSE,FALSE,TRUE
90013000,90,9001,900130,FALSE,FALSE,FALSE,TRUE
90014020,90,9001,900140,FALSE,FALSE,FALSE,TRUE
90014041,90,9001,900140,FALSE,FALSE,FALSE,TRUE
90014049,90,9001,900140,FALSE,FALSE,FALSE,TRUE
90014080,90,9001,900140,FALSE,FALSE,FALSE,TRUE
90015020,90,9001,900150,FALSE,FALSE,FALSE,TRUE
90015041,90,9001,900150,FALSE,FALSE,FALSE,TRUE
90015049,90,9001,900150,FALSE,FALSE,FALSE,TRUE
90015080,90,9001,900150,FALSE,FALSE,FALSE,TRUE
90019000,90,9001,900190,FALSE,FALSE,FALSE,TRUE
90019010,90,9001,900190,FALSE,FALSE,FALSE,FALSE
90019090,90,9001,900190,FALSE,FALSE,FALSE,FALSE
90021100,90,9002,900211,FALSE,FALSE,FALSE,TRUE
90021900,90,9002,900219,FALSE,FALSE,FALSE,TRUE
90022000,90,9002,900220,FALSE,FALSE,FALSE,TRUE
90029000,90,9002,900290,FALSE,FALSE,FALSE,TRUE
90029010,90,9002,900290,FALSE,FALSE,FALSE,FALSE
90029090,90,9002,900290,FALSE,FALSE,FALSE,FALSE
90029091,90,9002,900290,FALSE,FALSE,FALSE,FALSE
90029099,90,9002,900290,FALSE,FALSE,FALSE,FALSE
90031100,90,9003,900311,FALSE,FALSE,FALSE,TRUE
90031900,90,9003,900319,FALSE,FALSE,FALSE,TRUE
90031910,90,9003,900319,FALSE,FALSE,FALSE,FALSE
90031930,90,9003,900319,FALSE,FALSE,FALSE,FALSE
90031990,90,9003,900319,FALSE,FALSE,FALSE,FALSE
90039000,90,9003,900390,FALSE,FALSE,FALSE,TRUE
90041010,90,9004,900410,FALSE,FALSE,FALSE,TRUE
90041091,90,9004,900410,FALSE,FALSE,FALSE,TRUE
90041099,90,9004,900410,FALSE,FALSE,FALSE,TRUE
90049010,90,9004,900490,FALSE,FALSE,FALSE,TRUE
90049090,90,9004,900490,FALSE,FALSE,FALSE,TRUE
90051000,90,9005,900510,FALSE,FALSE,FALSE,TRUE
90058000,90,9005,900580,FALSE,FALSE,FALSE,TRUE
90059000,90,9005,900590,FALSE,FALSE,FALSE,TRUE
90061000,90,9006,900610,FALSE,FALSE,FALSE,TRUE
90061010,90,9006,900610,FALSE,FALSE,FALSE,FALSE
90061090,90,9006,900610,FALSE,FALSE,FALSE,FALSE
90062000,90,9006,900620,FALSE,FALSE,FALSE,FALSE
90063000,90,9006,900630,FALSE,FALSE,FALSE,TRUE
90064000,90,9006,900640,FALSE,FALSE,FALSE,TRUE
90065100,90,9006,900651,FALSE,FALSE,FALSE,TRUE
90065200,90,9006,900652,FALSE,FALSE,FALSE,TRUE
90065310,90,9006,900653,FALSE,FALSE,FALSE,TRUE
90065380,90,9006,900653,FALSE,FALSE,FALSE,TRUE
90065390,90,9006,900653,FALSE,FALSE,FALSE,FALSE
90065900,90,9006,900659,FALSE,FALSE,FALSE,TRUE
90066100,90,9006,900661,FALSE,FALSE,FALSE,TRUE
90066200,90,9006,900662,FALSE,FALSE,FALSE,FALSE
90066900,90,9006,900669,FALSE,FALSE,FALSE,TRUE
90069100,90,9006,900691,FALSE,FALSE,FALSE,TRUE
90069110,90,9006,900691,FALSE,FALSE,FALSE,FALSE
90069190,90,9006,900691,FALSE,FALSE,FALSE,FALSE
90069900,90,9006,900699,FALSE,FALSE,FALSE,TRUE
90069910,90,9006,900699,FALSE,FALSE,FALSE,FALSE
90069990,90,9006,900699,FALSE,FALSE,FALSE,FALSE
90071000,90,9007,900710,FALSE,FALSE,FALSE,TRUE
90071100,90,9007,900711,FALSE,FALSE,FALSE,FALSE
90071900,90,9007,900719,FALSE,FALSE,FALSE,FALSE
90072000,90,9007,900720,FALSE,FALSE,FALSE,TRUE
90072100,90,9007,900721,FALSE,FALSE,FALSE,FALSE
90072900,90,9007,900729,FALSE,FALSE,FALSE,FALSE
90079100,90,9007,900791,FALSE,FALSE,FALSE,TRUE
90079200,90,9007,900792,FALSE,FALSE,FALSE,TRUE
90081000,90,9008,900810,FALSE,FALSE,FALSE,FALSE
90082000,90,9008,900820,FALSE,FALSE,FALSE,FALSE
90083000,90,9008,900830,FALSE,FALSE,FALSE,FALSE
90084000,90,9008,900840,FALSE,FALSE,FALSE,FALSE
90085000,90,9008,900850,FALSE,FALSE,FALSE,TRUE
90089000,90,9008,900890,FALSE,FALSE,FALSE,TRUE
90091100,90,9009,900911,FALSE,FALSE,FALSE,FALSE
90091200,90,9009,900912,FALSE,FALSE,FALSE,FALSE
90092100,90,9009,900921,FALSE,FALSE,FALSE,FALSE
90092200,90,9009,900922,FALSE,FALSE,FALSE,FALSE
90092210,90,9009,900922,FALSE,FALSE,FALSE,FALSE
90092290,90,9009,900922,FALSE,FALSE,FALSE,FALSE
90093000,90,9009,900930,FALSE,FALSE,FALSE,FALSE
90099000,90,9009,900990,FALSE,FALSE,FALSE,FALSE
90099010,90,9009,900990,FALSE,FALSE,FALSE,FALSE
90099090,90,9009,900990,FALSE,FALSE,FALSE,FALSE
90099100,90,9009,900991,FALSE,FALSE,FALSE,FALSE
90099200,90,9009,900992,FALSE,FALSE,FALSE,FALSE
90099300,90,9009,900993,FALSE,FALSE,FALSE,FALSE
90099900,90,9009,900999,FALSE,FALSE,FALSE,FALSE
90101000,90,9010,901010,FALSE,FALSE,FALSE,TRUE
90102010,90,9010,901020,FALSE,FALSE,FALSE,FALSE
90102020,90,9010,901020,FALSE,FALSE,FALSE,FALSE
90102030,90,9010,901020,FALSE,FALSE,FALSE,FALSE
90102090,90,9010,901020,FALSE,FALSE,FALSE,FALSE
90103000,90,9010,901030,FALSE,FALSE,FALSE,FALSE
90104100,90,9010,901041,FALSE,FALSE,FALSE,FALSE
90104200,90,9010,901042,FALSE,FALSE,FALSE,FALSE
90104900,90,9010,901049,FALSE,FALSE,FALSE,FALSE
90105000,90,9010,901050,FALSE,FALSE,FALSE,TRUE
90105010,90,9010,901050,FALSE,FALSE,FALSE,FALSE
90105090,90,9010,901050,FALSE,FALSE,FALSE,FALSE
90106000,90,9010,901060,FALSE,FALSE,FALSE,TRUE
90109000,90,9010,901090,FALSE,FALSE,FALSE,TRUE
90109010,90,9010,901090,FALSE,FALSE,FALSE,FALSE
90109020,90,9010,901090,FALSE,FALSE,FALSE,FALSE
90109080,90,9010,901090,FALSE,FALSE,FALSE,FALSE
90109090,90,9010,901090,FALSE,FALSE,FALSE,FALSE
90111000,90,9011,901110,FALSE,FALSE,FALSE,FALSE
90111010,90,9011,901110,FALSE,FALSE,FALSE,TRUE
90111090,90,9011,901110,FALSE,FALSE,FALSE,TRUE
90112000,90,9011,901120,FALSE,FALSE,FALSE,FALSE
90112010,90,9011,901120,FALSE,FALSE,FALSE,TRUE
90112090,90,9011,901120,FALSE,FALSE,FALSE,TRUE
90118000,90,9011,901180,FALSE,FALSE,FALSE,TRUE
90119000,90,9011,901190,FALSE,FALSE,FALSE,FALSE
90119010,90,9011,901190,FALSE,FALSE,FALSE,TRUE
90119090,90,9011,901190,FALSE,FALSE,FALSE,TRUE
90121000,90,9012,901210,FALSE,FALSE,FALSE,FALSE
90121010,90,9012,901210,FALSE,FALSE,FALSE,TRUE
90121090,90,9012,901210,FALSE,FALSE,FALSE,TRUE
90129000,90,9012,901290,FALSE,FALSE,FALSE,FALSE
90129010,90,9012,901290,FALSE,FALSE,FALSE,TRUE
90129090,90,9012,901290,FALSE,FALSE,FALSE,TRUE
90131000,90,9013,901310,FALSE,FALSE,FALSE,TRUE
90131010,90,9013,901310,FALSE,FALSE,FALSE,FALSE
90131090,90,9013,901310,FALSE,FALSE,FALSE,FALSE
90132000,90,9013,901320,FALSE,FALSE,FALSE,TRUE
90138011,90,9013,901380,FALSE,FALSE,FALSE,FALSE
90138019,90,9013,901380,FALSE,FALSE,FALSE,FALSE
90138020,90,9013,901380,FALSE,FALSE,FALSE,TRUE
90138030,90,9013,901380,FALSE,FALSE,FALSE,TRUE
90138090,90,9013,901380,FALSE,FALSE,FALSE,TRUE
90139005,90,9013,901390,FALSE,FALSE,FALSE,FALSE
90139010,90,9013,901390,FALSE,FALSE,FALSE,TRUE
90139080,90,9013,901390,FALSE,FALSE,FALSE,FALSE
90139090,90,9013,901390,FALSE,FALSE,FALSE,TRUE
90141000,90,9014,901410,FALSE,FALSE,FALSE,TRUE
90141010,90,9014,901410,FALSE,FALSE,FALSE,FALSE
90141090,90,9014,901410,FALSE,FALSE,FALSE,FALSE
90142013,90,9014,901420,FALSE,FALSE,FALSE,FALSE
90142018,90,9014,901420,FALSE,FALSE,FALSE,FALSE
90142020,90,9014,901420,FALSE,FALSE,FALSE,TRUE
90142080,90,9014,901420,FALSE,FALSE,FALSE,TRUE
90142090,90,9014,901420,FALSE,FALSE,FALSE,FALSE
90148000,90,9014,901480,FALSE,FALSE,FALSE,TRUE
90149000,90,9014,901490,FALSE,FALSE,FALSE,TRUE
90149010,90,9014,901490,FALSE,FALSE,FALSE,FALSE
90149090,90,9014,901490,FALSE,FALSE,FALSE,FALSE
90151010,90,9015,901510,FALSE,FALSE,FALSE,TRUE
90151090,90,9015,901510,FALSE,FALSE,FALSE,TRUE
90152010,90,9015,901520,FALSE,FALSE,FALSE,TRUE
90152090,90,9015,901520,FALSE,FALSE,FALSE,TRUE
90153010,90,9015,901530,FALSE,FALSE,FALSE,TRUE
90153090,90,9015,901530,FALSE,FALSE,FALSE,TRUE
90154010,90,9015,901540,FALSE,FALSE,FALSE,TRUE
90154090,90,9015,901540,FALSE,FALSE,FALSE,TRUE
90158011,90,9015,901580,FALSE,FALSE,FALSE,TRUE
90158019,90,9015,901580,FALSE,FALSE,FALSE,TRUE
90158020,90,9015,901580,FALSE,FALSE,FALSE,FALSE
90158040,90,9015,901580,FALSE,FALSE,FALSE,FALSE
90158080,90,9015,901580,FALSE,FALSE,FALSE,FALSE
90158091,90,9015,901580,FALSE,FALSE,FALSE,TRUE
90158093,90,9015,901580,FALSE,FALSE,FALSE,TRUE
90158099,90,9015,901580,FALSE,FALSE,FALSE,TRUE
90159000,90,9015,901590,FALSE,FALSE,FALSE,TRUE
90160010,90,9016,901600,FALSE,FALSE,FALSE,TRUE
90160090,90,9016,901600,FALSE,FALSE,FALSE,TRUE
90171000,90,9017,901710,FALSE,FALSE,FALSE,FALSE
90171010,90,9017,901710,FALSE,FALSE,FALSE,TRUE
90171090,90,9017,901710,FALSE,FALSE,FALSE,TRUE
90172005,90,9017,901720,FALSE,FALSE,FALSE,TRUE
90172010,90,9017,901720,FALSE,FALSE,FALSE,TRUE
90172011,90,9017,901720,FALSE,FALSE,FALSE,FALSE
90172019,90,9017,901720,FALSE,FALSE,FALSE,FALSE
90172031,90,9017,901720,FALSE,FALSE,FALSE,FALSE
90172039,90,9017,901720,FALSE,FALSE,FALSE,TRUE
90172090,90,9017,901720,FALSE,FALSE,FALSE,TRUE
90173000,90,9017,901730,FALSE,FALSE,FALSE,TRUE
90173010,90,9017,901730,FALSE,FALSE,FALSE,FALSE
90173090,90,9017,901730,FALSE,FALSE,FALSE,FALSE
90178010,90,9017,901780,FALSE,FALSE,FALSE,TRUE
90178090,90,9017,901780,FALSE,FALSE,FALSE,TRUE
90179000,90,9017,901790,FALSE,FALSE,FALSE,TRUE
90179010,90,9017,901790,FALSE,FALSE,FALSE,FALSE
90179090,90,9017,901790,FALSE,FALSE,FALSE,FALSE
90181100,90,9018,901811,FALSE,FALSE,FALSE,TRUE
90181200,90,9018,901812,FALSE,FALSE,FALSE,TRUE
90181300,90,9018,901813,FALSE,FALSE,FALSE,TRUE
90181400,90,9018,901814,FALSE,FALSE,FALSE,TRUE
90181900,90,9018,901819,FALSE,FALSE,FALSE,FALSE
90181910,90,9018,901819,FALSE,FALSE,FALSE,TRUE
90181990,90,9018,901819,FALSE,FALSE,FALSE,TRUE
90182000,90,9018,901820,FALSE,FALSE,FALSE,TRUE
90183110,90,9018,901831,FALSE,FALSE,FALSE,TRUE
90183190,90,9018,901831,FALSE,FALSE,FALSE,TRUE
90183210,90,9018,901832,FALSE,FALSE,FALSE,TRUE
90183290,90,9018,901832,FALSE,FALSE,FALSE,TRUE
90183900,90,9018,901839,FALSE,FALSE,FALSE,TRUE
90184100,90,9018,901841,FALSE,FALSE,FALSE,TRUE
90184910,90,9018,901849,FALSE,FALSE,FALSE,TRUE
90184990,90,9018,901849,FALSE,FALSE,FALSE,TRUE
90185010,90,9018,901850,FALSE,FALSE,FALSE,TRUE
90185090,90,9018,901850,FALSE,FALSE,FALSE,TRUE
90189010,90,9018,901890,FALSE,FALSE,FALSE,TRUE
90189020,90,9018,901890,FALSE,FALSE,FALSE,TRUE
90189030,90,9018,901890,FALSE,FALSE,FALSE,TRUE
90189040,90,9018,901890,FALSE,FALSE,FALSE,TRUE
90189041,90,9018,901890,FALSE,FALSE,FALSE,FALSE
90189049,90,9018,901890,FALSE,FALSE,FALSE,FALSE
90189050,90,9018,901890,FALSE,FALSE,FALSE,TRUE
90189060,90,9018,901890,FALSE,FALSE,FALSE,TRUE
90189070,90,9018,901890,FALSE,FALSE,FALSE,FALSE
90189075,90,9018,901890,FALSE,FALSE,FALSE,TRUE
90189084,90,9018,901890,FALSE,FALSE,FALSE,TRUE
90189085,90,9018,901890,FALSE,FALSE,FALSE,FALSE
90191010,90,9019,901910,FALSE,FALSE,FALSE,TRUE
90191090,90,9019,901910,FALSE,FALSE,FALSE,TRUE
90192000,90,9019,901920,FALSE,FALSE,FALSE,TRUE
90200000,90,9020,902000,FALSE,FALSE,FALSE,TRUE
90200010,90,9020,902000,FALSE,FALSE,FALSE,FALSE
90200090,90,9020,902000,FALSE,FALSE,FALSE,FALSE
90211010,90,9021,902110,FALSE,FALSE,FALSE,TRUE
90211090,90,9021,902110,FALSE,FALSE,FALSE,TRUE
90211100,90,9021,902111,FALSE,FALSE,FALSE,FALSE
90211910,90,9021,902119,FALSE,FALSE,FALSE,FALSE
90211990,90,9021,902119,FALSE,FALSE,FALSE,FALSE
90212110,90,9021,902121,FALSE,FALSE,FALSE,TRUE
90212190,90,9021,902121,FALSE,FALSE,FALSE,TRUE
90212900,90,9021,902129,FALSE,FALSE,FALSE,TRUE
90212910,90,9021,902129,FALSE,FALSE,FALSE,FALSE
90212990,90,9021,902129,FALSE,FALSE,FALSE,FALSE
90213010,90,9021,902130,FALSE,FALSE,FALSE,FALSE
90213090,90,9021,902130,FALSE,FALSE,FALSE,FALSE
90213100,90,9021,902131,FALSE,FALSE,FALSE,TRUE
90213910,90,9021,902139,FALSE,FALSE,FALSE,TRUE
90213990,90,9021,902139,FALSE,FALSE,FALSE,TRUE
90214000,90,9021,902140,FALSE,FALSE,FALSE,TRUE
90215000,90,9021,902150,FALSE,FALSE,FALSE,TRUE
90219010,90,9021,902190,FALSE,FALSE,FALSE,TRUE
90219090,90,9021,902190,FALSE,FALSE,FALSE,TRUE
90221100,90,9022,902211,FALSE,FALSE,FALSE,FALSE
90221200,90,9022,902212,FALSE,FALSE,FALSE,TRUE
90221300,90,9022,902213,FALSE,FALSE,FALSE,TRUE
90221400,90,9022,902214,FALSE,FALSE,FALSE,TRUE
90221900,90,9022,902219,FALSE,FALSE,FALSE,TRUE
90222100,90,9022,902221,FALSE,FALSE,FALSE,TRUE
90222900,90,9022,902229,FALSE,FALSE,FALSE,TRUE
90223000,90,9022,902230,FALSE,FALSE,FALSE,TRUE
90229000,90,9022,902290,FALSE,FALSE,FALSE,TRUE
90229010,90,9022,902290,FALSE,FALSE,FALSE,FALSE
90229020,90,9022,902290,FALSE,FALSE,FALSE,FALSE
90229080,90,9022,902290,FALSE,FALSE,FALSE,FALSE
90229090,90,9022,902290,FALSE,FALSE,FALSE,FALSE
90230010,90,9023,902300,FALSE,FALSE,FALSE,TRUE
90230080,90,9023,902300,FALSE,FALSE,FALSE,TRUE
90241010,90,9024,902410,FALSE,FALSE,FALSE,FALSE
90241011,90,9024,902410,FALSE,FALSE,FALSE,TRUE
90241013,90,9024,902410,FALSE,FALSE,FALSE,TRUE
90241019,90,9024,902410,FALSE,FALSE,FALSE,TRUE
90241020,90,9024,902410,FALSE,FALSE,FALSE,FALSE
90241040,90,9024,902410,FALSE,FALSE,FALSE,FALSE
90241080,90,9024,902410,FALSE,FALSE,FALSE,FALSE
90241090,90,9024,902410,FALSE,FALSE,FALSE,TRUE
90241091,90,9024,902410,FALSE,FALSE,FALSE,FALSE
90241093,90,9024,902410,FALSE,FALSE,FALSE,FALSE
90241099,90,9024,902410,FALSE,FALSE,FALSE,FALSE
90248010,90,9024,902480,FALSE,FALSE,FALSE,FALSE
90248011,90,9024,902480,FALSE,FALSE,FALSE,TRUE
90248019,90,9024,902480,FALSE,FALSE,FALSE,TRUE
90248090,90,9024,902480,FALSE,FALSE,FALSE,TRUE
90248091,90,9024,902480,FALSE,FALSE,FALSE,FALSE
90248099,90,9024,902480,FALSE,FALSE,FALSE,FALSE
90249000,90,9024,902490,FALSE,FALSE,FALSE,TRUE
90251110,90,9025,902511,FALSE,FALSE,FALSE,FALSE
90251120,90,9025,902511,FALSE,FALSE,FALSE,TRUE
90251180,90,9025,902511,FALSE,FALSE,FALSE,TRUE
90251191,90,9025,902511,FALSE,FALSE,FALSE,FALSE
90251199,90,9025,902511,FALSE,FALSE,FALSE,FALSE
90251910,90,9025,902519,FALSE,FALSE,FALSE,FALSE
90251920,90,9025,902519,FALSE,FALSE,FALSE,TRUE
90251980,90,9025,902519,FALSE,FALSE,FALSE,TRUE
90251991,90,9025,902519,FALSE,FALSE,FALSE,FALSE
90251999,90,9025,902519,FALSE,FALSE,FALSE,FALSE
90252010,90,9025,902520,FALSE,FALSE,FALSE,FALSE
90252090,90,9025,902520,FALSE,FALSE,FALSE,FALSE
90258010,90,9025,902580,FALSE,FALSE,FALSE,FALSE
90258015,90,9025,902580,FALSE,FALSE,FALSE,FALSE
90258020,90,9025,902580,FALSE,FALSE,FALSE,TRUE
90258040,90,9025,902580,FALSE,FALSE,FALSE,TRUE
90258080,90,9025,902580,FALSE,FALSE,FALSE,TRUE
90258091,90,9025,902580,FALSE,FALSE,FALSE,FALSE
90258099,90,9025,902580,FALSE,FALSE,FALSE,FALSE
90259000,90,9025,902590,FALSE,FALSE,FALSE,TRUE
90259010,90,9025,902590,FALSE,FALSE,FALSE,FALSE
90259090,90,9025,902590,FALSE,FALSE,FALSE,FALSE
90261010,90,9026,902610,FALSE,FALSE,FALSE,FALSE
90261021,90,9026,902610,FALSE,FALSE,FALSE,TRUE
90261029,90,9026,902610,FALSE,FALSE,FALSE,TRUE
90261051,90,9026,902610,FALSE,FALSE,FALSE,FALSE
90261059,90,9026,902610,FALSE,FALSE,FALSE,FALSE
90261081,90,9026,902610,FALSE,FALSE,FALSE,TRUE
90261089,90,9026,902610,FALSE,FALSE,FALSE,TRUE
90261091,90,9026,902610,FALSE,FALSE,FALSE,FALSE
90261099,90,9026,902610,FALSE,FALSE,FALSE,FALSE
90262010,90,9026,902620,FALSE,FALSE,FALSE,FALSE
90262020,90,9026,902620,FALSE,FALSE,FALSE,TRUE
90262030,90,9026,902620,FALSE,FALSE,FALSE,FALSE
90262040,90,9026,902620,FALSE,FALSE,FALSE,TRUE
90262050,90,9026,902620,FALSE,FALSE,FALSE,FALSE
90262051,90,9026,902620,FALSE,FALSE,FALSE,FALSE
90262059,90,9026,902620,FALSE,FALSE,FALSE,FALSE
90262080,90,9026,902620,FALSE,FALSE,FALSE,TRUE
90262090,90,9026,902620,FALSE,FALSE,FALSE,FALSE
90268010,90,9026,902680,FALSE,FALSE,FALSE,FALSE
90268020,90,9026,902680,FALSE,FALSE,FALSE,TRUE
90268080,90,9026,902680,FALSE,FALSE,FALSE,TRUE
90268091,90,9026,902680,FALSE,FALSE,FALSE,FALSE
90268099,90,9026,902680,FALSE,FALSE,FALSE,FALSE
90269000,90,9026,902690,FALSE,FALSE,FALSE,TRUE
90269010,90,9026,902690,FALSE,FALSE,FALSE,FALSE
90269090,90,9026,902690,FALSE,FALSE,FALSE,FALSE
90271010,90,9027,902710,FALSE,FALSE,FALSE,TRUE
90271090,90,9027,902710,FALSE,FALSE,FALSE,TRUE
90272000,90,9027,902720,FALSE,FALSE,FALSE,TRUE
90272010,90,9027,902720,FALSE,FALSE,FALSE,FALSE
90272090,90,9027,902720,FALSE,FALSE,FALSE,FALSE
90273000,90,9027,902730,FALSE,FALSE,FALSE,TRUE
90274000,90,9027,902740,FALSE,FALSE,FALSE,FALSE
90275000,90,9027,902750,FALSE,FALSE,FALSE,TRUE
90278005,90,9027,902780,FALSE,FALSE,FALSE,TRUE
90278011,90,9027,902780,FALSE,FALSE,FALSE,TRUE
90278013,90,9027,902780,FALSE,FALSE,FALSE,TRUE
90278015,90,9027,902780,FALSE,FALSE,FALSE,FALSE
90278016,90,9027,902780,FALSE,FALSE,FALSE,FALSE
90278017,90,9027,902780,FALSE,FALSE,FALSE,TRUE
90278018,90,9027,902780,FALSE,FALSE,FALSE,FALSE
90278091,90,9027,902780,FALSE,FALSE,FALSE,TRUE
90278093,90,9027,902780,FALSE,FALSE,FALSE,FALSE
90278095,90,9027,902780,FALSE,FALSE,FALSE,FALSE
90278096,90,9027,902780,FALSE,FALSE,FALSE,FALSE
90278097,90,9027,902780,FALSE,FALSE,FALSE,FALSE
90278098,90,9027,902780,FALSE,FALSE,FALSE,FALSE
90278099,90,9027,902780,FALSE,FALSE,FALSE,TRUE
90279010,90,9027,902790,FALSE,FALSE,FALSE,TRUE
90279050,90,9027,902790,FALSE,FALSE,FALSE,TRUE
90279080,90,9027,902790,FALSE,FALSE,FALSE,TRUE
90279090,90,9027,902790,FALSE,FALSE,FALSE,FALSE
90281000,90,9028,902810,FALSE,FALSE,FALSE,TRUE
90282000,90,9028,902820,FALSE,FALSE,FALSE,TRUE
90283011,90,9028,902830,FALSE,FALSE,FALSE,TRUE
90283019,90,9028,902830,FALSE,FALSE,FALSE,TRUE
90283090,90,9028,902830,FALSE,FALSE,FALSE,TRUE
90289010,90,9028,902890,FALSE,FALSE,FALSE,TRUE
90289090,90,9028,902890,FALSE,FALSE,FALSE,TRUE
90291000,90,9029,902910,FALSE,FALSE,FALSE,TRUE
90291010,90,9029,902910,FALSE,FALSE,FALSE,FALSE
90291090,90,9029,902910,FALSE,FALSE,FALSE,FALSE
90292010,90,9029,902920,FALSE,FALSE,FALSE,FALSE
90292031,90,9029,902920,FALSE,FALSE,FALSE,TRUE
90292038,90,9029,902920,FALSE,FALSE,FALSE,TRUE
90292039,90,9029,902920,FALSE,FALSE,FALSE,FALSE
90292090,90,9029,902920,FALSE,FALSE,FALSE,TRUE
90299000,90,9029,902990,FALSE,FALSE,FALSE,TRUE
90299010,90,9029,902990,FALSE,FALSE,FALSE,FALSE
90299090,90,9029,902990,FALSE,FALSE,FALSE,FALSE
90301000,90,9030,903010,FALSE,FALSE,FALSE,TRUE
90301010,90,9030,903010,FALSE,FALSE,FALSE,FALSE
90301090,90,9030,903010,FALSE,FALSE,FALSE,FALSE
90302000,90,9030,903020,FALSE,FALSE,FALSE,FALSE
90302010,90,9030,903020,FALSE,FALSE,FALSE,TRUE
90302030,90,9030,903020,FALSE,FALSE,FALSE,TRUE
90302090,90,9030,903020,FALSE,FALSE,FALSE,FALSE
90302091,90,9030,903020,FALSE,FALSE,FALSE,TRUE
90302099,90,9030,903020,FALSE,FALSE,FALSE,TRUE
90303100,90,9030,903031,FALSE,FALSE,FALSE,TRUE
90303110,90,9030,903031,FALSE,FALSE,FALSE,FALSE
90303190,90,9030,903031,FALSE,FALSE,FALSE,FALSE
90303200,90,9030,903032,FALSE,FALSE,FALSE,TRUE
90303310,90,9030,903033,FALSE,FALSE,FALSE,TRUE
90303320,90,9030,903033,FALSE,FALSE,FALSE,FALSE
90303330,90,9030,903033,FALSE,FALSE,FALSE,FALSE
90303380,90,9030,903033,FALSE,FALSE,FALSE,FALSE
90303391,90,9030,903033,FALSE,FALSE,FALSE,TRUE
90303399,90,9030,903033,FALSE,FALSE,FALSE,TRUE
90303900,90,9030,903039,FALSE,FALSE,FALSE,TRUE
90303910,90,9030,903039,FALSE,FALSE,FALSE,FALSE
90303920,90,9030,903039,FALSE,FALSE,FALSE,FALSE
90303930,90,9030,903039,FALSE,FALSE,FALSE,FALSE
90303981,90,9030,903039,FALSE,FALSE,FALSE,FALSE
90303989,90,9030,903039,FALSE,FALSE,FALSE,FALSE
90303991,90,9030,903039,FALSE,FALSE,FALSE,FALSE
90303999,90,9030,903039,FALSE,FALSE,FALSE,FALSE
90304000,90,9030,903040,FALSE,FALSE,FALSE,TRUE
90304010,90,9030,903040,FALSE,FALSE,FALSE,FALSE
90304090,90,9030,903040,FALSE,FALSE,FALSE,FALSE
90308110,90,9030,903081,FALSE,FALSE,FALSE,FALSE
90308120,90,9030,903081,FALSE,FALSE,FALSE,FALSE
90308181,90,9030,903081,FALSE,FALSE,FALSE,FALSE
90308183,90,9030,903081,FALSE,FALSE,FALSE,FALSE
90308185,90,9030,903081,FALSE,FALSE,FALSE,FALSE
90308189,90,9030,903081,FALSE,FALSE,FALSE,FALSE
90308200,90,9030,903082,FALSE,FALSE,FALSE,TRUE
90308300,90,9030,903083,FALSE,FALSE,FALSE,FALSE
90308310,90,9030,903083,FALSE,FALSE,FALSE,FALSE
90308390,90,9030,903083,FALSE,FALSE,FALSE,FALSE
90308400,90,9030,903084,FALSE,FALSE,FALSE,TRUE
90308910,90,9030,903089,FALSE,FALSE,FALSE,FALSE
90308920,90,9030,903089,FALSE,FALSE,FALSE,FALSE
90308930,90,9030,903089,FALSE,FALSE,FALSE,TRUE
90308980,90,9030,903089,FALSE,FALSE,FALSE,FALSE
90308981,90,9030,903089,FALSE,FALSE,FALSE,FALSE
90308983,90,9030,903089,FALSE,FALSE,FALSE,FALSE
90308985,90,9030,903089,FALSE,FALSE,FALSE,FALSE
90308989,90,9030,903089,FALSE,FALSE,FALSE,FALSE
90308990,90,9030,903089,FALSE,FALSE,FALSE,TRUE
90308992,90,9030,903089,FALSE,FALSE,FALSE,FALSE
90308999,90,9030,903089,FALSE,FALSE,FALSE,FALSE
90309000,90,9030,903090,FALSE,FALSE,FALSE,FALSE
90309010,90,9030,903090,FALSE,FALSE,FALSE,FALSE
90309020,90,9030,903090,FALSE,FALSE,FALSE,TRUE
90309080,90,9030,903090,FALSE,FALSE,FALSE,FALSE
90309085,90,9030,903090,FALSE,FALSE,FALSE,TRUE
90309090,90,9030,903090,FALSE,FALSE,FALSE,FALSE
90311000,90,9031,903110,FALSE,FALSE,FALSE,TRUE
90312000,90,9031,903120,FALSE,FALSE,FALSE,TRUE
90313000,90,9031,903130,FALSE,FALSE,FALSE,FALSE
90314010,90,9031,903140,FALSE,FALSE,FALSE,FALSE
90314020,90,9031,903140,FALSE,FALSE,FALSE,FALSE
90314030,90,9031,903140,FALSE,FALSE,FALSE,FALSE
90314090,90,9031,903140,FALSE,FALSE,FALSE,FALSE
90314100,90,9031,903141,FALSE,FALSE,FALSE,TRUE
90314900,90,9031,903149,FALSE,FALSE,FALSE,FALSE
90314910,90,9031,903149,FALSE,FALSE,FALSE,TRUE
90314990,90,9031,903149,FALSE,FALSE,FALSE,TRUE
90318010,90,9031,903180,FALSE,FALSE,FALSE,FALSE
90318020,90,9031,903180,FALSE,FALSE,FALSE,FALSE
90318031,90,9031,903180,FALSE,FALSE,FALSE,FALSE
90318032,90,9031,903180,FALSE,FALSE,FALSE,TRUE
90318034,90,9031,903180,FALSE,FALSE,FALSE,TRUE
90318038,90,9031,903180,FALSE,FALSE,FALSE,TRUE
90318039,90,9031,903180,FALSE,FALSE,FALSE,FALSE
90318051,90,9031,903180,FALSE,FALSE,FALSE,FALSE
90318059,90,9031,903180,FALSE,FALSE,FALSE,FALSE
90318080,90,9031,903180,FALSE,FALSE,FALSE,FALSE
90318091,90,9031,903180,FALSE,FALSE,FALSE,TRUE
90318098,90,9031,903180,FALSE,FALSE,FALSE,TRUE
90318099,90,9031,903180,FALSE,FALSE,FALSE,FALSE
90319000,90,9031,903190,FALSE,FALSE,FALSE,FALSE
90319010,90,9031,903190,FALSE,FALSE,FALSE,FALSE
90319020,90,9031,903190,FALSE,FALSE,FALSE,TRUE
90319030,90,9031,903190,FALSE,FALSE,FALSE,TRUE
90319080,90,9031,903190,FALSE,FALSE,FALSE,FALSE
90319085,90,9031,903190,FALSE,FALSE,FALSE,TRUE
90319090,90,9031,903190,FALSE,FALSE,FALSE,FALSE
90321010,90,9032,903210,FALSE,FALSE,FALSE,FALSE
90321020,90,9032,903210,FALSE,FALSE,FALSE,TRUE
90321030,90,9032,903210,FALSE,FALSE,FALSE,FALSE
90321080,90,9032,903210,FALSE,FALSE,FALSE,FALSE
90321081,90,9032,903210,FALSE,FALSE,FALSE,TRUE
90321089,90,9032,903210,FALSE,FALSE,FALSE,TRUE
90321091,90,9032,903210,FALSE,FALSE,FALSE,FALSE
90321099,90,9032,903210,FALSE,FALSE,FALSE,FALSE
90322000,90,9032,903220,FALSE,FALSE,FALSE,TRUE
90322010,90,9032,903220,FALSE,FALSE,FALSE,FALSE
90322090,90,9032,903220,FALSE,FALSE,FALSE,FALSE
90328100,90,9032,903281,FALSE,FALSE,FALSE,TRUE
90328110,90,9032,903281,FALSE,FALSE,FALSE,FALSE
90328190,90,9032,903281,FALSE,FALSE,FALSE,FALSE
90328900,90,9032,903289,FALSE,FALSE,FALSE,TRUE
90328910,90,9032,903289,FALSE,FALSE,FALSE,FALSE
90328990,90,9032,903289,FALSE,FALSE,FALSE,FALSE
90329000,90,9032,903290,FALSE,FALSE,FALSE,TRUE
90329010,90,9032,903290,FALSE,FALSE,FALSE,FALSE
90329090,90,9032,903290,FALSE,FALSE,FALSE,FALSE
90330000,90,9033,903300,FALSE,FALSE,FALSE,TRUE
90330010,90,9033,903300,FALSE,FALSE,FALSE,FALSE
90330090,90,9033,903300,FALSE,FALSE,FALSE,FALSE
91011100,91,9101,910111,FALSE,FALSE,FALSE,TRUE
91011200,91,9101,910112,FALSE,FALSE,FALSE,FALSE
91011900,91,9101,910119,FALSE,FALSE,FALSE,TRUE
91012100,91,9101,910121,FALSE,FALSE,FALSE,TRUE
91012900,91,9101,910129,FALSE,FALSE,FALSE,TRUE
91019100,91,9101,910191,FALSE,FALSE,FALSE,TRUE
91019900,91,9101,910199,FALSE,FALSE,FALSE,TRUE
91021100,91,9102,910211,FALSE,FALSE,FALSE,TRUE
91021200,91,9102,910212,FALSE,FALSE,FALSE,TRUE
91021900,91,9102,910219,FALSE,FALSE,FALSE,TRUE
91022100,91,9102,910221,FALSE,FALSE,FALSE,TRUE
91022900,91,9102,910229,FALSE,FALSE,FALSE,TRUE
91029100,91,9102,910291,FALSE,FALSE,FALSE,TRUE
91029900,91,9102,910299,FALSE,FALSE,FALSE,TRUE
91031000,91,9103,910310,FALSE,FALSE,FALSE,TRUE
91039000,91,9103,910390,FALSE,FALSE,FALSE,TRUE
91040000,91,9104,910400,FALSE,FALSE,FALSE,TRUE
91040010,91,9104,910400,FALSE,FALSE,FALSE,FALSE
91040090,91,9104,910400,FALSE,FALSE,FALSE,FALSE
91051100,91,9105,910511,FALSE,FALSE,FALSE,TRUE
91051110,91,9105,910511,FALSE,FALSE,FALSE,FALSE
91051190,91,9105,910511,FALSE,FALSE,FALSE,FALSE
91051900,91,9105,910519,FALSE,FALSE,FALSE,TRUE
91052100,91,9105,910521,FALSE,FALSE,FALSE,TRUE
91052900,91,9105,910529,FALSE,FALSE,FALSE,TRUE
91052910,91,9105,910529,FALSE,FALSE,FALSE,FALSE
91052990,91,9105,910529,FALSE,FALSE,FALSE,FALSE
91059100,91,9105,910591,FALSE,FALSE,FALSE,TRUE
91059110,91,9105,910591,FALSE,FALSE,FALSE,FALSE
91059190,91,9105,910591,FALSE,FALSE,FALSE,FALSE
91059900,91,9105,910599,FALSE,FALSE,FALSE,TRUE
91059910,91,9105,910599,FALSE,FALSE,FALSE,FALSE
91059990,91,9105,910599,FALSE,FALSE,FALSE,FALSE
91061000,91,9106,910610,FALSE,FALSE,FALSE,TRUE
91062000,91,9106,910620,FALSE,FALSE,FALSE,FALSE
91069000,91,9106,910690,FALSE,FALSE,FALSE,TRUE
91069010,91,9106,910690,FALSE,FALSE,FALSE,FALSE
91069080,91,9106,910690,FALSE,FALSE,FALSE,FALSE
91069090,91,9106,910690,FALSE,FALSE,FALSE,FALSE
91070000,91,9107,910700,FALSE,FALSE,FALSE,TRUE
91081100,91,9108,910811,FALSE,FALSE,FALSE,TRUE
91081200,91,9108,910812,FALSE,FALSE,FALSE,TRUE
91081900,91,9108,910819,FALSE,FALSE,FALSE,TRUE
91082000,91,9108,910820,FALSE,FALSE,FALSE,TRUE
91089000,91,9108,910890,FALSE,FALSE,FALSE,TRUE
91089100,91,9108,910891,FALSE,FALSE,FALSE,FALSE
91089900,91,9108,910899,FALSE,FALSE,FALSE,FALSE
91091000,91,9109,910910,FALSE,FALSE,FALSE,TRUE
91091100,91,9109,910911,FALSE,FALSE,FALSE,FALSE
91091900,91,9109,910919,FALSE,FALSE,FALSE,FALSE
91091910,91,9109,910919,FALSE,FALSE,FALSE,FALSE
91091990,91,9109,910919,FALSE,FALSE,FALSE,FALSE
91099000,91,9109,910990,FALSE,FALSE,FALSE,TRUE
91099010,91,9109,910990,FALSE,FALSE,FALSE,FALSE
91099090,91,9109,910990,FALSE,FALSE,FALSE,FALSE
91101110,91,9110,911011,FALSE,FALSE,FALSE,TRUE
91101190,91,9110,911011,FALSE,FALSE,FALSE,TRUE
91101200,91,9110,911012,FALSE,FALSE,FALSE,TRUE
91101900,91,9110,911019,FALSE,FALSE,FALSE,TRUE
91109000,91,9110,911090,FALSE,FALSE,FALSE,TRUE
91111000,91,9111,911110,FALSE,FALSE,FALSE,TRUE
91112000,91,9111,911120,FALSE,FALSE,FALSE,TRUE
91112010,91,9111,911120,FALSE,FALSE,FALSE,FALSE
91112090,91,9111,911120,FALSE,FALSE,FALSE,FALSE
91118000,91,9111,911180,FALSE,FALSE,FALSE,TRUE
91119000,91,9111,911190,FALSE,FALSE,FALSE,TRUE
91121000,91,9112,911210,FALSE,FALSE,FALSE,FALSE
91122000,91,9112,911220,FALSE,FALSE,FALSE,TRUE
91128000,91,9112,911280,FALSE,FALSE,FALSE,FALSE
91129000,91,9112,911290,FALSE,FALSE,FALSE,TRUE
91131010,91,9113,911310,FALSE,FALSE,FALSE,TRUE
91131090,91,9113,911310,FALSE,FALSE,FALSE,TRUE
91132000,91,9113,911320,FALSE,FALSE,FALSE,TRUE
91139000,91,9113,911390,FALSE,FALSE,FALSE,TRUE
91139010,91,9113,911390,FALSE,FALSE,FALSE,FALSE
91139030,91,9113,911390,FALSE,FALSE,FALSE,FALSE
91139080,91,9113,911390,FALSE,FALSE,FALSE,FALSE
91139090,91,9113,911390,FALSE,FALSE,FALSE,FALSE
91141000,91,9114,911410,FALSE,FALSE,FALSE,TRUE
91142000,91,9114,911420,FALSE,FALSE,FALSE,FALSE
91143000,91,9114,911430,FALSE,FALSE,FALSE,TRUE
91144000,91,9114,911440,FALSE,FALSE,FALSE,TRUE
91149000,91,9114,911490,FALSE,FALSE,FALSE,TRUE
92011010,92,9201,920110,FALSE,FALSE,FALSE,TRUE
92011090,92,9201,920110,FALSE,FALSE,FALSE,TRUE
92012000,92,9201,920120,FALSE,FALSE,FALSE,TRUE
92019000,92,9201,920190,FALSE,FALSE,FALSE,TRUE
92021010,92,9202,920210,FALSE,FALSE,FALSE,TRUE
92021090,92,9202,920210,FALSE,FALSE,FALSE,TRUE
92029010,92,9202,920290,FALSE,FALSE,FALSE,FALSE
92029030,92,9202,920290,FALSE,FALSE,FALSE,TRUE
92029080,92,9202,920290,FALSE,FALSE,FALSE,TRUE
92029090,92,9202,920290,FALSE,FALSE,FALSE,FALSE
92030000,92,9203,920300,FALSE,FALSE,FALSE,FALSE
92030010,92,9203,920300,FALSE,FALSE,FALSE,FALSE
92030090,92,9203,920300,FALSE,FALSE,FALSE,FALSE
92041000,92,9204,920410,FALSE,FALSE,FALSE,FALSE
92041010,92,9204,920410,FALSE,FALSE,FALSE,FALSE
92041090,92,9204,920410,FALSE,FALSE,FALSE,FALSE
92042000,92,9204,920420,FALSE,FALSE,FALSE,FALSE
92051000,92,9205,920510,FALSE,FALSE,FALSE,TRUE
92059000,92,9205,920590,FALSE,FALSE,FALSE,FALSE
92059010,92,9205,920590,FALSE,FALSE,FALSE,TRUE
92059030,92,9205,920590,FALSE,FALSE,FALSE,TRUE
92059050,92,9205,920590,FALSE,FALSE,FALSE,TRUE
92059090,92,9205,920590,FALSE,FALSE,FALSE,TRUE
92060000,92,9206,920600,FALSE,FALSE,FALSE,TRUE
92071010,92,9207,920710,FALSE,FALSE,FALSE,TRUE
92071030,92,9207,920710,FALSE,FALSE,FALSE,TRUE
92071050,92,9207,920710,FALSE,FALSE,FALSE,TRUE
92071080,92,9207,920710,FALSE,FALSE,FALSE,TRUE
92079010,92,9207,920790,FALSE,FALSE,FALSE,TRUE
92079090,92,9207,920790,FALSE,FALSE,FALSE,TRUE
92081000,92,9208,920810,FALSE,FALSE,FALSE,TRUE
92089000,92,9208,920890,FALSE,FALSE,FALSE,TRUE
92091000,92,9209,920910,FALSE,FALSE,FALSE,FALSE
92092000,92,9209,920920,FALSE,FALSE,FALSE,FALSE
92093000,92,9209,920930,FALSE,FALSE,FALSE,TRUE
92099100,92,9209,920991,FALSE,FALSE,FALSE,TRUE
92099200,92,9209,920992,FALSE,FALSE,FALSE,TRUE
92099300,92,9209,920993,FALSE,FALSE,FALSE,FALSE
92099400,92,9209,920994,FALSE,FALSE,FALSE,TRUE
92099910,92,9209,920999,FALSE,FALSE,FALSE,FALSE
92099920,92,9209,920999,FALSE,FALSE,FALSE,TRUE
92099930,92,9209,920999,FALSE,FALSE,FALSE,FALSE
92099940,92,9209,920999,FALSE,FALSE,FALSE,TRUE
92099950,92,9209,920999,FALSE,FALSE,FALSE,TRUE
92099970,92,9209,920999,FALSE,FALSE,FALSE,TRUE
92099980,92,9209,920999,FALSE,FALSE,FALSE,FALSE
93010000,93,9301,930100,FALSE,FALSE,FALSE,FALSE
93011000,93,9301,930110,FALSE,FALSE,FALSE,TRUE
93011100,93,9301,930111,FALSE,FALSE,FALSE,FALSE
93011900,93,9301,930119,FALSE,FALSE,FALSE,FALSE
93012000,93,9301,930120,FALSE,FALSE,FALSE,TRUE
93019000,93,9301,930190,FALSE,FALSE,FALSE,TRUE
93020000,93,9302,930200,FALSE,FALSE,FALSE,TRUE
93020010,93,9302,930200,FALSE,FALSE,FALSE,FALSE
93020090,93,9302,930200,FALSE,FALSE,FALSE,FALSE
93031000,93,9303,930310,FALSE,FALSE,FALSE,TRUE
93032010,93,9303,930320,FALSE,FALSE,FALSE,TRUE
93032030,93,9303,930320,FALSE,FALSE,FALSE,FALSE
93032080,93,9303,930320,FALSE,FALSE,FALSE,FALSE
93032095,93,9303,930320,FALSE,FALSE,FALSE,TRUE
93033000,93,9303,930330,FALSE,FALSE,FALSE,TRUE
93039000,93,9303,930390,FALSE,FALSE,FALSE,TRUE
93040000,93,9304,930400,FALSE,FALSE,FALSE,TRUE
93051000,93,9305,930510,FALSE,FALSE,FALSE,TRUE
93052000,93,9305,930520,FALSE,FALSE,FALSE,TRUE
93052100,93,9305,930521,FALSE,FALSE,FALSE,FALSE
93052900,93,9305,930529,FALSE,FALSE,FALSE,FALSE
93052910,93,9305,930529,FALSE,FALSE,FALSE,FALSE
93052930,93,9305,930529,FALSE,FALSE,FALSE,FALSE
93052980,93,9305,930529,FALSE,FALSE,FALSE,FALSE
93052995,93,9305,930529,FALSE,FALSE,FALSE,FALSE
93059010,93,9305,930590,FALSE,FALSE,FALSE,FALSE
93059090,93,9305,930590,FALSE,FALSE,FALSE,FALSE
93059100,93,9305,930591,FALSE,FALSE,FALSE,TRUE
93059900,93,9305,930599,FALSE,FALSE,FALSE,TRUE
93061000,93,9306,930610,FALSE,FALSE,FALSE,FALSE
93062100,93,9306,930621,FALSE,FALSE,FALSE,TRUE
93062900,93,9306,930629,FALSE,FALSE,FALSE,TRUE
93062940,93,9306,930629,FALSE,FALSE,FALSE,FALSE
93062970,93,9306,930629,FALSE,FALSE,FALSE,FALSE
93063010,93,9306,930630,FALSE,FALSE,FALSE,TRUE
93063030,93,9306,930630,FALSE,FALSE,FALSE,TRUE
93063090,93,9306,930630,FALSE,FALSE,FALSE,TRUE
93063091,93,9306,930630,FALSE,FALSE,FALSE,FALSE
93063093,93,9306,930630,FALSE,FALSE,FALSE,FALSE
93063097,93,9306,930630,FALSE,FALSE,FALSE,FALSE
93063098,93,9306,930630,FALSE,FALSE,FALSE,FALSE
93069010,93,9306,930690,FALSE,FALSE,FALSE,TRUE
93069090,93,9306,930690,FALSE,FALSE,FALSE,TRUE
93070000,93,9307,930700,FALSE,FALSE,FALSE,TRUE
94011000,94,9401,940110,FALSE,FALSE,FALSE,TRUE
94011010,94,9401,940110,FALSE,FALSE,FALSE,FALSE
94011090,94,9401,940110,FALSE,FALSE,FALSE,FALSE
94012000,94,9401,940120,FALSE,FALSE,FALSE,TRUE
94013000,94,9401,940130,FALSE,FALSE,FALSE,TRUE
94013010,94,9401,940130,FALSE,FALSE,FALSE,FALSE
94013090,94,9401,940130,FALSE,FALSE,FALSE,FALSE
94014000,94,9401,940140,FALSE,FALSE,FALSE,TRUE
94015000,94,9401,940150,FALSE,FALSE,FALSE,FALSE
94015100,94,9401,940151,FALSE,FALSE,FALSE,TRUE
94015200,94,9401,940152,FALSE,FALSE,FALSE,FALSE
94015300,94,9401,940153,FALSE,FALSE,FALSE,FALSE
94015900,94,9401,940159,FALSE,FALSE,FALSE,TRUE
94016100,94,9401,940161,FALSE,FALSE,FALSE,TRUE
94016900,94,9401,940169,FALSE,FALSE,FALSE,TRUE
94017100,94,9401,940171,FALSE,FALSE,FALSE,TRUE
94017900,94,9401,940179,FALSE,FALSE,FALSE,TRUE
94018000,94,9401,940180,FALSE,FALSE,FALSE,TRUE
94019010,94,9401,940190,FALSE,FALSE,FALSE,TRUE
94019030,94,9401,940190,FALSE,FALSE,FALSE,TRUE
94019080,94,9401,940190,FALSE,FALSE,FALSE,TRUE
94021000,94,9402,940210,FALSE,FALSE,FALSE,TRUE
94029000,94,9402,940290,FALSE,FALSE,FALSE,TRUE
94031010,94,9403,940310,FALSE,FALSE,FALSE,FALSE
94031051,94,9403,940310,FALSE,FALSE,FALSE,TRUE
94031058,94,9403,940310,FALSE,FALSE,FALSE,TRUE
94031059,94,9403,940310,FALSE,FALSE,FALSE,FALSE
94031091,94,9403,940310,FALSE,FALSE,FALSE,TRUE
94031093,94,9403,940310,FALSE,FALSE,FALSE,TRUE
94031098,94,9403,940310,FALSE,FALSE,FALSE,TRUE
94031099,94,9403,940310,FALSE,FALSE,FALSE,FALSE
94032010,94,9403,940320,FALSE,FALSE,FALSE,FALSE
94032020,94,9403,940320,FALSE,FALSE,FALSE,TRUE
94032080,94,9403,940320,FALSE,FALSE,FALSE,TRUE
94032091,94,9403,940320,FALSE,FALSE,FALSE,FALSE
94032099,94,9403,940320,FALSE,FALSE,FALSE,FALSE
94033011,94,9403,940330,FALSE,FALSE,FALSE,TRUE
94033019,94,9403,940330,FALSE,FALSE,FALSE,TRUE
94033091,94,9403,940330,FALSE,FALSE,FALSE,TRUE
94033099,94,9403,940330,FALSE,FALSE,FALSE,TRUE
94034010,94,9403,940340,FALSE,FALSE,FALSE,TRUE
94034090,94,9403,940340,FALSE,FALSE,FALSE,TRUE
94035000,94,9403,940350,FALSE,FALSE,FALSE,TRUE
94036010,94,9403,940360,FALSE,FALSE,FALSE,TRUE
94036030,94,9403,940360,FALSE,FALSE,FALSE,TRUE
94036090,94,9403,940360,FALSE,FALSE,FALSE,TRUE
94037000,94,9403,940370,FALSE,FALSE,FALSE,TRUE
94037010,94,9403,940370,FALSE,FALSE,FALSE,FALSE
94037090,94,9403,940370,FALSE,FALSE,FALSE,FALSE
94038000,94,9403,940380,FALSE,FALSE,FALSE,FALSE
94038100,94,9403,940381,FALSE,FALSE,FALSE,TRUE
94038200,94,9403,940382,FALSE,FALSE,FALSE,FALSE
94038300,94,9403,940383,FALSE,FALSE,FALSE,FALSE
94038900,94,9403,940389,FALSE,FALSE,FALSE,TRUE
94039010,94,9403,940390,FALSE,FALSE,FALSE,TRUE
94039030,94,9403,940390,FALSE,FALSE,FALSE,TRUE
94039090,94,9403,940390,FALSE,FALSE,FALSE,TRUE
94041000,94,9404,940410,FALSE,FALSE,FALSE,TRUE
94042110,94,9404,940421,FALSE,FALSE,FALSE,TRUE
94042190,94,9404,940421,FALSE,FALSE,FALSE,TRUE
94042910,94,9404,940429,FALSE,FALSE,FALSE,TRUE
94042990,94,9404,940429,FALSE,FALSE,FALSE,TRUE
94043000,94,9404,940430,FALSE,FALSE,FALSE,TRUE
94043010,94,9404,940430,FALSE,FALSE,FALSE,FALSE
94043090,94,9404,940430,FALSE,FALSE,FALSE,FALSE
94049010,94,9404,940490,FALSE,FALSE,FALSE,TRUE
94049090,94,9404,940490,FALSE,FALSE,FALSE,TRUE
94051010,94,9405,940510,FALSE,FALSE,FALSE,FALSE
94051021,94,9405,940510,FALSE,FALSE,FALSE,TRUE
94051028,94,9405,940510,FALSE,FALSE,FALSE,FALSE
94051029,94,9405,940510,FALSE,FALSE,FALSE,FALSE
94051030,94,9405,940510,FALSE,FALSE,FALSE,FALSE
94051040,94,9405,940510,FALSE,FALSE,FALSE,TRUE
94051050,94,9405,940510,FALSE,FALSE,FALSE,TRUE
94051091,94,9405,940510,FALSE,FALSE,FALSE,TRUE
94051098,94,9405,940510,FALSE,FALSE,FALSE,TRUE
94051099,94,9405,940510,FALSE,FALSE,FALSE,FALSE
94052011,94,9405,940520,FALSE,FALSE,FALSE,TRUE
94052019,94,9405,940520,FALSE,FALSE,FALSE,FALSE
94052030,94,9405,940520,FALSE,FALSE,FALSE,FALSE
94052040,94,9405,940520,FALSE,FALSE,FALSE,TRUE
94052050,94,9405,940520,FALSE,FALSE,FALSE,TRUE
94052091,94,9405,940520,FALSE,FALSE,FALSE,TRUE
94052099,94,9405,940520,FALSE,FALSE,FALSE,TRUE
94053000,94,9405,940530,FALSE,FALSE,FALSE,TRUE
94054010,94,9405,940540,FALSE,FALSE,FALSE,TRUE
94054031,94,9405,940540,FALSE,FALSE,FALSE,TRUE
94054035,94,9405,940540,FALSE,FALSE,FALSE,TRUE
94054039,94,9405,940540,FALSE,FALSE,FALSE,TRUE
94054091,94,9405,940540,FALSE,FALSE,FALSE,TRUE
94054095,94,9405,940540,FALSE,FALSE,FALSE,TRUE
94054099,94,9405,940540,FALSE,FALSE,FALSE,TRUE
94055000,94,9405,940550,FALSE,FALSE,FALSE,TRUE
94056010,94,9405,940560,FALSE,FALSE,FALSE,FALSE
94056020,94,9405,940560,FALSE,FALSE,FALSE,TRUE
94056080,94,9405,940560,FALSE,FALSE,FALSE,TRUE
94056091,94,9405,940560,FALSE,FALSE,FALSE,FALSE
94056099,94,9405,940560,FALSE,FALSE,FALSE,FALSE
94059110,94,9405,940591,FALSE,FALSE,FALSE,TRUE
94059111,94,9405,940591,FALSE,FALSE,FALSE,FALSE
94059119,94,9405,940591,FALSE,FALSE,FALSE,FALSE
94059190,94,9405,940591,FALSE,FALSE,FALSE,TRUE
94059200,94,9405,940592,FALSE,FALSE,FALSE,TRUE
94059210,94,9405,940592,FALSE,FALSE,FALSE,FALSE
94059290,94,9405,940592,FALSE,FALSE,FALSE,FALSE
94059900,94,9405,940599,FALSE,FALSE,FALSE,TRUE
94059910,94,9405,940599,FALSE,FALSE,FALSE,FALSE
94059990,94,9405,940599,FALSE,FALSE,FALSE,FALSE
94060010,94,9406,940600,FALSE,FALSE,FALSE,FALSE
94060011,94,9406,940600,FALSE,FALSE,FALSE,TRUE
94060020,94,9406,940600,FALSE,FALSE,FALSE,TRUE
94060031,94,9406,940600,FALSE,FALSE,FALSE,TRUE
94060038,94,9406,940600,FALSE,FALSE,FALSE,TRUE
94060039,94,9406,940600,FALSE,FALSE,FALSE,FALSE
94060080,94,9406,940600,FALSE,FALSE,FALSE,TRUE
94060090,94,9406,940600,FALSE,FALSE,FALSE,FALSE
94061000,94,9406,940610,FALSE,FALSE,FALSE,FALSE
94069010,94,9406,940690,FALSE,FALSE,FALSE,FALSE
94069031,94,9406,940690,FALSE,FALSE,FALSE,FALSE
94069038,94,9406,940690,FALSE,FALSE,FALSE,FALSE
94069090,94,9406,940690,FALSE,FALSE,FALSE,FALSE
95010010,95,9501,950100,FALSE,FALSE,FALSE,FALSE
95010090,95,9501,950100,FALSE,FALSE,FALSE,FALSE
95021010,95,9502,950210,FALSE,FALSE,FALSE,FALSE
95021090,95,9502,950210,FALSE,FALSE,FALSE,FALSE
95029100,95,9502,950291,FALSE,FALSE,FALSE,FALSE
95029900,95,9502,950299,FALSE,FALSE,FALSE,FALSE
95030010,95,9503,950300,FALSE,FALSE,FALSE,TRUE
95030021,95,9503,950300,FALSE,FALSE,FALSE,TRUE
95030029,95,9503,950300,FALSE,FALSE,FALSE,TRUE
95030030,95,9503,950300,FALSE,FALSE,FALSE,TRUE
95030035,95,9503,950300,FALSE,FALSE,FALSE,TRUE
95030039,95,9503,950300,FALSE,FALSE,FALSE,TRUE
95030041,95,9503,950300,FALSE,FALSE,FALSE,TRUE
95030049,95,9503,950300,FALSE,FALSE,FALSE,TRUE
95030055,95,9503,950300,FALSE,FALSE,FALSE,TRUE
95030061,95,9503,950300,FALSE,FALSE,FALSE,TRUE
95030069,95,9503,950300,FALSE,FALSE,FALSE,TRUE
95030070,95,9503,950300,FALSE,FALSE,FALSE,TRUE
95030075,95,9503,950300,FALSE,FALSE,FALSE,TRUE
95030079,95,9503,950300,FALSE,FALSE,FALSE,TRUE
95030081,95,9503,950300,FALSE,FALSE,FALSE,TRUE
95030085,95,9503,950300,FALSE,FALSE,FALSE,TRUE
95030087,95,9503,950300,FALSE,FALSE,FALSE,FALSE
95030095,95,9503,950300,FALSE,FALSE,FALSE,TRUE
95030099,95,9503,950300,FALSE,FALSE,FALSE,TRUE
95031010,95,9503,950310,FALSE,FALSE,FALSE,FALSE
95031090,95,9503,950310,FALSE,FALSE,FALSE,FALSE
95032010,95,9503,950320,FALSE,FALSE,FALSE,FALSE
95032090,95,9503,950320,FALSE,FALSE,FALSE,FALSE
95033010,95,9503,950330,FALSE,FALSE,FALSE,FALSE
95033030,95,9503,950330,FALSE,FALSE,FALSE,FALSE
95033090,95,9503,950330,FALSE,FALSE,FALSE,FALSE
95034100,95,9503,950341,FALSE,FALSE,FALSE,FALSE
95034910,95,9503,950349,FALSE,FALSE,FALSE,FALSE
95034930,95,9503,950349,FALSE,FALSE,FALSE,FALSE
95034990,95,9503,950349,FALSE,FALSE,FALSE,FALSE
95035000,95,9503,950350,FALSE,FALSE,FALSE,FALSE
95036010,95,9503,950360,FALSE,FALSE,FALSE,FALSE
95036090,95,9503,950360,FALSE,FALSE,FALSE,FALSE
95037000,95,9503,950370,FALSE,FALSE,FALSE,FALSE
95038010,95,9503,950380,FALSE,FALSE,FALSE,FALSE
95038090,95,9503,950380,FALSE,FALSE,FALSE,FALSE
95039010,95,9503,950390,FALSE,FALSE,FALSE,FALSE
95039032,95,9503,950390,FALSE,FALSE,FALSE,FALSE
95039034,95,9503,950390,FALSE,FALSE,FALSE,FALSE
95039035,95,9503,950390,FALSE,FALSE,FALSE,FALSE
95039037,95,9503,950390,FALSE,FALSE,FALSE,FALSE
95039051,95,9503,950390,FALSE,FALSE,FALSE,FALSE
95039055,95,9503,950390,FALSE,FALSE,FALSE,FALSE
95039099,95,9503,950390,FALSE,FALSE,FALSE,FALSE
95041000,95,9504,950410,FALSE,FALSE,FALSE,FALSE
95042000,95,9504,950420,FALSE,FALSE,FALSE,TRUE
95042010,95,9504,950420,FALSE,FALSE,FALSE,FALSE
95042090,95,9504,950420,FALSE,FALSE,FALSE,FALSE
95043010,95,9504,950430,FALSE,FALSE,FALSE,TRUE
95043020,95,9504,950430,FALSE,FALSE,FALSE,TRUE
95043030,95,9504,950430,FALSE,FALSE,FALSE,FALSE
95043050,95,9504,950430,FALSE,FALSE,FALSE,FALSE
95043090,95,9504,950430,FALSE,FALSE,FALSE,TRUE
95044000,95,9504,950440,FALSE,FALSE,FALSE,TRUE
95045000,95,9504,950450,FALSE,FALSE,FALSE,TRUE
95049010,95,9504,950490,FALSE,FALSE,FALSE,TRUE
95049080,95,9504,950490,FALSE,FALSE,FALSE,TRUE
95049090,95,9504,950490,FALSE,FALSE,FALSE,FALSE
95051010,95,9505,950510,FALSE,FALSE,FALSE,TRUE
95051090,95,9505,950510,FALSE,FALSE,FALSE,TRUE
95059000,95,9505,950590,FALSE,FALSE,FALSE,TRUE
95061110,95,9506,950611,FALSE,FALSE,FALSE,TRUE
95061120,95,9506,950611,FALSE,FALSE,FALSE,FALSE
95061121,95,9506,950611,FALSE,FALSE,FALSE,TRUE
95061129,95,9506,950611,FALSE,FALSE,FALSE,TRUE
95061180,95,9506,950611,FALSE,FALSE,FALSE,TRUE
95061190,95,9506,950611,FALSE,FALSE,FALSE,FALSE
95061200,95,9506,950612,FALSE,FALSE,FALSE,TRUE
95061900,95,9506,950619,FALSE,FALSE,FALSE,TRUE
95062100,95,9506,950621,FALSE,FALSE,FALSE,TRUE
95062900,95,9506,950629,FALSE,FALSE,FALSE,TRUE
95063100,95,9506,950631,FALSE,FALSE,FALSE,TRUE
95063200,95,9506,950632,FALSE,FALSE,FALSE,TRUE
95063910,95,9506,950639,FALSE,FALSE,FALSE,TRUE
95063990,95,9506,950639,FALSE,FALSE,FALSE,TRUE
95064000,95,9506,950640,FALSE,FALSE,FALSE,TRUE
95064010,95,9506,950640,FALSE,FALSE,FALSE,FALSE
95064090,95,9506,950640,FALSE,FALSE,FALSE,FALSE
95065100,95,9506,950651,FALSE,FALSE,FALSE,TRUE
95065900,95,9506,950659,FALSE,FALSE,FALSE,TRUE
95066100,95,9506,950661,FALSE,FALSE,FALSE,TRUE
95066200,95,9506,950662,FALSE,FALSE,FALSE,TRUE
95066210,95,9506,950662,FALSE,FALSE,FALSE,FALSE
95066290,95,9506,950662,FALSE,FALSE,FALSE,FALSE
95066910,95,9506,950669,FALSE,FALSE,FALSE,TRUE
95066990,95,9506,950669,FALSE,FALSE,FALSE,TRUE
95067010,95,9506,950670,FALSE,FALSE,FALSE,TRUE
95067030,95,9506,950670,FALSE,FALSE,FALSE,TRUE
95067090,95,9506,950670,FALSE,FALSE,FALSE,TRUE
95069100,95,9506,950691,FALSE,FALSE,FALSE,FALSE
95069110,95,9506,950691,FALSE,FALSE,FALSE,TRUE
95069190,95,9506,950691,FALSE,FALSE,FALSE,TRUE
95069910,95,9506,950699,FALSE,FALSE,FALSE,TRUE
95069990,95,9506,950699,FALSE,FALSE,FALSE,TRUE
95071000,95,9507,950710,FALSE,FALSE,FALSE,TRUE
95072010,95,9507,950720,FALSE,FALSE,FALSE,TRUE
95072090,95,9507,950720,FALSE,FALSE,FALSE,TRUE
95073000,95,9507,950730,FALSE,FALSE,FALSE,TRUE
95079000,95,9507,950790,FALSE,FALSE,FALSE,TRUE
95080000,95,9508,950800,FALSE,FALSE,FALSE,FALSE
95081000,95,9508,950810,FALSE,FALSE,FALSE,TRUE
95089000,95,9508,950890,FALSE,FALSE,FALSE,TRUE
96011000,96,9601,960110,FALSE,FALSE,FALSE,TRUE
96019000,96,9601,960190,FALSE,FALSE,FALSE,TRUE
96019010,96,9601,960190,FALSE,FALSE,FALSE,FALSE
96019090,96,9601,960190,FALSE,FALSE,FALSE,FALSE
96020000,96,9602,960200,FALSE,FALSE,FALSE,TRUE
96031000,96,9603,960310,FALSE,FALSE,FALSE,TRUE
96032100,96,9603,960321,FALSE,FALSE,FALSE,TRUE
96032910,96,9603,960329,FALSE,FALSE,FALSE,FALSE
96032930,96,9603,960329,FALSE,FALSE,FALSE,TRUE
96032980,96,9603,960329,FALSE,FALSE,FALSE,TRUE
96032990,96,9603,960329,FALSE,FALSE,FALSE,FALSE
96033010,96,9603,960330,FALSE,FALSE,FALSE,TRUE
96033090,96,9603,960330,FALSE,FALSE,FALSE,TRUE
96034010,96,9603,960340,FALSE,FALSE,FALSE,TRUE
96034090,96,9603,960340,FALSE,FALSE,FALSE,TRUE
96035000,96,9603,960350,FALSE,FALSE,FALSE,TRUE
96039010,96,9603,960390,FALSE,FALSE,FALSE,TRUE
96039091,96,9603,960390,FALSE,FALSE,FALSE,TRUE
96039099,96,9603,960390,FALSE,FALSE,FALSE,TRUE
96040000,96,9604,960400,FALSE,FALSE,FALSE,TRUE
96050000,96,9605,960500,FALSE,FALSE,FALSE,TRUE
96061000,96,9606,960610,FALSE,FALSE,FALSE,TRUE
96062100,96,9606,960621,FALSE,FALSE,FALSE,TRUE
96062200,96,9606,960622,FALSE,FALSE,FALSE,TRUE
96062900,96,9606,960629,FALSE,FALSE,FALSE,TRUE
96063000,96,9606,960630,FALSE,FALSE,FALSE,TRUE
96071100,96,9607,960711,FALSE,FALSE,FALSE,TRUE
96071900,96,9607,960719,FALSE,FALSE,FALSE,TRUE
96072010,96,9607,960720,FALSE,FALSE,FALSE,TRUE
96072090,96,9607,960720,FALSE,FALSE,FALSE,TRUE
96081010,96,9608,960810,FALSE,FALSE,FALSE,TRUE
96081030,96,9608,960810,FALSE,FALSE,FALSE,FALSE
96081091,96,9608,960810,FALSE,FALSE,FALSE,FALSE
96081092,96,9608,960810,FALSE,FALSE,FALSE,TRUE
96081099,96,9608,960810,FALSE,FALSE,FALSE,TRUE
96082000,96,9608,960820,FALSE,FALSE,FALSE,TRUE
96083000,96,9608,960830,FALSE,FALSE,FALSE,TRUE
96083100,96,9608,960831,FALSE,FALSE,FALSE,FALSE
96083910,96,9608,960839,FALSE,FALSE,FALSE,FALSE
96083990,96,9608,960839,FALSE,FALSE,FALSE,FALSE
96084000,96,9608,960840,FALSE,FALSE,FALSE,TRUE
96085000,96,9608,960850,FALSE,FALSE,FALSE,TRUE
96086000,96,9608,960860,FALSE,FALSE,FALSE,TRUE
96086010,96,9608,960860,FALSE,FALSE,FALSE,FALSE
96086090,96,9608,960860,FALSE,FALSE,FALSE,FALSE
96089100,96,9608,960891,FALSE,FALSE,FALSE,TRUE
96089900,96,9608,960899,FALSE,FALSE,FALSE,TRUE
96089910,96,9608,960899,FALSE,FALSE,FALSE,FALSE
96089920,96,9608,960899,FALSE,FALSE,FALSE,FALSE
96089930,96,9608,960899,FALSE,FALSE,FALSE,FALSE
96089980,96,9608,960899,FALSE,FALSE,FALSE,FALSE
96089991,96,9608,960899,FALSE,FALSE,FALSE,FALSE
96089992,96,9608,960899,FALSE,FALSE,FALSE,FALSE
96089998,96,9608,960899,FALSE,FALSE,FALSE,FALSE
96089999,96,9608,960899,FALSE,FALSE,FALSE,FALSE
96091010,96,9609,960910,FALSE,FALSE,FALSE,TRUE
96091090,96,9609,960910,FALSE,FALSE,FALSE,TRUE
96092000,96,9609,960920,FALSE,FALSE,FALSE,TRUE
96099010,96,9609,960990,FALSE,FALSE,FALSE,TRUE
96099090,96,9609,960990,FALSE,FALSE,FALSE,TRUE
96100000,96,9610,961000,FALSE,FALSE,FALSE,TRUE
96110000,96,9611,961100,FALSE,FALSE,FALSE,TRUE
96121010,96,9612,961210,FALSE,FALSE,FALSE,TRUE
96121020,96,9612,961210,FALSE,FALSE,FALSE,TRUE
96121080,96,9612,961210,FALSE,FALSE,FALSE,TRUE
96122000,96,9612,961220,FALSE,FALSE,FALSE,TRUE
96131000,96,9613,961310,FALSE,FALSE,FALSE,TRUE
96132000,96,9613,961320,FALSE,FALSE,FALSE,TRUE
96132010,96,9613,961320,FALSE,FALSE,FALSE,FALSE
96132090,96,9613,961320,FALSE,FALSE,FALSE,FALSE
96133000,96,9613,961330,FALSE,FALSE,FALSE,FALSE
96138000,96,9613,961380,FALSE,FALSE,FALSE,TRUE
96139000,96,9613,961390,FALSE,FALSE,FALSE,TRUE
96140010,96,9614,961400,FALSE,FALSE,FALSE,TRUE
96140090,96,9614,961400,FALSE,FALSE,FALSE,TRUE
96141000,96,9614,961410,FALSE,FALSE,FALSE,FALSE
96142010,96,9614,961420,FALSE,FALSE,FALSE,FALSE
96142020,96,9614,961420,FALSE,FALSE,FALSE,FALSE
96142080,96,9614,961420,FALSE,FALSE,FALSE,FALSE
96142090,96,9614,961420,FALSE,FALSE,FALSE,FALSE
96149000,96,9614,961490,FALSE,FALSE,FALSE,FALSE
96151100,96,9615,961511,FALSE,FALSE,FALSE,TRUE
96151900,96,9615,961519,FALSE,FALSE,FALSE,TRUE
96159000,96,9615,961590,FALSE,FALSE,FALSE,TRUE
96161010,96,9616,961610,FALSE,FALSE,FALSE,TRUE
96161090,96,9616,961610,FALSE,FALSE,FALSE,TRUE
96162000,96,9616,961620,FALSE,FALSE,FALSE,TRUE
96170000,96,9617,961700,FALSE,FALSE,FALSE,TRUE
96170011,96,9617,961700,FALSE,FALSE,FALSE,FALSE
96170019,96,9617,961700,FALSE,FALSE,FALSE,FALSE
96170090,96,9617,961700,FALSE,FALSE,FALSE,FALSE
96180000,96,9618,961800,FALSE,FALSE,FALSE,TRUE
96190011,96,9619,961900,FALSE,FALSE,FALSE,FALSE
96190013,96,9619,961900,FALSE,FALSE,FALSE,FALSE
96190019,96,9619,961900,FALSE,FALSE,FALSE,FALSE
96190021,96,9619,961900,FALSE,FALSE,FALSE,FALSE
96190029,96,9619,961900,FALSE,FALSE,FALSE,FALSE
96190030,96,9619,961900,FALSE,FALSE,FALSE,TRUE
96190031,96,9619,961900,FALSE,FALSE,FALSE,FALSE
96190039,96,9619,961900,FALSE,FALSE,FALSE,FALSE
96190040,96,9619,961900,FALSE,FALSE,FALSE,TRUE
96190041,96,9619,961900,FALSE,FALSE,FALSE,FALSE
96190049,96,9619,961900,FALSE,FALSE,FALSE,FALSE
96190050,96,9619,961900,FALSE,FALSE,FALSE,TRUE
96190051,96,9619,961900,FALSE,FALSE,FALSE,FALSE
96190059,96,9619,961900,FALSE,FALSE,FALSE,FALSE
96190071,96,9619,961900,FALSE,FALSE,FALSE,TRUE
96190075,96,9619,961900,FALSE,FALSE,FALSE,TRUE
96190079,96,9619,961900,FALSE,FALSE,FALSE,TRUE
96190081,96,9619,961900,FALSE,FALSE,FALSE,TRUE
96190089,96,9619,961900,FALSE,FALSE,FALSE,TRUE
96190090,96,9619,961900,FALSE,FALSE,FALSE,FALSE
96200010,96,9620,962000,FALSE,FALSE,FALSE,FALSE
96200091,96,9620,962000,FALSE,FALSE,FALSE,FALSE
96200099,96,9620,962000,FALSE,FALSE,FALSE,FALSE
97011000,97,9701,970110,FALSE,FALSE,FALSE,TRUE
97019000,97,9701,970190,FALSE,FALSE,FALSE,TRUE
97020000,97,9702,970200,FALSE,FALSE,FALSE,TRUE
97030000,97,9703,970300,FALSE,FALSE,FALSE,TRUE
97040000,97,9704,970400,FALSE,FALSE,FALSE,TRUE
97050000,97,9705,970500,FALSE,FALSE,FALSE,TRUE
97060000,97,9706,970600,FALSE,FALSE,FALSE,TRUE
