buyer,top_supplier,version,seller_nace4d,omega,num_spend,sum_buyer_tc,n_yr_tc,x_buyertotal,shock_buyertotal
03C2F8EBEFFAC11E770D85E82485F76642EA0BF2914C018154D0A369C7BF7FAF,3BE59C35E1BFCEE14744A27D1026D2E8F5690AEFBA6276A6EFADA053A2D4F534,treat_2008,3511,0.000229158205560246,925.489990234375,355623114,2,2.6024461116281e-06,5.96371881007934e-10
07397C569A6F3EE3D320F358AC14FDDA7968E82875635449E3BD95D1834FC0E5,7BD8DA430EC6A64C5278A5087EDDDCFD54EE849C1B904B1F1BFF9FE3FB8E5553,treat_2008,2014,8.25574858824201e-06,40750,13821056,2,0.00294839989071747,2.43412482353636e-08
083C42AB940BBCC0A3859BC45EFA25AD9C63D65F877E10CBE66F9633B7E83442,1CB37AB74478F9C217EFCFDA2843A640F506101BDE944EFD19E87241396C4A1C,treat_2008,1107,3.1407618166918e-07,15694013,1332687042,2,0.0117762179006765,3.69862955274872e-09
083C42AB940BBCC0A3859BC45EFA25AD9C63D65F877E10CBE66F9633B7E83442,82AD7E022AA1035FA624569E4235B7E60665602F69F48D196D6E577AB3B2F821,treat_2008,1105,3.86397618937294e-05,70248.240234375,1332687042,2,5.27117305267346e-05,2.03676871655945e-09
083C42AB940BBCC0A3859BC45EFA25AD9C63D65F877E10CBE66F9633B7E83442,E30B927536F61331175A68BC7A08D889C65901DBE6824FE8ED84680AF71FAB48,treat_2008,1051,6.54164203332758e-06,43736.30078125,1332687042,2,3.2818133142207e-05,2.14684479218402e-10
0AABE45F4FB603AEFF53DCD7E191AED36467BD28C51C0AAB83550B4DE8F2B90A,1EB11C8C03D563589A1E83AF2856341DABF421EDF816A205EC6A0E9C90EACF10,treat_2008,2351,3.82449630403523e-05,2662212.125,36412644,2,0.0731122992606634,2.79617718301925e-06
0AFDA5600C5689E10A8202D92A4A682B1FB99F43FD7431989ABF246906DF5C24,3BE59C35E1BFCEE14744A27D1026D2E8F5690AEFBA6276A6EFADA053A2D4F534,treat_2008,3511,0.000229158205560246,13989.830078125,27534843,2,0.000508077350509135,1.16430093928478e-07
0BD0608E5E6033E97E470697C372C4189D34F4AC0B807046123DBB9D8AB8824D,7BD8DA430EC6A64C5278A5087EDDDCFD54EE849C1B904B1F1BFF9FE3FB8E5553,treat_2008,2014,8.25574858824201e-06,674015.875,48701838,2,0.0138396393787027,1.14256583262503e-07
0BFC34F8E6217EAAA681604AEF49E3C95AC309C23129FABBB0F6F54C0962553C,7BD8DA430EC6A64C5278A5087EDDDCFD54EE849C1B904B1F1BFF9FE3FB8E5553,treat_2008,2014,8.25574858824201e-06,3681.60009765625,111674719,2,3.29671758355286e-05,2.72168715362492e-10
0C4C488CD190D5E697A30E727520F6467C086D4BD7C03772666F33D5B447E127,06293F6EE72354A5EEC27E3925EA2F31420BC3BF0D984801512A4FB156358E10,treat_2008,3030,5.37187733197032e-07,85275,301019567,2,0.000283287232288126,1.52178426156519e-10
0D8E6484CB9716B07B6C77FDAD4D31811A9B3082E8A56ED31A4A3CE3BD08F828,3BE59C35E1BFCEE14744A27D1026D2E8F5690AEFBA6276A6EFADA053A2D4F534,treat_2008,3511,0.000229158205560246,17249244.25,1396232606,2,0.0123541336707617,2.83105110324317e-06
0D8E6484CB9716B07B6C77FDAD4D31811A9B3082E8A56ED31A4A3CE3BD08F828,7BD8DA430EC6A64C5278A5087EDDDCFD54EE849C1B904B1F1BFF9FE3FB8E5553,treat_2008,2014,8.25574858824201e-06,702,1396232606,2,5.02781554436783e-07,4.15083810823559e-12
0DDB9AF83891A69613D1C08A28B90CBD44E7E5E58B56EC0085A8971935A577E0,1CA094B752178A00D0DAB81D2B57AF833D16221A5E9AC38167100BC586216614,treat_2008,1393,2.18514836381663e-08,209332.875,53485752,2,0.00391380633481605,8.55224750881845e-11
0E6E41DA993142E6DE05A8BAB736CDD2C61EFA0D04650E9F6C860FE4EA7242B8,3BE59C35E1BFCEE14744A27D1026D2E8F5690AEFBA6276A6EFADA053A2D4F534,treat_2008,3511,0.000229158205560246,2600,405191087,2,6.41672554855581e-06,1.47044531227963e-09
0EDCE219327723D6AF92286B15C58BB65A813A671BDD77B0DBBE27949E5B0610,AFCA27A1F1BB2F7C605C4B1753142D734EB685C1A44B33B33D43D3893BB18C10,treat_2008,2014,3.93079763820856e-05,1712000,1937512680,2,0.000883607120444755,3.47328078214851e-08
1061796C42F184760E3BAF45DC443875C42284348C2B209B70F02ED964EDAC7E,3BE59C35E1BFCEE14744A27D1026D2E8F5690AEFBA6276A6EFADA053A2D4F534,treat_2008,3511,0.000229158205560246,9111186.5,293523375,2,0.0310407527168833,7.1132431918403e-06
125EA6B782DCCA982F2692424AE91CBA74A6BC3DB2028CDF4B30877325B3BAF1,7BD8DA430EC6A64C5278A5087EDDDCFD54EE849C1B904B1F1BFF9FE3FB8E5553,treat_2008,2014,8.25574858824201e-06,36492.48046875,41450802549,2,8.80380552960618e-07,7.26820050722034e-12
19D0C27E90DE05558674786A9E5A3A6FA7E77A22D3A5BE19D32C9563E05F8B60,3BE59C35E1BFCEE14744A27D1026D2E8F5690AEFBA6276A6EFADA053A2D4F534,treat_2008,3511,0.000229158205560246,13219339.5,703602607,2,0.018788076349467,4.30544186217275e-06
1C11833165B677F52CD3D03CE1B06AA9CF752BF2B2B285095F8BAF82E7287C4E,AFCA27A1F1BB2F7C605C4B1753142D734EB685C1A44B33B33D43D3893BB18C10,treat_2008,2014,3.93079763820856e-05,2745419,158270849,2,0.0173463339417608,6.81849284898504e-07
1C6EC1F8E25B016DB87AC7C6CDC9FD74E36F38CFD1673CB9480E1F9ED238F425,3BE59C35E1BFCEE14744A27D1026D2E8F5690AEFBA6276A6EFADA053A2D4F534,treat_2008,3511,0.000229158205560246,141494448,52854117165,2,0.00267707523253643,6.13473756437826e-07
1C6EC1F8E25B016DB87AC7C6CDC9FD74E36F38CFD1673CB9480E1F9ED238F425,AFCA27A1F1BB2F7C605C4B1753142D734EB685C1A44B33B33D43D3893BB18C10,treat_2008,2014,3.93079763820856e-05,507490.46875,52854117165,2,9.60172066001436e-06,3.77424208931228e-10
1CB37AB74478F9C217EFCFDA2843A640F506101BDE944EFD19E87241396C4A1C,3BE59C35E1BFCEE14744A27D1026D2E8F5690AEFBA6276A6EFADA053A2D4F534,treat_2008,3511,0.000229158205560246,3951428.5,1690672617,2,0.00233719317404666,5.35586993812188e-07
1DE6B567F3CBE927C0F65E41ACDDEBDEC239113598F9E4023791675633AF5C3F,1EB11C8C03D563589A1E83AF2856341DABF421EDF816A205EC6A0E9C90EACF10,treat_2008,2351,3.82449630403523e-05,6441.75,33894379,2,0.000190053636917201,7.26859431958289e-09
1DE6B567F3CBE927C0F65E41ACDDEBDEC239113598F9E4023791675633AF5C3F,DFE84999859FA7A6205AF0220585AD1C09A9628C9E358622CBCEA2E6DACBBBF1,treat_2008,4673,0.000142952612818147,3876,33894379,2,0.000114355244567248,1.63473810003463e-08
1E1A82B4AF372BD8385AA46FE9E74ACC9677516019D082CB5AEE9ECF9A49CC5E,7BD8DA430EC6A64C5278A5087EDDDCFD54EE849C1B904B1F1BFF9FE3FB8E5553,treat_2008,2014,8.25574858824201e-06,209153.203125,481148212,2,0.000434695999919875,3.58874088765296e-09
1E44CC52285B69623C9CCB062BA9A78BAB4DD82BD18FFAC411FB7B652E5DB487,AFCA27A1F1BB2F7C605C4B1753142D734EB685C1A44B33B33D43D3893BB18C10,treat_2008,2014,3.93079763820856e-05,10081.0102539063,452462124,2,2.22803406499198e-05,8.75795104051869e-10
1EB11C8C03D563589A1E83AF2856341DABF421EDF816A205EC6A0E9C90EACF10,1EB11C8C03D563589A1E83AF2856341DABF421EDF816A205EC6A0E9C90EACF10,treat_2008,2351,3.82449630403523e-05,7782201.25,342293441,2,0.0227354670520841,8.69517097112105e-07
1FF4BE36DA23ED1089F771723A6F25ACE00CFA2E444FBEB5B9881B54FB91D596,1629E9233A9D8C0E17FE5852F17030A4B06A38832FCB56CFA37AFC6A42F63349,treat_2008,1031,0.000131960772208984,2178,708337034,2,3.0748074651706e-06,4.05753967497861e-10
1FF4BE36DA23ED1089F771723A6F25ACE00CFA2E444FBEB5B9881B54FB91D596,E30B927536F61331175A68BC7A08D889C65901DBE6824FE8ED84680AF71FAB48,treat_2008,1051,6.54164203332758e-06,655696.84375,708337034,2,0.000925684825551561,6.0554987644416e-09
2067DC776D1DEE682E338D5BDF2FAFF656A199BA8C65B700D0772CD9404A28CF,3BE59C35E1BFCEE14744A27D1026D2E8F5690AEFBA6276A6EFADA053A2D4F534,treat_2008,3511,0.000229158205560246,868351.96875,510302429,2,0.00170164184883784,3.89945192585899e-07
2067DC776D1DEE682E338D5BDF2FAFF656A199BA8C65B700D0772CD9404A28CF,52CC2CBF9E3CAAF0F57404F3B203CA71D00EDB7723E195AE8A8947ADA5C06C9A,treat_2008,4211,0.000432901544261535,554.679992675781,510302429,2,1.08696326169316e-06,4.70548074542523e-10
2143DCDF48C485A5ED2D56CBEA8AED4B49D0BE62E07BC3509CE4E241A2213380,1EB11C8C03D563589A1E83AF2856341DABF421EDF816A205EC6A0E9C90EACF10,treat_2008,2351,3.82449630403523e-05,48401.9599609375,7492548,2,0.00646001333070372,2.47062971072947e-07
231728AE658DF5F67DE00CBD2B6F24F04EF33377DE281117BBA359DFB4CEA28C,EE1CC683DC430F9FD34068CC8A9EB02D8B711844ECEB463B526854EAFD885B6D,treat_2008,1712,7.97125244171911e-05,84911.119140625,352844998,2,0.000240647081925262,1.91825863938933e-08
233C29FA2E67D9E99661CF7ABDF39D6AC6BAEC0D61A8BF7ACA5B2A341DB24E7D,3BE59C35E1BFCEE14744A27D1026D2E8F5690AEFBA6276A6EFADA053A2D4F534,treat_2008,3511,0.000229158205560246,8796594.5,203145230,2,0.0433019987720115,9.92300833576614e-06
233C29FA2E67D9E99661CF7ABDF39D6AC6BAEC0D61A8BF7ACA5B2A341DB24E7D,F528BEC475BD1E0F79259B2E943C62A8B2D1382032F6DDF19F90EDF27B4E278A,treat_2008,2352,3.47441270450376e-05,440736.388671875,203145230,2,0.00216956306910024,7.53795749050406e-08
23471D8AF6182A3169E31B37360D193223E3008F721885E39CE6B91088310182,7C45D5C36EEA033EE8C487408E9428CBEC67A338A6F94919C4AF35C8C8405829,treat_2008,1320,3.84489142781168e-08,3083.34997558594,101262511,2,3.04490768117131e-05,1.17073394418135e-12
24EC9B9D0111DCD6D335B5F1A858B1F4086C18CB005053FE84A5F27D5EA4B086,3BE59C35E1BFCEE14744A27D1026D2E8F5690AEFBA6276A6EFADA053A2D4F534,treat_2008,3511,0.000229158205560246,5398443,754767858,2,0.00715245481478889,1.63904371070776e-06
24EC9B9D0111DCD6D335B5F1A858B1F4086C18CB005053FE84A5F27D5EA4B086,E30B927536F61331175A68BC7A08D889C65901DBE6824FE8ED84680AF71FAB48,treat_2008,1051,6.54164203332758e-06,982026.875,754767858,2,0.00130109789995853,8.51131671184298e-09
25CE8A50D359841FDD4DC7531B3562F57BB43B3ADBE436B67EB54FC4132C8DAB,52CC2CBF9E3CAAF0F57404F3B203CA71D00EDB7723E195AE8A8947ADA5C06C9A,treat_2008,4211,0.000432901544261535,1341.91003417969,59357155,2,2.26073846393023e-05,9.78677172206848e-09
2610A04A7FF72DF68C8380733152E8CC08CA56FF7E43A6D7820C9BCA404A6BC8,7C45D5C36EEA033EE8C487408E9428CBEC67A338A6F94919C4AF35C8C8405829,treat_2008,1320,3.84489142781168e-08,8662.599609375,11747789,2,0.000737381273137865,2.83515093611664e-11
27BD6B403A6000BF78DBC9A09E4644A0F5B4CC32DA11FE82AD6E99FAF0DF44A5,DAEA45B1C32A96BEF3B14822D96C2FE56C613857921FE02B9603218C0CB7CEF2,treat_2008,2229,1.06124295585041e-06,8289.490234375,1476238585,2,5.61527812550368e-06,5.95917435583167e-12
2933865DD9EA5D872D4DB5CE3EFA88841232CF514E5C7067BECE0A367B705212,AFCA27A1F1BB2F7C605C4B1753142D734EB685C1A44B33B33D43D3893BB18C10,treat_2008,2014,3.93079763820856e-05,705681.8125,131163232,2,0.00538018011404294,2.11483992854166e-07
29ED4EDA06C6CA3EB237686CBD7B620DD2B42A15418C3B14A3D1346BFC9A43EF,DFE84999859FA7A6205AF0220585AD1C09A9628C9E358622CBCEA2E6DACBBBF1,treat_2008,4673,0.000142952612818147,1682.09997558594,24075721,2,6.98670654800302e-05,9.98767956030688e-09
2DEA0A85019750F6DE07A74AD80829C0FF1923D16B120445436C744CFE479443,3BE59C35E1BFCEE14744A27D1026D2E8F5690AEFBA6276A6EFADA053A2D4F534,treat_2008,3511,0.000229158205560246,917705.25,331596665,1,0.00276753461920372,6.34203267162584e-07
2EA5AB1710B2C07A0559C4D607230AEE3A896C7A33156792015D2C79268E4D7A,E30B927536F61331175A68BC7A08D889C65901DBE6824FE8ED84680AF71FAB48,treat_2008,1051,6.54164203332758e-06,271960.27734375,259557615,2,0.00104778385077914,6.85422688009867e-09
32424075741922469453FAD31C3E5A3FC8FB96E6E14ACF83BA40B2F0B4770F80,DAEA45B1C32A96BEF3B14822D96C2FE56C613857921FE02B9603218C0CB7CEF2,treat_2008,2229,1.06124295585041e-06,780.419982910156,373769872,2,2.08796920611663e-06,2.21584261202385e-12
381129D2BACBFFE88AA47CF43AAB8B0205C90F8E3B8F55424F7421B3BB765AE7,AFCA27A1F1BB2F7C605C4B1753142D734EB685C1A44B33B33D43D3893BB18C10,treat_2008,2014,3.93079763820856e-05,5558.22009277344,401463227,2,1.38449046362432e-05,5.44215184453673e-10
3A03EF07D82B182A1644571A8F7DD0169ABFDAFFE08229F4B374E108DF0EFE30,E30B927536F61331175A68BC7A08D889C65901DBE6824FE8ED84680AF71FAB48,treat_2008,1051,6.54164203332758e-06,775054.875,612596398,2,0.0012651965919656,8.27646320642495e-09
3BE59C35E1BFCEE14744A27D1026D2E8F5690AEFBA6276A6EFADA053A2D4F534,CC65917C7CF2644290617174C31B7E8C05CA4EEDE602B3AA5F2FD2587CA1468C,treat_2008,2014,0.000148570594989111,1494797.875,44552718394,2,3.35512159276303e-05,4.98472411297617e-09
3BE59C35E1BFCEE14744A27D1026D2E8F5690AEFBA6276A6EFADA053A2D4F534,EE1CC683DC430F9FD34068CC8A9EB02D8B711844ECEB463B526854EAFD885B6D,treat_2008,1712,7.97125244171911e-05,1429569,44552718394,2,3.20871329860878e-05,2.55774637163119e-09
3C2FF786CB14EE5DD5BBB4F942014CDBFD831EA6F74B20DE240BE1963FCE60A5,1EB11C8C03D563589A1E83AF2856341DABF421EDF816A205EC6A0E9C90EACF10,treat_2008,2351,3.82449630403523e-05,1363218.125,25136277,2,0.0542330960547578,2.07414275417809e-06
3C2FF786CB14EE5DD5BBB4F942014CDBFD831EA6F74B20DE240BE1963FCE60A5,DFE84999859FA7A6205AF0220585AD1C09A9628C9E358622CBCEA2E6DACBBBF1,treat_2008,4673,0.000142952612818147,80098.5390625,25136277,2,0.00318657130737778,4.55528694320992e-07
3D49588D1918DFA4568937AEB2822B4167C073A07CB931AAE68628147C44CAE7,1EB11C8C03D563589A1E83AF2856341DABF421EDF816A205EC6A0E9C90EACF10,treat_2008,2351,3.82449630403523e-05,5963255,101090641,2,0.0589891897114393,2.25603938029433e-06
3DB248094F805E65C4283A5FC5C1A05F1871485D001DB5C92F7E03CD31FDE4BF,5F38654B8D559290F7091D877D2F5AB22BBD287F5C18610884DFAD6648159F90,treat_2008,2314,1.93483990171189e-05,2462.13989257813,118232726,2,2.08245210600839e-05,4.02921142810899e-10
3DB248094F805E65C4283A5FC5C1A05F1871485D001DB5C92F7E03CD31FDE4BF,DFE84999859FA7A6205AF0220585AD1C09A9628C9E358622CBCEA2E6DACBBBF1,treat_2008,4673,0.000142952612818147,733782.34375,118232726,2,0.00620625412755856,8.87200243347905e-07
3E7EC3F44CC6C0E77C3870BA9BCC07AC0F1C1E579735E0C3C42869F9786AE9D6,1CA094B752178A00D0DAB81D2B57AF833D16221A5E9AC38167100BC586216614,treat_2008,1393,2.18514836381663e-08,23468.41015625,16328555,2,0.00143726191057629,3.14063051227174e-11
4356F4371918FF48677CBB0AAB6CE5008DCB4777B1C38E7C8312F85C5B0BB282,F528BEC475BD1E0F79259B2E943C62A8B2D1382032F6DDF19F90EDF27B4E278A,treat_2008,2352,3.47441270450376e-05,138997.163818359,128627546,2,0.00108061739604641,3.75451080953141e-08
463E5CEFB73FAC0CF0C59FBF27DA421A50889167A31F6A0BDEF3564440AE9E91,52CC2CBF9E3CAAF0F57404F3B203CA71D00EDB7723E195AE8A8947ADA5C06C9A,treat_2008,4211,0.000432901544261535,12118.8701171875,175766983,2,6.89485016488421e-05,2.98479128383027e-08
494441FB26A91DD14C6FB7489525F45A99D4C9B06693ECA2491D88899BD6C561,3BE59C35E1BFCEE14744A27D1026D2E8F5690AEFBA6276A6EFADA053A2D4F534,treat_2008,3511,0.000229158205560246,1175223.25,453607648,2,0.0025908364975363,5.93711442675412e-07
4A8A8E4BA992585257373408652BE44B064AEC522E711A3BAAF2C11B601C1D95,DFE84999859FA7A6205AF0220585AD1C09A9628C9E358622CBCEA2E6DACBBBF1,treat_2008,4673,0.000142952612818147,6750.67016601563,34705115,2,0.000194515136054602,2.78064469316828e-08
4AD058558FB153865A70374ECD65BF73C81C8F32472F2584D475EBA4F49442F0,1EB11C8C03D563589A1E83AF2856341DABF421EDF816A205EC6A0E9C90EACF10,treat_2008,2351,3.82449630403523e-05,1218.18005371094,38868532,2,3.13410358207235e-05,1.19863675660993e-09
4AD058558FB153865A70374ECD65BF73C81C8F32472F2584D475EBA4F49442F0,DFE84999859FA7A6205AF0220585AD1C09A9628C9E358622CBCEA2E6DACBBBF1,treat_2008,4673,0.000142952612818147,131449.109375,38868532,2,0.00338189024928958,4.8345004740016e-07
4C4AFA11F7CFB164582811756F70B0C08F76AA402E3112B966D24AEC0EF417AD,DAEA45B1C32A96BEF3B14822D96C2FE56C613857921FE02B9603218C0CB7CEF2,treat_2008,2229,1.06124295585041e-06,79007.15625,2245448323,2,3.51854707323852e-05,3.73403329630246e-11
4CE683198D1988956A9467C38F7C31A77267B4563430CEF1229B83E2C35DCB2E,3BE59C35E1BFCEE14744A27D1026D2E8F5690AEFBA6276A6EFADA053A2D4F534,treat_2008,3511,0.000229158205560246,5409447.78125,477278994,2,0.0113339322477075,2.59726357582606e-06
4CE986E3C17025E534F129CF9762E7FCBB21BEF1D57CBC96C809546A86C643FF,1CB37AB74478F9C217EFCFDA2843A640F506101BDE944EFD19E87241396C4A1C,treat_2008,1107,3.1407618166918e-07,21534.3798828125,105525058,2,0.000204068875117913,6.40931730945588e-11
4F041995909348A972258A49F0EA4DD0F1AEE47DA660396688699BE3C5B383F6,1EB11C8C03D563589A1E83AF2856341DABF421EDF816A205EC6A0E9C90EACF10,treat_2008,2351,3.82449630403523e-05,2209,1213686615,2,1.82007445142666e-06,6.96086801255019e-11
52B1C2E21C26CA36EBDBE57AD04719B3655CAA2C95F9A8BBD9501644C81735FB,93E844FE1AC70363ACC25C875A81A3C2EE7ED2364EA24705F5D877FBB5C4CEE8,treat_2008,1041,2.89286490879049e-06,2511406,398239894,2,0.00630626423378869,1.82431705074879e-08
53401140978EF2A6EBC4A8AFEDF11D155ECB6B0B57D08C0C36B5973DC3D6C615,8E3D3FC7191560A9E4D5B211FC45FE512AA082410BBB6BCCBDAA72758D07EDDA,treat_2008,2120,1.44762901319485e-06,6766.89990234375,208536645,2,3.24494522406062e-05,4.69747685257822e-11
539DFF8A5B778AB035491D14825C7B39DA46F67FAB72F13B77AEF41EB8525850,82AD7E022AA1035FA624569E4235B7E60665602F69F48D196D6E577AB3B2F821,treat_2008,1105,3.86397618937294e-05,1025576.75,100144654,2,0.0102409535510503,3.95708006777325e-07
5BAFFDA135AFD0B803F11E4D0F49D0D307B62414D2A1FAB160B1925D68153871,3BE59C35E1BFCEE14744A27D1026D2E8F5690AEFBA6276A6EFADA053A2D4F534,treat_2008,3511,0.000229158205560246,9542887.5,2170971582,2,0.00439567591723548,1.00730520541807e-06
5BC24025562E735BAE985E7C2E9424522DFBA7C4B6F1E95D0A245813A04B7771,DAEA45B1C32A96BEF3B14822D96C2FE56C613857921FE02B9603218C0CB7CEF2,treat_2008,2229,1.06124295585041e-06,2327.0400390625,355623251,2,6.54355426007424e-06,6.94430086472873e-12
5E365AF261C89FEEABD6BEA7EB480B286E511A11B8C67423E2C6B0807499BF78,1CA094B752178A00D0DAB81D2B57AF833D16221A5E9AC38167100BC586216614,treat_2008,1393,2.18514836381663e-08,2023.93002319336,2817462,2,0.000718352198962527,1.56970613220704e-11
5EA04403872CE1207FC98C6591DA97C2C123C00F5524C42E3A85A0EB094096D5,7EFE7AC47DF7A0E69E1E4909A7C14C4BEF034F82D4F05F3C3F42A2942791E0CA,treat_2008,2311,6.72193376993775e-05,36527.890625,10540193,2,0.00346558081289403,2.32954046986407e-07
5F608D5E19A0D18BBDE76FDFB16FE77FC6C529F73BCA43EB343B9E7A84A65230,AFCA27A1F1BB2F7C605C4B1753142D734EB685C1A44B33B33D43D3893BB18C10,treat_2008,2014,3.93079763820856e-05,131159536,2051265903,2,0.0639407771601808,2.51338255846458e-06
6128C0DFAFC56AC2414FBC610D2193F7900462FAC2670A5C54A57A9FCEB119EA,1CA094B752178A00D0DAB81D2B57AF833D16221A5E9AC38167100BC586216614,treat_2008,1393,2.18514836381663e-08,23507.2392578125,4690842,2,0.0050113048484286,1.09504445901301e-10
6371BA2FF54724755C5C1CEAFC819C6D6E837562856F99423DF37E607DDA7B0E,DAEA45B1C32A96BEF3B14822D96C2FE56C613857921FE02B9603218C0CB7CEF2,treat_2008,2229,1.06124295585041e-06,6978,26309988,2,0.000265222469884821,2.81465477898514e-10
648B6285AF072F95A47296A5F6B2ED0F033063B5034F78B51A7A8AAA82ABECE6,1CB37AB74478F9C217EFCFDA2843A640F506101BDE944EFD19E87241396C4A1C,treat_2008,1107,3.1407618166918e-07,1075294.6875,871170183,2,0.00123431071044818,3.87667594930937e-10
648B6285AF072F95A47296A5F6B2ED0F033063B5034F78B51A7A8AAA82ABECE6,82AD7E022AA1035FA624569E4235B7E60665602F69F48D196D6E577AB3B2F821,treat_2008,1105,3.86397618937294e-05,43627,871170183,2,5.00786193689092e-05,1.93502592838136e-09
648B6285AF072F95A47296A5F6B2ED0F033063B5034F78B51A7A8AAA82ABECE6,E30B927536F61331175A68BC7A08D889C65901DBE6824FE8ED84680AF71FAB48,treat_2008,1051,6.54164203332758e-06,2006906.8125,871170183,2,0.00230369088802939,1.50699211449268e-08
64FF6480ED3042FDEC231E805A8B5B69F0DB459D282E3E171AB5DB97AD799022,AFCA27A1F1BB2F7C605C4B1753142D734EB685C1A44B33B33D43D3893BB18C10,treat_2008,2014,3.93079763820856e-05,15250.8095703125,91310204,2,0.000167021963616602,6.56529540113095e-09
66AE3CA22B61AC34F1F122C81BC17944EC300A0A05DA75E1552721C6AFDECD55,3BE59C35E1BFCEE14744A27D1026D2E8F5690AEFBA6276A6EFADA053A2D4F534,treat_2008,3511,0.000229158205560246,563820,129626784,2,0.00434956405305866,9.96738293368274e-07
67233C6A7D3B28235EDAA30E0772AEE51FF2FF79B98D0407043E99CE64445F0E,3BE59C35E1BFCEE14744A27D1026D2E8F5690AEFBA6276A6EFADA053A2D4F534,treat_2008,3511,0.000229158205560246,134933.375,1430050163,2,9.43556935911485e-05,2.162238142774e-08
674CD030427E12F2FF7E05A9B61172EC4428AD97AA19296AF120B0B48F9F5A1C,3BE59C35E1BFCEE14744A27D1026D2E8F5690AEFBA6276A6EFADA053A2D4F534,treat_2008,3511,0.000229158205560246,18680,45992446,2,0.00040615365401527,9.30734425358763e-08
6854DA9859C37927F4019AACD32C75C31AD6F02AF47E932DF02F759931F0E951,3BE59C35E1BFCEE14744A27D1026D2E8F5690AEFBA6276A6EFADA053A2D4F534,treat_2008,3511,0.000229158205560246,3485805.375,153596555,2,0.0226945544123695,5.20064336512795e-06
68A2F4B84714EC1829E0AC28D29F204FDEBFF70F71F2A22FDE65461FF3ADDDFF,3BE59C35E1BFCEE14744A27D1026D2E8F5690AEFBA6276A6EFADA053A2D4F534,treat_2008,3511,0.000229158205560246,158091376,7179260165,2,0.0220205665161321,5.04619350825687e-06
6DF6FD750AA2D67C2FB15D06A63C0321D1BBE5A3AB2AF038C453EFD0BDD605CD,3BE59C35E1BFCEE14744A27D1026D2E8F5690AEFBA6276A6EFADA053A2D4F534,treat_2008,3511,0.000229158205560246,4415804,520360686,2,0.00848604462021176,1.94464675747191e-06
6DF6FD750AA2D67C2FB15D06A63C0321D1BBE5A3AB2AF038C453EFD0BDD605CD,DAEA45B1C32A96BEF3B14822D96C2FE56C613857921FE02B9603218C0CB7CEF2,treat_2008,2229,1.06124295585041e-06,13997.080078125,520360686,2,2.68988039540808e-05,2.85461662170694e-11
70B71A7B2820CB01DF642AE46DADD33CF6B38827901B74C77E35D184F2B399F8,3BE59C35E1BFCEE14744A27D1026D2E8F5690AEFBA6276A6EFADA053A2D4F534,treat_2008,3511,0.000229158205560246,66564.98046875,89115645,2,0.000746950554739855,1.71169848766416e-07
70FE32E6D4C290D05B9D2182667C39C6B9FE3FE1D7631D861FA3E0AAAF1DA222,70FE32E6D4C290D05B9D2182667C39C6B9FE3FE1D7631D861FA3E0AAAF1DA222,treat_2008,1031,1.16678324526613e-05,9460.52026367187,46795324,2,0.000202168068409397,2.35886314947901e-09
7377A1DCBC87F5E28F2563A4F72835A4C3FB9C436AE288E420C188779E4AFD9B,AFCA27A1F1BB2F7C605C4B1753142D734EB685C1A44B33B33D43D3893BB18C10,treat_2008,2014,3.93079763820856e-05,873040.4375,348198144,1,0.00250730927933952,9.85572539348621e-08
78EFD077D19A87B47B806EB9E8A7D4236FAE9529E54ACBCEA5796C58A3D977FC,3BE59C35E1BFCEE14744A27D1026D2E8F5690AEFBA6276A6EFADA053A2D4F534,treat_2008,3511,0.000229158205560246,3104672.125,132712467,2,0.0233939749232452,5.36092131433225e-06
79A1AA5252E74E386BDCF578DD03C7B2A6904C646174C68C6089112586F05097,7BD8DA430EC6A64C5278A5087EDDDCFD54EE849C1B904B1F1BFF9FE3FB8E5553,treat_2008,2014,8.25574858824201e-06,49627.3505859375,99510455,2,0.000498714939911967,4.11726516111342e-09
7BD8DA430EC6A64C5278A5087EDDDCFD54EE849C1B904B1F1BFF9FE3FB8E5553,93E844FE1AC70363ACC25C875A81A3C2EE7ED2364EA24705F5D877FBB5C4CEE8,treat_2008,1041,2.89286490879049e-06,3657067,590497633,2,0.00619319501997055,1.79160765465688e-08
7C0333AE08168E97C1DD68D98B8051A5C5C90D18245B4988A49F08062BC40274,8AD8CD6E2A5082CF7EE48D06DBC38617A85AA8D5CA2A7DAF9CAA2192C4E300C7,treat_2008,2016,8.45930826520688e-05,14920.3701171875,126949977,2,0.000117529522019429,9.9421845702477e-09
7C0333AE08168E97C1DD68D98B8051A5C5C90D18245B4988A49F08062BC40274,AFCA27A1F1BB2F7C605C4B1753142D734EB685C1A44B33B33D43D3893BB18C10,treat_2008,2014,3.93079763820856e-05,42870.390625,126949977,2,0.000337695142906564,1.32741127017162e-08
7C817AFC7C6D0E08FD60CF015FEFF91954B125FD48E134DE10C90551BDC14D12,E15582B9AB23421C96A3E8F86987DAE811BD8A7A46B8341D86FE2619E9649579,treat_2008,2313,2.18075230565461e-06,1100,448419365,2,2.45306087528133e-06,5.34951815968088e-12
7EFE1CA1294EB0C59D7BA332E4CA3CC2CCB59DF64A4442FBEBD39510E314C4EB,3BE59C35E1BFCEE14744A27D1026D2E8F5690AEFBA6276A6EFADA053A2D4F534,treat_2008,3511,0.000229158205560246,21957.5595703125,22857379,2,0.000960633306658322,2.20137004755227e-07
7EFE7AC47DF7A0E69E1E4909A7C14C4BEF034F82D4F05F3C3F42A2942791E0CA,3BE59C35E1BFCEE14744A27D1026D2E8F5690AEFBA6276A6EFADA053A2D4F534,treat_2008,3511,0.000229158205560246,9293359,1381358448,2,0.00672769548950556,1.54170662593085e-06
7EFE7AC47DF7A0E69E1E4909A7C14C4BEF034F82D4F05F3C3F42A2942791E0CA,7EFE7AC47DF7A0E69E1E4909A7C14C4BEF034F82D4F05F3C3F42A2942791E0CA,treat_2008,2311,6.72193376993775e-05,663965.5,1381358448,2,0.000480661265699227,3.23097319380466e-08
81A56728305B23CED4271E85C1C3CCF6F2680AF5231CABD61B3434FC40D6896D,1EB11C8C03D563589A1E83AF2856341DABF421EDF816A205EC6A0E9C90EACF10,treat_2008,2351,3.82449630403523e-05,146050.060546875,177786375,2,0.000821491863743074,3.1417925966804e-08
81A56728305B23CED4271E85C1C3CCF6F2680AF5231CABD61B3434FC40D6896D,52CC2CBF9E3CAAF0F57404F3B203CA71D00EDB7723E195AE8A8947ADA5C06C9A,treat_2008,4211,0.000432901544261535,10810.6101074219,177786375,2,6.08067412782441e-05,2.63233322008635e-08
81A56728305B23CED4271E85C1C3CCF6F2680AF5231CABD61B3434FC40D6896D,DFE84999859FA7A6205AF0220585AD1C09A9628C9E358622CBCEA2E6DACBBBF1,treat_2008,4673,0.000142952612818147,108957.816162109,177786375,2,0.000612858078478226,8.76096636051714e-08
82AD7E022AA1035FA624569E4235B7E60665602F69F48D196D6E577AB3B2F821,82AD7E022AA1035FA624569E4235B7E60665602F69F48D196D6E577AB3B2F821,treat_2008,1105,3.86397618937294e-05,20414.490234375,121869281,2,0.000167511370107903,6.47259945546174e-09
82AD7E022AA1035FA624569E4235B7E60665602F69F48D196D6E577AB3B2F821,E15582B9AB23421C96A3E8F86987DAE811BD8A7A46B8341D86FE2619E9649579,treat_2008,2313,2.18075230565461e-06,278258.6875,121869281,2,0.0022832553471781,4.97921436275685e-09
83EF4B50AC15D4BECE9C97DA8BECD2A6FAAC7049AAE59F893F2577B461792A16,3BE59C35E1BFCEE14744A27D1026D2E8F5690AEFBA6276A6EFADA053A2D4F534,treat_2008,3511,0.000229158205560246,77053258,5054765848,2,0.0152436849335934,3.49321548550802e-06
876978BC4151C1DB54BE1D34705B6F021461037AB3941E1E61C579AB8066A28B,3BE59C35E1BFCEE14744A27D1026D2E8F5690AEFBA6276A6EFADA053A2D4F534,treat_2008,3511,0.000229158205560246,172456576,1003895183,2,0.171787432513261,3.93664997725407e-05
87E5B03AE2F26F8B96AB3C88B2131DACA236CEB32040FDCDA46B83175621CD78,52CC2CBF9E3CAAF0F57404F3B203CA71D00EDB7723E195AE8A8947ADA5C06C9A,treat_2008,4211,0.000432901544261535,9022.48022460937,48202824,2,0.000187177419825224,8.10293940932291e-08
87E5B03AE2F26F8B96AB3C88B2131DACA236CEB32040FDCDA46B83175621CD78,DFE84999859FA7A6205AF0220585AD1C09A9628C9E358622CBCEA2E6DACBBBF1,treat_2008,4673,0.000142952612818147,184570.16998291,48202824,2,0.00382903229866595,5.47370171659373e-07
8AAE986819CEAEE2C7B6BA8C06577110220ADF9EBD9553DF0CB6A8323601F0F0,8E3D3FC7191560A9E4D5B211FC45FE512AA082410BBB6BCCBDAA72758D07EDDA,treat_2008,2120,1.44762901319485e-06,7500,435407802,2,1.72252310719963e-05,2.49357442588072e-11
8AD8CD6E2A5082CF7EE48D06DBC38617A85AA8D5CA2A7DAF9CAA2192C4E300C7,CC65917C7CF2644290617174C31B7E8C05CA4EEDE602B3AA5F2FD2587CA1468C,treat_2008,2014,0.000148570594989111,23557597,134644579,2,0.174961347682627,2.59941115253047e-05
8E1065A4366E4DCC801CAD0AEF33C626BDA7BB2AD9FEDFC7BC8FC871397408D0,3BE59C35E1BFCEE14744A27D1026D2E8F5690AEFBA6276A6EFADA053A2D4F534,treat_2008,3511,0.000229158205560246,11687.9501953125,44879142,2,0.000260431676597394,5.9680055680105e-08
8E3D3FC7191560A9E4D5B211FC45FE512AA082410BBB6BCCBDAA72758D07EDDA,3BE59C35E1BFCEE14744A27D1026D2E8F5690AEFBA6276A6EFADA053A2D4F534,treat_2008,3511,0.000229158205560246,15724719,2468864583,2,0.00636921081386018,1.45955692093911e-06
923AD021F4125D5E1BC4327D7C4785003665BA3B0591D5AEF361396C29D51D85,AFCA27A1F1BB2F7C605C4B1753142D734EB685C1A44B33B33D43D3893BB18C10,treat_2008,2014,3.93079763820856e-05,7475.85986328125,664926396,2,1.12431389523018e-05,4.41945040397586e-10
93E844FE1AC70363ACC25C875A81A3C2EE7ED2364EA24705F5D877FBB5C4CEE8,3BE59C35E1BFCEE14744A27D1026D2E8F5690AEFBA6276A6EFADA053A2D4F534,treat_2008,3511,0.000229158205560246,5367810,1897081327,2,0.0028295096913365,6.48405363481997e-07
93E844FE1AC70363ACC25C875A81A3C2EE7ED2364EA24705F5D877FBB5C4CEE8,93E844FE1AC70363ACC25C875A81A3C2EE7ED2364EA24705F5D877FBB5C4CEE8,treat_2008,1041,2.89286490879049e-06,4401568,1897081327,2,0.00232017886495174,6.71196402053624e-09
94AA8780EDF7C6601FC9A421CA049D492BE515A0AD5E5347CC20F6C159658BA5,3BE59C35E1BFCEE14744A27D1026D2E8F5690AEFBA6276A6EFADA053A2D4F534,treat_2008,3511,0.000229158205560246,6653.22973632813,153338621,2,4.33891324503833e-05,9.94297573314567e-09
94EB372F799E991E19BD6837EB1414CF0E4BD897D42C4FFA85E8C6E16270884B,1CA094B752178A00D0DAB81D2B57AF833D16221A5E9AC38167100BC586216614,treat_2008,1393,2.18514836381663e-08,194077.859375,60952986,2,0.00318405827361764,6.95763972689238e-11
96BFA5EE90814CBD5C0D8579EF0756BF1C811AF96B52A9B6B50748AC8C9EFEC0,3BE59C35E1BFCEE14744A27D1026D2E8F5690AEFBA6276A6EFADA053A2D4F534,treat_2008,3511,0.000229158205560246,16484.7995605469,408235006,2,4.03806614284981e-05,9.25355991229045e-09
989687D7C007FB8940E148269BD1C2F48876FB0953B2047A8DE0CCFC6D7F6980,52CC2CBF9E3CAAF0F57404F3B203CA71D00EDB7723E195AE8A8947ADA5C06C9A,treat_2008,4211,0.000432901544261535,2578.96997070313,4354233,2,0.00059229030019825,2.5640338560695e-07
98D40171626E4891E0DA4169847D69BF4819BBB41580F318AB2052803110ADCB,1EB11C8C03D563589A1E83AF2856341DABF421EDF816A205EC6A0E9C90EACF10,treat_2008,2351,3.82449630403523e-05,282432.1875,64635954,2,0.00436958333592477,1.67114553184182e-07
9C8EB20FA52DF76154FE015473D15DCDE8EF3F6EB34E0168A4464DFB4B0E7BD0,AFCA27A1F1BB2F7C605C4B1753142D734EB685C1A44B33B33D43D3893BB18C10,treat_2008,2014,3.93079763820856e-05,2319348.4375,3424119283,2,0.000677356203393689,2.66255016452583e-08
A183E58FD6E9210A769556E997400F5AB2F8747CA368592DCFB4BB8B7CB10859,F528BEC475BD1E0F79259B2E943C62A8B2D1382032F6DDF19F90EDF27B4E278A,treat_2008,2352,3.47441270450376e-05,52677966.5,119618741,2,0.440382218201076,1.53006957375537e-05
A1E9FE762ACC4DE886908DD38F550AAC93E153911553A0EE13701CA7E35CD778,70FE32E6D4C290D05B9D2182667C39C6B9FE3FE1D7631D861FA3E0AAAF1DA222,treat_2008,1031,1.16678324526613e-05,6689377,327911712,2,0.0203999331381003,2.38023001900847e-07
A20718A1C5EDE23DDA5E6320129C83E1683DE48F1D318858856BE325EEE823C1,1EB11C8C03D563589A1E83AF2856341DABF421EDF816A205EC6A0E9C90EACF10,treat_2008,2351,3.82449630403523e-05,173213.921875,135495830,2,0.00127837086849831,4.88912466175811e-08
A2A544E19C2E3E42DD208F4C4E581A6ACE508B14BC2C9A1D5B9931D8BAE858C1,3BE59C35E1BFCEE14744A27D1026D2E8F5690AEFBA6276A6EFADA053A2D4F534,treat_2008,3511,0.000229158205560246,7613216,802327506,2,0.0094889131222182,2.17446230380459e-06
A2D0C13790C3E409C825E25214303B2E0AB0A1071E3E1997C5F73FCE2D5E2BDC,82AD7E022AA1035FA624569E4235B7E60665602F69F48D196D6E577AB3B2F821,treat_2008,1105,3.86397618937294e-05,83675.76171875,1585940408,2,5.27609746852165e-05,2.03867149911785e-09
A2D0C13790C3E409C825E25214303B2E0AB0A1071E3E1997C5F73FCE2D5E2BDC,E30B927536F61331175A68BC7A08D889C65901DBE6824FE8ED84680AF71FAB48,treat_2008,1051,6.54164203332758e-06,1827.97998046875,1585940408,2,1.1526158052647e-06,7.53999999999729e-12
A3EEA90520023A1349E958E99956592B4CDBDA90F3C04CFD8AE2C2B9C48DDCCE,3BE59C35E1BFCEE14744A27D1026D2E8F5690AEFBA6276A6EFADA053A2D4F534,treat_2008,3511,0.000229158205560246,8248573.25,296195318,2,0.0278484255108989,6.38169521775576e-06
A41BF7F003E7DDE1CCCF24061DBAE5F6B0F0C68A2EA27A4B9A4C848EF2C1A7BC,1CA094B752178A00D0DAB81D2B57AF833D16221A5E9AC38167100BC586216614,treat_2008,1393,2.18514836381663e-08,132579.734375,1166965,1,0.113610720437202,2.48256279875382e-09
A7E4D6C8E4978F81C59A9CE76EFE1AB662AA0F95691E0D49AD6026B12053E721,3BE59C35E1BFCEE14744A27D1026D2E8F5690AEFBA6276A6EFADA053A2D4F534,treat_2008,3511,0.000229158205560246,5720732.25,771148581,2,0.00741845656070785,1.70000019347845e-06
A867D7F1BC4AB6DD60078ED60C319E413BC789870B5BF7E1BEF246C6D203F512,DAEA45B1C32A96BEF3B14822D96C2FE56C613857921FE02B9603218C0CB7CEF2,treat_2008,2229,1.06124295585041e-06,17655.609375,37868306,2,0.00046623710537778,4.94790843838254e-10
A917DF5AF099BA7EE6EB68360D5EBF6E85FACB8366D2BCDA656653F34B9EC406,3BE59C35E1BFCEE14744A27D1026D2E8F5690AEFBA6276A6EFADA053A2D4F534,treat_2008,3511,0.000229158205560246,660,262504933,2,2.51423846575866e-06,5.76158375163801e-10
AC39CBDCB2B6C4C1B33A024C914A1FA4320ECFABDC086E62806BF5B914C14267,5F38654B8D559290F7091D877D2F5AB22BBD287F5C18610884DFAD6648159F90,treat_2008,2314,1.93483990171189e-05,5597.97021484375,33042120,2,0.000169419220523494,3.27799067985782e-09
AC39CBDCB2B6C4C1B33A024C914A1FA4320ECFABDC086E62806BF5B914C14267,DFE84999859FA7A6205AF0220585AD1C09A9628C9E358622CBCEA2E6DACBBBF1,treat_2008,4673,0.000142952612818147,41118.16015625,33042120,2,0.00124441652521842,1.77892593714052e-07
ACB0AE831AC9F6834E294B6556EEFFF48E4CCD6162BA34659A3FAFA6C0110113,82AD7E022AA1035FA624569E4235B7E60665602F69F48D196D6E577AB3B2F821,treat_2008,1105,3.86397618937294e-05,26928.0899658203,383222507,2,7.02675064067161e-05,2.71511971642162e-09
ADFF18A56167B77F87D8DF548BEF8C5F4AD4A774572E8E8D206E19659C2B9246,1EB11C8C03D563589A1E83AF2856341DABF421EDF816A205EC6A0E9C90EACF10,treat_2008,2351,3.82449630403523e-05,207516.95703125,89267379,2,0.00232466730126859,8.89068150181326e-08
ADFF18A56167B77F87D8DF548BEF8C5F4AD4A774572E8E8D206E19659C2B9246,DFE84999859FA7A6205AF0220585AD1C09A9628C9E358622CBCEA2E6DACBBBF1,treat_2008,4673,0.000142952612818147,53894.3984375,89267379,2,0.00060374124390389,8.63063882821393e-08
AFCA27A1F1BB2F7C605C4B1753142D734EB685C1A44B33B33D43D3893BB18C10,AFCA27A1F1BB2F7C605C4B1753142D734EB685C1A44B33B33D43D3893BB18C10,treat_2008,2014,3.93079763820856e-05,4428291.25,1473772128,2,0.00300473266244319,1.18109960529798e-07
B2E0D78A7F730C32AF9265FD7637D341F281207F62358847026025605C8611C2,7EFE7AC47DF7A0E69E1E4909A7C14C4BEF034F82D4F05F3C3F42A2942791E0CA,treat_2008,2311,6.72193376993775e-05,1517483.984375,345658264,2,0.00439012788762661,2.95101489021828e-07
B3E0FD522207C8C5AEA81FC57D6965D5D991ADD89876A1705055DD7AAB7EEFC7,1EB11C8C03D563589A1E83AF2856341DABF421EDF816A205EC6A0E9C90EACF10,treat_2008,2351,3.82449630403523e-05,50210.8203125,227494601,2,0.000220712140383938,8.44112765154076e-09
B3E0FD522207C8C5AEA81FC57D6965D5D991ADD89876A1705055DD7AAB7EEFC7,3BE59C35E1BFCEE14744A27D1026D2E8F5690AEFBA6276A6EFADA053A2D4F534,treat_2008,3511,0.000229158205560246,2268349.25,227494601,2,0.00997100256458394,2.28493705533667e-06
B4C4FB76B4C0C51C1F666DDD4282AC3319B78F3D6ADFE541D655917092CFBEE2,82AD7E022AA1035FA624569E4235B7E60665602F69F48D196D6E577AB3B2F821,treat_2008,1105,3.86397618937294e-05,12051.0600585938,617458767,2,1.95171899771467e-05,7.5413957355163e-10
B6179817296244987F2DF26EF3F27C68BDC3F5EBE9545586102E06FE2A2E3688,3BE59C35E1BFCEE14744A27D1026D2E8F5690AEFBA6276A6EFADA053A2D4F534,treat_2008,3511,0.000229158205560246,4675168.5,515425063,2,0.00907051060495287,2.07858193374618e-06
B6EFE016EC0C2668A7AFF8E5A70FF3033726E8022ED5F7F6F46628DC3A427E7C,1CB37AB74478F9C217EFCFDA2843A640F506101BDE944EFD19E87241396C4A1C,treat_2008,1107,3.1407618166918e-07,89650848,8938920540,2,0.0100292700442776,3.14995484043581e-09
B6EFE016EC0C2668A7AFF8E5A70FF3033726E8022ED5F7F6F46628DC3A427E7C,82AD7E022AA1035FA624569E4235B7E60665602F69F48D196D6E577AB3B2F821,treat_2008,1105,3.86397618937294e-05,5643038.5,8938920540,2,0.000631288585097994,2.43928406144158e-08
B6EFE016EC0C2668A7AFF8E5A70FF3033726E8022ED5F7F6F46628DC3A427E7C,E30B927536F61331175A68BC7A08D889C65901DBE6824FE8ED84680AF71FAB48,treat_2008,1051,6.54164203332758e-06,714384.84375,8938920540,2,7.99184689642627e-05,5.22798015815806e-10
B6EFE016EC0C2668A7AFF8E5A70FF3033726E8022ED5F7F6F46628DC3A427E7C,EA1B2625F236F386C8047A4FF05EEFA589BC2737825902CB44BC003C61070512,treat_2008,1039,2.27170419453091e-05,4974297.25,8938920540,2,0.000556476280076655,1.26414949960709e-08
B8FDF1A99C14812F711B9B01A2C27EC7B85C6A71A20AB98121F00747A42E5B58,1EB11C8C03D563589A1E83AF2856341DABF421EDF816A205EC6A0E9C90EACF10,treat_2008,2351,3.82449630403523e-05,53436.48046875,355232261,2,0.000150426879355842,5.75307044123971e-09
B8FDF1A99C14812F711B9B01A2C27EC7B85C6A71A20AB98121F00747A42E5B58,3BE59C35E1BFCEE14744A27D1026D2E8F5690AEFBA6276A6EFADA053A2D4F534,treat_2008,3511,0.000229158205560246,34976040,355232261,2,0.0984596384955025,2.25628340777399e-05
B95A8BE96B22E6B92456B1D18400E95C26670C8E0820035E5A842162D7CD3788,1CA094B752178A00D0DAB81D2B57AF833D16221A5E9AC38167100BC586216614,treat_2008,1393,2.18514836381663e-08,87144.7265625,839459897,2,0.000103810470129581,2.2684127895069e-12
B95A8BE96B22E6B92456B1D18400E95C26670C8E0820035E5A842162D7CD3788,DAEA45B1C32A96BEF3B14822D96C2FE56C613857921FE02B9603218C0CB7CEF2,treat_2008,2229,1.06124295585041e-06,20664.119140625,839459897,2,2.4615969404224e-05,2.61235241316619e-11
BD5734795A3424031D5325971805923C039AA6DA2630EEAE708EE682374F85B4,3BE59C35E1BFCEE14744A27D1026D2E8F5690AEFBA6276A6EFADA053A2D4F534,treat_2008,3511,0.000229158205560246,4519296.5,233346936,2,0.0193672845140765,4.43817216582051e-06
BD82BA2061C72EB2FDFC34AD831B7A0E33C57B6587E1D690B5308EB60182A371,1EB11C8C03D563589A1E83AF2856341DABF421EDF816A205EC6A0E9C90EACF10,treat_2008,2351,3.82449630403523e-05,40184.791015625,130505216,2,0.000307917125822963,1.17762790965907e-08
BD82BA2061C72EB2FDFC34AD831B7A0E33C57B6587E1D690B5308EB60182A371,52CC2CBF9E3CAAF0F57404F3B203CA71D00EDB7723E195AE8A8947ADA5C06C9A,treat_2008,4211,0.000432901544261535,1948.16003417969,130505216,2,1.49278327249364e-05,6.46228183910283e-09
BD82BA2061C72EB2FDFC34AD831B7A0E33C57B6587E1D690B5308EB60182A371,DFE84999859FA7A6205AF0220585AD1C09A9628C9E358622CBCEA2E6DACBBBF1,treat_2008,4673,0.000142952612818147,70258.9765625,130505216,2,0.000538361444208483,7.69601750901537e-08
C068D23809784D82300982841EAB8C48BB546AF280BD2ED515A2B291123377A1,3BE59C35E1BFCEE14744A27D1026D2E8F5690AEFBA6276A6EFADA053A2D4F534,treat_2008,3511,0.000229158205560246,3715175.75,95019280,2,0.0390991780825955,8.95989748828807e-06
C06D33D9350C937D9CD212560266BBF2E5523EA1FCADF90243922D09F4E9C316,7C45D5C36EEA033EE8C487408E9428CBEC67A338A6F94919C4AF35C8C8405829,treat_2008,1320,3.84489142781168e-08,4485,518474896,2,8.65037060540729e-06,3.32597357881246e-13
C081B6928443B6904E8522B0BD5FE095F8AFB35C568AB61E0CB4F6D61A9FECE6,3BE59C35E1BFCEE14744A27D1026D2E8F5690AEFBA6276A6EFADA053A2D4F534,treat_2008,3511,0.000229158205560246,14600.599609375,3475957564,2,4.20045392975776e-06,9.62568485081771e-10
C081B6928443B6904E8522B0BD5FE095F8AFB35C568AB61E0CB4F6D61A9FECE6,52CC2CBF9E3CAAF0F57404F3B203CA71D00EDB7723E195AE8A8947ADA5C06C9A,treat_2008,4211,0.000432901544261535,780.989990234375,3475957564,2,2.2468340762355e-07,9.72657941301789e-11
C14BB26E265D634D8598A24F8F2491643FAB6F115715D55808023456839F95D8,1EB11C8C03D563589A1E83AF2856341DABF421EDF816A205EC6A0E9C90EACF10,treat_2008,2351,3.82449630403523e-05,9247.61999511719,148012655,2,6.24785765454798e-05,2.3894908507957e-09
C14BB26E265D634D8598A24F8F2491643FAB6F115715D55808023456839F95D8,52CC2CBF9E3CAAF0F57404F3B203CA71D00EDB7723E195AE8A8947ADA5C06C9A,treat_2008,4211,0.000432901544261535,14939.830078125,148012655,2,0.000100936167100881,4.36954226098116e-08
C2440D20454644429C9E954191766BD21C6FDE2A52F9446D49483B37F66AD119,06293F6EE72354A5EEC27E3925EA2F31420BC3BF0D984801512A4FB156358E10,treat_2008,3030,5.37187733197032e-07,9290,1145931255,2,8.10694355308426e-06,4.35495063043762e-12
C2440D20454644429C9E954191766BD21C6FDE2A52F9446D49483B37F66AD119,AFCA27A1F1BB2F7C605C4B1753142D734EB685C1A44B33B33D43D3893BB18C10,treat_2008,2014,3.93079763820856e-05,8177,1145931255,2,7.13568110156835e-06,2.80489184210543e-10
C4F606904026E86DAACB847D0D96B50C0ECFC7B858E2B2509602AD8DA11C474E,78D0718F83A208A556F0A97F775B3ECF9A5B4C0FCB53B7DD3C4E1E221D7D9295,treat_2008,1083,4.47201686812532e-05,135240,53778164,2,0.00251477532777058,1.12461176853354e-07
C783027837319E3C8845706B064F581E7067FCAF72473EE7FB02BA67E08AA8CC,1CA094B752178A00D0DAB81D2B57AF833D16221A5E9AC38167100BC586216614,treat_2008,1393,2.18514836381663e-08,50763.1997070313,410055005,2,0.00012379607391216,2.7051278835608e-12
C9210078CEE580FDD0812518371FC8B5E11A493EF54D24394419069892A286C3,3BE59C35E1BFCEE14744A27D1026D2E8F5690AEFBA6276A6EFADA053A2D4F534,treat_2008,3511,0.000229158205560246,45312624,1279680074,2,0.0354093377873445,8.11434030742448e-06
C9CB114272BE6A6D353B4BBF5E23690A3DEE82224803FCB6AB9B9A55EE343AA6,7EFE7AC47DF7A0E69E1E4909A7C14C4BEF034F82D4F05F3C3F42A2942791E0CA,treat_2008,2311,6.72193376993775e-05,722868.0625,9460684,2,0.0764075898212011,5.13606758298684e-06
CA0C911B1A1F75C058342897D52EE9DDCCCD1907FD39F8425E09C607AA918392,7C45D5C36EEA033EE8C487408E9428CBEC67A338A6F94919C4AF35C8C8405829,treat_2008,1320,3.84489142781168e-08,11080.490234375,7250089,2,0.0015283247191,5.87624261138028e-11
CBFD677240661AE9E5C65007B862388489F95881073B1F21CC0112B572C42F7C,3BE59C35E1BFCEE14744A27D1026D2E8F5690AEFBA6276A6EFADA053A2D4F534,treat_2008,3511,0.000229158205560246,5351440.25,203616444,2,0.0262819649772491,6.02272793278363e-06
CC17A49A3D2D52F3D8C1CEB869CCA5096C549CFAE3A0D6CB09EA694C2F81F81F,1EB11C8C03D563589A1E83AF2856341DABF421EDF816A205EC6A0E9C90EACF10,treat_2008,2351,3.82449630403523e-05,32296.369140625,25994142,2,0.00124244797695669,4.75173769582692e-08
CC65917C7CF2644290617174C31B7E8C05CA4EEDE602B3AA5F2FD2587CA1468C,3BE59C35E1BFCEE14744A27D1026D2E8F5690AEFBA6276A6EFADA053A2D4F534,treat_2008,3511,0.000229158205560246,44335374,282512162,2,0.156932620833506,3.59623977840727e-05
CC65917C7CF2644290617174C31B7E8C05CA4EEDE602B3AA5F2FD2587CA1468C,CC65917C7CF2644290617174C31B7E8C05CA4EEDE602B3AA5F2FD2587CA1468C,treat_2008,2014,0.000148570594989111,2376.60009765625,282512162,2,8.41238154432534e-06,1.24983253131583e-09
CCB5EA9562B416C6ED6C01741084ED901E8D2DB7C6696C385FC9D2118B26A43E,3BE59C35E1BFCEE14744A27D1026D2E8F5690AEFBA6276A6EFADA053A2D4F534,treat_2008,3511,0.000229158205560246,1851383,381876799,2,0.0048481159495631,1.11098555134989e-06
CCB5EA9562B416C6ED6C01741084ED901E8D2DB7C6696C385FC9D2118B26A43E,DAEA45B1C32A96BEF3B14822D96C2FE56C613857921FE02B9603218C0CB7CEF2,treat_2008,2229,1.06124295585041e-06,73310,381876799,2,0.000191972909042846,2.03729897435831e-10
CD862FFAF195F06877AE4815D81FDFFCB454147B4CAB0C53BD6FD33F3D619DF1,3BE59C35E1BFCEE14744A27D1026D2E8F5690AEFBA6276A6EFADA053A2D4F534,treat_2008,3511,0.000229158205560246,805.88998413086,321993125,2,2.50281736335476e-06,5.73541135831403e-10
CDB2071E463BADC97EA21812D5D2156B3D0E6D05E9D107EFFBD8EE26C363C39E,3BE59C35E1BFCEE14744A27D1026D2E8F5690AEFBA6276A6EFADA053A2D4F534,treat_2008,3511,0.000229158205560246,1725,505783078,2,3.41055301181903e-06,7.81556208156542e-10
CF7DA54A2F5395AFC836CC1EAA35068820907CE5CD0E61F6C747FEB86128AFE2,7C45D5C36EEA033EE8C487408E9428CBEC67A338A6F94919C4AF35C8C8405829,treat_2008,1320,3.84489142781168e-08,10625,195217469,2,5.442648167926e-05,2.09263912854536e-12
D192DDE8580A23934849226460762419C2A29C026445388AEC31D2F6CFE1DEE5,82AD7E022AA1035FA624569E4235B7E60665602F69F48D196D6E577AB3B2F821,treat_2008,1105,3.86397618937294e-05,20773.9404296875,20107332,2,0.0010331525052497,3.99207668027585e-08
D24CFD4E4D07CA02994732D641C177D71F3ABA14D8EBD52CB9EAC7C559942972,DFE84999859FA7A6205AF0220585AD1C09A9628C9E358622CBCEA2E6DACBBBF1,treat_2008,4673,0.000142952612818147,46377.94921875,8537468,2,0.00543228381280609,7.76559164610357e-07
D2E36629C57DE7C3DE50105733271BC0699A14DC45E956E39883988835BB92F2,1EB11C8C03D563589A1E83AF2856341DABF421EDF816A205EC6A0E9C90EACF10,treat_2008,2351,3.82449630403523e-05,73029.046875,112658916,2,0.000648231400300354,2.47915859460829e-08
D3B615A03010104B09E4C88B29B0A80A823664C2897B33D069EBA714719DF84B,E30B927536F61331175A68BC7A08D889C65901DBE6824FE8ED84680AF71FAB48,treat_2008,1051,6.54164203332758e-06,957963.71875,79979152,2,0.0119776678646205,7.83536155644386e-08
D4226E8E76E93ACBF5668C753A6CB409F8D7B2C8085F0AB7B23600B91AA57881,7BD8DA430EC6A64C5278A5087EDDDCFD54EE849C1B904B1F1BFF9FE3FB8E5553,treat_2008,2014,8.25574858824201e-06,46276.6015625,32747620,2,0.00141312869645183,1.16664352407365e-08
D4D2E1C06944A9D89BF42D277B9FA290B4D68A873FB82943562B733E4FDD2FB9,52CC2CBF9E3CAAF0F57404F3B203CA71D00EDB7723E195AE8A8947ADA5C06C9A,treat_2008,4211,0.000432901544261535,260.850006103516,157742845,2,1.65364081079884e-06,7.15863660648714e-10
D58518D29BDB13652ED33A3F9A10394D7D047FEDBC30A1F05F7C08D082F2E72A,7BD8DA430EC6A64C5278A5087EDDDCFD54EE849C1B904B1F1BFF9FE3FB8E5553,treat_2008,2014,8.25574858824201e-06,31384.140625,243241488,2,0.000129024620277771,1.06519482670667e-09
D5E781A11CA2A2FAE4A0408228F99A7682E9401A0D27A8C838362107C97E1373,8E3D3FC7191560A9E4D5B211FC45FE512AA082410BBB6BCCBDAA72758D07EDDA,treat_2008,2120,1.44762901319485e-06,1591.30004882813,64398663,2,2.47101410914094e-05,3.57711171640625e-11
D6087F6F564F9EB41A21C09C34F0F42832CCF196F8F173AAD398683A64316F4A,3BE59C35E1BFCEE14744A27D1026D2E8F5690AEFBA6276A6EFADA053A2D4F534,treat_2008,3511,0.000229158205560246,673794508,3913538777,2,0.172170137155639,3.94541996816476e-05
D6087F6F564F9EB41A21C09C34F0F42832CCF196F8F173AAD398683A64316F4A,EE1CC683DC430F9FD34068CC8A9EB02D8B711844ECEB463B526854EAFD885B6D,treat_2008,1712,7.97125244171911e-05,2095818.75,3913538777,2,0.000535530339527284,4.26884752657152e-08
D82FCA5EB77F34BBE9ECE5724738742F9A62D9FF275E1F76824004CA3EAE2729,1EB11C8C03D563589A1E83AF2856341DABF421EDF816A205EC6A0E9C90EACF10,treat_2008,2351,3.82449630403523e-05,1498935.3125,136785482,2,0.0109582924341342,4.19099489128835e-07
D82FCA5EB77F34BBE9ECE5724738742F9A62D9FF275E1F76824004CA3EAE2729,5F38654B8D559290F7091D877D2F5AB22BBD287F5C18610884DFAD6648159F90,treat_2008,2314,1.93483990171189e-05,100185.16015625,136785482,2,0.000732425391140925,1.4171258718064e-08
D82FCA5EB77F34BBE9ECE5724738742F9A62D9FF275E1F76824004CA3EAE2729,DFE84999859FA7A6205AF0220585AD1C09A9628C9E358622CBCEA2E6DACBBBF1,treat_2008,4673,0.000142952612818147,349328.875,136785482,2,0.00255384467629394,3.65078769207933e-07
D844F798B03753F540F71E4438B149CB07351BAF6C911D69AE023D8F57771BC6,1CA094B752178A00D0DAB81D2B57AF833D16221A5E9AC38167100BC586216614,treat_2008,1393,2.18514836381663e-08,18463.6796875,107419012,2,0.000171884653784565,3.75593469982529e-12
D844F798B03753F540F71E4438B149CB07351BAF6C911D69AE023D8F57771BC6,7C45D5C36EEA033EE8C487408E9428CBEC67A338A6F94919C4AF35C8C8405829,treat_2008,1320,3.84489142781168e-08,9847.19970703125,107419012,2,9.16709204794329e-05,3.52464736330978e-12
D93064FA7195F71AB1EF712558916F5BABE289000AAC3712CB4EB1B41CD26F54,93E844FE1AC70363ACC25C875A81A3C2EE7ED2364EA24705F5D877FBB5C4CEE8,treat_2008,1041,2.89286490879049e-06,686178.75,555447986,2,0.00123536094701044,3.57373233329668e-09
DDC3B17A34F8667CED6703241DF97230AA7CD2C10353F540926E2D4BFC42DDE5,82AD7E022AA1035FA624569E4235B7E60665602F69F48D196D6E577AB3B2F821,treat_2008,1105,3.86397618937294e-05,65461.25,15575601,2,0.00420280732666431,1.6239547438753e-07
DFBE9E5ECB29022D9A7FC8476D08C6EABF039982CE89FCBF6E240ACBCB8888F8,7BD8DA430EC6A64C5278A5087EDDDCFD54EE849C1B904B1F1BFF9FE3FB8E5553,treat_2008,2014,8.25574858824201e-06,18071.25,100412477,2,0.000179970164464721,1.4857884312053e-09
DFE84999859FA7A6205AF0220585AD1C09A9628C9E358622CBCEA2E6DACBBBF1,DFE84999859FA7A6205AF0220585AD1C09A9628C9E358622CBCEA2E6DACBBBF1,treat_2008,4673,0.000142952612818147,150000,25476974,2,0.00588766939119222,8.41657722880357e-07
E13616454E4BF3380DD212D13614225515EF33F6F9CFECA55E3C83D914B311D0,7BD8DA430EC6A64C5278A5087EDDDCFD54EE849C1B904B1F1BFF9FE3FB8E5553,treat_2008,2014,8.25574858824201e-06,109804.421875,325303066,2,0.000337544995272193,2.78668661818657e-09
E20989B41448E29218B68D9BA763CE8082FF6FF4B9D8B813E2C453F9A117DA63,E30B927536F61331175A68BC7A08D889C65901DBE6824FE8ED84680AF71FAB48,treat_2008,1051,6.54164203332758e-06,662736.625,143110021,2,0.00463095889700135,3.02940753752364e-08
E30B927536F61331175A68BC7A08D889C65901DBE6824FE8ED84680AF71FAB48,3BE59C35E1BFCEE14744A27D1026D2E8F5690AEFBA6276A6EFADA053A2D4F534,treat_2008,3511,0.000229158205560246,257597.0703125,164331829,2,0.0015675421607612,3.59215148700067e-07
E3A5A7B89C7A6E6DADA0DB86D1796A9F3190EBA6853B98B1A80ACEA6D3329A4A,3BE59C35E1BFCEE14744A27D1026D2E8F5690AEFBA6276A6EFADA053A2D4F534,treat_2008,3511,0.000229158205560246,129937000,6803351680,2,0.0190989685836732,4.37668536868605e-06
E3A5A7B89C7A6E6DADA0DB86D1796A9F3190EBA6853B98B1A80ACEA6D3329A4A,DAEA45B1C32A96BEF3B14822D96C2FE56C613857921FE02B9603218C0CB7CEF2,treat_2008,2229,1.06124295585041e-06,121165.8984375,6803351680,2,1.78097361619119e-05,1.89004570473833e-11
E4DA9495707D565900C29277A0D9B92293A5FEEFE6E3D01C4A9EA386D93493B5,5F38654B8D559290F7091D877D2F5AB22BBD287F5C18610884DFAD6648159F90,treat_2008,2314,1.93483990171189e-05,12347.5505371094,20068847,2,0.000615259588012673,1.19042880079774e-08
E4DA9495707D565900C29277A0D9B92293A5FEEFE6E3D01C4A9EA386D93493B5,DFE84999859FA7A6205AF0220585AD1C09A9628C9E358622CBCEA2E6DACBBBF1,treat_2008,4673,0.000142952612818147,12039.2595214844,20068847,2,0.000599897917477988,8.57569747276436e-08
E5ABBAFE31944B33EB97FA66732B5A526F09B5C9B1CF3181F3361151C0AA9EB7,3BE59C35E1BFCEE14744A27D1026D2E8F5690AEFBA6276A6EFADA053A2D4F534,treat_2008,3511,0.000229158205560246,60032694,611075135,2,0.0982411009081559,2.25127543963761e-05
E5ABBAFE31944B33EB97FA66732B5A526F09B5C9B1CF3181F3361151C0AA9EB7,7BD8DA430EC6A64C5278A5087EDDDCFD54EE849C1B904B1F1BFF9FE3FB8E5553,treat_2008,2014,8.25574858824201e-06,1795.06994628906,611075135,2,2.93756011900085e-06,2.42517578053173e-11
E6FBC32059211E85E235011A5E8D4C5A37E54E298B13DE19262EF86E270E53FC,1EB11C8C03D563589A1E83AF2856341DABF421EDF816A205EC6A0E9C90EACF10,treat_2008,2351,3.82449630403523e-05,3106390.375,348101119,2,0.00892381611390339,3.41291017455135e-07
E73499FBECC0CB6673265DCBB14DB6C443A7EF3C84F99944FBE276F01196804E,1CA094B752178A00D0DAB81D2B57AF833D16221A5E9AC38167100BC586216614,treat_2008,1393,2.18514836381663e-08,43910.138671875,10984600,2,0.00399742718641325,8.73497147586703e-11
E7FC48CB1FB093AFEC490CB8E5551CD881007D0E7BF6DA944B4DC4B2A5944804,3BE59C35E1BFCEE14744A27D1026D2E8F5690AEFBA6276A6EFADA053A2D4F534,treat_2008,3511,0.000229158205560246,1393.13000488281,656136163,2,2.12323307789212e-06,4.86556282115915e-10
E960E6FEE8969FB7389229FEC9909A4AE8924C8D288A1D7C78D5252939037603,1629E9233A9D8C0E17FE5852F17030A4B06A38832FCB56CFA37AFC6A42F63349,treat_2008,1031,0.000131960772208984,582,246384921,2,2.36215754453577e-06,3.11712133656218e-10
EA1B2625F236F386C8047A4FF05EEFA589BC2737825902CB44BC003C61070512,EA1B2625F236F386C8047A4FF05EEFA589BC2737825902CB44BC003C61070512,treat_2008,1039,2.27170419453091e-05,141111.28125,230267656,2,0.000612814164617197,1.39213250822884e-08
EC16CF6E5DB30D5F72A23EE733C157F7D4468D1D2E6C57368EF319EF4E0E1194,8E3D3FC7191560A9E4D5B211FC45FE512AA082410BBB6BCCBDAA72758D07EDDA,treat_2008,2120,1.44762901319485e-06,19831.259765625,196019934,2,0.000101169607401383,1.46456058927774e-10
EC8F3FF55DD9C8425954CEDD261E20735DC68010CDA9E0A3BE7D3C439ED1273D,3BE59C35E1BFCEE14744A27D1026D2E8F5690AEFBA6276A6EFADA053A2D4F534,treat_2008,3511,0.000229158205560246,1104894.5,112379867,2,0.00983178330332069,2.25303381924616e-06
ECC4D226D87A0382C9F834D6A67C97816AC09552F57CC8085637068EA23F83E6,7BD8DA430EC6A64C5278A5087EDDDCFD54EE849C1B904B1F1BFF9FE3FB8E5553,treat_2008,2014,8.25574858824201e-06,3622.42993164063,56997691,2,6.35539768030362e-05,5.24685654268831e-10
EDD882111F78B7A2F97856D89A3CE0B69F47D22E439CE75BACA00216DED4F059,82AD7E022AA1035FA624569E4235B7E60665602F69F48D196D6E577AB3B2F821,treat_2008,1105,3.86397618937294e-05,1000,220273951,2,4.53980144025292e-06,1.75416846696182e-10
EFD73DAD6F8998209721807EF3E22D15847BC9046380DBEBCB4A10F5234013DA,1CB37AB74478F9C217EFCFDA2843A640F506101BDE944EFD19E87241396C4A1C,treat_2008,1107,3.1407618166918e-07,1249088.8125,51819039,2,0.0241048239528332,7.57075106691366e-09
EFD73DAD6F8998209721807EF3E22D15847BC9046380DBEBCB4A10F5234013DA,82AD7E022AA1035FA624569E4235B7E60665602F69F48D196D6E577AB3B2F821,treat_2008,1105,3.86397618937294e-05,22148.3193359375,51819039,2,0.000427416636112019,1.65152770487872e-08
EFEF2006408C9BF676E67DFD79CA4AC8F4E2236396773A1B07910F455A630AEE,3BE59C35E1BFCEE14744A27D1026D2E8F5690AEFBA6276A6EFADA053A2D4F534,treat_2008,3511,0.000229158205560246,1951348.75,86621470,2,0.0225273104924218,5.16231804854188e-06
F072F156E3227DF942E6970352EB4178581C345C7A70BC7578A28A1B52281D20,7BD8DA430EC6A64C5278A5087EDDDCFD54EE849C1B904B1F1BFF9FE3FB8E5553,treat_2008,2014,8.25574858824201e-06,3382.19995117188,170097783,2,1.98838567529823e-05,1.6415612231724e-10
F31267A358BD041181683AC6E42E8AA92ECD54A4C7B4988A4B347C94BAC3182D,DFE84999859FA7A6205AF0220585AD1C09A9628C9E358622CBCEA2E6DACBBBF1,treat_2008,4673,0.000142952612818147,8535.7998046875,89409263,2,9.54688532069379e-05,1.36475220086839e-08
F67F71F147E1CB5AEFA4E81D4CF30FD406FD11D5180E30DE707A48959D8C18A2,06293F6EE72354A5EEC27E3925EA2F31420BC3BF0D984801512A4FB156358E10,treat_2008,3030,5.37187733197032e-07,27529.5498046875,182824551,2,0.000150579064212702,8.0889226171352e-11
F67F71F147E1CB5AEFA4E81D4CF30FD406FD11D5180E30DE707A48959D8C18A2,3BE59C35E1BFCEE14744A27D1026D2E8F5690AEFBA6276A6EFADA053A2D4F534,treat_2008,3511,0.000229158205560246,215082.125,182824551,2,0.00117644005590912,2.6959089216133e-07
F6B7A7277CE20E0CEE0174773B8432DA1F6E239BD53990F578224B8926DA57FB,3BE59C35E1BFCEE14744A27D1026D2E8F5690AEFBA6276A6EFADA053A2D4F534,treat_2008,3511,0.000229158205560246,8950,13973618,2,0.000640492676986017,1.46774152532594e-07
F8F1FAA7804D5A5B8495B44A8586C93F19689545D2D96B5CBBB19221519EC076,3BE59C35E1BFCEE14744A27D1026D2E8F5690AEFBA6276A6EFADA053A2D4F534,treat_2008,3511,0.000229158205560246,97957720,10405163029,2,0.00941433783660902,2.15737276517525e-06
F8F1FAA7804D5A5B8495B44A8586C93F19689545D2D96B5CBBB19221519EC076,AFCA27A1F1BB2F7C605C4B1753142D734EB685C1A44B33B33D43D3893BB18C10,treat_2008,2014,3.93079763820856e-05,4322857.5,10405163029,2,0.000415453125333247,1.63306216384629e-08
FB2B8908754934888CC757CC0F6EE2703BE855409C950BBC9F8E3217F1EFD3EF,1CA094B752178A00D0DAB81D2B57AF833D16221A5E9AC38167100BC586216614,treat_2008,1393,2.18514836381663e-08,23039.9499511719,3779523,2,0.00609599411120712,1.33206515579401e-10
FBBAE30BA91C2815D3C929046574BC83F9154905DFEE1D10C9A413585C9CB50A,7BD8DA430EC6A64C5278A5087EDDDCFD54EE849C1B904B1F1BFF9FE3FB8E5553,treat_2008,2014,8.25574858824201e-06,1514554.0625,205575837,2,0.00736737393169412,6.08231869356347e-08
FE0492BB9292D51D5FF951AB61893AE3823D71A3A735CB603337AB6AA068FFAE,3BE59C35E1BFCEE14744A27D1026D2E8F5690AEFBA6276A6EFADA053A2D4F534,treat_2008,3511,0.000229158205560246,13101919,,,,
FEEB72045B9C8E1D1E438797096A98DC8041A48A1AE7399FE650621711D8BAB3,7EFE7AC47DF7A0E69E1E4909A7C14C4BEF034F82D4F05F3C3F42A2942791E0CA,treat_2008,2311,6.72193376993775e-05,1025202.375,56167677,2,0.0182525329470186,1.22692317603466e-06
083C42AB940BBCC0A3859BC45EFA25AD9C63D65F877E10CBE66F9633B7E83442,EA1B2625F236F386C8047A4FF05EEFA589BC2737825902CB44BC003C61070512,treat_2013,1039,8.57822218278601e-07,86842.37890625,1406985015,2,6.17223196980886e-05,5.29467772007154e-11
0A504C686BDD09CADD293F605C96868E0155185BFAA023B58558FEA3B3278B22,7A01DDE298CB1AB8AAB6B60D8755E5997F415CEF475BD9887E027BDBD80E1B41,treat_2013,2015,4.60822786867951e-05,15884.580078125,10734101,2,0.00147982398135857,6.81936611163683e-08
0D8E6484CB9716B07B6C77FDAD4D31811A9B3082E8A56ED31A4A3CE3BD08F828,539ECB9AED38AD4CD3B09BBE87B83D4D9E8F594BB312637157DF695847F9AFEC,treat_2013,3511,0.0183514091385063,103329.34375,1364730163,2,7.57141203084847e-05,1.38946079934309e-06
125EA6B782DCCA982F2692424AE91CBA74A6BC3DB2028CDF4B30877325B3BAF1,3C8F64AD580757BBF770B04BD52CCCE6D586313EFCC2A4893B9131A2D9846D30,treat_2013,2014,5.42230381922028e-05,15332596.5,55866147896,2,0.000274452366548398,1.48816411532942e-08
19D0C27E90DE05558674786A9E5A3A6FA7E77A22D3A5BE19D32C9563E05F8B60,7A01DDE298CB1AB8AAB6B60D8755E5997F415CEF475BD9887E027BDBD80E1B41,treat_2013,2015,4.60822786867951e-05,10220143.5,1184775903,2,0.00862622498830481,3.97516103926058e-07
1C6EC1F8E25B016DB87AC7C6CDC9FD74E36F38CFD1673CB9480E1F9ED238F425,3C8F64AD580757BBF770B04BD52CCCE6D586313EFCC2A4893B9131A2D9846D30,treat_2013,2014,5.42230381922028e-05,18229003.25,69974240076,2,0.000260510199613475,1.41256545030998e-08
2236625B9082AD13E72407B44FA2E57E4DF38D31A96018ACB660CA6A323A89F3,A7E4D6C8E4978F81C59A9CE76EFE1AB662AA0F95691E0D49AD6026B12053E721,treat_2013,2732,9.0814672438268e-07,4800141.75,124175340,2,0.0386561595079989,3.51054646344036e-08
387E9F4FB003C1750F4D9FFA33CB0062B0884FAFD07A70B4FA087D840A9EE79D,9B43410201CE09CB26C572270E1B2418216ACA95142E50069DE00EC17DD07189,treat_2013,2444,1.24545368133439e-05,21773399,1837607484,2,0.0118487757530269,1.4757101380913e-07
3BE59C35E1BFCEE14744A27D1026D2E8F5690AEFBA6276A6EFADA053A2D4F534,0A34A8A9107FF70BC93E025A5237A6C6656170DE09B68276578A1653C672D716,treat_2013,7112,0.00616514624675381,4944451.5,65866217207,2,7.50680957502221e-05,4.62805788765437e-07
3BE59C35E1BFCEE14744A27D1026D2E8F5690AEFBA6276A6EFADA053A2D4F534,24E802F3A30E1B661E2FD8A850783BD425F2F01A17F66D42FAE4EC94C4E4C8D5,treat_2013,3511,0.00523159402595964,2347057.75,65866217207,2,3.563371102099e-05,1.86421109700184e-07
3BE59C35E1BFCEE14744A27D1026D2E8F5690AEFBA6276A6EFADA053A2D4F534,7A01DDE298CB1AB8AAB6B60D8755E5997F415CEF475BD9887E027BDBD80E1B41,treat_2013,2015,4.60822786867951e-05,1965494.5625,65866217207,2,2.98407081178349e-05,1.37512782769738e-09
3BE59C35E1BFCEE14744A27D1026D2E8F5690AEFBA6276A6EFADA053A2D4F534,A1E9FE762ACC4DE886908DD38F550AAC93E153911553A0EE13701CA7E35CD778,treat_2013,1031,7.61343271970321e-06,1025817.3125,65866217207,2,1.55742557565759e-05,1.18573548362141e-10
443465ED713331FE0B77A34B12539C2140C79B9FDAF32C7BFD83776E10501445,A1E9FE762ACC4DE886908DD38F550AAC93E153911553A0EE13701CA7E35CD778,treat_2013,1031,7.61343271970321e-06,321698.921875,518662353,2,0.000620247295787439,4.72221105605552e-09
498FD2A258C8D6DFB80A2FE67F2735F8D3759EC9C94FBE7443F5B48988B06E54,24E802F3A30E1B661E2FD8A850783BD425F2F01A17F66D42FAE4EC94C4E4C8D5,treat_2013,3511,0.00523159402595964,2465,1502585128,2,1.6405060545761e-06,8.58246167467093e-09
4C4AFA11F7CFB164582811756F70B0C08F76AA402E3112B966D24AEC0EF417AD,7A01DDE298CB1AB8AAB6B60D8755E5997F415CEF475BD9887E027BDBD80E1B41,treat_2013,2015,4.60822786867951e-05,4966.919921875,2518556148,2,1.97212991491941e-06,9.08802403458818e-11
4CE683198D1988956A9467C38F7C31A77267B4563430CEF1229B83E2C35DCB2E,24E802F3A30E1B661E2FD8A850783BD425F2F01A17F66D42FAE4EC94C4E4C8D5,treat_2013,3511,0.00523159402595964,919.029998779297,553349637,2,1.66084865215028e-06,8.68888588661253e-09
4F041995909348A972258A49F0EA4DD0F1AEE47DA660396688699BE3C5B383F6,7A01DDE298CB1AB8AAB6B60D8755E5997F415CEF475BD9887E027BDBD80E1B41,treat_2013,2015,4.60822786867951e-05,380592.796875,1291419475,2,0.000294708887578918,1.35808570888871e-08
5B62B2ACB0C9D2FA749C81D43481D120BE7CE506A5EED1BE9279D42D776C7E46,EDDFC65124756994667D25645FEAF7C299F0F2020BD0AF5797C30FB1C6970203,treat_2013,1031,0.0001545429363705,9424805.5,197532232,2,0.0477127474568302,7.37366809428265e-06
648B6285AF072F95A47296A5F6B2ED0F033063B5034F78B51A7A8AAA82ABECE6,A1E9FE762ACC4DE886908DD38F550AAC93E153911553A0EE13701CA7E35CD778,treat_2013,1031,7.61343271970321e-06,640692.4609375,583668077,2,0.00109770002195529,8.35726526357331e-09
65131DA16F26415E3FEAE77CDC495EBCBE8CDE6042C6696D620D73DF40AD7CCF,7A01DDE298CB1AB8AAB6B60D8755E5997F415CEF475BD9887E027BDBD80E1B41,treat_2013,2015,4.60822786867951e-05,179096.32421875,1083565267,2,0.000165284297746644,7.61667707131208e-09
6854DA9859C37927F4019AACD32C75C31AD6F02AF47E932DF02F759931F0E951,E226414FE7AEDCA3ED6AE8C253A524C2A6477FFCB93D320BB29F88459BA7680E,treat_2013,2320,8.73624248467786e-05,1440,146898805,2,9.80266653632751e-06,8.56384718577944e-10
68A2F4B84714EC1829E0AC28D29F204FDEBFF70F71F2A22FDE65461FF3ADDDFF,E226414FE7AEDCA3ED6AE8C253A524C2A6477FFCB93D320BB29F88459BA7680E,treat_2013,2320,8.73624248467786e-05,497178.71484375,9241769331,2,5.37969188622838e-05,4.69982928109452e-09
70FE32E6D4C290D05B9D2182667C39C6B9FE3FE1D7631D861FA3E0AAAF1DA222,A1E9FE762ACC4DE886908DD38F550AAC93E153911553A0EE13701CA7E35CD778,treat_2013,1031,7.61343271970321e-06,3013774.9765625,125597734,2,0.0239954566104075,1.82687794481895e-07
781DDBF220914771C108CE716159C411A65053A91F89898E330CB0229771CCE6,A1E9FE762ACC4DE886908DD38F550AAC93E153911553A0EE13701CA7E35CD778,treat_2013,1031,7.61343271970321e-06,4049636.375,206291510,2,0.0196306497295987,1.49456630960359e-07
7A01DDE298CB1AB8AAB6B60D8755E5997F415CEF475BD9887E027BDBD80E1B41,7A01DDE298CB1AB8AAB6B60D8755E5997F415CEF475BD9887E027BDBD80E1B41,treat_2013,2015,4.60822786867951e-05,3790504.75,531592636,2,0.00713046888407235,3.28588254283343e-07
7C817AFC7C6D0E08FD60CF015FEFF91954B125FD48E134DE10C90551BDC14D12,3C8F64AD580757BBF770B04BD52CCCE6D586313EFCC2A4893B9131A2D9846D30,treat_2013,2014,5.42230381922028e-05,165989760,886791885,2,0.187180061982638,1.01494716497034e-05
83EF4B50AC15D4BECE9C97DA8BECD2A6FAAC7049AAE59F893F2577B461792A16,9B43410201CE09CB26C572270E1B2418216ACA95142E50069DE00EC17DD07189,treat_2013,2444,1.24545368133439e-05,609079808,8464397611,2,0.0719578446088667,8.9620162469001e-07
91EC638BAEE6C0547B5CD3A38EA010251CF846F1DAC5B46C2DEBAA30174CD56E,A1E9FE762ACC4DE886908DD38F550AAC93E153911553A0EE13701CA7E35CD778,treat_2013,1031,7.61343271970321e-06,383186.1875,108183286,2,0.00354200913716006,2.69668482583421e-08
94017B9E62CF2DD7184E06909A4451225FEEB88ED86B19429927E7E0CE36D9AA,7A01DDE298CB1AB8AAB6B60D8755E5997F415CEF475BD9887E027BDBD80E1B41,treat_2013,2015,4.60822786867951e-05,5395062.75,153815044,2,0.0350750005311574,1.61633594941628e-06
9667C5CF58D6CB9771EC341CAB64A74403932D3C04CA637E179C6732494E3956,A1E9FE762ACC4DE886908DD38F550AAC93E153911553A0EE13701CA7E35CD778,treat_2013,1031,7.61343271970321e-06,540570.107421875,304082620,2,0.00177770800390326,1.35344602829954e-08
9B43410201CE09CB26C572270E1B2418216ACA95142E50069DE00EC17DD07189,E226414FE7AEDCA3ED6AE8C253A524C2A6477FFCB93D320BB29F88459BA7680E,treat_2013,2320,8.73624248467786e-05,74726.4921875,5799814243,2,1.2884290609426e-05,1.12560287007003e-09
9C0362DF414FCE539D1971F13460C5726B978F5842FD946D821DB58B8E1D7CD2,7A01DDE298CB1AB8AAB6B60D8755E5997F415CEF475BD9887E027BDBD80E1B41,treat_2013,2015,4.60822786867951e-05,68369.46875,148700000,2,0.000459781228984533,2.11877667290224e-08
9F72F5EC2B91E6C8B9016E1CE52960C84D7C404F13131CBF0C0C1E05E418F250,3BE59C35E1BFCEE14744A27D1026D2E8F5690AEFBA6276A6EFADA053A2D4F534,treat_2013,3511,0.000107486816462379,8568292.08007813,575400849,2,0.0148909965895412,1.60058581736193e-06
A1E9FE762ACC4DE886908DD38F550AAC93E153911553A0EE13701CA7E35CD778,A1E9FE762ACC4DE886908DD38F550AAC93E153911553A0EE13701CA7E35CD778,treat_2013,1031,7.61343271970321e-06,178058.3359375,751566371,2,0.000236916316120669,1.80374643298465e-09
A7E4D6C8E4978F81C59A9CE76EFE1AB662AA0F95691E0D49AD6026B12053E721,9B43410201CE09CB26C572270E1B2418216ACA95142E50069DE00EC17DD07189,treat_2013,2444,1.24545368133439e-05,112088444,764193694,2,0.146675436973705,1.82677462940232e-06
AAEE7A0BCBE72A758DECD010C6BB77D07962734CC24B10ED40C403CDE97D5EB3,A1E9FE762ACC4DE886908DD38F550AAC93E153911553A0EE13701CA7E35CD778,treat_2013,1031,7.61343271970321e-06,4597.64990234375,119275473,2,3.85464822457149e-05,2.93471049158985e-10
AE66A9EFBEBE6A9A61571C04995743B1E6F7AC1101DA3F8939D8877725059A04,A1E9FE762ACC4DE886908DD38F550AAC93E153911553A0EE13701CA7E35CD778,treat_2013,1031,7.61343271970321e-06,389547.76171875,100969507,2,0.00385807332622462,2.93731816968927e-08
AFCA27A1F1BB2F7C605C4B1753142D734EB685C1A44B33B33D43D3893BB18C10,8AD8CD6E2A5082CF7EE48D06DBC38617A85AA8D5CA2A7DAF9CAA2192C4E300C7,treat_2013,2016,1.7652528018918e-06,14253.9399414063,1575361878,2,9.04804168519193e-06,1.59720809364189e-11
B3E0FD522207C8C5AEA81FC57D6965D5D991ADD89876A1705055DD7AAB7EEFC7,7A01DDE298CB1AB8AAB6B60D8755E5997F415CEF475BD9887E027BDBD80E1B41,treat_2013,2015,4.60822786867951e-05,718026.984375,227040503,2,0.00316255018328161,1.45737518906958e-07
B6EFE016EC0C2668A7AFF8E5A70FF3033726E8022ED5F7F6F46628DC3A427E7C,A1E9FE762ACC4DE886908DD38F550AAC93E153911553A0EE13701CA7E35CD778,treat_2013,1031,7.61343271970321e-06,1816502.71875,8232644384,2,0.000220646323832515,1.6798759413487e-09
B6EFE016EC0C2668A7AFF8E5A70FF3033726E8022ED5F7F6F46628DC3A427E7C,EA1B2625F236F386C8047A4FF05EEFA589BC2737825902CB44BC003C61070512,treat_2013,1039,8.57822218278601e-07,3882711,8232644384,2,0.000471623796546585,4.04569371346567e-10
B9E46A6B62A0DEA407F94958C0B98973CC54B31973F54BAD759DEECF9143CB7C,3BE59C35E1BFCEE14744A27D1026D2E8F5690AEFBA6276A6EFADA053A2D4F534,treat_2013,3511,0.000107486816462379,601905.842529297,97187445,2,0.00619324690065982,6.6569239291742e-07
C081B6928443B6904E8522B0BD5FE095F8AFB35C568AB61E0CB4F6D61A9FECE6,24E802F3A30E1B661E2FD8A850783BD425F2F01A17F66D42FAE4EC94C4E4C8D5,treat_2013,3511,0.00523159402595964,19792.8603515625,4834395860,2,4.09417452040481e-06,2.1419058962186e-08
C9210078CEE580FDD0812518371FC8B5E11A493EF54D24394419069892A286C3,E226414FE7AEDCA3ED6AE8C253A524C2A6477FFCB93D320BB29F88459BA7680E,treat_2013,2320,8.73624248467786e-05,26689.8793945313,310208767,2,8.60384432479023e-05,7.51652703217869e-09
CF4DB84513AB8C68511709D7B79224804195F0EC9A517C786AE4CECB82E699CA,40373FF2604A156C93922C1CDE8C3D74A3B4CAC9C582D5C77BE7882A04E44797,treat_2013,1089,0.000445069962383736,641207.15625,77805744,2,0.00824112878157171,3.66787887681364e-06
D2B4170185D739578CFE35C674E99CDBC29EA8FDB38E30F205B1E46260E0650E,7A01DDE298CB1AB8AAB6B60D8755E5997F415CEF475BD9887E027BDBD80E1B41,treat_2013,2015,4.60822786867951e-05,2825.19995117188,33780284,2,8.36345825621796e-05,3.85407214148414e-09
D3B615A03010104B09E4C88B29B0A80A823664C2897B33D069EBA714719DF84B,A1E9FE762ACC4DE886908DD38F550AAC93E153911553A0EE13701CA7E35CD778,treat_2013,1031,7.61343271970321e-06,872451.4375,4717646.5,1,0.184933618383658,1.40797966117525e-06
D6087F6F564F9EB41A21C09C34F0F42832CCF196F8F173AAD398683A64316F4A,24E802F3A30E1B661E2FD8A850783BD425F2F01A17F66D42FAE4EC94C4E4C8D5,treat_2013,3511,0.00523159402595964,4368000,6698633444,2,0.000652073297713049,3.41138276880339e-06
E13616454E4BF3380DD212D13614225515EF33F6F9CFECA55E3C83D914B311D0,7A01DDE298CB1AB8AAB6B60D8755E5997F415CEF475BD9887E027BDBD80E1B41,treat_2013,2015,4.60822786867951e-05,62297114,480156020,2,0.129743482128996,5.97887530126363e-06
E59F3C68EBE515BF1D63F2F3849BF72F083EC1573D48A557002A09FCF8DD50A8,7A01DDE298CB1AB8AAB6B60D8755E5997F415CEF475BD9887E027BDBD80E1B41,treat_2013,2015,4.60822786867951e-05,2323501.625,115853088,2,0.0200555864769008,9.24207125255662e-07
E7FC48CB1FB093AFEC490CB8E5551CD881007D0E7BF6DA944B4DC4B2A5944804,25E712961A61C8E1F564C09690993ECE21603E84BDFB59A05BAE9BB1927C402E,treat_2013,2561,5.01476684006405e-05,46400,539005615,2,8.60844464486701e-05,4.3169342749606e-09
E9178E845B09F89939C8E5085FC0C2821B3251D7F65EB128CA34132B682F5423,E226414FE7AEDCA3ED6AE8C253A524C2A6477FFCB93D320BB29F88459BA7680E,treat_2013,2320,8.73624248467786e-05,426369.84375,976966456,2,0.000436422193547656,3.81269010852734e-08
EA1B2625F236F386C8047A4FF05EEFA589BC2737825902CB44BC003C61070512,EA1B2625F236F386C8047A4FF05EEFA589BC2737825902CB44BC003C61070512,treat_2013,1039,8.57822218278601e-07,200200.640625,385860838,2,0.00051884156387231,4.45073821256083e-10
EFD73DAD6F8998209721807EF3E22D15847BC9046380DBEBCB4A10F5234013DA,A1E9FE762ACC4DE886908DD38F550AAC93E153911553A0EE13701CA7E35CD778,treat_2013,1031,7.61343271970321e-06,34877.9602050781,56701886,2,0.000615111112972117,4.68310707375498e-09
EFEF2006408C9BF676E67DFD79CA4AC8F4E2236396773A1B07910F455A630AEE,D362B2967F300FCA01BBEE859B18214A1B723CE0FBEC3E2DE5FFAA17EDC65A13,treat_2013,1013,4.74061740594392e-06,1145847.15625,104802918,2,0.010933351648186,5.18308371286961e-08
F13FD771AC8CC4A7E3399ED76B79B31E925D00F83A00941ADBCA043E167F0DA5,EA1B2625F236F386C8047A4FF05EEFA589BC2737825902CB44BC003C61070512,treat_2013,1039,8.57822218278601e-07,71577.779296875,72402634,2,0.000988607393715469,8.4804938748363e-10
F8F1FAA7804D5A5B8495B44A8586C93F19689545D2D96B5CBBB19221519EC076,7A01DDE298CB1AB8AAB6B60D8755E5997F415CEF475BD9887E027BDBD80E1B41,treat_2013,2015,4.60822786867951e-05,5871.14990234375,14456086963,2,4.06136869359656e-07,1.87157123988141e-11
FBBAE30BA91C2815D3C929046574BC83F9154905DFEE1D10C9A413585C9CB50A,7A01DDE298CB1AB8AAB6B60D8755E5997F415CEF475BD9887E027BDBD80E1B41,treat_2013,2015,4.60822786867951e-05,195722.609375,121645935,1,0.00160895314237175,7.41442271007698e-08
FCF30B082573F97E8F74E57B1A478C7724711244FF3A60C64ECA2ECB6463064B,A1E9FE762ACC4DE886908DD38F550AAC93E153911553A0EE13701CA7E35CD778,treat_2013,1031,7.61343271970321e-06,342642.689453125,17072581,2,0.0200697650491818,1.52799805902197e-07
FEA23619C9CA055D4CE6052BDFD4696D6DE3EFD450237458C028D85DA3ECA980,A1E9FE762ACC4DE886908DD38F550AAC93E153911553A0EE13701CA7E35CD778,treat_2013,1031,7.61343271970321e-06,20071.9897460938,271105674,2,7.40375125682311e-05,5.63679620672408e-10
01ADB44BA43E16EBF2F8CF5B6F7E07BCB318D92166D380EC8283E42D47052E33,67863B92FB29A53B4F85034E41DF069DCCE2E96E963396F391424D73021DCAC2,treat_2017,2365,0.000208018857469999,1269259.32,99757438,2,0.0127234554680524,2.64671866953468e-06
01F2B0B3F7BAD9F8285A6E56F94211AB7FA80D574E5FA1F74F9FF6DF342CC0BF,BD82BA2061C72EB2FDFC34AD831B7A0E33C57B6587E1D690B5308EB60182A371,treat_2017,4211,1.04491078317667e-05,2013221.7,10466239,2,0.192353881848102,2.00992645328973e-06
03C2F8EBEFFAC11E770D85E82485F76642EA0BF2914C018154D0A369C7BF7FAF,A0B44CF8258D0A44D27D379D0CD4B5D173FC1457A2B18D84A999423522AED2D2,treat_2017,4322,3.52989529924418e-05,1737.15,389030517,2,4.46533092929571e-06,1.57621506568906e-10
03C2F8EBEFFAC11E770D85E82485F76642EA0BF2914C018154D0A369C7BF7FAF,B8FDF1A99C14812F711B9B01A2C27EC7B85C6A71A20AB98121F00747A42E5B58,treat_2017,2351,0.000103038803811996,459.25,389030517,2,1.18049864967277e-06,1.21637168763959e-10
060E7B38352289E781F61CC259B557CB6CB65E5006A476CB80EDFE7114BC286D,7377A1DCBC87F5E28F2563A4F72835A4C3FB9C436AE288E420C188779E4AFD9B,treat_2017,2014,0.000409655665552639,1152.53,226110851,2,5.09719013883151e-06,2.08809281877137e-09
083C42AB940BBCC0A3859BC45EFA25AD9C63D65F877E10CBE66F9633B7E83442,1745374E09DBF271136A572D482D683EFC56C0DDAD78546E8A3B3C4C6D94F1F5,treat_2017,1722,3.90735085943156e-05,1908672.08,1190898021,2,0.00160271664436665,6.26237625779128e-08
083C42AB940BBCC0A3859BC45EFA25AD9C63D65F877E10CBE66F9633B7E83442,1A197756250775389BD4ECBD644856B19F0024EE36CFDF5AB1599882260983EE,treat_2017,1051,8.70639900246024e-05,6765.48,1190898021,2,5.68099021133565e-06,4.94609675089591e-10
083C42AB940BBCC0A3859BC45EFA25AD9C63D65F877E10CBE66F9633B7E83442,32424075741922469453FAD31C3E5A3FC8FB96E6E14ACF83BA40B2F0B4770F80,treat_2017,1107,2.17596979039937e-05,1317084.69,1190898021,2,0.00110595925660708,2.40653393178955e-08
083C42AB940BBCC0A3859BC45EFA25AD9C63D65F877E10CBE66F9633B7E83442,40373FF2604A156C93922C1CDE8C3D74A3B4CAC9C582D5C77BE7882A04E44797,treat_2017,1089,8.43249664590945e-05,169496.98,1190898021,2,0.000142327031375594,1.20017221469695e-08
083C42AB940BBCC0A3859BC45EFA25AD9C63D65F877E10CBE66F9633B7E83442,A2D0C13790C3E409C825E25214303B2E0AB0A1071E3E1997C5F73FCE2D5E2BDC,treat_2017,1105,1.03465140882384e-05,8036466.56,1190898021,2,0.00674824075469683,6.98207680392953e-08
083C42AB940BBCC0A3859BC45EFA25AD9C63D65F877E10CBE66F9633B7E83442,BD82BA2061C72EB2FDFC34AD831B7A0E33C57B6587E1D690B5308EB60182A371,treat_2017,4211,1.04491078317667e-05,92949.85,1190898021,2,7.80502178699985e-05,8.15555142816498e-10
083C42AB940BBCC0A3859BC45EFA25AD9C63D65F877E10CBE66F9633B7E83442,E960E6FEE8969FB7389229FEC9909A4AE8924C8D288A1D7C78D5252939037603,treat_2017,1031,1.58986599678024e-05,271664.4,1190898021,2,0.000228117265466511,3.62675883643698e-09
083C42AB940BBCC0A3859BC45EFA25AD9C63D65F877E10CBE66F9633B7E83442,EA1B2625F236F386C8047A4FF05EEFA589BC2737825902CB44BC003C61070512,treat_2017,1039,4.48878231599981e-05,129156.67,1190898021,2,0.00010845317375836,4.86822688480581e-09
0A45FA9EAFA155A652DCAFBA08DF9B4BF701E30ABBB57BF7718BB47DF84207A5,381129D2BACBFFE88AA47CF43AAB8B0205C90F8E3B8F55424F7421B3BB765AE7,treat_2017,2014,3.70529576586508e-06,1859549.33,1115521810,2,0.00166697711629681,6.17664325080856e-09
0AABE45F4FB603AEFF53DCD7E191AED36467BD28C51C0AAB83550B4DE8F2B90A,B8FDF1A99C14812F711B9B01A2C27EC7B85C6A71A20AB98121F00747A42E5B58,treat_2017,2351,0.000103038803811996,65535.7,33087116,2,0.00198070149117862,2.04089112359682e-07
0BDFE5EAA496435F87A696788887950D9BD6AA745A2C6C95533B08641C33E65D,DCF3F0DD9DF652FC8B064F143BE61B6316597A64B4E743D24B0030BAF9B79803,treat_2017,1062,6.15850136977239e-05,1009892.2,148259502,2,0.00681165244977013,4.19495709423228e-07
0D8E6484CB9716B07B6C77FDAD4D31811A9B3082E8A56ED31A4A3CE3BD08F828,233C29FA2E67D9E99661CF7ABDF39D6AC6BAEC0D61A8BF7ACA5B2A341DB24E7D,treat_2017,2352,0.00126345506798275,117817,807065446,2,0.000145981965383263,1.84441653997566e-07
0D8E6484CB9716B07B6C77FDAD4D31811A9B3082E8A56ED31A4A3CE3BD08F828,2A70DBCD110EDD6E2E83D454D79E47D9BA81845955CFE8E1E03BF1D0EA7BCBC5,treat_2017,2014,3.90209640781755e-05,47757196.16,807065446,2,0.0591738828575743,2.30902195735157e-06
0D8E6484CB9716B07B6C77FDAD4D31811A9B3082E8A56ED31A4A3CE3BD08F828,539ECB9AED38AD4CD3B09BBE87B83D4D9E8F594BB312637157DF695847F9AFEC,treat_2017,3511,0.0651715103243854,98010,807065446,2,0.000121439965601005,7.91442597195892e-06
0DDB9AF83891A69613D1C08A28B90CBD44E7E5E58B56EC0085A8971935A577E0,3EE54F1625227C67E1ED1E8AADCB8DB7E0EAC784F6B11595A589E00465C4C22D,treat_2017,1393,6.44909989307547e-05,143200.96,54678647,2,0.00261895580554508,1.68899076055102e-07
0E6E41DA993142E6DE05A8BAB736CDD2C61EFA0D04650E9F6C860FE4EA7242B8,0E6E41DA993142E6DE05A8BAB736CDD2C61EFA0D04650E9F6C860FE4EA7242B8,treat_2017,2014,0.000836737872527657,6502119.07,466010937,2,0.0139527177449056,1.16747673618512e-05
0E6E41DA993142E6DE05A8BAB736CDD2C61EFA0D04650E9F6C860FE4EA7242B8,1E9AFCCFC2BEB1136C929DD46B6D15743F76A4DE734C2977D9C9BE1F6C01766D,treat_2017,2016,0.000357974396666644,95436.41,466010937,2,0.000204794356575369,7.33111362358014e-08
0E6E41DA993142E6DE05A8BAB736CDD2C61EFA0D04650E9F6C860FE4EA7242B8,549DB4EF525043F50D2173C29347FE391310F9E0EA10DDE919839D19ABF1AABD,treat_2017,1920,0.00155502566739442,193881579.04,466010937,2,0.416045126082524,0.000646960849852672
0F1BF1CA16192217AE75F4E399BCB6F4938B1D23382856CA1F7451AF0B4B828F,D7E5CDFAAACF0B7F90CD7FBB7F8126EB1255FF5547B0834A227723386F131B08,treat_2017,1393,0.000148685155751804,3628.99,64891153,2,5.59242644370951e-05,8.31510796813456e-09
1061796C42F184760E3BAF45DC443875C42284348C2B209B70F02ED964EDAC7E,CD862FFAF195F06877AE4815D81FDFFCB454147B4CAB0C53BD6FD33F3D619DF1,treat_2017,2014,6.86980714825666e-05,1000787.6,372505628,2,0.00268663752913822,1.84566817024483e-07
10F6851CCF2E156A95B4D8FA391B331913274D4134A5EA517422C7B5373AC346,3C8F64AD580757BBF770B04BD52CCCE6D586313EFCC2A4893B9131A2D9846D30,treat_2017,2014,0.000237274038919233,1978782.8,203580955,2,0.00971988170504456,2.30627558997308e-06
10F6851CCF2E156A95B4D8FA391B331913274D4134A5EA517422C7B5373AC346,7A01DDE298CB1AB8AAB6B60D8755E5997F415CEF475BD9887E027BDBD80E1B41,treat_2017,2015,0.000568587529549804,765218.15,203580955,2,0.00375879045267275,2.13720137758059e-06
10F6851CCF2E156A95B4D8FA391B331913274D4134A5EA517422C7B5373AC346,93E844FE1AC70363ACC25C875A81A3C2EE7ED2364EA24705F5D877FBB5C4CEE8,treat_2017,1041,1.06163783434385e-05,6320419.98,203580955,2,0.0310462242403765,3.29598462671069e-07
125EA6B782DCCA982F2692424AE91CBA74A6BC3DB2028CDF4B30877325B3BAF1,0E6E41DA993142E6DE05A8BAB736CDD2C61EFA0D04650E9F6C860FE4EA7242B8,treat_2017,2014,0.000836737872527657,287204681.25,28573984640,2,0.0100512646334929,8.41027378564129e-06
125EA6B782DCCA982F2692424AE91CBA74A6BC3DB2028CDF4B30877325B3BAF1,549DB4EF525043F50D2173C29347FE391310F9E0EA10DDE919839D19ABF1AABD,treat_2017,1920,0.00155502566739442,988746358.27,28573984640,2,0.034603026869619,5.38085949517963e-05
152B67836FC81402118F1B5D4A87C12E3125AA873CDDE082CD6CFF26F3E96593,3BE59C35E1BFCEE14744A27D1026D2E8F5690AEFBA6276A6EFADA053A2D4F534,treat_2017,3511,0.000444514994669268,104666,70906254,2,0.00147611803043495,6.5615659843e-07
15B6D32B7474232D55C7E18944125467D63B5D7323395C16048F05C429FFCA51,2EDB84F873D1720009F7FE2B6EBFA04329C6829EDFD154525B24987A3D52E2AD,treat_2017,4673,6.28853635044987e-05,8578.05,293050757,2,2.92715503887949e-05,1.84075208653962e-09
15B6D32B7474232D55C7E18944125467D63B5D7323395C16048F05C429FFCA51,A44C7B695F2DAA9C1AF259527E3B73F5483420A4B1CB0C2E493C045EE27F601E,treat_2017,2399,0.000164410286727756,1114.72,293050757,2,3.80384617126241e-06,6.25391439685529e-10
15B6D32B7474232D55C7E18944125467D63B5D7323395C16048F05C429FFCA51,B8FDF1A99C14812F711B9B01A2C27EC7B85C6A71A20AB98121F00747A42E5B58,treat_2017,2351,0.000103038803811996,1833522.77,293050757,2,0.00625667303770179,6.4468010564756e-07
15B6D32B7474232D55C7E18944125467D63B5D7323395C16048F05C429FFCA51,BEA704951F78F6206B131BE9FACD666E66E5939910623E8580ACB79F4696442C,treat_2017,4211,0.000136258727169874,141788.96,293050757,2,0.000483837549001793,6.59270885839758e-08
1699301EC2767FC1FF82337B41AE8E16B093A1C04259532BBCCFCBA1D82BA80F,67863B92FB29A53B4F85034E41DF069DCCE2E96E963396F391424D73021DCAC2,treat_2017,2365,0.000208018857469999,325002.32,357787275,2,0.000908367464997183,1.88957562231633e-07
1699301EC2767FC1FF82337B41AE8E16B093A1C04259532BBCCFCBA1D82BA80F,B8FDF1A99C14812F711B9B01A2C27EC7B85C6A71A20AB98121F00747A42E5B58,treat_2017,2351,0.000103038803811996,10933184.75,357787275,2,0.0305577797589364,3.14863707351123e-06
16F5C33D722C8396DEEAA73210AA5D428A395EB3621DB81F91EB3C9579FB8B4A,233C29FA2E67D9E99661CF7ABDF39D6AC6BAEC0D61A8BF7ACA5B2A341DB24E7D,treat_2017,2352,0.00126345506798275,368802.76,357960169,2,0.00103028993709074,1.30172504250892e-06
19D0C27E90DE05558674786A9E5A3A6FA7E77A22D3A5BE19D32C9563E05F8B60,233C29FA2E67D9E99661CF7ABDF39D6AC6BAEC0D61A8BF7ACA5B2A341DB24E7D,treat_2017,2352,0.00126345506798275,272444.96,1175600426,2,0.000231749626807298,2.92805240492791e-07
19D0C27E90DE05558674786A9E5A3A6FA7E77A22D3A5BE19D32C9563E05F8B60,7A01DDE298CB1AB8AAB6B60D8755E5997F415CEF475BD9887E027BDBD80E1B41,treat_2017,2015,0.000568587529549804,9469337.1,1175600426,2,0.00805489424006044,4.57991241674091e-06
1C6EC1F8E25B016DB87AC7C6CDC9FD74E36F38CFD1673CB9480E1F9ED238F425,0E6E41DA993142E6DE05A8BAB736CDD2C61EFA0D04650E9F6C860FE4EA7242B8,treat_2017,2014,0.000836737872527657,161806081.18,48105434424,2,0.00336357176933162,2.81442788636463e-06
1C6EC1F8E25B016DB87AC7C6CDC9FD74E36F38CFD1673CB9480E1F9ED238F425,D4D2E1C06944A9D89BF42D277B9FA290B4D68A873FB82943562B733E4FDD2FB9,treat_2017,4211,9.64854962281004e-06,74817.44,48105434424,2,1.55528041469413e-06,1.50062002585609e-11
1CA094B752178A00D0DAB81D2B57AF833D16221A5E9AC38167100BC586216614,D7E5CDFAAACF0B7F90CD7FBB7F8126EB1255FF5547B0834A227723386F131B08,treat_2017,1393,0.000148685155751804,24089,265228168,2,9.08236865701233e-05,1.35041339836318e-08
1CB37AB74478F9C217EFCFDA2843A640F506101BDE944EFD19E87241396C4A1C,24EC9B9D0111DCD6D335B5F1A858B1F4086C18CB005053FE84A5F27D5EA4B086,treat_2017,1051,4.51665857375289e-05,417123.78,2012440644,2,0.000207272587762345,9.36179510620744e-09
1CB37AB74478F9C217EFCFDA2843A640F506101BDE944EFD19E87241396C4A1C,A0B44CF8258D0A44D27D379D0CD4B5D173FC1457A2B18D84A999423522AED2D2,treat_2017,4322,3.52989529924418e-05,1222816.24,2012440644,2,0.000607628475227715,2.14486489839322e-08
1CB37AB74478F9C217EFCFDA2843A640F506101BDE944EFD19E87241396C4A1C,A2D0C13790C3E409C825E25214303B2E0AB0A1071E3E1997C5F73FCE2D5E2BDC,treat_2017,1105,1.03465140882384e-05,4194087.1,2012440644,2,0.00208407990193623,2.15629620663977e-08
1D699DC306BB8851F3FCC223F2508A68F5BAD44F84D30DBC4ADD6202F0BF7E13,67863B92FB29A53B4F85034E41DF069DCCE2E96E963396F391424D73021DCAC2,treat_2017,2365,0.000208018857469999,115993,14814979,2,0.00782944073022311,1.62867131533009e-06
1DE6B567F3CBE927C0F65E41ACDDEBDEC239113598F9E4023791675633AF5C3F,B8FDF1A99C14812F711B9B01A2C27EC7B85C6A71A20AB98121F00747A42E5B58,treat_2017,2351,0.000103038803811996,191220.9,40012353,2,0.00477904661093038,4.9242724615204e-07
1DE6B567F3CBE927C0F65E41ACDDEBDEC239113598F9E4023791675633AF5C3F,DFE84999859FA7A6205AF0220585AD1C09A9628C9E358622CBCEA2E6DACBBBF1,treat_2017,2332,0.000395010468796854,8014.45,40012353,2,0.000200299392540099,7.91203569469895e-08
1DF9568A6A423952768C45FC6F2650E3BCBC951B296CEB9C82A36E484A526A25,DCF3F0DD9DF652FC8B064F143BE61B6316597A64B4E743D24B0030BAF9B79803,treat_2017,1062,6.15850136977239e-05,96975,137418424,2,0.00070569139986644,4.34600145271407e-08
1E1A82B4AF372BD8385AA46FE9E74ACC9677516019D082CB5AEE9ECF9A49CC5E,CD862FFAF195F06877AE4815D81FDFFCB454147B4CAB0C53BD6FD33F3D619DF1,treat_2017,2014,6.86980714825666e-05,11951.12,398604878,2,2.99823726693079e-05,2.05973118085306e-09
1E44CC52285B69623C9CCB062BA9A78BAB4DD82BD18FFAC411FB7B652E5DB487,0E6E41DA993142E6DE05A8BAB736CDD2C61EFA0D04650E9F6C860FE4EA7242B8,treat_2017,2014,0.000836737872527657,49643.56,178767716,2,0.000277698686937411,2.32361008511733e-07
1E9AFCCFC2BEB1136C929DD46B6D15743F76A4DE734C2977D9C9BE1F6C01766D,233C29FA2E67D9E99661CF7ABDF39D6AC6BAEC0D61A8BF7ACA5B2A341DB24E7D,treat_2017,2352,0.00126345506798275,7256.29,231198099,2,3.13855954325991e-05,3.96542896109736e-08
1E9AFCCFC2BEB1136C929DD46B6D15743F76A4DE734C2977D9C9BE1F6C01766D,7C0333AE08168E97C1DD68D98B8051A5C5C90D18245B4988A49F08062BC40274,treat_2017,2014,0.000236105080801893,2142.66,231198099,2,9.26763675509287e-06,2.1881361249038e-09
1EB11C8C03D563589A1E83AF2856341DABF421EDF816A205EC6A0E9C90EACF10,233C29FA2E67D9E99661CF7ABDF39D6AC6BAEC0D61A8BF7ACA5B2A341DB24E7D,treat_2017,2352,0.00126345506798275,3124707.72,495409406,2,0.00630732416897228,7.96902068669811e-06
1EB11C8C03D563589A1E83AF2856341DABF421EDF816A205EC6A0E9C90EACF10,A20718A1C5EDE23DDA5E6320129C83E1683DE48F1D318858856BE325EEE823C1,treat_2017,4211,5.55692076673613e-05,8260.4,495409406,2,1.66738860828169e-05,9.26554638357979e-10
1EB11C8C03D563589A1E83AF2856341DABF421EDF816A205EC6A0E9C90EACF10,B8FDF1A99C14812F711B9B01A2C27EC7B85C6A71A20AB98121F00747A42E5B58,treat_2017,2351,0.000103038803811996,4816698.95,495409406,2,0.00972266350146771,1.00181161705779e-06
1F5CD2F411805AA9C31E6DBBC790907AB806F95C74B91117BB03BDB6C4271CE6,50154C7B5E14CCEFC3EDBACF9AA6A051535C6A93E708805F4E988D33659168EB,treat_2017,1393,1.13343454860175e-06,17017.7,12867388,2,0.00132254502623221,1.49901822481299e-09
1FF4BE36DA23ED1089F771723A6F25ACE00CFA2E444FBEB5B9881B54FB91D596,24EC9B9D0111DCD6D335B5F1A858B1F4086C18CB005053FE84A5F27D5EA4B086,treat_2017,1051,4.51665857375289e-05,598.15,1125338446,2,5.31528983237102e-07,2.40073493933601e-11
1FF4BE36DA23ED1089F771723A6F25ACE00CFA2E444FBEB5B9881B54FB91D596,381129D2BACBFFE88AA47CF43AAB8B0205C90F8E3B8F55424F7421B3BB765AE7,treat_2017,2014,3.70529576586508e-06,1982.66,1125338446,2,1.76183441261368e-06,6.52811758921285e-12
1FF4BE36DA23ED1089F771723A6F25ACE00CFA2E444FBEB5B9881B54FB91D596,A2D0C13790C3E409C825E25214303B2E0AB0A1071E3E1997C5F73FCE2D5E2BDC,treat_2017,1105,1.03465140882384e-05,28896.21,1125338446,2,2.56777950693066e-05,2.6567566843948e-10
2067DC776D1DEE682E338D5BDF2FAFF656A199BA8C65B700D0772CD9404A28CF,233C29FA2E67D9E99661CF7ABDF39D6AC6BAEC0D61A8BF7ACA5B2A341DB24E7D,treat_2017,2352,0.00126345506798275,65228.54,964998380,2,6.75944554435418e-05,8.5402557297677e-08
2067DC776D1DEE682E338D5BDF2FAFF656A199BA8C65B700D0772CD9404A28CF,2A70DBCD110EDD6E2E83D454D79E47D9BA81845955CFE8E1E03BF1D0EA7BCBC5,treat_2017,2014,3.90209640781755e-05,198004.02,964998380,2,0.000205185857410455,8.006549971363e-09
2067DC776D1DEE682E338D5BDF2FAFF656A199BA8C65B700D0772CD9404A28CF,81A56728305B23CED4271E85C1C3CCF6F2680AF5231CABD61B3434FC40D6896D,treat_2017,4211,4.09771610086498e-05,22875,964998380,2,2.37047030068589e-05,9.71351431774283e-10
2067DC776D1DEE682E338D5BDF2FAFF656A199BA8C65B700D0772CD9404A28CF,B8FDF1A99C14812F711B9B01A2C27EC7B85C6A71A20AB98121F00747A42E5B58,treat_2017,2351,0.000103038803811996,741.25,964998380,2,7.68136004539199e-07,7.9147815072645e-11
2143DCDF48C485A5ED2D56CBEA8AED4B49D0BE62E07BC3509CE4E241A2213380,B8FDF1A99C14812F711B9B01A2C27EC7B85C6A71A20AB98121F00747A42E5B58,treat_2017,2351,0.000103038803811996,103655.42,2982488,1,0.034754681326463,3.58108079074586e-06
2272EA9DC4828BD578FDF57B3000B311159D79EEF4A33A617E395C987BB5F1AC,4C4AFA11F7CFB164582811756F70B0C08F76AA402E3112B966D24AEC0EF417AD,treat_2017,2059,2.17442134768675e-05,2475,10104430,2,0.000244942069963373,5.32607265874939e-09
2272EA9DC4828BD578FDF57B3000B311159D79EEF4A33A617E395C987BB5F1AC,7BD8DA430EC6A64C5278A5087EDDDCFD54EE849C1B904B1F1BFF9FE3FB8E5553,treat_2017,2014,2.02112860527006e-06,3240,10104430,2,0.00032065143704296,6.48077791728479e-10
230DAFCF8E5BEA001B72A022B7CBCD22732E84E1E0694230EF2612084E44FC33,7BD8DA430EC6A64C5278A5087EDDDCFD54EE849C1B904B1F1BFF9FE3FB8E5553,treat_2017,2014,2.02112860527006e-06,199716.5,5170858,2,0.0386234740926941,7.80630083236511e-08
233C29FA2E67D9E99661CF7ABDF39D6AC6BAEC0D61A8BF7ACA5B2A341DB24E7D,F528BEC475BD1E0F79259B2E943C62A8B2D1382032F6DDF19F90EDF27B4E278A,treat_2017,2352,0.00421469819174347,50000,248801883,2,0.000200963109270359,8.46998853248926e-07
23471D8AF6182A3169E31B37360D193223E3008F721885E39CE6B91088310182,1061796C42F184760E3BAF45DC443875C42284348C2B209B70F02ED964EDAC7E,treat_2017,2012,0.00016263646894484,298909.8,64539032,2,0.00463145775102422,7.53243934693789e-07
23471D8AF6182A3169E31B37360D193223E3008F721885E39CE6B91088310182,3681204F7810467B3431212FC23F07FEB4DC809C1A445CC9BF393FFD63CAB006,treat_2017,4676,7.77079476005881e-06,2378294.25,64539032,2,0.0368504791023206,2.8635750991397e-07
24EC9B9D0111DCD6D335B5F1A858B1F4086C18CB005053FE84A5F27D5EA4B086,1A197756250775389BD4ECBD644856B19F0024EE36CFDF5AB1599882260983EE,treat_2017,1051,8.70639900246024e-05,728828.27,1065234381,2,0.00068419521844179,5.95687656732967e-08
24EC9B9D0111DCD6D335B5F1A858B1F4086C18CB005053FE84A5F27D5EA4B086,DCF3F0DD9DF652FC8B064F143BE61B6316597A64B4E743D24B0030BAF9B79803,treat_2017,1062,6.15850136977239e-05,863644.55,1065234381,2,0.00081075542190935,4.99303837637912e-08
258009F7C300E61562C4FA217207BCC61F7B42A15351A078CF426AFDC3E6EF55,6AA8E4141A63E20F297FD4A50D200299ABED45FB3AEB28BC62C3D7D60C2E7642,treat_2017,5223,1.6367246385248e-05,1814805.19,18510925,2,0.0980396814313709,1.60463962151847e-06
25CE8A50D359841FDD4DC7531B3562F57BB43B3ADBE436B67EB54FC4132C8DAB,A20718A1C5EDE23DDA5E6320129C83E1683DE48F1D318858856BE325EEE823C1,treat_2017,4211,5.55692076673613e-05,16877.35,90909872,2,0.000185649254901602,1.0316381998918e-08
25CE8A50D359841FDD4DC7531B3562F57BB43B3ADBE436B67EB54FC4132C8DAB,B8FDF1A99C14812F711B9B01A2C27EC7B85C6A71A20AB98121F00747A42E5B58,treat_2017,2351,0.000103038803811996,14986.11,90909872,2,0.000164845793644941,1.69855133906139e-08
26322413EBFF195CDAE47DB45BA0D08A1E1E9F3EA1BA87D3EC2D6E4E65D7AFC1,233C29FA2E67D9E99661CF7ABDF39D6AC6BAEC0D61A8BF7ACA5B2A341DB24E7D,treat_2017,2352,0.00126345506798275,724224.87,86820784,2,0.008341607120249,1.05392457911996e-05
26322413EBFF195CDAE47DB45BA0D08A1E1E9F3EA1BA87D3EC2D6E4E65D7AFC1,556F325F89BA24B47694660DC89436EC50E9D389F7BAA17D07992B6F91C354CB,treat_2017,2399,0.000702850518421449,1592.75,86820784,2,1.8345261659927e-05,1.28939766682568e-08
26322413EBFF195CDAE47DB45BA0D08A1E1E9F3EA1BA87D3EC2D6E4E65D7AFC1,B8FDF1A99C14812F711B9B01A2C27EC7B85C6A71A20AB98121F00747A42E5B58,treat_2017,2351,0.000103038803811996,242610.38,86820784,2,0.0027943813545844,2.87929712170922e-07
26322413EBFF195CDAE47DB45BA0D08A1E1E9F3EA1BA87D3EC2D6E4E65D7AFC1,BEA704951F78F6206B131BE9FACD666E66E5939910623E8580ACB79F4696442C,treat_2017,4211,0.000136258727169874,86651.67,86820784,2,0.000998052148434872,1.35993315394894e-07
26447DF141F5D46256F23A2E3F92F38974CB73D026F90B39B34FFF5CE64E1359,81A56728305B23CED4271E85C1C3CCF6F2680AF5231CABD61B3434FC40D6896D,treat_2017,4211,4.09771610086498e-05,8890.14,121410830,2,7.32236160480906e-05,3.00049590443816e-09
26447DF141F5D46256F23A2E3F92F38974CB73D026F90B39B34FFF5CE64E1359,B8FDF1A99C14812F711B9B01A2C27EC7B85C6A71A20AB98121F00747A42E5B58,treat_2017,2351,0.000103038803811996,97541.41,121410830,2,0.000803399581404723,8.2781331851001e-08
2669D76D68EDFC77280CF7FE35521EC3CBA771F0E405C821DA79BB6A87FEB359,1C6EC1F8E25B016DB87AC7C6CDC9FD74E36F38CFD1673CB9480E1F9ED238F425,treat_2017,1920,8.80218638642514e-06,262173072.6,1833344056,2,0.14300265776191,1.2587360473745e-06
275EA7D18EE4E1C504794CFFAB9A845E48D401DD65D61527A6B89898E1AA63DB,3681204F7810467B3431212FC23F07FEB4DC809C1A445CC9BF393FFD63CAB006,treat_2017,4676,7.77079476005881e-06,880173.35,34351385,2,0.0256226452004774,1.99108317062715e-07
27BD6B403A6000BF78DBC9A09E4644A0F5B4CC32DA11FE82AD6E99FAF0DF44A5,1C6EC1F8E25B016DB87AC7C6CDC9FD74E36F38CFD1673CB9480E1F9ED238F425,treat_2017,1920,8.80218638642514e-06,1146063.38,1316519474,2,0.000870525201209443,7.66252507512576e-09
27BD6B403A6000BF78DBC9A09E4644A0F5B4CC32DA11FE82AD6E99FAF0DF44A5,4C4AFA11F7CFB164582811756F70B0C08F76AA402E3112B966D24AEC0EF417AD,treat_2017,2059,2.17442134768675e-05,4110,1316519474,2,3.12186798689162e-06,6.78825639535701e-11
27BD6B403A6000BF78DBC9A09E4644A0F5B4CC32DA11FE82AD6E99FAF0DF44A5,DAEA45B1C32A96BEF3B14822D96C2FE56C613857921FE02B9603218C0CB7CEF2,treat_2017,2229,7.40870498332187e-05,31940.1,1316519474,2,2.42610159825103e-05,1.79742710010075e-09
28029369B67AFD6407EDCA5D4535907273CF8563DDD511110B05C9370664136B,2A70DBCD110EDD6E2E83D454D79E47D9BA81845955CFE8E1E03BF1D0EA7BCBC5,treat_2017,2014,3.90209640781755e-05,105985.11,364300207,2,0.000290927943392577,1.13522888284592e-08
2933865DD9EA5D872D4DB5CE3EFA88841232CF514E5C7067BECE0A367B705212,2A70DBCD110EDD6E2E83D454D79E47D9BA81845955CFE8E1E03BF1D0EA7BCBC5,treat_2017,2014,3.90209640781755e-05,46040,208922123,2,0.00022036919469749,8.59901843022723e-09
2933865DD9EA5D872D4DB5CE3EFA88841232CF514E5C7067BECE0A367B705212,8AD8CD6E2A5082CF7EE48D06DBC38617A85AA8D5CA2A7DAF9CAA2192C4E300C7,treat_2017,2016,0.00032636629953529,772477.47,208922123,2,0.00369744218040518,1.20672052216453e-06
29D1CE3FAABFFD2AFC41CDC6A6FA36D2278BC0D0C696342C99B39AA0889288CC,B8FDF1A99C14812F711B9B01A2C27EC7B85C6A71A20AB98121F00747A42E5B58,treat_2017,2351,0.000103038803811996,70372.94,23856804,2,0.00294980584993698,3.03944466255135e-07
29ED4EDA06C6CA3EB237686CBD7B620DD2B42A15418C3B14A3D1346BFC9A43EF,1699301EC2767FC1FF82337B41AE8E16B093A1C04259532BBCCFCBA1D82BA80F,treat_2017,2365,2.1864947544599e-05,424927.26,33432906,2,0.012709851186732,2.77900229497555e-07
29ED4EDA06C6CA3EB237686CBD7B620DD2B42A15418C3B14A3D1346BFC9A43EF,DFE84999859FA7A6205AF0220585AD1C09A9628C9E358622CBCEA2E6DACBBBF1,treat_2017,2332,0.000395010468796854,8333.18,33432906,2,0.000249250842867204,9.84566922889852e-08
2A3B78D448FE54C9A93F45E4E739F5C78598E46AF0699A4BFBF05DC6D173DED4,1061796C42F184760E3BAF45DC443875C42284348C2B209B70F02ED964EDAC7E,treat_2017,2012,0.00016263646894484,17471.7,90628683,2,0.000192783337698949,3.13536013147577e-08
2A911BE5FBE4E1B729720FF7FCDD9C2C65667B842F8DC59188E7C21167315BC6,6AA8E4141A63E20F297FD4A50D200299ABED45FB3AEB28BC62C3D7D60C2E7642,treat_2017,5223,1.6367246385248e-05,23671698.9,504752889,2,0.046897599629192,7.67584568007701e-07
2D5068C444AAB19A1E6242708664E1B0FBBB47FEDA21E53D96C6EF16C7E1BE75,93E844FE1AC70363ACC25C875A81A3C2EE7ED2364EA24705F5D877FBB5C4CEE8,treat_2017,1041,1.06163783434385e-05,315204.83,38974337,2,0.00808749690854267,8.58599270324782e-08
2DEA0A85019750F6DE07A74AD80829C0FF1923D16B120445436C744CFE479443,233C29FA2E67D9E99661CF7ABDF39D6AC6BAEC0D61A8BF7ACA5B2A341DB24E7D,treat_2017,2352,0.00126345506798275,58096.72,764791525,2,7.59641263022626e-05,9.59772603614754e-08
2DEA0A85019750F6DE07A74AD80829C0FF1923D16B120445436C744CFE479443,B3E0FD522207C8C5AEA81FC57D6965D5D991ADD89876A1705055DD7AAB7EEFC7,treat_2017,2014,0.000191558551981544,69218.2,764791525,2,9.05059715456444e-05,1.73371928549665e-08
2DEA0A85019750F6DE07A74AD80829C0FF1923D16B120445436C744CFE479443,DCF3F0DD9DF652FC8B064F143BE61B6316597A64B4E743D24B0030BAF9B79803,treat_2017,1062,6.15850136977239e-05,12100,764791525,2,1.58213050281905e-05,9.74355286876981e-10
2EA5AB1710B2C07A0559C4D607230AEE3A896C7A33156792015D2C79268E4D7A,1A197756250775389BD4ECBD644856B19F0024EE36CFDF5AB1599882260983EE,treat_2017,1051,8.70639900246024e-05,48204.32,236320378,2,0.000203978685240593,1.77591982170185e-08
2FAD12511AA5BDD99C6BD60EE09D8B2C1F03D2692B035B154A63C3CD30EA3308,5B62B2ACB0C9D2FA749C81D43481D120BE7CE506A5EED1BE9279D42D776C7E46,treat_2017,1031,8.21480594396011e-05,837,56347298,2,1.48543058799377e-05,1.22025240235914e-09
2FD2BF68F77489030480D10979445386FFAE6B59CB9624703CC2EEC9BE4F5331,381129D2BACBFFE88AA47CF43AAB8B0205C90F8E3B8F55424F7421B3BB765AE7,treat_2017,2014,3.70529576586508e-06,9251.5,13136531,2,0.000704257463404913,2.6094821972331e-09
30F55EC464B5993FE3A30E9CC91F7CA4A0C167800E1705292A9664D61C8A4E5C,5A024A8627257DC841CA2C523B09EBBB0D8102F6BD7E92CE82D83C87F37E1B27,treat_2017,2059,0.000105721579730092,949.7,125715121,2,7.55438162446664e-06,7.98661159222592e-10
30F55EC464B5993FE3A30E9CC91F7CA4A0C167800E1705292A9664D61C8A4E5C,D7E5CDFAAACF0B7F90CD7FBB7F8126EB1255FF5547B0834A227723386F131B08,treat_2017,1393,0.000148685155751804,35464.67,125715121,2,0.000282103455160338,4.19445961686369e-08
30F55EC464B5993FE3A30E9CC91F7CA4A0C167800E1705292A9664D61C8A4E5C,EE1CC683DC430F9FD34068CC8A9EB02D8B711844ECEB463B526854EAFD885B6D,treat_2017,1712,0.000660784137594262,78602.73,125715121,2,0.000625244834310743,4.13151868625292e-07
321E485BD8F20703A3EEE8BEEF695B81075EB3327112C112FF88CD781F0C40E5,A20718A1C5EDE23DDA5E6320129C83E1683DE48F1D318858856BE325EEE823C1,treat_2017,4211,5.55692076673613e-05,9115.2,64633550,2,0.000141028923832901,7.83686555557496e-09
33B9AB2EFF05B4245E965148A7703654188126357C18E0ECA290783CB81D1BF4,1C6EC1F8E25B016DB87AC7C6CDC9FD74E36F38CFD1673CB9480E1F9ED238F425,treat_2017,1920,8.80218638642514e-06,51387439.42,1224680281,2,0.0419598814623194,3.6933869738364e-07
33B9AB2EFF05B4245E965148A7703654188126357C18E0ECA290783CB81D1BF4,7377A1DCBC87F5E28F2563A4F72835A4C3FB9C436AE288E420C188779E4AFD9B,treat_2017,2014,0.000409655665552639,57338.11,1224680281,2,4.68188398960594e-05,1.91796030180227e-08
33B9AB2EFF05B4245E965148A7703654188126357C18E0ECA290783CB81D1BF4,7A01DDE298CB1AB8AAB6B60D8755E5997F415CEF475BD9887E027BDBD80E1B41,treat_2017,2015,0.000568587529549804,2417564.14,1224680281,2,0.00197403696091682,1.1224127988477e-06
3409A792DFBCF728B94A2DF9FFAEAC4564674848B4985FF7EDBC27B84FAB7773,D7E5CDFAAACF0B7F90CD7FBB7F8126EB1255FF5547B0834A227723386F131B08,treat_2017,1393,0.000148685155751804,299219.11,282286935,2,0.00105998214192945,1.57603609866911e-07
3510A430452C918C14D6E932C3833C048E677B0205DAE7EB348ECB0F5DCF40E3,81A56728305B23CED4271E85C1C3CCF6F2680AF5231CABD61B3434FC40D6896D,treat_2017,4211,4.09771610086498e-05,721.2,4335913,1,0.000166331750660126,6.81580292765059e-09
371B9E6A4EF90E8EE2235C7AA2D0008AAC386F6D138E993A0D60F11A47FAEA33,7BD8DA430EC6A64C5278A5087EDDDCFD54EE849C1B904B1F1BFF9FE3FB8E5553,treat_2017,2014,2.02112860527006e-06,19675,109858989,2,0.000179093219217592,3.61970428370576e-10
37F0E084217A68293A5E910594C0418C366250E39674C656EAF2A981702D3413,381129D2BACBFFE88AA47CF43AAB8B0205C90F8E3B8F55424F7421B3BB765AE7,treat_2017,2014,3.70529576586508e-06,906573.38,4790131903,2,0.00018925854201055,7.01258874365488e-10
381129D2BACBFFE88AA47CF43AAB8B0205C90F8E3B8F55424F7421B3BB765AE7,2A70DBCD110EDD6E2E83D454D79E47D9BA81845955CFE8E1E03BF1D0EA7BCBC5,treat_2017,2014,3.90209640781755e-05,424013.53,800475910,2,0.000529701799520738,2.06694748912436e-08
381129D2BACBFFE88AA47CF43AAB8B0205C90F8E3B8F55424F7421B3BB765AE7,A0B44CF8258D0A44D27D379D0CD4B5D173FC1457A2B18D84A999423522AED2D2,treat_2017,4322,3.52989529924418e-05,235671.37,800475910,2,0.000294414069250379,1.03925083907826e-08
387E9F4FB003C1750F4D9FFA33CB0062B0884FAFD07A70B4FA087D840A9EE79D,233C29FA2E67D9E99661CF7ABDF39D6AC6BAEC0D61A8BF7ACA5B2A341DB24E7D,treat_2017,2352,0.00126345506798275,89490.95,1647138941,2,5.43311482549668e-05,6.86449646120599e-08
387E9F4FB003C1750F4D9FFA33CB0062B0884FAFD07A70B4FA087D840A9EE79D,9B43410201CE09CB26C572270E1B2418216ACA95142E50069DE00EC17DD07189,treat_2017,2444,6.12364052478015e-08,582239.54,1647138941,2,0.000353485383356012,2.16461741843632e-11
396CB937142A31A839D28494924BEAC390A82B2E7F3C05FF0B479B2C1127C6B3,A20718A1C5EDE23DDA5E6320129C83E1683DE48F1D318858856BE325EEE823C1,treat_2017,4211,5.55692076673613e-05,31850.07,16262346,2,0.00195851631738742,1.08833199960817e-07
39D89810C862F763E7E76263FEDF388707E8DAC3AAD14609EAC0FB4D50D605CE,381129D2BACBFFE88AA47CF43AAB8B0205C90F8E3B8F55424F7421B3BB765AE7,treat_2017,2014,3.70529576586508e-06,63526.81,8385316,2,0.00757595897399693,2.80711687087184e-08
3A03EF07D82B182A1644571A8F7DD0169ABFDAFFE08229F4B374E108DF0EFE30,1A197756250775389BD4ECBD644856B19F0024EE36CFDF5AB1599882260983EE,treat_2017,1051,8.70639900246024e-05,1839288.87,636785277,2,0.00288839729251466,2.51475393062585e-07
3A03EF07D82B182A1644571A8F7DD0169ABFDAFFE08229F4B374E108DF0EFE30,32424075741922469453FAD31C3E5A3FC8FB96E6E14ACF83BA40B2F0B4770F80,treat_2017,1107,2.17596979039937e-05,1096988.15,636785277,2,0.00172269709998336,3.74853684757239e-08
3A03EF07D82B182A1644571A8F7DD0169ABFDAFFE08229F4B374E108DF0EFE30,5B62B2ACB0C9D2FA749C81D43481D120BE7CE506A5EED1BE9279D42D776C7E46,treat_2017,1031,8.21480594396011e-05,56801.25,636785277,2,8.92000051690894e-05,7.32760732664308e-09
3A03EF07D82B182A1644571A8F7DD0169ABFDAFFE08229F4B374E108DF0EFE30,EA1B2625F236F386C8047A4FF05EEFA589BC2737825902CB44BC003C61070512,treat_2017,1039,4.48878231599981e-05,1556755.94,636785277,2,0.00244471095081553,1.09737752837518e-07
3A7D879A333471C2B50A4E28A789D8EE77BD61DAE2345D29A8339492CFB86E19,B8FDF1A99C14812F711B9B01A2C27EC7B85C6A71A20AB98121F00747A42E5B58,treat_2017,2351,0.000103038803811996,779890.9,17859327,2,0.0436685492124087,4.49955507505188e-06
3BE59C35E1BFCEE14744A27D1026D2E8F5690AEFBA6276A6EFADA053A2D4F534,0A34A8A9107FF70BC93E025A5237A6C6656170DE09B68276578A1653C672D716,treat_2017,7112,0.0151385059170108,4833156.86,34554535132,2,0.000139870406056314,2.11742896969821e-06
3BE59C35E1BFCEE14744A27D1026D2E8F5690AEFBA6276A6EFADA053A2D4F534,32424075741922469453FAD31C3E5A3FC8FB96E6E14ACF83BA40B2F0B4770F80,treat_2017,1107,2.17596979039937e-05,1845.38,34554535132,2,5.34048567850952e-08,1.16207355024972e-12
3BE59C35E1BFCEE14744A27D1026D2E8F5690AEFBA6276A6EFADA053A2D4F534,381129D2BACBFFE88AA47CF43AAB8B0205C90F8E3B8F55424F7421B3BB765AE7,treat_2017,2014,3.70529576586508e-06,115111.12,34554535132,2,3.33128834059755e-06,1.23434085832918e-11
3BE59C35E1BFCEE14744A27D1026D2E8F5690AEFBA6276A6EFADA053A2D4F534,3BE59C35E1BFCEE14744A27D1026D2E8F5690AEFBA6276A6EFADA053A2D4F534,treat_2017,3511,0.000444514994669268,45771984.62,34554535132,2,0.00132463031104742,5.88818035653993e-07
3BE59C35E1BFCEE14744A27D1026D2E8F5690AEFBA6276A6EFADA053A2D4F534,4CE683198D1988956A9467C38F7C31A77267B4563430CEF1229B83E2C35DCB2E,treat_2017,4950,5.84825939287943e-05,631840.14,34554535132,2,1.82853028578258e-05,1.06937194189925e-09
3BE59C35E1BFCEE14744A27D1026D2E8F5690AEFBA6276A6EFADA053A2D4F534,549DB4EF525043F50D2173C29347FE391310F9E0EA10DDE919839D19ABF1AABD,treat_2017,1920,0.00155502566739442,78500903.95,34554535132,2,0.00227179742543555,3.53270330767285e-06
3BE59C35E1BFCEE14744A27D1026D2E8F5690AEFBA6276A6EFADA053A2D4F534,5A024A8627257DC841CA2C523B09EBBB0D8102F6BD7E92CE82D83C87F37E1B27,treat_2017,2059,0.000105721579730092,2087388.4,34554535132,2,6.04085221238276e-05,6.38648438809127e-09
3BE59C35E1BFCEE14744A27D1026D2E8F5690AEFBA6276A6EFADA053A2D4F534,B8FDF1A99C14812F711B9B01A2C27EC7B85C6A71A20AB98121F00747A42E5B58,treat_2017,2351,0.000103038803811996,105174.6,34554535132,2,3.04372782322864e-06,3.1362207403477e-10
3BE59C35E1BFCEE14744A27D1026D2E8F5690AEFBA6276A6EFADA053A2D4F534,BD82BA2061C72EB2FDFC34AD831B7A0E33C57B6587E1D690B5308EB60182A371,treat_2017,4211,1.04491078317667e-05,451096.12,34554535132,2,1.30546140550521e-05,1.36409069963337e-10
3BE59C35E1BFCEE14744A27D1026D2E8F5690AEFBA6276A6EFADA053A2D4F534,DCF3F0DD9DF652FC8B064F143BE61B6316597A64B4E743D24B0030BAF9B79803,treat_2017,1062,6.15850136977239e-05,4056800.36,34554535132,2,0.00011740283423009,7.23025515421167e-09
3BE59C35E1BFCEE14744A27D1026D2E8F5690AEFBA6276A6EFADA053A2D4F534,EB1D799B851446E55AEB967F9659BBA51924A2A8E91EC2B8A93DBBB78F27A9A2,treat_2017,1712,0.000186088366041544,7902384.46,34554535132,2,0.000228693120304253,4.25571290823606e-08
3BE59C35E1BFCEE14744A27D1026D2E8F5690AEFBA6276A6EFADA053A2D4F534,ECF570450B05AFC2C4E9F4CC0C4BD4336C0ACBCFF4CC1953ACCA67D2133D7C1C,treat_2017,2332,0.000377541981789493,4045.27,34554535132,2,1.17069148363503e-07,4.41985182795653e-11
3CA95C513F55FD53486747A01FD5C4C376EA90EC46A849CC67B7F9E24673CD2F,B8FDF1A99C14812F711B9B01A2C27EC7B85C6A71A20AB98121F00747A42E5B58,treat_2017,2351,0.000103038803811996,1853,42308569,2,4.37972742590278e-05,4.51281874987614e-09
3D49588D1918DFA4568937AEB2822B4167C073A07CB931AAE68628147C44CAE7,B8FDF1A99C14812F711B9B01A2C27EC7B85C6A71A20AB98121F00747A42E5B58,treat_2017,2351,0.000103038803811996,86563.35,76215472,2,0.00113577135624116,1.17028521951017e-07
3D4F4958124C1EC7F879AA8AF7FCA99E38235954F4D247F2CB25F446130153BF,82AD7E022AA1035FA624569E4235B7E60665602F69F48D196D6E577AB3B2F821,treat_2017,1105,3.55285119461142e-05,53742.5,24058075,2,0.00223386534458804,7.93659115812068e-08
3D903724E95A0118A9080B35EF88BBE66CEE704AF294C8192D2211088DC38BD9,1C6EC1F8E25B016DB87AC7C6CDC9FD74E36F38CFD1673CB9480E1F9ED238F425,treat_2017,1920,8.80218638642514e-06,560,92095717,2,6.08063022083861e-06,5.35228405507509e-11
3DB248094F805E65C4283A5FC5C1A05F1871485D001DB5C92F7E03CD31FDE4BF,1699301EC2767FC1FF82337B41AE8E16B093A1C04259532BBCCFCBA1D82BA80F,treat_2017,2365,2.1864947544599e-05,1905905.46,130703002,2,0.0145819562736593,3.18833709021196e-07
3DB248094F805E65C4283A5FC5C1A05F1871485D001DB5C92F7E03CD31FDE4BF,2EDB84F873D1720009F7FE2B6EBFA04329C6829EDFD154525B24987A3D52E2AD,treat_2017,4673,6.28853635044987e-05,1136.07,130703002,2,8.69199622515174e-06,5.46599342198398e-10
3DB248094F805E65C4283A5FC5C1A05F1871485D001DB5C92F7E03CD31FDE4BF,9B58D91F2650AA76B89F0FCA24FF50AB03C33846204ED09B503795F9D0452E40,treat_2017,2332,0.00436304600602665,114845.4,130703002,2,0.000878674538783738,3.8336974370377e-06
3E3B4F46B106CE29E3C1F78D77C75FCF3439DB1A69C12E86777870BA2FF96AFE,3E3B4F46B106CE29E3C1F78D77C75FCF3439DB1A69C12E86777870BA2FF96AFE,treat_2017,2014,0.000268313861904909,9672673.37,974958946,2,0.00992110838070098,2.66197090400304e-06
3E7EC3F44CC6C0E77C3870BA9BCC07AC0F1C1E579735E0C3C42869F9786AE9D6,3EE54F1625227C67E1ED1E8AADCB8DB7E0EAC784F6B11595A589E00465C4C22D,treat_2017,1393,6.44909989307547e-05,85252.42,22258878,2,0.00383004120872579,2.47003183496682e-07
3EE54F1625227C67E1ED1E8AADCB8DB7E0EAC784F6B11595A589E00465C4C22D,1C6EC1F8E25B016DB87AC7C6CDC9FD74E36F38CFD1673CB9480E1F9ED238F425,treat_2017,1920,8.80218638642514e-06,1816556.32,189840446,2,0.00956885826111049,8.42268739195785e-08
40373FF2604A156C93922C1CDE8C3D74A3B4CAC9C582D5C77BE7882A04E44797,DCF3F0DD9DF652FC8B064F143BE61B6316597A64B4E743D24B0030BAF9B79803,treat_2017,1062,6.15850136977239e-05,127944,134598334,2,0.000950561542611664,5.85403456222689e-08
404D7D2298DF10B85983E8CAB5B6C20B36C4BB3A626DE7B4D44B44C40CD9F241,67863B92FB29A53B4F85034E41DF069DCCE2E96E963396F391424D73021DCAC2,treat_2017,2365,0.000208018857469999,99487.45,50441348,2,0.0019723392404184,4.10283755335081e-07
404D7D2298DF10B85983E8CAB5B6C20B36C4BB3A626DE7B4D44B44C40CD9F241,9B58D91F2650AA76B89F0FCA24FF50AB03C33846204ED09B503795F9D0452E40,treat_2017,2332,0.00436304600602665,154510.17,50441348,2,0.00306316496537721,1.33647296679898e-05
4356F4371918FF48677CBB0AAB6CE5008DCB4777B1C38E7C8312F85C5B0BB282,F528BEC475BD1E0F79259B2E943C62A8B2D1382032F6DDF19F90EDF27B4E278A,treat_2017,2352,0.00421469819174347,48596.67,91898429,2,0.000528808495736091,2.22876821075749e-06
443465ED713331FE0B77A34B12539C2140C79B9FDAF32C7BFD83776E10501445,1745374E09DBF271136A572D482D683EFC56C0DDAD78546E8A3B3C4C6D94F1F5,treat_2017,1722,3.90735085943156e-05,1399259.49,590059390,2,0.00237138754795513,9.26584317354778e-08
443465ED713331FE0B77A34B12539C2140C79B9FDAF32C7BFD83776E10501445,1FF4BE36DA23ED1089F771723A6F25ACE00CFA2E444FBEB5B9881B54FB91D596,treat_2017,1051,6.27713380370904e-05,705945.96,590059390,2,0.00119639814561717,7.50995124254836e-08
443465ED713331FE0B77A34B12539C2140C79B9FDAF32C7BFD83776E10501445,32424075741922469453FAD31C3E5A3FC8FB96E6E14ACF83BA40B2F0B4770F80,treat_2017,1107,2.17596979039937e-05,977172.57,590059390,2,0.00165605799443341,3.60353216703646e-08
443465ED713331FE0B77A34B12539C2140C79B9FDAF32C7BFD83776E10501445,40373FF2604A156C93922C1CDE8C3D74A3B4CAC9C582D5C77BE7882A04E44797,treat_2017,1089,8.43249664590945e-05,68175.7,590059390,2,0.000115540403483792,9.74294064844098e-09
443465ED713331FE0B77A34B12539C2140C79B9FDAF32C7BFD83776E10501445,5B62B2ACB0C9D2FA749C81D43481D120BE7CE506A5EED1BE9279D42D776C7E46,treat_2017,1031,8.21480594396011e-05,16771.1,590059390,2,2.84227321592154e-05,2.33487229085109e-09
443465ED713331FE0B77A34B12539C2140C79B9FDAF32C7BFD83776E10501445,A2D0C13790C3E409C825E25214303B2E0AB0A1071E3E1997C5F73FCE2D5E2BDC,treat_2017,1105,1.03465140882384e-05,22459698.89,590059390,2,0.0380634547481737,3.93824070799004e-07
45DB0FB3EEAB445239CFA861A8D880CB4D50671BF30DB50AE27740648CDFD1DC,4C4AFA11F7CFB164582811756F70B0C08F76AA402E3112B966D24AEC0EF417AD,treat_2017,2059,2.17442134768675e-05,74662.57,227577464,2,0.000328075410841207,7.13374176984222e-09
463E5CEFB73FAC0CF0C59FBF27DA421A50889167A31F6A0BDEF3564440AE9E91,2EDB84F873D1720009F7FE2B6EBFA04329C6829EDFD154525B24987A3D52E2AD,treat_2017,4673,6.28853635044987e-05,741.26,23531033,1,3.15013794762006e-05,1.98097569925403e-09
463E5CEFB73FAC0CF0C59FBF27DA421A50889167A31F6A0BDEF3564440AE9E91,BEA704951F78F6206B131BE9FACD666E66E5939910623E8580ACB79F4696442C,treat_2017,4211,0.000136258727169874,28435.55,23531033,1,0.00120842761131651,1.64658808194919e-07
463E5CEFB73FAC0CF0C59FBF27DA421A50889167A31F6A0BDEF3564440AE9E91,F66DA2500C4DF14CC40C77CC8DC9C43E103B59B4FA2FD549F42C9994DEE4C457,treat_2017,2399,0.000171705462263179,1258.67,23531033,1,5.34897894197845e-05,9.1844890186842e-09
46A0D182FBBA58C171B4D19AA03D1DE9B2F4442D3DA259BB2CA0A826E08DB7D1,1C6EC1F8E25B016DB87AC7C6CDC9FD74E36F38CFD1673CB9480E1F9ED238F425,treat_2017,1920,8.80218638642514e-06,738091248.1,1632349476,2,0.452164967705727,3.98004032315771e-06
4A8A8E4BA992585257373408652BE44B064AEC522E711A3BAAF2C11B601C1D95,67863B92FB29A53B4F85034E41DF069DCCE2E96E963396F391424D73021DCAC2,treat_2017,2365,0.000208018857469999,76143.07,31335927,2,0.00242989684013497,5.05464364454837e-07
4A8A8E4BA992585257373408652BE44B064AEC522E711A3BAAF2C11B601C1D95,9B58D91F2650AA76B89F0FCA24FF50AB03C33846204ED09B503795F9D0452E40,treat_2017,2332,0.00436304600602665,19675.78,31335927,2,0.000627898450235731,2.73954982549133e-06
4AC00C83D98E466FB741ACC01CDB6754F558854872499BB3CD1BCD43EA3EE823,7BD8DA430EC6A64C5278A5087EDDDCFD54EE849C1B904B1F1BFF9FE3FB8E5553,treat_2017,2014,2.02112860527006e-06,44848.8,57937631,2,0.000774087570132096,1.56453053097797e-09
4AD058558FB153865A70374ECD65BF73C81C8F32472F2584D475EBA4F49442F0,67863B92FB29A53B4F85034E41DF069DCCE2E96E963396F391424D73021DCAC2,treat_2017,2365,0.000208018857469999,40317.16,53176814,2,0.000758171785169379,1.57714028516924e-07
4AD058558FB153865A70374ECD65BF73C81C8F32472F2584D475EBA4F49442F0,9B58D91F2650AA76B89F0FCA24FF50AB03C33846204ED09B503795F9D0452E40,treat_2017,2332,0.00436304600602665,1591.29,53176814,2,2.99245080760197e-05,1.3056200544339e-07
4AD058558FB153865A70374ECD65BF73C81C8F32472F2584D475EBA4F49442F0,B8FDF1A99C14812F711B9B01A2C27EC7B85C6A71A20AB98121F00747A42E5B58,treat_2017,2351,0.000103038803811996,38254.62,53176814,2,0.000719385332111096,7.41246041006229e-08
4C0EE83AD55FDE54DCDD270DE38091890B37E33092C72906160409F9E43CD773,6AA8E4141A63E20F297FD4A50D200299ABED45FB3AEB28BC62C3D7D60C2E7642,treat_2017,5223,1.6367246385248e-05,203837.03,1617993636,2,0.00012598135460157,2.0619678707112e-09
4C4AFA11F7CFB164582811756F70B0C08F76AA402E3112B966D24AEC0EF417AD,2A70DBCD110EDD6E2E83D454D79E47D9BA81845955CFE8E1E03BF1D0EA7BCBC5,treat_2017,2014,3.90209640781755e-05,41189.8,678479358,2,6.07089950701197e-05,2.36892351585328e-09
4C4AFA11F7CFB164582811756F70B0C08F76AA402E3112B966D24AEC0EF417AD,7A01DDE298CB1AB8AAB6B60D8755E5997F415CEF475BD9887E027BDBD80E1B41,treat_2017,2015,0.000568587529549804,5509.52,678479358,2,8.12039443062909e-06,4.61715500828138e-09
4C4AFA11F7CFB164582811756F70B0C08F76AA402E3112B966D24AEC0EF417AD,B0930165FBBB06212FA618CDACF48BCD90D9F97D6D59E4B61B2F5354E62EF329,treat_2017,2016,3.14645743739694e-05,1557,678479358,2,2.29483768613046e-06,7.22060910514397e-11
4C4AFA11F7CFB164582811756F70B0C08F76AA402E3112B966D24AEC0EF417AD,BC0BF2E7511DBB53DBD56839C96E212762845418F6BCF4F0B57D20FEA25A2188,treat_2017,2221,1.4360832054686e-05,1405585.83,678479358,2,0.00207167073460177,2.97509154922241e-08
4CD2D1E887AA035B46386D4B90FA16B1C41EEC16FB4E9B138B732C7F913F2D4E,1C6EC1F8E25B016DB87AC7C6CDC9FD74E36F38CFD1673CB9480E1F9ED238F425,treat_2017,1920,8.80218638642514e-06,466563.35,493174905,2,0.000946040330255652,8.32722331598545e-09
4CD2D1E887AA035B46386D4B90FA16B1C41EEC16FB4E9B138B732C7F913F2D4E,233C29FA2E67D9E99661CF7ABDF39D6AC6BAEC0D61A8BF7ACA5B2A341DB24E7D,treat_2017,2352,0.00126345506798275,303510.66,493174905,2,0.000615421946499894,7.77557977253099e-07
4CE683198D1988956A9467C38F7C31A77267B4563430CEF1229B83E2C35DCB2E,4CE683198D1988956A9467C38F7C31A77267B4563430CEF1229B83E2C35DCB2E,treat_2017,4950,5.84825939287943e-05,22608796.69,566236854,2,0.0399281617405991,2.33510246939868e-06
4E78F96F43D616DE06C6BB0411A5047F6916476BB140C5570D88747512330436,233C29FA2E67D9E99661CF7ABDF39D6AC6BAEC0D61A8BF7ACA5B2A341DB24E7D,treat_2017,2352,0.00126345506798275,4410312.21,59972758,2,0.0735385924722688,9.29127073514061e-05
4F041995909348A972258A49F0EA4DD0F1AEE47DA660396688699BE3C5B383F6,233C29FA2E67D9E99661CF7ABDF39D6AC6BAEC0D61A8BF7ACA5B2A341DB24E7D,treat_2017,2352,0.00126345506798275,137904.36,1130393444,2,0.000121996779733623,1.54137449632022e-07
4F041995909348A972258A49F0EA4DD0F1AEE47DA660396688699BE3C5B383F6,381129D2BACBFFE88AA47CF43AAB8B0205C90F8E3B8F55424F7421B3BB765AE7,treat_2017,2014,3.70529576586508e-06,8244.78,1130393444,2,7.29372595335045e-06,2.70254118923297e-11
4F041995909348A972258A49F0EA4DD0F1AEE47DA660396688699BE3C5B383F6,4C4AFA11F7CFB164582811756F70B0C08F76AA402E3112B966D24AEC0EF417AD,treat_2017,2059,2.17442134768675e-05,13915,1130393444,2,1.23098732338366e-05,2.67668511469721e-10
4F041995909348A972258A49F0EA4DD0F1AEE47DA660396688699BE3C5B383F6,7A01DDE298CB1AB8AAB6B60D8755E5997F415CEF475BD9887E027BDBD80E1B41,treat_2017,2015,0.000568587529549804,367162.4,1130393444,2,0.000324809385571773,1.84682566116844e-07
50154C7B5E14CCEFC3EDBACF9AA6A051535C6A93E708805F4E988D33659168EB,3409A792DFBCF728B94A2DF9FFAEAC4564674848B4985FF7EDBC27B84FAB7773,treat_2017,1393,2.39826898116982e-06,2908755.61,305266855,2,0.0095285667682461,2.28520661152902e-08
50718D79C9F77E6F3F5941DA8BA2BF27DC3B371AEC3069E4679E58F20D84E7ED,B8FDF1A99C14812F711B9B01A2C27EC7B85C6A71A20AB98121F00747A42E5B58,treat_2017,2351,0.000103038803811996,6843823.07,13586585.5,2,0.503719133111112,5.19026169329845e-05
50718D79C9F77E6F3F5941DA8BA2BF27DC3B371AEC3069E4679E58F20D84E7ED,BEA704951F78F6206B131BE9FACD666E66E5939910623E8580ACB79F4696442C,treat_2017,4211,0.000136258727169874,1159265.9,13586585.5,2,0.0853243002077306,1.16261805429656e-05
51B37CF91459AED30D24D0A9F3FB4DDBCCFF7BC54E9DA657DE461970AA337C3D,DAEA45B1C32A96BEF3B14822D96C2FE56C613857921FE02B9603218C0CB7CEF2,treat_2017,2229,7.40870498332187e-05,46370.99,333294990,2,0.00013912897400588,1.03076552304182e-08
52B1C2E21C26CA36EBDBE57AD04719B3655CAA2C95F9A8BBD9501644C81735FB,7BD8DA430EC6A64C5278A5087EDDDCFD54EE849C1B904B1F1BFF9FE3FB8E5553,treat_2017,2014,2.02112860527006e-06,2499917.78,805838523,2,0.00310225648023531,6.270059313088e-09
52B1C2E21C26CA36EBDBE57AD04719B3655CAA2C95F9A8BBD9501644C81735FB,DCF3F0DD9DF652FC8B064F143BE61B6316597A64B4E743D24B0030BAF9B79803,treat_2017,1062,6.15850136977239e-05,5981206.18,805838523,2,0.00742233835847532,4.57104809475844e-07
539DFF8A5B778AB035491D14825C7B39DA46F67FAB72F13B77AEF41EB8525850,A2D0C13790C3E409C825E25214303B2E0AB0A1071E3E1997C5F73FCE2D5E2BDC,treat_2017,1105,1.03465140882384e-05,19191.69,99580134,2,0.000192726091330626,1.99404321912345e-09
549DB4EF525043F50D2173C29347FE391310F9E0EA10DDE919839D19ABF1AABD,0E6E41DA993142E6DE05A8BAB736CDD2C61EFA0D04650E9F6C860FE4EA7242B8,treat_2017,2014,0.000836737872527657,3856702.38,1164724183,2,0.00331125809551427,2.7706550542306e-06
549DB4EF525043F50D2173C29347FE391310F9E0EA10DDE919839D19ABF1AABD,549DB4EF525043F50D2173C29347FE391310F9E0EA10DDE919839D19ABF1AABD,treat_2017,1920,0.00155502566739442,33653401.3,1164724183,2,0.0288938804492909,4.49307257292731e-05
556F325F89BA24B47694660DC89436EC50E9D389F7BAA17D07992B6F91C354CB,B8FDF1A99C14812F711B9B01A2C27EC7B85C6A71A20AB98121F00747A42E5B58,treat_2017,2351,0.000103038803811996,396158.05,14633268,2,0.0270724249702801,2.78951028522767e-06
59B68E5F66CA94626EC70E0535717B5E8465EB608B38FBE4703548D679DB57D2,A20718A1C5EDE23DDA5E6320129C83E1683DE48F1D318858856BE325EEE823C1,treat_2017,4211,5.55692076673613e-05,4819.05,43093675,2,0.000111827315725568,6.21415533043765e-09
59B68E5F66CA94626EC70E0535717B5E8465EB608B38FBE4703548D679DB57D2,B8FDF1A99C14812F711B9B01A2C27EC7B85C6A71A20AB98121F00747A42E5B58,treat_2017,2351,0.000103038803811996,509425.44,43093675,2,0.0118213505810307,1.21805782331165e-06
59C405EE81F7DB712B0C182F7A0648210DB80C4E2B811A585621A37CCE80EC3A,B8FDF1A99C14812F711B9B01A2C27EC7B85C6A71A20AB98121F00747A42E5B58,treat_2017,2351,0.000103038803811996,270580.18,90569594,2,0.00298753884222999,3.07832428645253e-07
5A41EED6C59AC1EDF201EFDFA73A11F19BE67EF68B30E9CC5053AF22875120BA,3EE54F1625227C67E1ED1E8AADCB8DB7E0EAC784F6B11595A589E00465C4C22D,treat_2017,1393,6.44909989307547e-05,1782.37,1208520483,2,1.47483640126272e-06,9.51136727768719e-11
5A8D2813233B37BD9B2281904699D993F54A41E6754B516C5131435FD4EB280B,381129D2BACBFFE88AA47CF43AAB8B0205C90F8E3B8F55424F7421B3BB765AE7,treat_2017,2014,3.70529576586508e-06,80499.38,2978633885,2,2.70256040547259e-05,1.00137856273922e-10
5A8D2813233B37BD9B2281904699D993F54A41E6754B516C5131435FD4EB280B,DAEA45B1C32A96BEF3B14822D96C2FE56C613857921FE02B9603218C0CB7CEF2,treat_2017,2229,7.40870498332187e-05,777703.2,2978633885,2,0.000261093920913345,1.93436783298575e-08
5B62B2ACB0C9D2FA749C81D43481D120BE7CE506A5EED1BE9279D42D776C7E46,93E844FE1AC70363ACC25C875A81A3C2EE7ED2364EA24705F5D877FBB5C4CEE8,treat_2017,1041,1.06163783434385e-05,303735.81,265325805,2,0.00114476543282324,1.21532629493417e-08
5B62B2ACB0C9D2FA749C81D43481D120BE7CE506A5EED1BE9279D42D776C7E46,DCF3F0DD9DF652FC8B064F143BE61B6316597A64B4E743D24B0030BAF9B79803,treat_2017,1062,6.15850136977239e-05,460586.4,265325805,2,0.00173592764563552,1.06907127834721e-07
5B62B2ACB0C9D2FA749C81D43481D120BE7CE506A5EED1BE9279D42D776C7E46,EDDFC65124756994667D25645FEAF7C299F0F2020BD0AF5797C30FB1C6970203,treat_2017,1031,0.000214623407121329,4381785.57,265325805,2,0.0165147357981256,3.5444488647023e-06
5BAFFDA135AFD0B803F11E4D0F49D0D307B62414D2A1FAB160B1925D68153871,A0B44CF8258D0A44D27D379D0CD4B5D173FC1457A2B18D84A999423522AED2D2,treat_2017,4322,3.52989529924418e-05,2984688.7,2051481296,2,0.00145489442473572,5.13562499077117e-08
5BC24025562E735BAE985E7C2E9424522DFBA7C4B6F1E95D0A245813A04B7771,2A70DBCD110EDD6E2E83D454D79E47D9BA81845955CFE8E1E03BF1D0EA7BCBC5,treat_2017,2014,3.90209640781755e-05,309551.96,383121434,2,0.000807973484459238,3.15279043132022e-08
5BC24025562E735BAE985E7C2E9424522DFBA7C4B6F1E95D0A245813A04B7771,DAEA45B1C32A96BEF3B14822D96C2FE56C613857921FE02B9603218C0CB7CEF2,treat_2017,2229,7.40870498332187e-05,11168.65,383121434,2,2.91517232105578e-05,2.1597651702248e-09
5EA04403872CE1207FC98C6591DA97C2C123C00F5524C42E3A85A0EB094096D5,83EF4B50AC15D4BECE9C97DA8BECD2A6FAAC7049AAE59F893F2577B461792A16,treat_2017,2443,2.54628648143931e-05,54262.05,19578873,2,0.00277145931739789,7.05692939374927e-08
5F608D5E19A0D18BBDE76FDFB16FE77FC6C529F73BCA43EB343B9E7A84A65230,2A70DBCD110EDD6E2E83D454D79E47D9BA81845955CFE8E1E03BF1D0EA7BCBC5,treat_2017,2014,3.90209640781755e-05,29507.6,873396589,2,3.37848812001715e-05,1.31831863569732e-09
6099E01D67DA0DDEF00B89A26CDFD4791E17F3D7238DE15C6352E3CF73DF0103,01F2B0B3F7BAD9F8285A6E56F94211AB7FA80D574E5FA1F74F9FF6DF342CC0BF,treat_2017,2399,0.000190039612128101,457539.41,22199079,2,0.0206107384004535,3.91685673129593e-06
6099E01D67DA0DDEF00B89A26CDFD4791E17F3D7238DE15C6352E3CF73DF0103,B8FDF1A99C14812F711B9B01A2C27EC7B85C6A71A20AB98121F00747A42E5B58,treat_2017,2351,0.000103038803811996,2729727.69,22199079,2,0.122965808176096,1.26702497842403e-05
6099E01D67DA0DDEF00B89A26CDFD4791E17F3D7238DE15C6352E3CF73DF0103,BEA704951F78F6206B131BE9FACD666E66E5939910623E8580ACB79F4696442C,treat_2017,4211,0.000136258727169874,357018.13,22199079,2,0.0160825649568615,2.19138983064877e-06
6103ADBA5CB4B323E3A1672B956BD68C827B7F6A3533A566F8585326958911E0,097FB34FF6B9FB27D745617E55B229A025D43BB8EE78FE0C30C7D3FCF43F3182,treat_2017,2399,0.00170088704646702,138731.85,65787271,2,0.0021087947241344,3.58682162993819e-06
6103ADBA5CB4B323E3A1672B956BD68C827B7F6A3533A566F8585326958911E0,A20718A1C5EDE23DDA5E6320129C83E1683DE48F1D318858856BE325EEE823C1,treat_2017,4211,5.55692076673613e-05,11720.07,65787271,2,0.00017815102863896,9.89971150659238e-09
6103ADBA5CB4B323E3A1672B956BD68C827B7F6A3533A566F8585326958911E0,B8FDF1A99C14812F711B9B01A2C27EC7B85C6A71A20AB98121F00747A42E5B58,treat_2017,2351,0.000103038803811996,167475.48,65787271,2,0.00254571252849202,2.6230717378503e-07
6124D8C0B3BE7ED34D36E2268756C66ADA69BA3A62AF2694DE53695ABA8C0454,3681204F7810467B3431212FC23F07FEB4DC809C1A445CC9BF393FFD63CAB006,treat_2017,4676,7.77079476005881e-06,542888.66,126073443,2,0.00430613019745959,3.346205397455e-08
613884E4DA96E6D9E3FEABBEE7F72A3229AD63E0B7C072487E6E046F49312232,1C6EC1F8E25B016DB87AC7C6CDC9FD74E36F38CFD1673CB9480E1F9ED238F425,treat_2017,1920,8.80218638642514e-06,274528.76,774060032,2,0.000354660812664204,3.12179057703134e-09
61CE1E059D5C7F1EFB93A2EBFCF5C1706E402C91F3EC2954C003784C58232EDD,1C6EC1F8E25B016DB87AC7C6CDC9FD74E36F38CFD1673CB9480E1F9ED238F425,treat_2017,1920,8.80218638642514e-06,15160619.7,1640910069,2,0.00923915331279499,8.13247495119787e-08
61CE1E059D5C7F1EFB93A2EBFCF5C1706E402C91F3EC2954C003784C58232EDD,68DC8BCF66B5C19AE14A0641B5976AED28CC1A1209CE9BAD3980A2C7AEB618D7,treat_2017,2014,5.36810065556938e-05,5824047.6,1640910069,2,0.00354927897026635,1.90528867670854e-07
6371BA2FF54724755C5C1CEAFC819C6D6E837562856F99423DF37E607DDA7B0E,3681204F7810467B3431212FC23F07FEB4DC809C1A445CC9BF393FFD63CAB006,treat_2017,4676,7.77079476005881e-06,496176.08,28120974,2,0.0176443419065072,1.37110559631772e-07
646ED34AB15E2CF9678A7E4052657DB3AF6199E9013AE1E306B52B1C6D7D99B3,DCF3F0DD9DF652FC8B064F143BE61B6316597A64B4E743D24B0030BAF9B79803,treat_2017,1062,6.15850136977239e-05,1500269.9,239675226,2,0.00625959522408044,3.85497257617201e-07
648B6285AF072F95A47296A5F6B2ED0F033063B5034F78B51A7A8AAA82ABECE6,1745374E09DBF271136A572D482D683EFC56C0DDAD78546E8A3B3C4C6D94F1F5,treat_2017,1722,3.90735085943156e-05,2628964.24,908964062,2,0.00289226422683365,1.13010911124216e-07
648B6285AF072F95A47296A5F6B2ED0F033063B5034F78B51A7A8AAA82ABECE6,1A197756250775389BD4ECBD644856B19F0024EE36CFDF5AB1599882260983EE,treat_2017,1051,8.70639900246024e-05,343381.44,908964062,2,0.000377772295248346,3.28903633450732e-08
648B6285AF072F95A47296A5F6B2ED0F033063B5034F78B51A7A8AAA82ABECE6,32424075741922469453FAD31C3E5A3FC8FB96E6E14ACF83BA40B2F0B4770F80,treat_2017,1107,2.17596979039937e-05,4419121.5,908964062,2,0.00486171201342832,1.05789384708417e-07
648B6285AF072F95A47296A5F6B2ED0F033063B5034F78B51A7A8AAA82ABECE6,5B62B2ACB0C9D2FA749C81D43481D120BE7CE506A5EED1BE9279D42D776C7E46,treat_2017,1031,8.21480594396011e-05,828843.1,908964062,2,0.000911854642719637,7.4907089390409e-08
648B6285AF072F95A47296A5F6B2ED0F033063B5034F78B51A7A8AAA82ABECE6,82AD7E022AA1035FA624569E4235B7E60665602F69F48D196D6E577AB3B2F821,treat_2017,1105,3.55285119461142e-05,678282.31,908964062,2,0.00074621466167493,2.65118965216833e-08
648B6285AF072F95A47296A5F6B2ED0F033063B5034F78B51A7A8AAA82ABECE6,BD82BA2061C72EB2FDFC34AD831B7A0E33C57B6587E1D690B5308EB60182A371,treat_2017,4211,1.04491078317667e-05,279657.58,908964062,2,0.000307666267228066,3.21483800246321e-09
65131DA16F26415E3FEAE77CDC495EBCBE8CDE6042C6696D620D73DF40AD7CCF,7A01DDE298CB1AB8AAB6B60D8755E5997F415CEF475BD9887E027BDBD80E1B41,treat_2017,2015,0.000568587529549804,311390.84,1161458508,2,0.000268103283806674,1.52440183803827e-07
66AE3CA22B61AC34F1F122C81BC17944EC300A0A05DA75E1552721C6AFDECD55,B8FDF1A99C14812F711B9B01A2C27EC7B85C6A71A20AB98121F00747A42E5B58,treat_2017,2351,0.000103038803811996,1565523.16,230566326,2,0.0067899037433593,6.99623559714336e-07
66DCC51088434215A5B77586058D15FA171B4085525EFAABF47D62B9C9ADE3CF,3EE54F1625227C67E1ED1E8AADCB8DB7E0EAC784F6B11595A589E00465C4C22D,treat_2017,1393,6.44909989307547e-05,20084.8,318596168,2,6.30415617553818e-05,4.06561329175943e-09
66DCC51088434215A5B77586058D15FA171B4085525EFAABF47D62B9C9ADE3CF,B8FDF1A99C14812F711B9B01A2C27EC7B85C6A71A20AB98121F00747A42E5B58,treat_2017,2351,0.000103038803811996,237023.81,318596168,2,0.000743963154007552,7.66570734691379e-08
66DFBAD9F31D5C4722F8A8DF3D5ED4C14F8F732BF912F2634CB1A76014BDBFED,2A70DBCD110EDD6E2E83D454D79E47D9BA81845955CFE8E1E03BF1D0EA7BCBC5,treat_2017,2014,3.90209640781755e-05,20423.5,167064555,2,0.0001222491509345,4.77027972720256e-09
674CD030427E12F2FF7E05A9B61172EC4428AD97AA19296AF120B0B48F9F5A1C,B8FDF1A99C14812F711B9B01A2C27EC7B85C6A71A20AB98121F00747A42E5B58,treat_2017,2351,0.000103038803811996,36303.58,73439571,2,0.000494332680674292,5.09354481018565e-08
674CD030427E12F2FF7E05A9B61172EC4428AD97AA19296AF120B0B48F9F5A1C,BEA704951F78F6206B131BE9FACD666E66E5939910623E8580ACB79F4696442C,treat_2017,4211,0.000136258727169874,4552.43,73439571,2,6.19887880336338e-05,8.44651335626606e-09
67863B92FB29A53B4F85034E41DF069DCCE2E96E963396F391424D73021DCAC2,13F626FCEEB1FD59AD5B43240916375573AC6AB3BA3E06035D546F6114C3CDD5,treat_2017,2352,0.000486627052877571,479049.53,150471935,2,0.00318364703690426,1.54924877497113e-06
67863B92FB29A53B4F85034E41DF069DCCE2E96E963396F391424D73021DCAC2,381129D2BACBFFE88AA47CF43AAB8B0205C90F8E3B8F55424F7421B3BB765AE7,treat_2017,2014,3.70529576586508e-06,2580.12,150471935,2,1.71468520026675e-05,6.3534158123399e-11
686552E789EE4A5DAC8ED479B023351424550F567382BF8F85E906967A43ADD7,CD81AC115D02B761693835DD8A3C1769DEE7F9AB64F08E3FD720AE423A47A7EB,treat_2017,2016,0.00106649811885426,288633.72,80577635,2,0.00358205747785971,3.82025756176521e-06
68A2F4B84714EC1829E0AC28D29F204FDEBFF70F71F2A22FDE65461FF3ADDDFF,1C6EC1F8E25B016DB87AC7C6CDC9FD74E36F38CFD1673CB9480E1F9ED238F425,treat_2017,1920,8.80218638642514e-06,94320.18,7324507620,2,1.28773406887383e-05,1.13348752903771e-10
68A2F4B84714EC1829E0AC28D29F204FDEBFF70F71F2A22FDE65461FF3ADDDFF,233C29FA2E67D9E99661CF7ABDF39D6AC6BAEC0D61A8BF7ACA5B2A341DB24E7D,treat_2017,2352,0.00126345506798275,11758438.37,7324507620,2,0.00160535546961449,2.02829450399825e-06
68A2F4B84714EC1829E0AC28D29F204FDEBFF70F71F2A22FDE65461FF3ADDDFF,81A56728305B23CED4271E85C1C3CCF6F2680AF5231CABD61B3434FC40D6896D,treat_2017,4211,4.09771610086498e-05,5585.65,7324507620,2,7.62597336201556e-07,3.12490738302986e-11
68A2F4B84714EC1829E0AC28D29F204FDEBFF70F71F2A22FDE65461FF3ADDDFF,A0B44CF8258D0A44D27D379D0CD4B5D173FC1457A2B18D84A999423522AED2D2,treat_2017,4322,3.52989529924418e-05,1497997.43,7324507620,2,0.000204518516153854,7.21928948779886e-09
68A2F4B84714EC1829E0AC28D29F204FDEBFF70F71F2A22FDE65461FF3ADDDFF,B8FDF1A99C14812F711B9B01A2C27EC7B85C6A71A20AB98121F00747A42E5B58,treat_2017,2351,0.000103038803811996,4149,7324507620,2,5.66454458818626e-07,5.83667898506427e-11
68A2F4B84714EC1829E0AC28D29F204FDEBFF70F71F2A22FDE65461FF3ADDDFF,CD862FFAF195F06877AE4815D81FDFFCB454147B4CAB0C53BD6FD33F3D619DF1,treat_2017,2014,6.86980714825666e-05,619737.37,7324507620,2,8.46114718083944e-05,5.81264493853825e-09
6AA55F3EB5FE56ED87E0A61B3BC1F0805DF7BBAEA8C26C6F7A89E8490D9067EE,B8FDF1A99C14812F711B9B01A2C27EC7B85C6A71A20AB98121F00747A42E5B58,treat_2017,2351,0.000103038803811996,372954.55,8741180,2,0.0426663848587948,4.39629325883248e-06
6AA8E4141A63E20F297FD4A50D200299ABED45FB3AEB28BC62C3D7D60C2E7642,81A56728305B23CED4271E85C1C3CCF6F2680AF5231CABD61B3434FC40D6896D,treat_2017,4211,4.09771610086498e-05,29266067.32,374772876,2,0.0780901425747791,3.19991234547514e-06
6AA8E4141A63E20F297FD4A50D200299ABED45FB3AEB28BC62C3D7D60C2E7642,A0B44CF8258D0A44D27D379D0CD4B5D173FC1457A2B18D84A999423522AED2D2,treat_2017,4322,3.52989529924418e-05,327812.19,374772876,2,0.00087469561164293,3.08758392780789e-08
6CBFB387089275C4EBF4E86C09C037BA343887CEA543886F318B34E7A5189CBE,2EDB84F873D1720009F7FE2B6EBFA04329C6829EDFD154525B24987A3D52E2AD,treat_2017,4673,6.28853635044987e-05,113429.84,26358768,2,0.00430330582977171,2.70614951376222e-07
6CBFB387089275C4EBF4E86C09C037BA343887CEA543886F318B34E7A5189CBE,BD82BA2061C72EB2FDFC34AD831B7A0E33C57B6587E1D690B5308EB60182A371,treat_2017,4211,1.04491078317667e-05,2852,26358768,2,0.0001081992906497,1.13058605531938e-09
6DF6FD750AA2D67C2FB15D06A63C0321D1BBE5A3AB2AF038C453EFD0BDD605CD,3681204F7810467B3431212FC23F07FEB4DC809C1A445CC9BF393FFD63CAB006,treat_2017,4676,7.77079476005881e-06,3673338.22,1430623533,2,0.00256764839614867,1.99526687024655e-08
6DF6FD750AA2D67C2FB15D06A63C0321D1BBE5A3AB2AF038C453EFD0BDD605CD,381129D2BACBFFE88AA47CF43AAB8B0205C90F8E3B8F55424F7421B3BB765AE7,treat_2017,2014,3.70529576586508e-06,77799.53,1430623533,2,5.438155336146e-05,2.01499739411384e-10
6DF6FD750AA2D67C2FB15D06A63C0321D1BBE5A3AB2AF038C453EFD0BDD605CD,3BE59C35E1BFCEE14744A27D1026D2E8F5690AEFBA6276A6EFADA053A2D4F534,treat_2017,3511,0.000444514994669268,35854032.65,1430623533,2,0.0250618222215418,1.11403557712108e-05
6DF6FD750AA2D67C2FB15D06A63C0321D1BBE5A3AB2AF038C453EFD0BDD605CD,B0930165FBBB06212FA618CDACF48BCD90D9F97D6D59E4B61B2F5354E62EF329,treat_2017,2016,3.14645743739694e-05,414242.8,1430623533,2,0.00028955402343434,9.11069410563186e-09
6DF6FD750AA2D67C2FB15D06A63C0321D1BBE5A3AB2AF038C453EFD0BDD605CD,D58518D29BDB13652ED33A3F9A10394D7D047FEDBC30A1F05F7C08D082F2E72A,treat_2017,2314,5.5183154987118e-05,5520,1430623533,2,3.85845742969475e-06,2.12921854354042e-10
6DF6FD750AA2D67C2FB15D06A63C0321D1BBE5A3AB2AF038C453EFD0BDD605CD,DAEA45B1C32A96BEF3B14822D96C2FE56C613857921FE02B9603218C0CB7CEF2,treat_2017,2229,7.40870498332187e-05,42563.99,1430623533,2,2.9752054973361e-05,2.20424197945206e-09
6E2979C11D72491FF51C40988B08DB058C9D8AC79C822765A0BA402DCA828C02,1C6EC1F8E25B016DB87AC7C6CDC9FD74E36F38CFD1673CB9480E1F9ED238F425,treat_2017,1920,8.80218638642514e-06,36476948.67,1025534432,2,0.0355687215678001,3.13082516766636e-07
6F4F34531538E252D3211A55D02B168CB91CBC9221FA038D0D1B034D977BEF84,BEA704951F78F6206B131BE9FACD666E66E5939910623E8580ACB79F4696442C,treat_2017,4211,0.000136258727169874,10265,10195264,2,0.00100684003866893,1.37190742132696e-07
7377A1DCBC87F5E28F2563A4F72835A4C3FB9C436AE288E420C188779E4AFD9B,7377A1DCBC87F5E28F2563A4F72835A4C3FB9C436AE288E420C188779E4AFD9B,treat_2017,2014,0.000409655665552639,1869262.11,125129479,2,0.0149386229762852,6.11969153779007e-06
76D7F8B37751122E872CF281DE0F6D6128BF81F79E5835DF26C7CC8C08CBBD17,B8FDF1A99C14812F711B9B01A2C27EC7B85C6A71A20AB98121F00747A42E5B58,treat_2017,2351,0.000103038803811996,150741.65,27220521,2,0.00553779444559492,5.70607715430817e-07
781DDBF220914771C108CE716159C411A65053A91F89898E330CB0229771CCE6,A1E9FE762ACC4DE886908DD38F550AAC93E153911553A0EE13701CA7E35CD778,treat_2017,1031,4.98470511558588e-05,141936.3,441871366,2,0.000321216333352544,1.60116870007217e-08
78EFD077D19A87B47B806EB9E8A7D4236FAE9529E54ACBCEA5796C58A3D977FC,2A70DBCD110EDD6E2E83D454D79E47D9BA81845955CFE8E1E03BF1D0EA7BCBC5,treat_2017,2014,3.90209640781755e-05,282406.68,200719293,2,0.00140697326987895,5.49014534228994e-08
798294CF36CF2BBD5FE5C29BC2C449FD8776799CE16E9E49D018988A361D5DA9,B0BDF350FA217BFD724FDDC946398CA461035D6B82CEBC98DD1973C4C264A7E6,treat_2017,2332,0.000216357956608233,20000,130271371,2,0.000153525673726117,3.32165010542851e-08
79B59817E9FA073421DD2557D87BF8BDBC59DB7DEDC6770D83CAB4D5B9604105,1C6EC1F8E25B016DB87AC7C6CDC9FD74E36F38CFD1673CB9480E1F9ED238F425,treat_2017,1920,8.80218638642514e-06,9248534.77,85376892,2,0.108325971505264,9.53505391679912e-07
79B63230F71E27B0B009FAEE092B4649C8CEF6C842DF1E9548C74ADA7F1A7DEB,10180C726132F327A9657D91AC5EEA82D52D128540E6467433F66AD25C86F10B,treat_2017,2332,0.000359770584732662,2725.5,442761337,2,6.1556865341203e-06,2.21463494381143e-09
79B63230F71E27B0B009FAEE092B4649C8CEF6C842DF1E9548C74ADA7F1A7DEB,233C29FA2E67D9E99661CF7ABDF39D6AC6BAEC0D61A8BF7ACA5B2A341DB24E7D,treat_2017,2352,0.00126345506798275,1007788.65,442761337,2,0.00227614420181408,2.87580592724155e-06
7A7E7015E0F5576B4E8A1BC48E8002E02F76DB4B2AF5A48A4C54C15176DB0693,6AA8E4141A63E20F297FD4A50D200299ABED45FB3AEB28BC62C3D7D60C2E7642,treat_2017,5223,1.6367246385248e-05,49058771.33,1829766507,2,0.0268114926917285,4.38830306841796e-07
7AC15CAAC97625B385477A1F6A28C0F58024D0D5466028E0A78ACAFF205D0AA4,81A56728305B23CED4271E85C1C3CCF6F2680AF5231CABD61B3434FC40D6896D,treat_2017,4211,4.09771610086498e-05,1757785.14,5568103788,2,0.000315688285801759,1.29360097158433e-08
7BD8DA430EC6A64C5278A5087EDDDCFD54EE849C1B904B1F1BFF9FE3FB8E5553,1C6EC1F8E25B016DB87AC7C6CDC9FD74E36F38CFD1673CB9480E1F9ED238F425,treat_2017,1920,8.80218638642514e-06,86378.8,1230005846,2,7.02263328917544e-05,6.18145271348361e-10
7BD8DA430EC6A64C5278A5087EDDDCFD54EE849C1B904B1F1BFF9FE3FB8E5553,233C29FA2E67D9E99661CF7ABDF39D6AC6BAEC0D61A8BF7ACA5B2A341DB24E7D,treat_2017,2352,0.00126345506798275,1492.5,1230005846,2,1.21340886700143e-06,1.53308758254817e-09
7C0333AE08168E97C1DD68D98B8051A5C5C90D18245B4988A49F08062BC40274,1E9AFCCFC2BEB1136C929DD46B6D15743F76A4DE734C2977D9C9BE1F6C01766D,treat_2017,2016,0.000357974396666644,7096.86,115020820,2,6.17006555856583e-05,2.20872549572124e-08
7EFE7AC47DF7A0E69E1E4909A7C14C4BEF034F82D4F05F3C3F42A2942791E0CA,233C29FA2E67D9E99661CF7ABDF39D6AC6BAEC0D61A8BF7ACA5B2A341DB24E7D,treat_2017,2352,0.00126345506798275,10355,1180129815,2,8.77445842684688e-06,1.10861339682036e-08
7EFE7AC47DF7A0E69E1E4909A7C14C4BEF034F82D4F05F3C3F42A2942791E0CA,2A70DBCD110EDD6E2E83D454D79E47D9BA81845955CFE8E1E03BF1D0EA7BCBC5,treat_2017,2014,3.90209640781755e-05,51143.48,1180129815,2,4.33371645643916e-05,1.6910579417171e-09
816D959E3B13F5BB2A8E380012AFF472FB512CB583C11B8725D3FC1FFCC30337,D58518D29BDB13652ED33A3F9A10394D7D047FEDBC30A1F05F7C08D082F2E72A,treat_2017,2314,5.5183154987118e-05,42913,242836544,2,0.000176715577042638,9.7517230765819e-09
81A56728305B23CED4271E85C1C3CCF6F2680AF5231CABD61B3434FC40D6896D,1C6EC1F8E25B016DB87AC7C6CDC9FD74E36F38CFD1673CB9480E1F9ED238F425,treat_2017,1920,8.80218638642514e-06,3596616.84,193302801,2,0.0186061289406769,1.63774614865697e-07
81A56728305B23CED4271E85C1C3CCF6F2680AF5231CABD61B3434FC40D6896D,556F325F89BA24B47694660DC89436EC50E9D389F7BAA17D07992B6F91C354CB,treat_2017,2399,0.000702850518421449,7500.53,193302801,2,3.88019726625689e-05,2.72719866016615e-08
81A56728305B23CED4271E85C1C3CCF6F2680AF5231CABD61B3434FC40D6896D,B8FDF1A99C14812F711B9B01A2C27EC7B85C6A71A20AB98121F00747A42E5B58,treat_2017,2351,0.000103038803811996,2626247.37,193302801,2,0.0135861837304675,1.39990411995737e-06
81A56728305B23CED4271E85C1C3CCF6F2680AF5231CABD61B3434FC40D6896D,BEA704951F78F6206B131BE9FACD666E66E5939910623E8580ACB79F4696442C,treat_2017,4211,0.000136258727169874,37079.57,193302801,2,0.000191821172834428,2.61373088546515e-08
81F3BF4BFE62F9B16730F61D678DA247D580194392DBEA760820233074607D2A,1C6EC1F8E25B016DB87AC7C6CDC9FD74E36F38CFD1673CB9480E1F9ED238F425,treat_2017,1920,8.80218638642514e-06,659450.84,468765797,2,0.00140678104977015,1.23827490049677e-08
82AD7E022AA1035FA624569E4235B7E60665602F69F48D196D6E577AB3B2F821,82AD7E022AA1035FA624569E4235B7E60665602F69F48D196D6E577AB3B2F821,treat_2017,1105,3.55285119461142e-05,18489.66,137973693,2,0.00013400858959396,4.76112577627092e-09
83EF4B50AC15D4BECE9C97DA8BECD2A6FAAC7049AAE59F893F2577B461792A16,233C29FA2E67D9E99661CF7ABDF39D6AC6BAEC0D61A8BF7ACA5B2A341DB24E7D,treat_2017,2352,0.00126345506798275,813439.85,5150402398,2,0.000157937144933738,1.99546486189258e-07
83EF4B50AC15D4BECE9C97DA8BECD2A6FAAC7049AAE59F893F2577B461792A16,2A70DBCD110EDD6E2E83D454D79E47D9BA81845955CFE8E1E03BF1D0EA7BCBC5,treat_2017,2014,3.90209640781755e-05,3139590.68,5150402398,2,0.000609581628266398,2.37864628192988e-08
83EF4B50AC15D4BECE9C97DA8BECD2A6FAAC7049AAE59F893F2577B461792A16,4C4AFA11F7CFB164582811756F70B0C08F76AA402E3112B966D24AEC0EF417AD,treat_2017,2059,2.17442134768675e-05,1117093.61,5150402398,2,0.000216894433420152,4.716198862232e-09
83EF4B50AC15D4BECE9C97DA8BECD2A6FAAC7049AAE59F893F2577B461792A16,67863B92FB29A53B4F85034E41DF069DCCE2E96E963396F391424D73021DCAC2,treat_2017,2365,0.000208018857469999,71416.74,5150402398,2,1.38662447089052e-05,2.88444038174587e-09
83EF4B50AC15D4BECE9C97DA8BECD2A6FAAC7049AAE59F893F2577B461792A16,83EF4B50AC15D4BECE9C97DA8BECD2A6FAAC7049AAE59F893F2577B461792A16,treat_2017,2443,2.54628648143931e-05,33119.21,5150402398,2,6.43041211942213e-06,1.63736714497681e-10
83EF4B50AC15D4BECE9C97DA8BECD2A6FAAC7049AAE59F893F2577B461792A16,9B43410201CE09CB26C572270E1B2418216ACA95142E50069DE00EC17DD07189,treat_2017,2444,6.12364052478015e-08,1343054.81,5150402398,2,0.000260766966581395,1.59684316408182e-11
83EF4B50AC15D4BECE9C97DA8BECD2A6FAAC7049AAE59F893F2577B461792A16,A0B44CF8258D0A44D27D379D0CD4B5D173FC1457A2B18D84A999423522AED2D2,treat_2017,4322,3.52989529924418e-05,481102.64,5150402398,2,9.34106896553988e-05,3.29729954313749e-09
83EF4B50AC15D4BECE9C97DA8BECD2A6FAAC7049AAE59F893F2577B461792A16,ADFF18A56167B77F87D8DF548BEF8C5F4AD4A774572E8E8D206E19659C2B9246,treat_2017,4211,3.13552464943978e-05,1548170.61,5150402398,2,0.000300592165497823,9.42514144346906e-09
849992678A39D5A48655A05BE77ACFBB537C4669A840B6F6DA0230E0AA188A46,3C8F64AD580757BBF770B04BD52CCCE6D586313EFCC2A4893B9131A2D9846D30,treat_2017,2014,0.000237274038919233,62060,71018087,2,0.000873861893801786,2.0734474099996e-07
876978BC4151C1DB54BE1D34705B6F021461037AB3941E1E61C579AB8066A28B,233C29FA2E67D9E99661CF7ABDF39D6AC6BAEC0D61A8BF7ACA5B2A341DB24E7D,treat_2017,2352,0.00126345506798275,28585.02,457001859,1,6.25490234603181e-05,7.90278806883109e-08
876978BC4151C1DB54BE1D34705B6F021461037AB3941E1E61C579AB8066A28B,3681204F7810467B3431212FC23F07FEB4DC809C1A445CC9BF393FFD63CAB006,treat_2017,4676,7.77079476005881e-06,150364678.48,457001859,1,0.329024216245037,2.55677965552939e-06
876978BC4151C1DB54BE1D34705B6F021461037AB3941E1E61C579AB8066A28B,381129D2BACBFFE88AA47CF43AAB8B0205C90F8E3B8F55424F7421B3BB765AE7,treat_2017,2014,3.70529576586508e-06,39509.1,457001859,1,8.64528211908215e-05,3.20333272305442e-10
87E5B03AE2F26F8B96AB3C88B2131DACA236CEB32040FDCDA46B83175621CD78,B8FDF1A99C14812F711B9B01A2C27EC7B85C6A71A20AB98121F00747A42E5B58,treat_2017,2351,0.000103038803811996,718716.9,176714785,2,0.00406710112003362,4.19069234390693e-07
87E5B03AE2F26F8B96AB3C88B2131DACA236CEB32040FDCDA46B83175621CD78,BEA704951F78F6206B131BE9FACD666E66E5939910623E8580ACB79F4696442C,treat_2017,4211,0.000136258727169874,10877.16,176714785,2,6.15520653803812e-05,8.3870060834076e-09
87E5B03AE2F26F8B96AB3C88B2131DACA236CEB32040FDCDA46B83175621CD78,BF6357AF349AD32862EE1D8AE057A1E7468A88E9A6E3BAA0FAD716ABBA263F23,treat_2017,2399,0.000219779260909068,12621,176714785,2,7.14201700780158e-05,1.56966721937463e-08
87E5B03AE2F26F8B96AB3C88B2131DACA236CEB32040FDCDA46B83175621CD78,DFE84999859FA7A6205AF0220585AD1C09A9628C9E358622CBCEA2E6DACBBBF1,treat_2017,2332,0.000395010468796854,360033.57,176714785,2,0.00203737095342645,8.04782855426075e-07
898E9459519E2AF1EBA06A844D735A12725528F822AEE6B2128AE7F022F18AA3,D7E5CDFAAACF0B7F90CD7FBB7F8126EB1255FF5547B0834A227723386F131B08,treat_2017,1393,0.000148685155751804,899.94,90816332,2,9.90945108859935e-06,1.47338827852328e-09
8AAE986819CEAEE2C7B6BA8C06577110220ADF9EBD9553DF0CB6A8323601F0F0,381129D2BACBFFE88AA47CF43AAB8B0205C90F8E3B8F55424F7421B3BB765AE7,treat_2017,2014,3.70529576586508e-06,2389084.56,782212641,2,0.00305426483129413,1.13169545472248e-08
8AAE986819CEAEE2C7B6BA8C06577110220ADF9EBD9553DF0CB6A8323601F0F0,A0B44CF8258D0A44D27D379D0CD4B5D173FC1457A2B18D84A999423522AED2D2,treat_2017,4322,3.52989529924418e-05,285828.68,782212641,2,0.000365410458765521,1.28986066069107e-08
8AD8CD6E2A5082CF7EE48D06DBC38617A85AA8D5CA2A7DAF9CAA2192C4E300C7,7377A1DCBC87F5E28F2563A4F72835A4C3FB9C436AE288E420C188779E4AFD9B,treat_2017,2014,0.000409655665552639,1561.03,134863802,2,1.15748627641389e-05,4.74170810932378e-09
8B22C107C894F5E181A7C9C5911056FBF72AA280FA7E498E152F87F4A3E8695F,3BE59C35E1BFCEE14744A27D1026D2E8F5690AEFBA6276A6EFADA053A2D4F534,treat_2017,3511,0.000444514994669268,78032.36,358449068,2,0.000217694414538135,9.67684315179483e-08
8E3D3FC7191560A9E4D5B211FC45FE512AA082410BBB6BCCBDAA72758D07EDDA,4C4AFA11F7CFB164582811756F70B0C08F76AA402E3112B966D24AEC0EF417AD,treat_2017,2059,2.17442134768675e-05,32285,8433478083,2,3.82819516245371e-06,8.3241092843505e-11
8E3D3FC7191560A9E4D5B211FC45FE512AA082410BBB6BCCBDAA72758D07EDDA,ADFF18A56167B77F87D8DF548BEF8C5F4AD4A774572E8E8D206E19659C2B9246,treat_2017,4211,3.13552464943978e-05,959851.04,8433478083,2,0.000113814375344716,3.56867779353949e-09
8E3D3FC7191560A9E4D5B211FC45FE512AA082410BBB6BCCBDAA72758D07EDDA,BC0BF2E7511DBB53DBD56839C96E212762845418F6BCF4F0B57D20FEA25A2188,treat_2017,2221,1.4360832054686e-05,6500,8433478083,2,7.70737759205486e-07,1.1068435518155e-11
8E3D3FC7191560A9E4D5B211FC45FE512AA082410BBB6BCCBDAA72758D07EDDA,C2DF2CAC420FA214C90BABB3B2B58056B210608D3E7DADB50C6A7E5EF5B8E480,treat_2017,2014,6.31510608706804e-06,56752063.88,8433478083,2,0.00672937823771659,4.24967374711872e-08
8F7A8971AAA0C8175B4DA5776CA303207A692E7EB823FF489A69B00E4A68E7DD,3681204F7810467B3431212FC23F07FEB4DC809C1A445CC9BF393FFD63CAB006,treat_2017,4676,7.77079476005881e-06,5762836.27,170987610,2,0.0337032389071933,2.61900952297028e-07
91738BC31E8682337A567C344417306B4025B0A737D605FC612A6F338F21D854,381129D2BACBFFE88AA47CF43AAB8B0205C90F8E3B8F55424F7421B3BB765AE7,treat_2017,2014,3.70529576586508e-06,13833.82,120653600,2,0.000114657333059271,4.24839330709897e-10
91738BC31E8682337A567C344417306B4025B0A737D605FC612A6F338F21D854,4C4AFA11F7CFB164582811756F70B0C08F76AA402E3112B966D24AEC0EF417AD,treat_2017,2059,2.17442134768675e-05,490,120653600,2,4.0612132584523e-06,8.83078880668714e-11
923AD021F4125D5E1BC4327D7C4785003665BA3B0591D5AEF361396C29D51D85,7C0333AE08168E97C1DD68D98B8051A5C5C90D18245B4988A49F08062BC40274,treat_2017,2014,0.000236105080801893,6454.34,823652802,2,7.83623874565536e-06,1.85017578222588e-09
93C8DA9C1D3467D45E207D48C038D8DBCA7AC78A4416AE622461E76ED52B5173,B8FDF1A99C14812F711B9B01A2C27EC7B85C6A71A20AB98121F00747A42E5B58,treat_2017,2351,0.000103038803811996,167144.49,21279727,2,0.0078546350712112,8.09332202117355e-07
93C8DA9C1D3467D45E207D48C038D8DBCA7AC78A4416AE622461E76ED52B5173,BEA704951F78F6206B131BE9FACD666E66E5939910623E8580ACB79F4696442C,treat_2017,4211,0.000136258727169874,564621.65,21279727,2,0.0265333126689078,3.61539541186567e-06
93C8DA9C1D3467D45E207D48C038D8DBCA7AC78A4416AE622461E76ED52B5173,BF6357AF349AD32862EE1D8AE057A1E7468A88E9A6E3BAA0FAD716ABBA263F23,treat_2017,2399,0.000219779260909068,4479013,21279727,2,0.210482634481166,4.62597178404642e-05
93E844FE1AC70363ACC25C875A81A3C2EE7ED2364EA24705F5D877FBB5C4CEE8,13F626FCEEB1FD59AD5B43240916375573AC6AB3BA3E06035D546F6114C3CDD5,treat_2017,2352,0.000486627052877571,140910.83,4826881479,2,2.91929334940275e-05,1.42060711910495e-08
93E844FE1AC70363ACC25C875A81A3C2EE7ED2364EA24705F5D877FBB5C4CEE8,7BD8DA430EC6A64C5278A5087EDDDCFD54EE849C1B904B1F1BFF9FE3FB8E5553,treat_2017,2014,2.02112860527006e-06,168812.16,4826881479,2,3.49733385280828e-05,7.06856149209016e-11
94017B9E62CF2DD7184E06909A4451225FEEB88ED86B19429927E7E0CE36D9AA,7A01DDE298CB1AB8AAB6B60D8755E5997F415CEF475BD9887E027BDBD80E1B41,treat_2017,2015,0.000568587529549804,9677470.78,146672327,2,0.0659802089319821,3.75155239958156e-05
94EB372F799E991E19BD6837EB1414CF0E4BD897D42C4FFA85E8C6E16270884B,3EE54F1625227C67E1ED1E8AADCB8DB7E0EAC784F6B11595A589E00465C4C22D,treat_2017,1393,6.44909989307547e-05,136173.11,92077057,2,0.00147890380553757,9.53759837416126e-08
9667C5CF58D6CB9771EC341CAB64A74403932D3C04CA637E179C6732494E3956,A1E9FE762ACC4DE886908DD38F550AAC93E153911553A0EE13701CA7E35CD778,treat_2017,1031,4.98470511558588e-05,55522.46,346153221,2,0.000160398507457482,7.99539260655652e-09
969A182C1332AA7D3B3673679AC4454478A1AAEA9E50C82A755CB81680A4E9DC,1061796C42F184760E3BAF45DC443875C42284348C2B209B70F02ED964EDAC7E,treat_2017,2012,0.00016263646894484,2713840.17,84496291,2,0.0321178614810442,5.22353558133652e-06
969A182C1332AA7D3B3673679AC4454478A1AAEA9E50C82A755CB81680A4E9DC,3681204F7810467B3431212FC23F07FEB4DC809C1A445CC9BF393FFD63CAB006,treat_2017,4676,7.77079476005881e-06,1497293.3,84496291,2,0.017720225139823,1.37700232663599e-07
969A182C1332AA7D3B3673679AC4454478A1AAEA9E50C82A755CB81680A4E9DC,381129D2BACBFFE88AA47CF43AAB8B0205C90F8E3B8F55424F7421B3BB765AE7,treat_2017,2014,3.70529576586508e-06,2148.16,84496291,2,2.54231277441515e-05,9.42002075854517e-11
96BFA5EE90814CBD5C0D8579EF0756BF1C811AF96B52A9B6B50748AC8C9EFEC0,233C29FA2E67D9E99661CF7ABDF39D6AC6BAEC0D61A8BF7ACA5B2A341DB24E7D,treat_2017,2352,0.00126345506798275,10414.25,569557426,2,1.82848111965447e-05,2.31020373733822e-08
96BFA5EE90814CBD5C0D8579EF0756BF1C811AF96B52A9B6B50748AC8C9EFEC0,6AA8E4141A63E20F297FD4A50D200299ABED45FB3AEB28BC62C3D7D60C2E7642,treat_2017,5223,1.6367246385248e-05,149628.9,569557426,2,0.000262710822771364,4.29985276437013e-09
99321F09AA91D6F20F886C240F1F52FF956BEED0B1CBEADB6FDB7ABA30AACFFD,4CE683198D1988956A9467C38F7C31A77267B4563430CEF1229B83E2C35DCB2E,treat_2017,4950,5.84825939287943e-05,799,443682607,2,1.8008368761681e-06,1.05317611760938e-10
99321F09AA91D6F20F886C240F1F52FF956BEED0B1CBEADB6FDB7ABA30AACFFD,81A56728305B23CED4271E85C1C3CCF6F2680AF5231CABD61B3434FC40D6896D,treat_2017,4211,4.09771610086498e-05,173792.73,443682607,2,0.000391705077589395,1.60509620322863e-08
9B43410201CE09CB26C572270E1B2418216ACA95142E50069DE00EC17DD07189,233C29FA2E67D9E99661CF7ABDF39D6AC6BAEC0D61A8BF7ACA5B2A341DB24E7D,treat_2017,2352,0.00126345506798275,171586.23,4033548328,2,4.25397729361234e-05,5.37470917069805e-08
9B43410201CE09CB26C572270E1B2418216ACA95142E50069DE00EC17DD07189,4C4AFA11F7CFB164582811756F70B0C08F76AA402E3112B966D24AEC0EF417AD,treat_2017,2059,2.17442134768675e-05,12670,4033548328,2,3.14115487647629e-06,6.83019421980039e-11
9C0362DF414FCE539D1971F13460C5726B978F5842FD946D821DB58B8E1D7CD2,3E3B4F46B106CE29E3C1F78D77C75FCF3439DB1A69C12E86777870BA2FF96AFE,treat_2017,2014,0.000268313861904909,70038.44,196334818,2,0.000356729594442082,9.5715495140527e-08
9C0362DF414FCE539D1971F13460C5726B978F5842FD946D821DB58B8E1D7CD2,7A01DDE298CB1AB8AAB6B60D8755E5997F415CEF475BD9887E027BDBD80E1B41,treat_2017,2015,0.000568587529549804,89173.57,196334818,2,0.000454191319239158,2.58247520149159e-07
9C8EB20FA52DF76154FE015473D15DCDE8EF3F6EB34E0168A4464DFB4B0E7BD0,1C6EC1F8E25B016DB87AC7C6CDC9FD74E36F38CFD1673CB9480E1F9ED238F425,treat_2017,1920,8.80218638642514e-06,131977.7,231987873,2,0.000568899133792222,5.00755621071495e-09
9C8EB20FA52DF76154FE015473D15DCDE8EF3F6EB34E0168A4464DFB4B0E7BD0,CD81AC115D02B761693835DD8A3C1769DEE7F9AB64F08E3FD720AE423A47A7EB,treat_2017,2016,0.00106649811885426,225051.33,231987873,2,0.000970099544815431,1.03460933964703e-06
9DE3B42B2BB733F27CD4875E1BE7F5002BCA4F9D0F0A95352182870714281500,A0B44CF8258D0A44D27D379D0CD4B5D173FC1457A2B18D84A999423522AED2D2,treat_2017,4322,3.52989529924418e-05,58261.5,148940267,2,0.000391173597130721,1.38080184170017e-08
9F72F5EC2B91E6C8B9016E1CE52960C84D7C404F13131CBF0C0C1E05E418F250,233C29FA2E67D9E99661CF7ABDF39D6AC6BAEC0D61A8BF7ACA5B2A341DB24E7D,treat_2017,2352,0.00126345506798275,1150817.08,568420398,2,0.00202458793535414,2.55797588749992e-06
A0B44CF8258D0A44D27D379D0CD4B5D173FC1457A2B18D84A999423522AED2D2,3E3B4F46B106CE29E3C1F78D77C75FCF3439DB1A69C12E86777870BA2FF96AFE,treat_2017,2014,0.000268313861904909,841300.29,295476186,2,0.00284726935659038,7.63961836950271e-07
A0B44CF8258D0A44D27D379D0CD4B5D173FC1457A2B18D84A999423522AED2D2,A0B44CF8258D0A44D27D379D0CD4B5D173FC1457A2B18D84A999423522AED2D2,treat_2017,4322,3.52989529924418e-05,5045.97,295476186,2,1.70774168582236e-05,6.02814934910767e-10
A0E021EE5C514DEB872430D457F955188240396D6D7B78EE703A32FCFEEA5075,40373FF2604A156C93922C1CDE8C3D74A3B4CAC9C582D5C77BE7882A04E44797,treat_2017,1089,8.43249664590945e-05,364266,34000056,2,0.0107136882362782,9.03431401177354e-07
A183E58FD6E9210A769556E997400F5AB2F8747CA368592DCFB4BB8B7CB10859,F528BEC475BD1E0F79259B2E943C62A8B2D1382032F6DDF19F90EDF27B4E278A,treat_2017,2352,0.00421469819174347,58329016.52,204055601,2,0.285848642400166,0.00120476575623631
A1CAB2E84D49975821059FF1672617E46E3BFED1EA035E22502577B09256B17A,1A197756250775389BD4ECBD644856B19F0024EE36CFDF5AB1599882260983EE,treat_2017,1051,8.70639900246024e-05,37683.98,721612388,2,5.22219139065002e-05,4.54664819142118e-09
A1E9FE762ACC4DE886908DD38F550AAC93E153911553A0EE13701CA7E35CD778,233C29FA2E67D9E99661CF7ABDF39D6AC6BAEC0D61A8BF7ACA5B2A341DB24E7D,treat_2017,2352,0.00126345506798275,2196.51,607698937,2,3.61447069636721e-06,4.56672131940029e-09
A1E9FE762ACC4DE886908DD38F550AAC93E153911553A0EE13701CA7E35CD778,5B62B2ACB0C9D2FA749C81D43481D120BE7CE506A5EED1BE9279D42D776C7E46,treat_2017,1031,8.21480594396011e-05,1455769.56,607698937,2,0.00239554402906583,1.96789293289881e-07
A20718A1C5EDE23DDA5E6320129C83E1683DE48F1D318858856BE325EEE823C1,1C6EC1F8E25B016DB87AC7C6CDC9FD74E36F38CFD1673CB9480E1F9ED238F425,treat_2017,1920,8.80218638642514e-06,1225512.26,113336149,2,0.0108130748292851,9.51787000577292e-08
A20718A1C5EDE23DDA5E6320129C83E1683DE48F1D318858856BE325EEE823C1,81A56728305B23CED4271E85C1C3CCF6F2680AF5231CABD61B3434FC40D6896D,treat_2017,4211,4.09771610086498e-05,2999284.86,113336149,2,0.0264636207111643,1.08440404675322e-06
A20718A1C5EDE23DDA5E6320129C83E1683DE48F1D318858856BE325EEE823C1,B8FDF1A99C14812F711B9B01A2C27EC7B85C6A71A20AB98121F00747A42E5B58,treat_2017,2351,0.000103038803811996,76346.97,113336149,2,0.000673632999476628,6.94103384743586e-08
A286C01ABA1C19F9EEE2076F74A3FE2CD112145B62E4162F6D47F3D17FC0AF92,67863B92FB29A53B4F85034E41DF069DCCE2E96E963396F391424D73021DCAC2,treat_2017,2365,0.000208018857469999,27692.19,17689246,2,0.00156548164913304,3.25649704042905e-07
A2D0C13790C3E409C825E25214303B2E0AB0A1071E3E1997C5F73FCE2D5E2BDC,233C29FA2E67D9E99661CF7ABDF39D6AC6BAEC0D61A8BF7ACA5B2A341DB24E7D,treat_2017,2352,0.00126345506798275,77378.35,2428354109,2,3.18645249114284e-05,4.02593954882068e-08
A2D0C13790C3E409C825E25214303B2E0AB0A1071E3E1997C5F73FCE2D5E2BDC,24EC9B9D0111DCD6D335B5F1A858B1F4086C18CB005053FE84A5F27D5EA4B086,treat_2017,1051,4.51665857375289e-05,1521162.45,2428354109,2,0.000626417063459669,2.82931200042022e-08
A2D0C13790C3E409C825E25214303B2E0AB0A1071E3E1997C5F73FCE2D5E2BDC,381129D2BACBFFE88AA47CF43AAB8B0205C90F8E3B8F55424F7421B3BB765AE7,treat_2017,2014,3.70529576586508e-06,425.3,2428354109,2,1.75139201660807e-07,6.48942542350778e-13
A2D0C13790C3E409C825E25214303B2E0AB0A1071E3E1997C5F73FCE2D5E2BDC,82AD7E022AA1035FA624569E4235B7E60665602F69F48D196D6E577AB3B2F821,treat_2017,1105,3.55285119461142e-05,74063.73,2428354109,2,3.04995592387057e-05,1.08360395476357e-09
A2D0C13790C3E409C825E25214303B2E0AB0A1071E3E1997C5F73FCE2D5E2BDC,A0B44CF8258D0A44D27D379D0CD4B5D173FC1457A2B18D84A999423522AED2D2,treat_2017,4322,3.52989529924418e-05,6108.02,2428354109,2,2.51529213855688e-06,8.87871789611778e-11
A41BF7F003E7DDE1CCCF24061DBAE5F6B0F0C68A2EA27A4B9A4C848EF2C1A7BC,D7E5CDFAAACF0B7F90CD7FBB7F8126EB1255FF5547B0834A227723386F131B08,treat_2017,1393,0.000148685155751804,33676.85,8262150,2,0.00407603952966238,6.0604657231836e-07
A44C7B695F2DAA9C1AF259527E3B73F5483420A4B1CB0C2E493C045EE27F601E,BD82BA2061C72EB2FDFC34AD831B7A0E33C57B6587E1D690B5308EB60182A371,treat_2017,4211,1.04491078317667e-05,35437.19,16915000,2,0.00209501566656814,2.1891044609211e-08
A598B93D51D7C48A1D5985C8D35AE03B0FC9A880F374EE77DD4BFBCC6C566301,D7E5CDFAAACF0B7F90CD7FBB7F8126EB1255FF5547B0834A227723386F131B08,treat_2017,1393,0.000148685155751804,1259530.18,91334050,2,0.013790368214264,2.05042304581257e-06
A7E4D6C8E4978F81C59A9CE76EFE1AB662AA0F95691E0D49AD6026B12053E721,1C6EC1F8E25B016DB87AC7C6CDC9FD74E36F38CFD1673CB9480E1F9ED238F425,treat_2017,1920,8.80218638642514e-06,4864728.68,674034110,2,0.00721733308125905,6.35283109941542e-08
A7E4D6C8E4978F81C59A9CE76EFE1AB662AA0F95691E0D49AD6026B12053E721,9B43410201CE09CB26C572270E1B2418216ACA95142E50069DE00EC17DD07189,treat_2017,2444,6.12364052478015e-08,91540713.74,674034110,2,0.135810209575299,8.31652903034185e-09
A867D7F1BC4AB6DD60078ED60C319E413BC789870B5BF7E1BEF246C6D203F512,A2A544E19C2E3E42DD208F4C4E581A6ACE508B14BC2C9A1D5B9931D8BAE858C1,treat_2017,1712,0.000191298161424099,45076.98,24294756,2,0.00185542015733766,3.54938464767906e-07
A917DF5AF099BA7EE6EB68360D5EBF6E85FACB8366D2BCDA656653F34B9EC406,1C6EC1F8E25B016DB87AC7C6CDC9FD74E36F38CFD1673CB9480E1F9ED238F425,treat_2017,1920,8.80218638642514e-06,1623044.09,311731498,2,0.00520654505692588,4.58289800203821e-08
A917DF5AF099BA7EE6EB68360D5EBF6E85FACB8366D2BCDA656653F34B9EC406,556F325F89BA24B47694660DC89436EC50E9D389F7BAA17D07992B6F91C354CB,treat_2017,2399,0.000702850518421449,2755,311731498,2,8.83773381155086e-06,6.21160579111929e-09
A917DF5AF099BA7EE6EB68360D5EBF6E85FACB8366D2BCDA656653F34B9EC406,A0B44CF8258D0A44D27D379D0CD4B5D173FC1457A2B18D84A999423522AED2D2,treat_2017,4322,3.52989529924418e-05,5232.5,311731498,2,1.6785278464225e-05,5.92502755473724e-10
AA87309A737CBB71FCAA97B6666221C793EEB9AAA338E4C5DC338835324DBB38,0D8E6484CB9716B07B6C77FDAD4D31811A9B3082E8A56ED31A4A3CE3BD08F828,treat_2017,2015,8.69235578696799e-05,247708.65,1225339609,2,0.000202155099027734,1.75720404489881e-08
AA87309A737CBB71FCAA97B6666221C793EEB9AAA338E4C5DC338835324DBB38,1C6EC1F8E25B016DB87AC7C6CDC9FD74E36F38CFD1673CB9480E1F9ED238F425,treat_2017,1920,8.80218638642514e-06,9955577.16,1225339609,2,0.00812474932408718,7.15155578935971e-08
AA87309A737CBB71FCAA97B6666221C793EEB9AAA338E4C5DC338835324DBB38,3E3B4F46B106CE29E3C1F78D77C75FCF3439DB1A69C12E86777870BA2FF96AFE,treat_2017,2014,0.000268313861904909,19257,1225339609,2,1.57156431233914e-05,4.21672489875648e-09
AA87309A737CBB71FCAA97B6666221C793EEB9AAA338E4C5DC338835324DBB38,4C4AFA11F7CFB164582811756F70B0C08F76AA402E3112B966D24AEC0EF417AD,treat_2017,2059,2.17442134768675e-05,330,1225339609,2,2.69313092938629e-07,5.856001384973e-12
AABDEE5BC7229D7742B138B8153296792950B948744424057C583A70A6996D7C,3BE59C35E1BFCEE14744A27D1026D2E8F5690AEFBA6276A6EFADA053A2D4F534,treat_2017,3511,0.000444514994669268,2800,295508650,2,9.475187951351e-06,4.2118631216851e-09
AABDEE5BC7229D7742B138B8153296792950B948744424057C583A70A6996D7C,B0BDF350FA217BFD724FDDC946398CA461035D6B82CEBC98DD1973C4C264A7E6,treat_2017,2332,0.000216357956608233,41474,295508650,2,0.00014034783753369,3.03653713431734e-08
AB1791DB28AAB3CA37BC83DCCC4352298911D3CAE59331134DD82CA74C9DC015,7BD8DA430EC6A64C5278A5087EDDDCFD54EE849C1B904B1F1BFF9FE3FB8E5553,treat_2017,2014,2.02112860527006e-06,35295.9,7266732,2,0.00485719027480304,9.81700620564396e-09
AC39CBDCB2B6C4C1B33A024C914A1FA4320ECFABDC086E62806BF5B914C14267,67863B92FB29A53B4F85034E41DF069DCCE2E96E963396F391424D73021DCAC2,treat_2017,2365,0.000208018857469999,1117.99,56303817,2,1.98563802521595e-05,4.13050153354406e-09
AC39CBDCB2B6C4C1B33A024C914A1FA4320ECFABDC086E62806BF5B914C14267,B8FDF1A99C14812F711B9B01A2C27EC7B85C6A71A20AB98121F00747A42E5B58,treat_2017,2351,0.000103038803811996,307811.51,56303817,2,0.00546697411296289,5.63310473070844e-07
AC39CBDCB2B6C4C1B33A024C914A1FA4320ECFABDC086E62806BF5B914C14267,DFE84999859FA7A6205AF0220585AD1C09A9628C9E358622CBCEA2E6DACBBBF1,treat_2017,2332,0.000395010468796854,99878.73,56303817,2,0.00177392467015158,7.00718815566881e-07
ACE760F21978532FF4A0D092AAFB21D78C2A46BF08165E4661620FE7CA075ABC,ADFF18A56167B77F87D8DF548BEF8C5F4AD4A774572E8E8D206E19659C2B9246,treat_2017,4211,3.13552464943978e-05,86337.99,33507740,2,0.00257665810943979,8.07917501532736e-08
ADFF18A56167B77F87D8DF548BEF8C5F4AD4A774572E8E8D206E19659C2B9246,2EDB84F873D1720009F7FE2B6EBFA04329C6829EDFD154525B24987A3D52E2AD,treat_2017,4673,6.28853635044987e-05,857903.8,122627006,2,0.00699604294342798,4.39948703590551e-07
ADFF18A56167B77F87D8DF548BEF8C5F4AD4A774572E8E8D206E19659C2B9246,6099E01D67DA0DDEF00B89A26CDFD4791E17F3D7238DE15C6352E3CF73DF0103,treat_2017,2399,0.00048128122792842,13756.48,122627006,2,0.000112181487983161,5.3990844287373e-08
ADFF18A56167B77F87D8DF548BEF8C5F4AD4A774572E8E8D206E19659C2B9246,B8FDF1A99C14812F711B9B01A2C27EC7B85C6A71A20AB98121F00747A42E5B58,treat_2017,2351,0.000103038803811996,892440.35,122627006,2,0.00727768196509666,7.49883644207696e-07
ADFF18A56167B77F87D8DF548BEF8C5F4AD4A774572E8E8D206E19659C2B9246,BEA704951F78F6206B131BE9FACD666E66E5939910623E8580ACB79F4696442C,treat_2017,4211,0.000136258727169874,580284.45,122627006,2,0.00473210974424345,6.44791250578771e-07
AE27FDD10DAB15F988A6028AA41C1AF451E069CF59511F4322267754FE72D97D,A0B44CF8258D0A44D27D379D0CD4B5D173FC1457A2B18D84A999423522AED2D2,treat_2017,4322,3.52989529924418e-05,5734.14,234819347,2,2.44193677959593e-05,8.61978115934716e-10
AFCA27A1F1BB2F7C605C4B1753142D734EB685C1A44B33B33D43D3893BB18C10,7377A1DCBC87F5E28F2563A4F72835A4C3FB9C436AE288E420C188779E4AFD9B,treat_2017,2014,0.000409655665552639,423883.57,1025257000,2,0.000413441283502575,1.69368564160185e-07
B2E0D78A7F730C32AF9265FD7637D341F281207F62358847026025605C8611C2,3681204F7810467B3431212FC23F07FEB4DC809C1A445CC9BF393FFD63CAB006,treat_2017,4676,7.77079476005881e-06,509123.5,242387040,2,0.00210045677359648,1.63222184899935e-08
B3068FACC616F6AEB1D6ACD872E959D22008760B9DB2D4636005D923F01EAC73,67863B92FB29A53B4F85034E41DF069DCCE2E96E963396F391424D73021DCAC2,treat_2017,2365,0.000208018857469999,26223.8,41264412,2,0.000635506450449361,1.32197325737291e-07
B3E0FD522207C8C5AEA81FC57D6965D5D991ADD89876A1705055DD7AAB7EEFC7,7A01DDE298CB1AB8AAB6B60D8755E5997F415CEF475BD9887E027BDBD80E1B41,treat_2017,2015,0.000568587529549804,335949.84,228019055,2,0.00147334107669203,8.37723362980572e-07
B6EFE016EC0C2668A7AFF8E5A70FF3033726E8022ED5F7F6F46628DC3A427E7C,1745374E09DBF271136A572D482D683EFC56C0DDAD78546E8A3B3C4C6D94F1F5,treat_2017,1722,3.90735085943156e-05,15438590.24,11399190182,2,0.00135435851086847,5.29195389142036e-08
B6EFE016EC0C2668A7AFF8E5A70FF3033726E8022ED5F7F6F46628DC3A427E7C,1A197756250775389BD4ECBD644856B19F0024EE36CFDF5AB1599882260983EE,treat_2017,1051,8.70639900246024e-05,1191764.68,11399190182,2,0.000104548188158302,9.10238241090462e-09
B6EFE016EC0C2668A7AFF8E5A70FF3033726E8022ED5F7F6F46628DC3A427E7C,32424075741922469453FAD31C3E5A3FC8FB96E6E14ACF83BA40B2F0B4770F80,treat_2017,1107,2.17596979039937e-05,23339870.93,11399190182,2,0.00204750254687873,4.45530368777388e-08
B6EFE016EC0C2668A7AFF8E5A70FF3033726E8022ED5F7F6F46628DC3A427E7C,40373FF2604A156C93922C1CDE8C3D74A3B4CAC9C582D5C77BE7882A04E44797,treat_2017,1089,8.43249664590945e-05,443857.71,11399190182,2,3.89376528431711e-05,3.28341626999627e-09
B6EFE016EC0C2668A7AFF8E5A70FF3033726E8022ED5F7F6F46628DC3A427E7C,5B62B2ACB0C9D2FA749C81D43481D120BE7CE506A5EED1BE9279D42D776C7E46,treat_2017,1031,8.21480594396011e-05,576249.05,11399190182,2,5.0551753308751e-05,4.15272843558333e-09
B6EFE016EC0C2668A7AFF8E5A70FF3033726E8022ED5F7F6F46628DC3A427E7C,82AD7E022AA1035FA624569E4235B7E60665602F69F48D196D6E577AB3B2F821,treat_2017,1105,3.55285119461142e-05,1441375.66,11399190182,2,0.000126445443666342,4.49241845583134e-09
B6EFE016EC0C2668A7AFF8E5A70FF3033726E8022ED5F7F6F46628DC3A427E7C,A0B44CF8258D0A44D27D379D0CD4B5D173FC1457A2B18D84A999423522AED2D2,treat_2017,4322,3.52989529924418e-05,5380.92,11399190182,2,4.72044058752243e-07,1.66626610402569e-11
B6EFE016EC0C2668A7AFF8E5A70FF3033726E8022ED5F7F6F46628DC3A427E7C,A20718A1C5EDE23DDA5E6320129C83E1683DE48F1D318858856BE325EEE823C1,treat_2017,4211,5.55692076673613e-05,1323890.48,11399190182,2,0.000116138993986652,6.45375187512269e-09
B6EFE016EC0C2668A7AFF8E5A70FF3033726E8022ED5F7F6F46628DC3A427E7C,EA1B2625F236F386C8047A4FF05EEFA589BC2737825902CB44BC003C61070512,treat_2017,1039,4.48878231599981e-05,3531709.18,11399190182,2,0.000309821059532525,1.39071929315392e-08
B6F8B15A34CFB540C2417A6DC36A53425CEC90C412B5E9E7CE7A20390C171E33,6AA8E4141A63E20F297FD4A50D200299ABED45FB3AEB28BC62C3D7D60C2E7642,treat_2017,5223,1.6367246385248e-05,10240792.97,117485654,2,0.0871663273032467,1.42667275546941e-06
B8FDF1A99C14812F711B9B01A2C27EC7B85C6A71A20AB98121F00747A42E5B58,097FB34FF6B9FB27D745617E55B229A025D43BB8EE78FE0C30C7D3FCF43F3182,treat_2017,2399,0.00170088704646702,23183.8,798310898,2,2.90410666547108e-05,4.93955740885829e-08
B8FDF1A99C14812F711B9B01A2C27EC7B85C6A71A20AB98121F00747A42E5B58,233C29FA2E67D9E99661CF7ABDF39D6AC6BAEC0D61A8BF7ACA5B2A341DB24E7D,treat_2017,2352,0.00126345506798275,239686.34,798310898,2,0.000300241848884293,3.79342085593371e-07
B8FDF1A99C14812F711B9B01A2C27EC7B85C6A71A20AB98121F00747A42E5B58,6AA8E4141A63E20F297FD4A50D200299ABED45FB3AEB28BC62C3D7D60C2E7642,treat_2017,5223,1.6367246385248e-05,2845.41,798310898,2,3.56428805760835e-06,5.83375808268729e-11
B8FDF1A99C14812F711B9B01A2C27EC7B85C6A71A20AB98121F00747A42E5B58,81A56728305B23CED4271E85C1C3CCF6F2680AF5231CABD61B3434FC40D6896D,treat_2017,4211,4.09771610086498e-05,46289.74,798310898,2,5.79846023848218e-05,2.37604438794538e-09
B8FDF1A99C14812F711B9B01A2C27EC7B85C6A71A20AB98121F00747A42E5B58,B0BDF350FA217BFD724FDDC946398CA461035D6B82CEBC98DD1973C4C264A7E6,treat_2017,2332,0.000216357956608233,7000,798310898,2,8.76851364241304e-06,1.8971376941639e-09
B8FDF1A99C14812F711B9B01A2C27EC7B85C6A71A20AB98121F00747A42E5B58,B8FDF1A99C14812F711B9B01A2C27EC7B85C6A71A20AB98121F00747A42E5B58,treat_2017,2351,0.000103038803811996,255111.67,798310898,2,0.000319564308390539,3.29275240775689e-08
B9301C0397326C58B7137AB2136548EF1DE988C9BD0CD608B167051B914A00FA,C2DF2CAC420FA214C90BABB3B2B58056B210608D3E7DADB50C6A7E5EF5B8E480,treat_2017,2014,6.31510608706804e-06,950,12829079,2,7.40505222549491e-05,4.67636903842796e-10
B95A8BE96B22E6B92456B1D18400E95C26670C8E0820035E5A842162D7CD3788,1061796C42F184760E3BAF45DC443875C42284348C2B209B70F02ED964EDAC7E,treat_2017,2012,0.00016263646894484,569790,911540567,2,0.000625084632135741,1.01661557362241e-07
B95A8BE96B22E6B92456B1D18400E95C26670C8E0820035E5A842162D7CD3788,D7E5CDFAAACF0B7F90CD7FBB7F8126EB1255FF5547B0834A227723386F131B08,treat_2017,1393,0.000148685155751804,68460647.74,911540567,2,0.0751043345940302,1.1166899686749e-05
BB137937773E0C72F137BCFF7E230688DB583482A9563BFF037CE4FFF9F60CE8,B3E0FD522207C8C5AEA81FC57D6965D5D991ADD89876A1705055DD7AAB7EEFC7,treat_2017,2014,0.000191558551981544,14661.48,261429536,2,5.6081957013457e-05,1.0742978477789e-08
BC0BF2E7511DBB53DBD56839C96E212762845418F6BCF4F0B57D20FEA25A2188,1C6EC1F8E25B016DB87AC7C6CDC9FD74E36F38CFD1673CB9480E1F9ED238F425,treat_2017,1920,8.80218638642514e-06,21963594.15,301932366,2,0.072743424101807,6.40301177330876e-07
BC0BF2E7511DBB53DBD56839C96E212762845418F6BCF4F0B57D20FEA25A2188,4C4AFA11F7CFB164582811756F70B0C08F76AA402E3112B966D24AEC0EF417AD,treat_2017,2059,2.17442134768675e-05,224541.48,301932366,2,0.000743681384591939,1.61707667853395e-08
BC0BF2E7511DBB53DBD56839C96E212762845418F6BCF4F0B57D20FEA25A2188,BC0BF2E7511DBB53DBD56839C96E212762845418F6BCF4F0B57D20FEA25A2188,treat_2017,2222,1.4360832054686e-05,28895.7,301932366,2,9.57025587644353e-05,1.37436837361977e-09
BD82BA2061C72EB2FDFC34AD831B7A0E33C57B6587E1D690B5308EB60182A371,2EDB84F873D1720009F7FE2B6EBFA04329C6829EDFD154525B24987A3D52E2AD,treat_2017,4673,6.28853635044987e-05,1749.5,137140895,2,1.27569533507857e-05,8.02225648674092e-10
BD82BA2061C72EB2FDFC34AD831B7A0E33C57B6587E1D690B5308EB60182A371,556F325F89BA24B47694660DC89436EC50E9D389F7BAA17D07992B6F91C354CB,treat_2017,2399,0.000702850518421449,53618.07,137140895,2,0.000390970687481659,2.74793950384074e-07
BD82BA2061C72EB2FDFC34AD831B7A0E33C57B6587E1D690B5308EB60182A371,B8FDF1A99C14812F711B9B01A2C27EC7B85C6A71A20AB98121F00747A42E5B58,treat_2017,2351,0.000103038803811996,1733825.03,137140895,2,0.0126426550592367,1.30268405431143e-06
BD82BA2061C72EB2FDFC34AD831B7A0E33C57B6587E1D690B5308EB60182A371,BEA704951F78F6206B131BE9FACD666E66E5939910623E8580ACB79F4696442C,treat_2017,4211,0.000136258727169874,6705.85,137140895,2,4.8897522507783e-05,6.66271417867077e-09
BD82BA2061C72EB2FDFC34AD831B7A0E33C57B6587E1D690B5308EB60182A371,DFE84999859FA7A6205AF0220585AD1C09A9628C9E358622CBCEA2E6DACBBBF1,treat_2017,2332,0.000395010468796854,16231.6,137140895,2,0.000118357110036361,4.67522975209037e-08
BDB487043B7808B72DD228FD052A4E174394AE80CFCAA8177443DD571822FE82,2EDB84F873D1720009F7FE2B6EBFA04329C6829EDFD154525B24987A3D52E2AD,treat_2017,4673,6.28853635044987e-05,443853.03,129294974,2,0.0034328714896528,2.15877371491046e-07
BE2465281437D52ED7C2FFB25E1C75F190704B6C37112F9394FB38DD0B54DA5F,B8FDF1A99C14812F711B9B01A2C27EC7B85C6A71A20AB98121F00747A42E5B58,treat_2017,2351,0.000103038803811996,1280869.26,85480238,2,0.0149843904271769,1.54397366546823e-06
BE2465281437D52ED7C2FFB25E1C75F190704B6C37112F9394FB38DD0B54DA5F,BD82BA2061C72EB2FDFC34AD831B7A0E33C57B6587E1D690B5308EB60182A371,treat_2017,4211,1.04491078317667e-05,114325.71,85480238,2,0.00133745193830649,1.39751795231699e-08
BEA704951F78F6206B131BE9FACD666E66E5939910623E8580ACB79F4696442C,556F325F89BA24B47694660DC89436EC50E9D389F7BAA17D07992B6F91C354CB,treat_2017,2399,0.000702850518421449,155677.07,42162437,2,0.00369231669412278,2.59514670264037e-06
BEA704951F78F6206B131BE9FACD666E66E5939910623E8580ACB79F4696442C,81A56728305B23CED4271E85C1C3CCF6F2680AF5231CABD61B3434FC40D6896D,treat_2017,4211,4.09771610086498e-05,13929.1,42162437,2,0.000330367525956813,1.35375233031616e-08
BEF76D104BEEE4CB29F86E71CF9B816511410E6196B53B317052915BF015E6AD,B3E0FD522207C8C5AEA81FC57D6965D5D991ADD89876A1705055DD7AAB7EEFC7,treat_2017,2014,0.000191558551981544,253440,27875648,2,0.00909180658329449,1.74161330399216e-06
BF6357AF349AD32862EE1D8AE057A1E7468A88E9A6E3BAA0FAD716ABBA263F23,A44C7B695F2DAA9C1AF259527E3B73F5483420A4B1CB0C2E493C045EE27F601E,treat_2017,2399,0.000164410286727756,38737.24,44007792,2,0.000880235936399627,1.44719842691537e-07
BF6357AF349AD32862EE1D8AE057A1E7468A88E9A6E3BAA0FAD716ABBA263F23,BEA704951F78F6206B131BE9FACD666E66E5939910623E8580ACB79F4696442C,treat_2017,4211,0.000136258727169874,869.35,44007792,2,1.97544562108456e-05,2.69171705922283e-09
BF64A10E37DB55FE21FABBA8DA949FF95512BEF2D0BF4811A9D730D541F5C300,2A70DBCD110EDD6E2E83D454D79E47D9BA81845955CFE8E1E03BF1D0EA7BCBC5,treat_2017,2014,3.90209640781755e-05,22567.8,1208181418,2,1.86791483992183e-05,7.28878378696807e-10
C081B6928443B6904E8522B0BD5FE095F8AFB35C568AB61E0CB4F6D61A9FECE6,10180C726132F327A9657D91AC5EEA82D52D128540E6467433F66AD25C86F10B,treat_2017,2332,0.000359770584732662,6423.3,4820216782,2,1.33257492152352e-06,4.79421258716598e-10
C081B6928443B6904E8522B0BD5FE095F8AFB35C568AB61E0CB4F6D61A9FECE6,1A197756250775389BD4ECBD644856B19F0024EE36CFDF5AB1599882260983EE,treat_2017,1051,8.70639900246024e-05,21339,4820216782,2,4.42697931754556e-06,3.85430483141908e-10
C081B6928443B6904E8522B0BD5FE095F8AFB35C568AB61E0CB4F6D61A9FECE6,3EE54F1625227C67E1ED1E8AADCB8DB7E0EAC784F6B11595A589E00465C4C22D,treat_2017,1393,6.44909989307547e-05,50988.78,4820216782,2,1.0578109306288e-05,6.82192835961229e-10
C081B6928443B6904E8522B0BD5FE095F8AFB35C568AB61E0CB4F6D61A9FECE6,6AA8E4141A63E20F297FD4A50D200299ABED45FB3AEB28BC62C3D7D60C2E7642,treat_2017,5223,1.6367246385248e-05,538698.28,4820216782,2,0.000111758102252091,1.82917239510771e-09
C081B6928443B6904E8522B0BD5FE095F8AFB35C568AB61E0CB4F6D61A9FECE6,A0B44CF8258D0A44D27D379D0CD4B5D173FC1457A2B18D84A999423522AED2D2,treat_2017,4322,3.52989529924418e-05,3992708.5,4820216782,2,0.000828325504966884,2.92390230622667e-08
C081B6928443B6904E8522B0BD5FE095F8AFB35C568AB61E0CB4F6D61A9FECE6,A20718A1C5EDE23DDA5E6320129C83E1683DE48F1D318858856BE325EEE823C1,treat_2017,4211,5.55692076673613e-05,33244.19,4820216782,2,6.89682466650522e-06,3.83251082138408e-10
C081B6928443B6904E8522B0BD5FE095F8AFB35C568AB61E0CB4F6D61A9FECE6,A2D0C13790C3E409C825E25214303B2E0AB0A1071E3E1997C5F73FCE2D5E2BDC,treat_2017,1105,1.03465140882384e-05,3144.26,4820216782,2,6.52306761750119e-07,6.74910110030078e-12
C081B6928443B6904E8522B0BD5FE095F8AFB35C568AB61E0CB4F6D61A9FECE6,B8FDF1A99C14812F711B9B01A2C27EC7B85C6A71A20AB98121F00747A42E5B58,treat_2017,2351,0.000103038803811996,12115.3,4820216782,2,2.51343467481418e-06,2.58981302352446e-10
C14BB26E265D634D8598A24F8F2491643FAB6F115715D55808023456839F95D8,81A56728305B23CED4271E85C1C3CCF6F2680AF5231CABD61B3434FC40D6896D,treat_2017,4211,4.09771610086498e-05,4747.82,323670760,2,1.46686713375036e-05,6.01080507179851e-10
C14BB26E265D634D8598A24F8F2491643FAB6F115715D55808023456839F95D8,B8FDF1A99C14812F711B9B01A2C27EC7B85C6A71A20AB98121F00747A42E5B58,treat_2017,2351,0.000103038803811996,439452.13,323670760,2,0.00135771340605497,1.39897165279415e-07
C2440D20454644429C9E954191766BD21C6FDE2A52F9446D49483B37F66AD119,6AA8E4141A63E20F297FD4A50D200299ABED45FB3AEB28BC62C3D7D60C2E7642,treat_2017,5223,1.6367246385248e-05,212345388.05,1998891251,2,0.106231586107433,1.73871854371604e-06
C2969FF82F54815E37E232726E6B49DD218166E5183F59D9E129080A962B4E06,233C29FA2E67D9E99661CF7ABDF39D6AC6BAEC0D61A8BF7ACA5B2A341DB24E7D,treat_2017,2352,0.00126345506798275,1362.5,122858486,2,1.10899950370543e-05,1.40117104334697e-08
C2969FF82F54815E37E232726E6B49DD218166E5183F59D9E129080A962B4E06,556F325F89BA24B47694660DC89436EC50E9D389F7BAA17D07992B6F91C354CB,treat_2017,2399,0.000702850518421449,439.57,122858486,2,3.57785623371592e-06,2.51469810870465e-09
C2969FF82F54815E37E232726E6B49DD218166E5183F59D9E129080A962B4E06,81A56728305B23CED4271E85C1C3CCF6F2680AF5231CABD61B3434FC40D6896D,treat_2017,4211,4.09771610086498e-05,59663.52,122858486,2,0.000485627993169312,1.98996564664064e-08
C2969FF82F54815E37E232726E6B49DD218166E5183F59D9E129080A962B4E06,B8FDF1A99C14812F711B9B01A2C27EC7B85C6A71A20AB98121F00747A42E5B58,treat_2017,2351,0.000103038803811996,311691.55,122858486,2,0.00253699650832422,2.61409085492938e-07
C2DF2CAC420FA214C90BABB3B2B58056B210608D3E7DADB50C6A7E5EF5B8E480,4C4AFA11F7CFB164582811756F70B0C08F76AA402E3112B966D24AEC0EF417AD,treat_2017,2059,2.17442134768675e-05,1630,508621701,2,3.20473939038633e-06,6.96845374422867e-11
C2DF2CAC420FA214C90BABB3B2B58056B210608D3E7DADB50C6A7E5EF5B8E480,68DC8BCF66B5C19AE14A0641B5976AED28CC1A1209CE9BAD3980A2C7AEB618D7,treat_2017,2014,5.36810065556938e-05,70385,508621701,2,0.000138383792633339,7.42858127955203e-09
C49E201600E431B8C579817E8AE9DA71DC56031066A5DBCA7BF5D3219E55339B,A20718A1C5EDE23DDA5E6320129C83E1683DE48F1D318858856BE325EEE823C1,treat_2017,4211,5.55692076673613e-05,9751.82,23725656,2,0.000411024251552834,2.28402919908612e-08
C49E201600E431B8C579817E8AE9DA71DC56031066A5DBCA7BF5D3219E55339B,A44C7B695F2DAA9C1AF259527E3B73F5483420A4B1CB0C2E493C045EE27F601E,treat_2017,2399,0.000164410286727756,1936.84,23725656,2,8.16348344593718e-05,1.34216065404382e-08
C49E201600E431B8C579817E8AE9DA71DC56031066A5DBCA7BF5D3219E55339B,B8FDF1A99C14812F711B9B01A2C27EC7B85C6A71A20AB98121F00747A42E5B58,treat_2017,2351,0.000103038803811996,9873.13,23725656,2,0.000416137281936483,4.28782877523105e-08
C4F606904026E86DAACB847D0D96B50C0ECFC7B858E2B2509602AD8DA11C474E,BC0BF2E7511DBB53DBD56839C96E212762845418F6BCF4F0B57D20FEA25A2188,treat_2017,2221,1.4360832054686e-05,222758.08,90200598,2,0.00246958540119656,3.54653011912882e-08
C522CB559EF15B2141FEF4CCD47F8B73E5CEE241C540E487B399950470501487,6AA8E4141A63E20F297FD4A50D200299ABED45FB3AEB28BC62C3D7D60C2E7642,treat_2017,5223,1.6367246385248e-05,200367.2,64517342,2,0.00310563321099,5.08306639464822e-08
C682A2B22B1037A2795CD18544B9972548F80593CFC2EAA4A19AF83F4AD35AA8,1061796C42F184760E3BAF45DC443875C42284348C2B209B70F02ED964EDAC7E,treat_2017,2012,0.00016263646894484,45150,3079755.25,2,0.0146602558758525,2.38429224947649e-06
C783027837319E3C8845706B064F581E7067FCAF72473EE7FB02BA67E08AA8CC,1061796C42F184760E3BAF45DC443875C42284348C2B209B70F02ED964EDAC7E,treat_2017,2012,0.00016263646894484,767480,402473887,2,0.00190690632309271,3.10132510996386e-07
C783027837319E3C8845706B064F581E7067FCAF72473EE7FB02BA67E08AA8CC,3681204F7810467B3431212FC23F07FEB4DC809C1A445CC9BF393FFD63CAB006,treat_2017,4676,7.77079476005881e-06,15978393.64,402473887,2,0.0397004480442231,3.08504033634036e-07
C783027837319E3C8845706B064F581E7067FCAF72473EE7FB02BA67E08AA8CC,D7E5CDFAAACF0B7F90CD7FBB7F8126EB1255FF5547B0834A227723386F131B08,treat_2017,1393,0.000148685155751804,88414.86,402473887,2,0.000219678500533378,3.2662932067128e-08
C827BD5F1E9CF3652F0345C53157CF7ED590F253B122BE5B7FA16D382C516C16,2A70DBCD110EDD6E2E83D454D79E47D9BA81845955CFE8E1E03BF1D0EA7BCBC5,treat_2017,2014,3.90209640781755e-05,30972.62,66106154,2,0.000468528542743539,1.82824354359956e-08
C82F3CEC2AC49AA2DB2FB3B3F6F2B60CAAB613E7D60BD4DE501631644C9A5A11,2A70DBCD110EDD6E2E83D454D79E47D9BA81845955CFE8E1E03BF1D0EA7BCBC5,treat_2017,2014,3.90209640781755e-05,7095876.61,494027270,2,0.014363329801612,5.60470976231688e-07
C9210078CEE580FDD0812518371FC8B5E11A493EF54D24394419069892A286C3,233C29FA2E67D9E99661CF7ABDF39D6AC6BAEC0D61A8BF7ACA5B2A341DB24E7D,treat_2017,2352,0.00126345506798275,633690.1,309070120,2,0.00205031175449765,2.59047677716466e-06
C9210078CEE580FDD0812518371FC8B5E11A493EF54D24394419069892A286C3,2A70DBCD110EDD6E2E83D454D79E47D9BA81845955CFE8E1E03BF1D0EA7BCBC5,treat_2017,2014,3.90209640781755e-05,96946.59,309070120,2,0.000313671829551171,1.22397771932518e-08
C9210078CEE580FDD0812518371FC8B5E11A493EF54D24394419069892A286C3,ADFF18A56167B77F87D8DF548BEF8C5F4AD4A774572E8E8D206E19659C2B9246,treat_2017,4211,3.13552464943978e-05,6212.14,309070120,2,2.00994518654861e-05,6.30223267644599e-10
CA0C911B1A1F75C058342897D52EE9DDCCCD1907FD39F8425E09C607AA918392,1007FAAA2B750FA61EAA1A2916ADE0B4D155B036D9BBC63C2A9022FB9AFC4A15,treat_2017,1320,3.61915015658306e-06,2035.4,7698107,2,0.000264402664187442,9.56912943494961e-10
CC17A49A3D2D52F3D8C1CEB869CCA5096C549CFAE3A0D6CB09EA694C2F81F81F,B8FDF1A99C14812F711B9B01A2C27EC7B85C6A71A20AB98121F00747A42E5B58,treat_2017,2351,0.000103038803811996,2935882.17,102020318,2,0.0287774261789696,2.96519157026904e-06
CC17A49A3D2D52F3D8C1CEB869CCA5096C549CFAE3A0D6CB09EA694C2F81F81F,BD82BA2061C72EB2FDFC34AD831B7A0E33C57B6587E1D690B5308EB60182A371,treat_2017,4211,1.04491078317667e-05,2075396.28,102020318,2,0.020342970113071,2.12565888329886e-07
CC17A49A3D2D52F3D8C1CEB869CCA5096C549CFAE3A0D6CB09EA694C2F81F81F,F66DA2500C4DF14CC40C77CC8DC9C43E103B59B4FA2FD549F42C9994DEE4C457,treat_2017,2399,0.000171705462263179,3719364.76,102020318,2,0.0364570982811483,6.25988291313871e-06
CC65917C7CF2644290617174C31B7E8C05CA4EEDE602B3AA5F2FD2587CA1468C,2A70DBCD110EDD6E2E83D454D79E47D9BA81845955CFE8E1E03BF1D0EA7BCBC5,treat_2017,2014,3.90209640781755e-05,3219803.52,288324220,2,0.0111673015884687,4.3575887413379e-07
CC65917C7CF2644290617174C31B7E8C05CA4EEDE602B3AA5F2FD2587CA1468C,8AD8CD6E2A5082CF7EE48D06DBC38617A85AA8D5CA2A7DAF9CAA2192C4E300C7,treat_2017,2016,0.00032636629953529,51521,288324220,2,0.00017869119701425,5.83187847290723e-08
CCB5EA9562B416C6ED6C01741084ED901E8D2DB7C6696C385FC9D2118B26A43E,BC0BF2E7511DBB53DBD56839C96E212762845418F6BCF4F0B57D20FEA25A2188,treat_2017,2222,1.4360832054686e-05,1525622.51,272032309,2,0.00560824012268337,8.05389945242075e-08
CCB5EA9562B416C6ED6C01741084ED901E8D2DB7C6696C385FC9D2118B26A43E,DAEA45B1C32A96BEF3B14822D96C2FE56C613857921FE02B9603218C0CB7CEF2,treat_2017,2229,7.40870498332187e-05,61205.4,272032309,2,0.000224993127562653,1.6669077053866e-08
CD802969F6FDC1FE69F2A78E6151E83D7C29E6C8BBF3D80E9592FF356091885C,6099E01D67DA0DDEF00B89A26CDFD4791E17F3D7238DE15C6352E3CF73DF0103,treat_2017,2399,0.00048128122792842,19897,22069711,2,0.00090155235834307,4.33900226065116e-07
CD802969F6FDC1FE69F2A78E6151E83D7C29E6C8BBF3D80E9592FF356091885C,B8FDF1A99C14812F711B9B01A2C27EC7B85C6A71A20AB98121F00747A42E5B58,treat_2017,2351,0.000103038803811996,2975.84,22069711,2,0.000134838195207903,1.38935663423907e-08
CD802969F6FDC1FE69F2A78E6151E83D7C29E6C8BBF3D80E9592FF356091885C,BEA704951F78F6206B131BE9FACD666E66E5939910623E8580ACB79F4696442C,treat_2017,4211,0.000136258727169874,19527.45,22069711,2,0.000884807689597748,1.20562769574706e-07
CD81AC115D02B761693835DD8A3C1769DEE7F9AB64F08E3FD720AE423A47A7EB,9C8EB20FA52DF76154FE015473D15DCDE8EF3F6EB34E0168A4464DFB4B0E7BD0,treat_2017,2016,5.63520835418841e-05,3251447.45,80208299,2,0.0405375440015253,2.28437506615676e-06
CD862FFAF195F06877AE4815D81FDFFCB454147B4CAB0C53BD6FD33F3D619DF1,CD862FFAF195F06877AE4815D81FDFFCB454147B4CAB0C53BD6FD33F3D619DF1,treat_2017,2014,6.86980714825666e-05,3894.92,425732475,2,9.1487500454364e-06,6.28501484597524e-10
CDB2071E463BADC97EA21812D5D2156B3D0E6D05E9D107EFFBD8EE26C363C39E,1061796C42F184760E3BAF45DC443875C42284348C2B209B70F02ED964EDAC7E,treat_2017,2012,0.00016263646894484,2338675,714419859,2,0.00327353022251303,5.32395396373736e-07
CDB2071E463BADC97EA21812D5D2156B3D0E6D05E9D107EFFBD8EE26C363C39E,1C6EC1F8E25B016DB87AC7C6CDC9FD74E36F38CFD1673CB9480E1F9ED238F425,treat_2017,1920,8.80218638642514e-06,135253044.24,714419859,2,0.189318707390523,1.66641854888847e-06
CDB2071E463BADC97EA21812D5D2156B3D0E6D05E9D107EFFBD8EE26C363C39E,381129D2BACBFFE88AA47CF43AAB8B0205C90F8E3B8F55424F7421B3BB765AE7,treat_2017,2014,3.70529576586508e-06,3614833.05,714419859,2,0.00505981602339528,1.87481148875428e-08
CDB2071E463BADC97EA21812D5D2156B3D0E6D05E9D107EFFBD8EE26C363C39E,B0930165FBBB06212FA618CDACF48BCD90D9F97D6D59E4B61B2F5354E62EF329,treat_2017,2016,3.14645743739694e-05,2290,714419859,2,3.2053980179182e-06,1.00856484332961e-10
CF4DB84513AB8C68511709D7B79224804195F0EC9A517C786AE4CECB82E699CA,93E844FE1AC70363ACC25C875A81A3C2EE7ED2364EA24705F5D877FBB5C4CEE8,treat_2017,1041,1.06163783434385e-05,381734.77,103090671,2,0.00370290314629924,3.93114207702216e-08
D192DDE8580A23934849226460762419C2A29C026445388AEC31D2F6CFE1DEE5,82AD7E022AA1035FA624569E4235B7E60665602F69F48D196D6E577AB3B2F821,treat_2017,1105,3.55285119461142e-05,612.68,33415769,2,1.83350561227545e-05,6.51417260489958e-10
D193416DEB34E1578D0A23E29F20CB48235445F4A97ECC8949D32443A6A885F7,67863B92FB29A53B4F85034E41DF069DCCE2E96E963396F391424D73021DCAC2,treat_2017,2365,0.000208018857469999,46456.08,7687364,2,0.00604317422721235,1.25709419823686e-06
D243CECDEEFA2919B92BD39968D14E611E237E1E40004805ED73FBEE04C6C9C0,A20718A1C5EDE23DDA5E6320129C83E1683DE48F1D318858856BE325EEE823C1,treat_2017,4211,5.55692076673613e-05,51452.4,155775170,1,0.000330299109928752,1.83544598319754e-08
D24CFD4E4D07CA02994732D641C177D71F3ABA14D8EBD52CB9EAC7C559942972,1699301EC2767FC1FF82337B41AE8E16B093A1C04259532BBCCFCBA1D82BA80F,treat_2017,2365,2.1864947544599e-05,106886.39,18407234,2,0.00580675999446739,1.26964502683106e-07
D24CFD4E4D07CA02994732D641C177D71F3ABA14D8EBD52CB9EAC7C559942972,B8FDF1A99C14812F711B9B01A2C27EC7B85C6A71A20AB98121F00747A42E5B58,treat_2017,2351,0.000103038803811996,920,18407234,2,4.99803501166987e-05,5.14991549012939e-09
D24CFD4E4D07CA02994732D641C177D71F3ABA14D8EBD52CB9EAC7C559942972,DFE84999859FA7A6205AF0220585AD1C09A9628C9E358622CBCEA2E6DACBBBF1,treat_2017,2332,0.000395010468796854,189712.31,18407234,2,0.0103063996470083,4.0711357561725e-06
D2E36629C57DE7C3DE50105733271BC0699A14DC45E956E39883988835BB92F2,2EDB84F873D1720009F7FE2B6EBFA04329C6829EDFD154525B24987A3D52E2AD,treat_2017,4673,6.28853635044987e-05,37418.16,181324050,2,0.00020636071166511,1.29770683661075e-08
D2E36629C57DE7C3DE50105733271BC0699A14DC45E956E39883988835BB92F2,556F325F89BA24B47694660DC89436EC50E9D389F7BAA17D07992B6F91C354CB,treat_2017,2399,0.000702850518421449,410.38,181324050,2,2.26324086628332e-06,1.59072001617984e-09
D2E36629C57DE7C3DE50105733271BC0699A14DC45E956E39883988835BB92F2,7C0333AE08168E97C1DD68D98B8051A5C5C90D18245B4988A49F08062BC40274,treat_2017,2014,0.000236105080801893,27930.42,181324050,2,0.000154035937317747,3.6368667426802e-08
D2E36629C57DE7C3DE50105733271BC0699A14DC45E956E39883988835BB92F2,81A56728305B23CED4271E85C1C3CCF6F2680AF5231CABD61B3434FC40D6896D,treat_2017,4211,4.09771610086498e-05,760.57,181324050,2,4.19453459152275e-06,1.71880119313179e-10
D2E36629C57DE7C3DE50105733271BC0699A14DC45E956E39883988835BB92F2,B8FDF1A99C14812F711B9B01A2C27EC7B85C6A71A20AB98121F00747A42E5B58,treat_2017,2351,0.000103038803811996,535935.25,181324050,2,0.00295567659116372,3.04549380408628e-07
D2EEAED8D0666B892B32F9E6C9A57311D20694FB9900400C020B25245005F6EA,B8FDF1A99C14812F711B9B01A2C27EC7B85C6A71A20AB98121F00747A42E5B58,treat_2017,2351,0.000103038803811996,101457.24,22288703,2,0.00455195800311934,4.69028307643859e-07
D3B615A03010104B09E4C88B29B0A80A823664C2897B33D069EBA714719DF84B,1FF4BE36DA23ED1089F771723A6F25ACE00CFA2E444FBEB5B9881B54FB91D596,treat_2017,1051,6.27713380370904e-05,1075217.73,282474419,2,0.00380642514039475,2.38934399200598e-07
D3B615A03010104B09E4C88B29B0A80A823664C2897B33D069EBA714719DF84B,32424075741922469453FAD31C3E5A3FC8FB96E6E14ACF83BA40B2F0B4770F80,treat_2017,1107,2.17596979039937e-05,177370.36,282474419,2,0.000627916540647881,1.36632742334187e-08
D3B615A03010104B09E4C88B29B0A80A823664C2897B33D069EBA714719DF84B,A1E9FE762ACC4DE886908DD38F550AAC93E153911553A0EE13701CA7E35CD778,treat_2017,1031,4.98470511558588e-05,845235.07,282474419,2,0.00299225350384737,1.49155013477578e-07
D3E60E9D6547B79D66B422B6E180C75271C8E80DA4ADA92F99D4D2CE8A38EACD,1C6EC1F8E25B016DB87AC7C6CDC9FD74E36F38CFD1673CB9480E1F9ED238F425,treat_2017,1920,8.80218638642514e-06,319064.9,131887668,2,0.00241921708707443,2.12943997096537e-08
D4226E8E76E93ACBF5668C753A6CB409F8D7B2C8085F0AB7B23600B91AA57881,1C6EC1F8E25B016DB87AC7C6CDC9FD74E36F38CFD1673CB9480E1F9ED238F425,treat_2017,1920,8.80218638642514e-06,5608533.22,144550285,2,0.0387998765965768,3.41523745573363e-07
D4226E8E76E93ACBF5668C753A6CB409F8D7B2C8085F0AB7B23600B91AA57881,2A70DBCD110EDD6E2E83D454D79E47D9BA81845955CFE8E1E03BF1D0EA7BCBC5,treat_2017,2014,3.90209640781755e-05,146174.88,144550285,2,0.00101123896089171,3.94595191674068e-08
D4D2E1C06944A9D89BF42D277B9FA290B4D68A873FB82943562B733E4FDD2FB9,1C6EC1F8E25B016DB87AC7C6CDC9FD74E36F38CFD1673CB9480E1F9ED238F425,treat_2017,1920,8.80218638642514e-06,2873358.14,145617741,2,0.0197321982903168,1.73686487165268e-07
D4D2E1C06944A9D89BF42D277B9FA290B4D68A873FB82943562B733E4FDD2FB9,2EDB84F873D1720009F7FE2B6EBFA04329C6829EDFD154525B24987A3D52E2AD,treat_2017,4673,6.28853635044987e-05,1635962.21,145617741,2,0.0112346352770299,7.06494123236488e-07
D4D2E1C06944A9D89BF42D277B9FA290B4D68A873FB82943562B733E4FDD2FB9,A20718A1C5EDE23DDA5E6320129C83E1683DE48F1D318858856BE325EEE823C1,treat_2017,4211,5.55692076673613e-05,98487.52,145617741,2,0.00067634286401957,3.75838370650414e-08
D4D2E1C06944A9D89BF42D277B9FA290B4D68A873FB82943562B733E4FDD2FB9,B8FDF1A99C14812F711B9B01A2C27EC7B85C6A71A20AB98121F00747A42E5B58,treat_2017,2351,0.000103038803811996,1608032.49,145617741,2,0.0110428336475842,1.13784036974194e-06
D4D2E1C06944A9D89BF42D277B9FA290B4D68A873FB82943562B733E4FDD2FB9,BF6357AF349AD32862EE1D8AE057A1E7468A88E9A6E3BAA0FAD716ABBA263F23,treat_2017,2399,0.000219779260909068,10814,145617741,2,7.42629292676639e-05,1.63214517073896e-08
D5E781A11CA2A2FAE4A0408228F99A7682E9401A0D27A8C838362107C97E1373,381129D2BACBFFE88AA47CF43AAB8B0205C90F8E3B8F55424F7421B3BB765AE7,treat_2017,2014,3.70529576586508e-06,60617.37,41793816,2,0.00145039089036522,5.37412722491952e-09
D6087F6F564F9EB41A21C09C34F0F42832CCF196F8F173AAD398683A64316F4A,3BE59C35E1BFCEE14744A27D1026D2E8F5690AEFBA6276A6EFADA053A2D4F534,treat_2017,3511,0.000444514994669268,222018344.86,5889737867,2,0.0376957939170708,1.67563456321005e-05
D6087F6F564F9EB41A21C09C34F0F42832CCF196F8F173AAD398683A64316F4A,4C4AFA11F7CFB164582811756F70B0C08F76AA402E3112B966D24AEC0EF417AD,treat_2017,2059,2.17442134768675e-05,4199850.72,5889737867,2,0.000713079395864393,1.55053506096311e-08
D6087F6F564F9EB41A21C09C34F0F42832CCF196F8F173AAD398683A64316F4A,A2D0C13790C3E409C825E25214303B2E0AB0A1071E3E1997C5F73FCE2D5E2BDC,treat_2017,1105,1.03465140882384e-05,1570.75,5889737867,2,2.66692684032826e-07,2.75933961257574e-12
D6087F6F564F9EB41A21C09C34F0F42832CCF196F8F173AAD398683A64316F4A,D4D2E1C06944A9D89BF42D277B9FA290B4D68A873FB82943562B733E4FDD2FB9,treat_2017,4211,9.64854962281004e-06,4952437.11,5889737867,2,0.000840858663294395,8.11306653856569e-09
D6087F6F564F9EB41A21C09C34F0F42832CCF196F8F173AAD398683A64316F4A,EE1CC683DC430F9FD34068CC8A9EB02D8B711844ECEB463B526854EAFD885B6D,treat_2017,1712,0.000660784137594262,1030000,5889737867,2,0.000174880448546115,1.15558226374642e-07
D82FCA5EB77F34BBE9ECE5724738742F9A62D9FF275E1F76824004CA3EAE2729,2EDB84F873D1720009F7FE2B6EBFA04329C6829EDFD154525B24987A3D52E2AD,treat_2017,4673,6.28853635044987e-05,7170290.65,130917742,2,0.0547694341535466,3.44419577568148e-06
D82FCA5EB77F34BBE9ECE5724738742F9A62D9FF275E1F76824004CA3EAE2729,5F38654B8D559290F7091D877D2F5AB22BBD287F5C18610884DFAD6648159F90,treat_2017,2314,5.23250289657866e-05,643744.33,130917742,2,0.00491716646014258,2.57290877456555e-07
D82FCA5EB77F34BBE9ECE5724738742F9A62D9FF275E1F76824004CA3EAE2729,67863B92FB29A53B4F85034E41DF069DCCE2E96E963396F391424D73021DCAC2,treat_2017,2365,0.000208018857469999,1849793.26,130917742,2,0.0141294314410036,2.93918818505825e-06
D82FCA5EB77F34BBE9ECE5724738742F9A62D9FF275E1F76824004CA3EAE2729,9B58D91F2650AA76B89F0FCA24FF50AB03C33846204ED09B503795F9D0452E40,treat_2017,2332,0.00436304600602665,446.02,130917742,2,3.40687208002717e-06,1.48643396218062e-08
D82FCA5EB77F34BBE9ECE5724738742F9A62D9FF275E1F76824004CA3EAE2729,B8FDF1A99C14812F711B9B01A2C27EC7B85C6A71A20AB98121F00747A42E5B58,treat_2017,2351,0.000103038803811996,3421856.04,130917742,2,0.0261374507971578,2.69317166483404e-06
D8643539F683D2919709F169EBE155338BB5D14E51480C64FD6D4B47D8F6C55B,1C6EC1F8E25B016DB87AC7C6CDC9FD74E36F38CFD1673CB9480E1F9ED238F425,treat_2017,1920,8.80218638642514e-06,355596.75,22169557,2,0.0160398671926552,1.41185900643257e-07
D8A676D0FF327303C5AC7008A1874119AE5C02F43E14F0C1FC7DBBC753A89D1E,7BD8DA430EC6A64C5278A5087EDDDCFD54EE849C1B904B1F1BFF9FE3FB8E5553,treat_2017,2014,2.02112860527006e-06,183001.02,290195805,2,0.000630612217154552,1.27454839092384e-09
DAC48FEFA113C740688511AC63F0914604FEB4CBBCD38EB85E041F905BDC6F23,B8FDF1A99C14812F711B9B01A2C27EC7B85C6A71A20AB98121F00747A42E5B58,treat_2017,2351,0.000103038803811996,1647965.79,95031885,2,0.0173411880654582,1.78681527494368e-06
DCF3F0DD9DF652FC8B064F143BE61B6316597A64B4E743D24B0030BAF9B79803,2A70DBCD110EDD6E2E83D454D79E47D9BA81845955CFE8E1E03BF1D0EA7BCBC5,treat_2017,2014,3.90209640781755e-05,1384944.26,2342826466,2,0.000591142485411892,2.30669496883408e-08
DE40FEA4B0BFA8A8039C3D0FCA662F3E2B961F57253C2FDEB7ACE1161B7487A1,6AA8E4141A63E20F297FD4A50D200299ABED45FB3AEB28BC62C3D7D60C2E7642,treat_2017,5223,1.6367246385248e-05,442467.16,8174733,2,0.0541261910327836,8.8589670452857e-07
DF7BBA40BFE558C6594E55BBBCF3EC01A70ED7E236ADAA257F12A36B78A822AA,1061796C42F184760E3BAF45DC443875C42284348C2B209B70F02ED964EDAC7E,treat_2017,2012,0.00016263646894484,64731.25,116905248,2,0.000553706964464076,9.00529455306033e-08
E1019666BEA475F2CE7AEC6F30CABB5308A706C31F287FBC71361C8241DCDF19,A0B44CF8258D0A44D27D379D0CD4B5D173FC1457A2B18D84A999423522AED2D2,treat_2017,4322,3.52989529924418e-05,54108.78,741801977,2,7.29423507589277e-05,2.57478861059759e-09
E1019666BEA475F2CE7AEC6F30CABB5308A706C31F287FBC71361C8241DCDF19,BD82BA2061C72EB2FDFC34AD831B7A0E33C57B6587E1D690B5308EB60182A371,treat_2017,4211,1.04491078317667e-05,35281,741801977,2,4.75612105304486e-05,4.96972217442016e-10
E13616454E4BF3380DD212D13614225515EF33F6F9CFECA55E3C83D914B311D0,233C29FA2E67D9E99661CF7ABDF39D6AC6BAEC0D61A8BF7ACA5B2A341DB24E7D,treat_2017,2352,0.00126345506798275,81466.14,461304886,2,0.000176599343454602,2.23125335490143e-07
E13616454E4BF3380DD212D13614225515EF33F6F9CFECA55E3C83D914B311D0,3681204F7810467B3431212FC23F07FEB4DC809C1A445CC9BF393FFD63CAB006,treat_2017,4676,7.77079476005881e-06,4400,461304886,2,9.53816040873237e-06,7.41190869247779e-11
E13616454E4BF3380DD212D13614225515EF33F6F9CFECA55E3C83D914B311D0,3E3B4F46B106CE29E3C1F78D77C75FCF3439DB1A69C12E86777870BA2FF96AFE,treat_2017,2014,0.000268313861904909,26894.1,461304886,2,5.83000545110203e-05,1.56427127751186e-08
E13616454E4BF3380DD212D13614225515EF33F6F9CFECA55E3C83D914B311D0,7A01DDE298CB1AB8AAB6B60D8755E5997F415CEF475BD9887E027BDBD80E1B41,treat_2017,2015,0.000568587529549804,45125442.72,461304886,2,0.0978212979950965,5.56199701643871e-05
E14B333E63B5525E292C27BD674CC465CFBEF8BC5ECBC8532E54CEAC6E89FB40,81A56728305B23CED4271E85C1C3CCF6F2680AF5231CABD61B3434FC40D6896D,treat_2017,4211,4.09771610086498e-05,680.49,11997817,2,5.6717817916376e-05,2.32413515681862e-09
E20989B41448E29218B68D9BA763CE8082FF6FF4B9D8B813E2C453F9A117DA63,1FF4BE36DA23ED1089F771723A6F25ACE00CFA2E444FBEB5B9881B54FB91D596,treat_2017,1051,6.27713380370904e-05,547783.58,205780220,2,0.00266198364449217,1.67096275197624e-07
E20989B41448E29218B68D9BA763CE8082FF6FF4B9D8B813E2C453F9A117DA63,32424075741922469453FAD31C3E5A3FC8FB96E6E14ACF83BA40B2F0B4770F80,treat_2017,1107,2.17596979039937e-05,3788472.85,205780220,2,0.0184102867126879,4.00602277193999e-07
E226414FE7AEDCA3ED6AE8C253A524C2A6477FFCB93D320BB29F88459BA7680E,233C29FA2E67D9E99661CF7ABDF39D6AC6BAEC0D61A8BF7ACA5B2A341DB24E7D,treat_2017,2352,0.00126345506798275,1413.19,13898273,1,0.000101680978636698,1.28469347775982e-07
E282B7153619085A768EACA37CD5EDF8E4859AB6B5D2BE62750FD4C54D5FDA30,1C6EC1F8E25B016DB87AC7C6CDC9FD74E36F38CFD1673CB9480E1F9ED238F425,treat_2017,1920,8.80218638642514e-06,3088262.3,141677875,2,0.0217977739996453,1.9186806955405e-07
E3A5A7B89C7A6E6DADA0DB86D1796A9F3190EBA6853B98B1A80ACEA6D3329A4A,1C6EC1F8E25B016DB87AC7C6CDC9FD74E36F38CFD1673CB9480E1F9ED238F425,treat_2017,1920,8.80218638642514e-06,13590.38,4179657805,2,3.25155326920358e-06,2.86207779209199e-11
E3A5A7B89C7A6E6DADA0DB86D1796A9F3190EBA6853B98B1A80ACEA6D3329A4A,233C29FA2E67D9E99661CF7ABDF39D6AC6BAEC0D61A8BF7ACA5B2A341DB24E7D,treat_2017,2352,0.00126345506798275,16469736.82,4179657805,2,0.00394045101019939,4.97858279897416e-06
E3A5A7B89C7A6E6DADA0DB86D1796A9F3190EBA6853B98B1A80ACEA6D3329A4A,A0B44CF8258D0A44D27D379D0CD4B5D173FC1457A2B18D84A999423522AED2D2,treat_2017,4322,3.52989529924418e-05,374542.31,4179657805,2,8.9610759414789e-05,3.16316598419965e-09
E3A5A7B89C7A6E6DADA0DB86D1796A9F3190EBA6853B98B1A80ACEA6D3329A4A,BD82BA2061C72EB2FDFC34AD831B7A0E33C57B6587E1D690B5308EB60182A371,treat_2017,4211,1.04491078317667e-05,172003.89,4179657805,2,4.11526249336098e-05,4.3000821549154e-10
E3A5A7B89C7A6E6DADA0DB86D1796A9F3190EBA6853B98B1A80ACEA6D3329A4A,DAEA45B1C32A96BEF3B14822D96C2FE56C613857921FE02B9603218C0CB7CEF2,treat_2017,2229,7.40870498332187e-05,348906.85,4179657805,2,8.34773721386026e-05,6.1845922295788e-09
E4104AB6EDEF24D89D330F0F87BFEA02856667139BB3FF783823835C3B43ABA4,DFE84999859FA7A6205AF0220585AD1C09A9628C9E358622CBCEA2E6DACBBBF1,treat_2017,2332,0.000395010468796854,5052.29,9053481,2,0.000558049439767974,2.20435370814569e-07
E45F7DFD2118AFAC61600B4EB9379275E0EECB7BE145B023366FDC90584C022D,50154C7B5E14CCEFC3EDBACF9AA6A051535C6A93E708805F4E988D33659168EB,treat_2017,1393,1.13343454860175e-06,24542,46148903,2,0.00053180029003073,6.0276082167726e-10
E45F7DFD2118AFAC61600B4EB9379275E0EECB7BE145B023366FDC90584C022D,9B58D91F2650AA76B89F0FCA24FF50AB03C33846204ED09B503795F9D0452E40,treat_2017,2332,0.00436304600602665,6445,46148903,2,0.000139656624123871,6.09328276098822e-07
E4DA9495707D565900C29277A0D9B92293A5FEEFE6E3D01C4A9EA386D93493B5,1699301EC2767FC1FF82337B41AE8E16B093A1C04259532BBCCFCBA1D82BA80F,treat_2017,2365,2.1864947544599e-05,25744.13,18692004,2,0.00137728036009408,3.01141628276635e-08
E4DA9495707D565900C29277A0D9B92293A5FEEFE6E3D01C4A9EA386D93493B5,2EDB84F873D1720009F7FE2B6EBFA04329C6829EDFD154525B24987A3D52E2AD,treat_2017,4673,6.28853635044987e-05,472.65,18692004,2,2.52862132920579e-05,1.59013271452335e-09
E4DA9495707D565900C29277A0D9B92293A5FEEFE6E3D01C4A9EA386D93493B5,DFE84999859FA7A6205AF0220585AD1C09A9628C9E358622CBCEA2E6DACBBBF1,treat_2017,2332,0.000395010468796854,52908.59,18692004,2,0.00283054668723589,1.11809557387643e-06
E59F3C68EBE515BF1D63F2F3849BF72F083EC1573D48A557002A09FCF8DD50A8,73A3EEB5CD4E1B296725C10E5AB5A22B0DF29AAB49322A5C0FBD71A1DAB3FB33,treat_2017,2020,0.000276322591100024,251752.08,138959915,2,0.00181168850024124,5.00610460652775e-07
E59F3C68EBE515BF1D63F2F3849BF72F083EC1573D48A557002A09FCF8DD50A8,7A01DDE298CB1AB8AAB6B60D8755E5997F415CEF475BD9887E027BDBD80E1B41,treat_2017,2015,0.000568587529549804,2834973.44,138959915,2,0.0204013757492583,1.15999678366881e-05
E59F3C68EBE515BF1D63F2F3849BF72F083EC1573D48A557002A09FCF8DD50A8,A2D0C13790C3E409C825E25214303B2E0AB0A1071E3E1997C5F73FCE2D5E2BDC,treat_2017,1105,1.03465140882384e-05,3675.94,138959915,2,2.64532401304362e-05,2.73698821689111e-10
E5ABBAFE31944B33EB97FA66732B5A526F09B5C9B1CF3181F3361151C0AA9EB7,1E9AFCCFC2BEB1136C929DD46B6D15743F76A4DE734C2977D9C9BE1F6C01766D,treat_2017,2016,0.000357974396666644,877.71,620943116,2,1.41351112104124e-06,5.06000790736329e-10
E5ABBAFE31944B33EB97FA66732B5A526F09B5C9B1CF3181F3361151C0AA9EB7,7C0333AE08168E97C1DD68D98B8051A5C5C90D18245B4988A49F08062BC40274,treat_2017,2014,0.000236105080801893,267.83,620943116,2,4.31327754666661e-07,1.01838674367671e-10
E5ABBAFE31944B33EB97FA66732B5A526F09B5C9B1CF3181F3361151C0AA9EB7,A20718A1C5EDE23DDA5E6320129C83E1683DE48F1D318858856BE325EEE823C1,treat_2017,4211,5.55692076673613e-05,40893.96,620943116,2,6.58578200583514e-05,3.65966687934224e-09
E5ABBAFE31944B33EB97FA66732B5A526F09B5C9B1CF3181F3361151C0AA9EB7,A512DF3BB83AF6EBB5CFF6FEF571D96148076CE0E2096AF1444FAC25D26D03D9,treat_2017,2011,0.00037527158860494,273972671.24,620943116,2,0.441220240921392,0.000165577420735225
E60640E4E30204E117A3D7F608E7D4BC258F80680C12AD053D01E119BF8DF4FB,82AD7E022AA1035FA624569E4235B7E60665602F69F48D196D6E577AB3B2F821,treat_2017,1105,3.55285119461142e-05,269844.91,21309674,2,0.0126630238454141,4.49898393965723e-07
E6289884E881942C19A71BC2EDAED0E9F0595C023DEF04A68E4276AE10BBFBA0,381129D2BACBFFE88AA47CF43AAB8B0205C90F8E3B8F55424F7421B3BB765AE7,treat_2017,2014,3.70529576586508e-06,18255,34725224,2,0.000525698552729278,1.9478686215492e-09
E6FBC32059211E85E235011A5E8D4C5A37E54E298B13DE19262EF86E270E53FC,81A56728305B23CED4271E85C1C3CCF6F2680AF5231CABD61B3434FC40D6896D,treat_2017,4211,4.09771610086498e-05,8703.44,324715979,2,2.68032390238486e-05,1.09832064103357e-09
E6FBC32059211E85E235011A5E8D4C5A37E54E298B13DE19262EF86E270E53FC,B8FDF1A99C14812F711B9B01A2C27EC7B85C6A71A20AB98121F00747A42E5B58,treat_2017,2351,0.000103038803811996,464824.22,324715979,2,0.00143147935445456,1.47497920364566e-07
E73499FBECC0CB6673265DCBB14DB6C443A7EF3C84F99944FBE276F01196804E,3EE54F1625227C67E1ED1E8AADCB8DB7E0EAC784F6B11595A589E00465C4C22D,treat_2017,1393,6.44909989307547e-05,191952.73,18284047,2,0.0104983721601678,6.77050507756048e-07
E756DA3539314D7A352B7168CCF7F909AF47C1218C9F1A619A21BA07BFD46604,3681204F7810467B3431212FC23F07FEB4DC809C1A445CC9BF393FFD63CAB006,treat_2017,4676,7.77079476005881e-06,4336950.46,34494081,2,0.125730279928316,9.77024200447684e-07
E7F48EF6CB59713731105934A3108E79B4D5F10B0881B1DD25A44D8C09A3B3DC,9B43410201CE09CB26C572270E1B2418216ACA95142E50069DE00EC17DD07189,treat_2017,2444,6.12364052478015e-08,4560909.6,28432003,2,0.160414642612411,9.82321606269485e-09
E7FC48CB1FB093AFEC490CB8E5551CD881007D0E7BF6DA944B4DC4B2A5944804,A0B44CF8258D0A44D27D379D0CD4B5D173FC1457A2B18D84A999423522AED2D2,treat_2017,4322,3.52989529924418e-05,24677.52,543365542,2,4.54160562135904e-05,1.60313923338562e-09
E9178E845B09F89939C8E5085FC0C2821B3251D7F65EB128CA34132B682F5423,233C29FA2E67D9E99661CF7ABDF39D6AC6BAEC0D61A8BF7ACA5B2A341DB24E7D,treat_2017,2352,0.00126345506798275,188953.33,771109531,2,0.000245040843620438,3.0959809573501e-07
E9178E845B09F89939C8E5085FC0C2821B3251D7F65EB128CA34132B682F5423,A0B44CF8258D0A44D27D379D0CD4B5D173FC1457A2B18D84A999423522AED2D2,treat_2017,4322,3.52989529924418e-05,678167.41,771109531,2,0.000879469624918953,3.10443569482946e-08
E9178E845B09F89939C8E5085FC0C2821B3251D7F65EB128CA34132B682F5423,BD82BA2061C72EB2FDFC34AD831B7A0E33C57B6587E1D690B5308EB60182A371,treat_2017,4211,1.04491078317667e-05,181292.07,771109531,2,0.0002351054716765,2.45664242538612e-09
E93C5AECD58329429254F9B58AD23C4A3517C57CDACB8DD2DECD73EFB2ABEB04,2EDB84F873D1720009F7FE2B6EBFA04329C6829EDFD154525B24987A3D52E2AD,treat_2017,4673,6.28853635044987e-05,1278.75,71070533,2,1.79926890375228e-05,1.13147679054803e-09
E93C5AECD58329429254F9B58AD23C4A3517C57CDACB8DD2DECD73EFB2ABEB04,A20718A1C5EDE23DDA5E6320129C83E1683DE48F1D318858856BE325EEE823C1,treat_2017,4211,5.55692076673613e-05,33934.68,71070533,2,0.000477478901136143,2.65331242140178e-08
E93C5AECD58329429254F9B58AD23C4A3517C57CDACB8DD2DECD73EFB2ABEB04,B8FDF1A99C14812F711B9B01A2C27EC7B85C6A71A20AB98121F00747A42E5B58,treat_2017,2351,0.000103038803811996,189323.44,71070533,2,0.00266388096456235,2.7448310808605e-07
E960E6FEE8969FB7389229FEC9909A4AE8924C8D288A1D7C78D5252939037603,B666524E9047F405F465749B41E48DD48764F4A9F577F20F455F61BD44CB87FA,treat_2017,1031,0.000133432758883835,3323.99,862399726,2,3.8543495548374e-06,5.14296494804636e-10
EA1B2625F236F386C8047A4FF05EEFA589BC2737825902CB44BC003C61070512,DCF3F0DD9DF652FC8B064F143BE61B6316597A64B4E743D24B0030BAF9B79803,treat_2017,1062,6.15850136977239e-05,200154.24,374667311,2,0.000534218583056476,3.28998587551117e-08
EA62BCF134E689DA5F929CBB5EDA3D28D6AF064DECAA175DDF17EFAC382B8ABE,EA62BCF134E689DA5F929CBB5EDA3D28D6AF064DECAA175DDF17EFAC382B8ABE,treat_2017,1920,0.000312837955677638,3529009.76,744247927,2,0.00474171258255987,1.48338767073896e-06
EC16CF6E5DB30D5F72A23EE733C157F7D4468D1D2E6C57368EF319EF4E0E1194,381129D2BACBFFE88AA47CF43AAB8B0205C90F8E3B8F55424F7421B3BB765AE7,treat_2017,2014,3.70529576586508e-06,288786.66,286228845,2,0.00100893625867791,3.73840724730702e-09
ECF570450B05AFC2C4E9F4CC0C4BD4336C0ACBCFF4CC1953ACCA67D2133D7C1C,B8FDF1A99C14812F711B9B01A2C27EC7B85C6A71A20AB98121F00747A42E5B58,treat_2017,2351,0.000103038803811996,495041.4,53021918,2,0.00933654267278675,9.62026188743603e-07
EDD882111F78B7A2F97856D89A3CE0B69F47D22E439CE75BACA00216DED4F059,3E3B4F46B106CE29E3C1F78D77C75FCF3439DB1A69C12E86777870BA2FF96AFE,treat_2017,2014,0.000268313861904909,350,341622792,2,1.02452180649586e-06,2.74893402506699e-10
EDDFC65124756994667D25645FEAF7C299F0F2020BD0AF5797C30FB1C6970203,5B62B2ACB0C9D2FA749C81D43481D120BE7CE506A5EED1BE9279D42D776C7E46,treat_2017,1031,8.21480594396011e-05,22294308.85,56811138,2,0.392428485590273,3.22372385600624e-05
EFD73DAD6F8998209721807EF3E22D15847BC9046380DBEBCB4A10F5234013DA,1FF4BE36DA23ED1089F771723A6F25ACE00CFA2E444FBEB5B9881B54FB91D596,treat_2017,1051,6.27713380370904e-05,67857.86,51132297,2,0.00132710368947438,8.33040743022665e-08
EFD73DAD6F8998209721807EF3E22D15847BC9046380DBEBCB4A10F5234013DA,A1E9FE762ACC4DE886908DD38F550AAC93E153911553A0EE13701CA7E35CD778,treat_2017,1031,4.98470511558588e-05,7166.88,51132297,2,0.000140163466546398,6.98673548712082e-09
EFD73DAD6F8998209721807EF3E22D15847BC9046380DBEBCB4A10F5234013DA,A2D0C13790C3E409C825E25214303B2E0AB0A1071E3E1997C5F73FCE2D5E2BDC,treat_2017,1105,1.03465140882384e-05,2268.59,51132297,2,4.43670660834971e-05,4.59044474286707e-10
F13FD771AC8CC4A7E3399ED76B79B31E925D00F83A00941ADBCA043E167F0DA5,1FF4BE36DA23ED1089F771723A6F25ACE00CFA2E444FBEB5B9881B54FB91D596,treat_2017,1051,6.27713380370904e-05,407146.94,99095731,2,0.0041086223986783,2.57903725454197e-07
F13FD771AC8CC4A7E3399ED76B79B31E925D00F83A00941ADBCA043E167F0DA5,32424075741922469453FAD31C3E5A3FC8FB96E6E14ACF83BA40B2F0B4770F80,treat_2017,1107,2.17596979039937e-05,37578.58,99095731,2,0.00037921492299199,8.25160216499195e-09
F13FD771AC8CC4A7E3399ED76B79B31E925D00F83A00941ADBCA043E167F0DA5,EA1B2625F236F386C8047A4FF05EEFA589BC2737825902CB44BC003C61070512,treat_2017,1039,4.48878231599981e-05,91132.53,99095731,2,0.000919641331471686,4.12806974577262e-08
F30E60828DC1B328C8766A07FA03A81E0E21B5D3F5DA1768FE350E6B22B31B97,A20718A1C5EDE23DDA5E6320129C83E1683DE48F1D318858856BE325EEE823C1,treat_2017,4211,5.55692076673613e-05,173183,180907041,2,0.000957303812182744,5.31966143399396e-08
F30E60828DC1B328C8766A07FA03A81E0E21B5D3F5DA1768FE350E6B22B31B97,B8FDF1A99C14812F711B9B01A2C27EC7B85C6A71A20AB98121F00747A42E5B58,treat_2017,2351,0.000103038803811996,374296.4,180907041,2,0.00206899851952142,2.13187132540277e-07
F31267A358BD041181683AC6E42E8AA92ECD54A4C7B4988A4B347C94BAC3182D,81A56728305B23CED4271E85C1C3CCF6F2680AF5231CABD61B3434FC40D6896D,treat_2017,4211,4.09771610086498e-05,6516.82,148061378,2,4.40143141177573e-05,1.80358163628863e-09
F31267A358BD041181683AC6E42E8AA92ECD54A4C7B4988A4B347C94BAC3182D,B8FDF1A99C14812F711B9B01A2C27EC7B85C6A71A20AB98121F00747A42E5B58,treat_2017,2351,0.000103038803811996,2109579.78,148061378,2,0.014248008552237,1.46809775792559e-06
F31267A358BD041181683AC6E42E8AA92ECD54A4C7B4988A4B347C94BAC3182D,D7E5CDFAAACF0B7F90CD7FBB7F8126EB1255FF5547B0834A227723386F131B08,treat_2017,1393,0.000148685155751804,625,148061378,2,4.22122236360653e-06,6.27633104595835e-10
F423469286B33E2A706F1890A0329F97544CC9476DBCBA1C732039044D0A96D4,67863B92FB29A53B4F85034E41DF069DCCE2E96E963396F391424D73021DCAC2,treat_2017,2365,0.000208018857469999,941814.58,66923482,2,0.0140730062431599,2.92745067987029e-06
F4576F551E5A09D279A08BAE6C3E346DF47CCA14EEAD20D98D00662011730295,A20718A1C5EDE23DDA5E6320129C83E1683DE48F1D318858856BE325EEE823C1,treat_2017,4211,5.55692076673613e-05,2340691.31,16574155,2,0.141225378307371,7.84778237506395e-06
F528BEC475BD1E0F79259B2E943C62A8B2D1382032F6DDF19F90EDF27B4E278A,233C29FA2E67D9E99661CF7ABDF39D6AC6BAEC0D61A8BF7ACA5B2A341DB24E7D,treat_2017,2352,0.00126345506798275,372716.21,49718388,2,0.00749654654933704,9.47154973012848e-06
F576A24EB63EDC0294D91DBD1FFFA54E8E960AA6697AF4A67319257BEDDEAFAC,5B62B2ACB0C9D2FA749C81D43481D120BE7CE506A5EED1BE9279D42D776C7E46,treat_2017,1031,8.21480594396011e-05,108657.57,10584825,2,0.0102654101508528,8.43283523244137e-07
F60F13B484F5100A04E4E0255E144B4C07177F6B649624DD0B393B34FA525A97,6AA8E4141A63E20F297FD4A50D200299ABED45FB3AEB28BC62C3D7D60C2E7642,treat_2017,5223,1.6367246385248e-05,273818.96,109314881,2,0.00250486445665161,4.09977337236672e-08
F66881D2CBD8F79CF3F2AEBA32FCB1CBAFC69DADD89FC0EC2BABF34D5CE910AB,01F2B0B3F7BAD9F8285A6E56F94211AB7FA80D574E5FA1F74F9FF6DF342CC0BF,treat_2017,2399,0.000190039612128101,386.02,8496741,2,4.54315366326925e-05,8.63379160006049e-09
F66DA2500C4DF14CC40C77CC8DC9C43E103B59B4FA2FD549F42C9994DEE4C457,BEA704951F78F6206B131BE9FACD666E66E5939910623E8580ACB79F4696442C,treat_2017,4211,0.000136258727169874,213311.11,15619771,2,0.0136564812633937,1.86081475456926e-06
F67F71F147E1CB5AEFA4E81D4CF30FD406FD11D5180E30DE707A48959D8C18A2,3BE59C35E1BFCEE14744A27D1026D2E8F5690AEFBA6276A6EFADA053A2D4F534,treat_2017,3511,0.000444514994669268,600667.7,237063431,2,0.00253378472363374,1.12630530291912e-06
F6C7BB840DAE50A4AE58C554CA9689868BEE44FBCAAF7AFB16A5A990FE1111B3,B8FDF1A99C14812F711B9B01A2C27EC7B85C6A71A20AB98121F00747A42E5B58,treat_2017,2351,0.000103038803811996,4584720.08,62734059,2,0.0730818339046099,7.53026474591798e-06
F76920A30FE8F9AD1FFDF6E98056454FEE59BC810106FE71D08154DD62EEDCBD,3E3B4F46B106CE29E3C1F78D77C75FCF3439DB1A69C12E86777870BA2FF96AFE,treat_2017,2014,0.000268313861904909,2234.41,70577590,2,3.16589160950381e-05,8.49452604118315e-09
F7837270BB2F707B494CA668AEC3CF7970A1876EC3C3DE61BEDBDB75568E8C66,1061796C42F184760E3BAF45DC443875C42284348C2B209B70F02ED964EDAC7E,treat_2017,2012,0.00016263646894484,64268.24,86653600,2,0.000741668436164222,1.20622335585591e-07
F7837270BB2F707B494CA668AEC3CF7970A1876EC3C3DE61BEDBDB75568E8C66,381129D2BACBFFE88AA47CF43AAB8B0205C90F8E3B8F55424F7421B3BB765AE7,treat_2017,2014,3.70529576586508e-06,55312.5,86653600,2,0.000638317392468403,2.36515473159121e-09
F8F1FAA7804D5A5B8495B44A8586C93F19689545D2D96B5CBBB19221519EC076,1C6EC1F8E25B016DB87AC7C6CDC9FD74E36F38CFD1673CB9480E1F9ED238F425,treat_2017,1920,8.80218638642514e-06,85195005.04,8458859124,2,0.0100716897859523,8.86528907222062e-08
F8F1FAA7804D5A5B8495B44A8586C93F19689545D2D96B5CBBB19221519EC076,3681204F7810467B3431212FC23F07FEB4DC809C1A445CC9BF393FFD63CAB006,treat_2017,4676,7.77079476005881e-06,209909259.82,8458859124,2,0.0248153157231845,1.92834725390927e-07
F8F1FAA7804D5A5B8495B44A8586C93F19689545D2D96B5CBBB19221519EC076,381129D2BACBFFE88AA47CF43AAB8B0205C90F8E3B8F55424F7421B3BB765AE7,treat_2017,2014,3.70529576586508e-06,159538.38,8458859124,2,1.88605079788299e-05,6.98837603560229e-11
F8F1FAA7804D5A5B8495B44A8586C93F19689545D2D96B5CBBB19221519EC076,7A01DDE298CB1AB8AAB6B60D8755E5997F415CEF475BD9887E027BDBD80E1B41,treat_2017,2015,0.000568587529549804,22792.22,8458859124,2,2.69447920409651e-06,1.53204727408056e-09
F8F1FAA7804D5A5B8495B44A8586C93F19689545D2D96B5CBBB19221519EC076,A512DF3BB83AF6EBB5CFF6FEF571D96148076CE0E2096AF1444FAC25D26D03D9,treat_2017,2011,0.00037527158860494,11846284.72,8458859124,2,0.00140045892080044,5.25552443984741e-07
FAB184F2A66201BE023118AA56ABB6836C4D9A15CC8171A8338010D991AF8772,1C6EC1F8E25B016DB87AC7C6CDC9FD74E36F38CFD1673CB9480E1F9ED238F425,treat_2017,1920,8.80218638642514e-06,4338705.3,227710953,2,0.0190535643667523,1.67713024881902e-07
FB2B8908754934888CC757CC0F6EE2703BE855409C950BBC9F8E3217F1EFD3EF,D7E5CDFAAACF0B7F90CD7FBB7F8126EB1255FF5547B0834A227723386F131B08,treat_2017,1393,0.000148685155751804,19389.93,3431878,2,0.00564994734661314,8.40063301220666e-07
FB7B40D8617BEDA0633B3256A292C9756DCE108D706F6634F8566739346ED097,1FF4BE36DA23ED1089F771723A6F25ACE00CFA2E444FBEB5B9881B54FB91D596,treat_2017,1051,6.27713380370904e-05,992093.6,311028891,2,0.00318971526024571,2.00222694842949e-07
FDE7D14736FAF36C82A6CB07C0F0C13E0AD3D0052B788D8C0373C70775E73F16,DFE84999859FA7A6205AF0220585AD1C09A9628C9E358622CBCEA2E6DACBBBF1,treat_2017,2332,0.000395010468796854,19848.19,25911283,2,0.000766005681771914,3.02580263457777e-07
