buyer,seller_nace4d,top_supplier,omega_top,bot_supplier,omega_bot,omega_gap,int_nace4d_spend,sum_buyer_tc,n_yr,nace4d_input_share,version,treat_year,topQ_nace4dshare,topQ_omegagap
03C2F8EBEFFAC11E770D85E82485F76642EA0BF2914C018154D0A369C7BF7FAF,3511,3BE59C35E1BFCEE14744A27D1026D2E8F5690AEFBA6276A6EFADA053A2D4F534,0.000229158205560246,D6087F6F564F9EB41A21C09C34F0F42832CCF196F8F173AAD398683A64316F4A,0,0.000229158205560246,23467.0104980469,355623114,2,6.59884286881501e-05,treat_2008,2008,FALSE,TRUE
07397C569A6F3EE3D320F358AC14FDDA7968E82875635449E3BD95D1834FC0E5,2014,7BD8DA430EC6A64C5278A5087EDDDCFD54EE849C1B904B1F1BFF9FE3FB8E5553,8.25574858824201e-06,B3A20E2273DC7AE07DEB357A124E3CFE5365D910D94F11E9DC63BA451FE92EE3,0,8.25574858824201e-06,85653.5,13821056,2,0.00619731951017346,treat_2008,2008,FALSE,FALSE
083C42AB940BBCC0A3859BC45EFA25AD9C63D65F877E10CBE66F9633B7E83442,1051,E30B927536F61331175A68BC7A08D889C65901DBE6824FE8ED84680AF71FAB48,6.54164203332758e-06,24EC9B9D0111DCD6D335B5F1A858B1F4086C18CB005053FE84A5F27D5EA4B086,0,6.54164203332758e-06,4604096.65588379,1332687042,2,0.00345474707173133,treat_2008,2008,FALSE,FALSE
083C42AB940BBCC0A3859BC45EFA25AD9C63D65F877E10CBE66F9633B7E83442,1105,82AD7E022AA1035FA624569E4235B7E60665602F69F48D196D6E577AB3B2F821,3.86397618937294e-05,A2D0C13790C3E409C825E25214303B2E0AB0A1071E3E1997C5F73FCE2D5E2BDC,0,3.86397618937294e-05,9745163.06311035,1332687042,2,0.00731241676101654,treat_2008,2008,FALSE,FALSE
083C42AB940BBCC0A3859BC45EFA25AD9C63D65F877E10CBE66F9633B7E83442,1107,1CB37AB74478F9C217EFCFDA2843A640F506101BDE944EFD19E87241396C4A1C,3.1407618166918e-07,1AAEC2DDC440891E4E4268A5632FEA03CE73F0F3C2F86F4A98909BDBC21759EA,0,3.1407618166918e-07,16556048,1332687042,2,0.0124230576858869,treat_2008,2008,FALSE,FALSE
0AABE45F4FB603AEFF53DCD7E191AED36467BD28C51C0AAB83550B4DE8F2B90A,2351,1EB11C8C03D563589A1E83AF2856341DABF421EDF816A205EC6A0E9C90EACF10,3.82449630403523e-05,B8FDF1A99C14812F711B9B01A2C27EC7B85C6A71A20AB98121F00747A42E5B58,0,3.82449630403523e-05,2717289.50390625,36412644,2,0.0746248886487411,treat_2008,2008,TRUE,FALSE
0AFDA5600C5689E10A8202D92A4A682B1FB99F43FD7431989ABF246906DF5C24,3511,3BE59C35E1BFCEE14744A27D1026D2E8F5690AEFBA6276A6EFADA053A2D4F534,0.000229158205560246,D6087F6F564F9EB41A21C09C34F0F42832CCF196F8F173AAD398683A64316F4A,0,0.000229158205560246,19209.4702148438,27534843,2,0.000697642264197539,treat_2008,2008,FALSE,TRUE
0BD0608E5E6033E97E470697C372C4189D34F4AC0B807046123DBB9D8AB8824D,2014,7BD8DA430EC6A64C5278A5087EDDDCFD54EE849C1B904B1F1BFF9FE3FB8E5553,8.25574858824201e-06,F8F1FAA7804D5A5B8495B44A8586C93F19689545D2D96B5CBBB19221519EC076,0,8.25574858824201e-06,859914,48701838,2,0.0176567052767084,treat_2008,2008,FALSE,FALSE
0BFC34F8E6217EAAA681604AEF49E3C95AC309C23129FABBB0F6F54C0962553C,2014,7BD8DA430EC6A64C5278A5087EDDDCFD54EE849C1B904B1F1BFF9FE3FB8E5553,8.25574858824201e-06,F8F1FAA7804D5A5B8495B44A8586C93F19689545D2D96B5CBBB19221519EC076,0,8.25574858824201e-06,4598.80010986328,111674719,2,4.11803150349837e-05,treat_2008,2008,FALSE,FALSE
0C4C488CD190D5E697A30E727520F6467C086D4BD7C03772666F33D5B447E127,3030,06293F6EE72354A5EEC27E3925EA2F31420BC3BF0D984801512A4FB156358E10,5.37187733197032e-07,51B37CF91459AED30D24D0A9F3FB4DDBCCFF7BC54E9DA657DE461970AA337C3D,0,5.37187733197032e-07,168211,301019567,2,0.000558804205575115,treat_2008,2008,FALSE,FALSE
0D8E6484CB9716B07B6C77FDAD4D31811A9B3082E8A56ED31A4A3CE3BD08F828,2014,7BD8DA430EC6A64C5278A5087EDDDCFD54EE849C1B904B1F1BFF9FE3FB8E5553,8.25574858824201e-06,2A70DBCD110EDD6E2E83D454D79E47D9BA81845955CFE8E1E03BF1D0EA7BCBC5,0,8.25574858824201e-06,22557562.5284424,1396232606,2,0.0161560204449504,treat_2008,2008,FALSE,FALSE
0D8E6484CB9716B07B6C77FDAD4D31811A9B3082E8A56ED31A4A3CE3BD08F828,3511,3BE59C35E1BFCEE14744A27D1026D2E8F5690AEFBA6276A6EFADA053A2D4F534,0.000229158205560246,D6087F6F564F9EB41A21C09C34F0F42832CCF196F8F173AAD398683A64316F4A,0,0.000229158205560246,20044569.8125,1396232606,2,0.0143561822910903,treat_2008,2008,FALSE,TRUE
0DDB9AF83891A69613D1C08A28B90CBD44E7E5E58B56EC0085A8971935A577E0,1393,1CA094B752178A00D0DAB81D2B57AF833D16221A5E9AC38167100BC586216614,2.18514836381663e-08,3EE54F1625227C67E1ED1E8AADCB8DB7E0EAC784F6B11595A589E00465C4C22D,0,2.18514836381663e-08,318419.483886719,53485752,2,0.00595335153718543,treat_2008,2008,FALSE,FALSE
0E6E41DA993142E6DE05A8BAB736CDD2C61EFA0D04650E9F6C860FE4EA7242B8,3511,3BE59C35E1BFCEE14744A27D1026D2E8F5690AEFBA6276A6EFADA053A2D4F534,0.000229158205560246,D6087F6F564F9EB41A21C09C34F0F42832CCF196F8F173AAD398683A64316F4A,0,0.000229158205560246,7914.52990722656,405191087,2,1.95328331771191e-05,treat_2008,2008,FALSE,TRUE
0EDCE219327723D6AF92286B15C58BB65A813A671BDD77B0DBBE27949E5B0610,2014,AFCA27A1F1BB2F7C605C4B1753142D734EB685C1A44B33B33D43D3893BB18C10,3.93079763820856e-05,F8F1FAA7804D5A5B8495B44A8586C93F19689545D2D96B5CBBB19221519EC076,0,3.93079763820856e-05,56471566.53125,1937512680,2,0.0291464242346275,treat_2008,2008,TRUE,FALSE
1061796C42F184760E3BAF45DC443875C42284348C2B209B70F02ED964EDAC7E,3511,3BE59C35E1BFCEE14744A27D1026D2E8F5690AEFBA6276A6EFADA053A2D4F534,0.000229158205560246,D6087F6F564F9EB41A21C09C34F0F42832CCF196F8F173AAD398683A64316F4A,0,0.000229158205560246,11081524.640625,293523375,2,0.0377534655992048,treat_2008,2008,TRUE,TRUE
125EA6B782DCCA982F2692424AE91CBA74A6BC3DB2028CDF4B30877325B3BAF1,2014,7BD8DA430EC6A64C5278A5087EDDDCFD54EE849C1B904B1F1BFF9FE3FB8E5553,8.25574858824201e-06,0E6E41DA993142E6DE05A8BAB736CDD2C61EFA0D04650E9F6C860FE4EA7242B8,0,8.25574858824201e-06,349082249.980469,41450802549,2,0.00842160413101315,treat_2008,2008,FALSE,FALSE
19D0C27E90DE05558674786A9E5A3A6FA7E77A22D3A5BE19D32C9563E05F8B60,3511,3BE59C35E1BFCEE14744A27D1026D2E8F5690AEFBA6276A6EFADA053A2D4F534,0.000229158205560246,D6087F6F564F9EB41A21C09C34F0F42832CCF196F8F173AAD398683A64316F4A,0,0.000229158205560246,13221047.5699463,703602607,2,0.018790503955518,treat_2008,2008,FALSE,TRUE
1C11833165B677F52CD3D03CE1B06AA9CF752BF2B2B285095F8BAF82E7287C4E,2014,AFCA27A1F1BB2F7C605C4B1753142D734EB685C1A44B33B33D43D3893BB18C10,3.93079763820856e-05,68DC8BCF66B5C19AE14A0641B5976AED28CC1A1209CE9BAD3980A2C7AEB618D7,0,3.93079763820856e-05,2770407.21905518,158270849,2,0.0175042165791072,treat_2008,2008,FALSE,FALSE
1C6EC1F8E25B016DB87AC7C6CDC9FD74E36F38CFD1673CB9480E1F9ED238F425,2014,AFCA27A1F1BB2F7C605C4B1753142D734EB685C1A44B33B33D43D3893BB18C10,3.93079763820856e-05,0E6E41DA993142E6DE05A8BAB736CDD2C61EFA0D04650E9F6C860FE4EA7242B8,0,3.93079763820856e-05,473256060.47168,52854117165,2,0.0089540055885196,treat_2008,2008,FALSE,FALSE
1C6EC1F8E25B016DB87AC7C6CDC9FD74E36F38CFD1673CB9480E1F9ED238F425,3511,3BE59C35E1BFCEE14744A27D1026D2E8F5690AEFBA6276A6EFADA053A2D4F534,0.000229158205560246,D6087F6F564F9EB41A21C09C34F0F42832CCF196F8F173AAD398683A64316F4A,0,0.000229158205560246,141597695.858398,52854117165,2,0.002679028682219,treat_2008,2008,FALSE,TRUE
1CB37AB74478F9C217EFCFDA2843A640F506101BDE944EFD19E87241396C4A1C,3511,3BE59C35E1BFCEE14744A27D1026D2E8F5690AEFBA6276A6EFADA053A2D4F534,0.000229158205560246,D6087F6F564F9EB41A21C09C34F0F42832CCF196F8F173AAD398683A64316F4A,0,0.000229158205560246,3974304.41992187,1690672617,2,0.00235072383615821,treat_2008,2008,FALSE,TRUE
1DE6B567F3CBE927C0F65E41ACDDEBDEC239113598F9E4023791675633AF5C3F,2351,1EB11C8C03D563589A1E83AF2856341DABF421EDF816A205EC6A0E9C90EACF10,3.82449630403523e-05,B8FDF1A99C14812F711B9B01A2C27EC7B85C6A71A20AB98121F00747A42E5B58,0,3.82449630403523e-05,311917.21875,33894379,2,0.00920262379641179,treat_2008,2008,FALSE,FALSE
1DE6B567F3CBE927C0F65E41ACDDEBDEC239113598F9E4023791675633AF5C3F,4673,DFE84999859FA7A6205AF0220585AD1C09A9628C9E358622CBCEA2E6DACBBBF1,0.000142952612818147,79B63230F71E27B0B009FAEE092B4649C8CEF6C842DF1E9548C74ADA7F1A7DEB,0,0.000142952612818147,304937.248291016,33894379,2,0.00899669081681702,treat_2008,2008,FALSE,FALSE
1E1A82B4AF372BD8385AA46FE9E74ACC9677516019D082CB5AEE9ECF9A49CC5E,2014,7BD8DA430EC6A64C5278A5087EDDDCFD54EE849C1B904B1F1BFF9FE3FB8E5553,8.25574858824201e-06,CD862FFAF195F06877AE4815D81FDFFCB454147B4CAB0C53BD6FD33F3D619DF1,0,8.25574858824201e-06,1430823.10192871,481148212,2,0.00297376788740662,treat_2008,2008,FALSE,FALSE
1E44CC52285B69623C9CCB062BA9A78BAB4DD82BD18FFAC411FB7B652E5DB487,2014,AFCA27A1F1BB2F7C605C4B1753142D734EB685C1A44B33B33D43D3893BB18C10,3.93079763820856e-05,AA87309A737CBB71FCAA97B6666221C793EEB9AAA338E4C5DC338835324DBB38,0,3.93079763820856e-05,4704673.96142578,452462124,2,0.0103979398757934,treat_2008,2008,FALSE,FALSE
1EB11C8C03D563589A1E83AF2856341DABF421EDF816A205EC6A0E9C90EACF10,2351,1EB11C8C03D563589A1E83AF2856341DABF421EDF816A205EC6A0E9C90EACF10,3.82449630403523e-05,B8FDF1A99C14812F711B9B01A2C27EC7B85C6A71A20AB98121F00747A42E5B58,0,3.82449630403523e-05,10257348.5,342293441,2,0.0299665353505853,treat_2008,2008,TRUE,FALSE
1FF4BE36DA23ED1089F771723A6F25ACE00CFA2E444FBEB5B9881B54FB91D596,1031,1629E9233A9D8C0E17FE5852F17030A4B06A38832FCB56CFA37AFC6A42F63349,0.000131960772208984,A1E9FE762ACC4DE886908DD38F550AAC93E153911553A0EE13701CA7E35CD778,0,0.000131960772208984,9906.30004882813,708337034,2,1.3985291709071e-05,treat_2008,2008,FALSE,FALSE
1FF4BE36DA23ED1089F771723A6F25ACE00CFA2E444FBEB5B9881B54FB91D596,1051,E30B927536F61331175A68BC7A08D889C65901DBE6824FE8ED84680AF71FAB48,6.54164203332758e-06,1FF4BE36DA23ED1089F771723A6F25ACE00CFA2E444FBEB5B9881B54FB91D596,0,6.54164203332758e-06,2720930.54013062,708337034,2,0.00384129363498819,treat_2008,2008,FALSE,FALSE
2067DC776D1DEE682E338D5BDF2FAFF656A199BA8C65B700D0772CD9404A28CF,3511,3BE59C35E1BFCEE14744A27D1026D2E8F5690AEFBA6276A6EFADA053A2D4F534,0.000229158205560246,D6087F6F564F9EB41A21C09C34F0F42832CCF196F8F173AAD398683A64316F4A,0,0.000229158205560246,878584.698730469,510302429,2,0.00172169413430417,treat_2008,2008,FALSE,TRUE
2067DC776D1DEE682E338D5BDF2FAFF656A199BA8C65B700D0772CD9404A28CF,4211,52CC2CBF9E3CAAF0F57404F3B203CA71D00EDB7723E195AE8A8947ADA5C06C9A,0.000432901544261535,D4D2E1C06944A9D89BF42D277B9FA290B4D68A873FB82943562B733E4FDD2FB9,0,0.000432901544261535,20729.9502258301,510302429,2,4.06228719437079e-05,treat_2008,2008,FALSE,TRUE
2143DCDF48C485A5ED2D56CBEA8AED4B49D0BE62E07BC3509CE4E241A2213380,2351,1EB11C8C03D563589A1E83AF2856341DABF421EDF816A205EC6A0E9C90EACF10,3.82449630403523e-05,B8FDF1A99C14812F711B9B01A2C27EC7B85C6A71A20AB98121F00747A42E5B58,0,3.82449630403523e-05,302226.967773438,7492548,2,0.0403370078874953,treat_2008,2008,TRUE,FALSE
231728AE658DF5F67DE00CBD2B6F24F04EF33377DE281117BBA359DFB4CEA28C,1712,EE1CC683DC430F9FD34068CC8A9EB02D8B711844ECEB463B526854EAFD885B6D,7.97125244171911e-05,9F72F5EC2B91E6C8B9016E1CE52960C84D7C404F13131CBF0C0C1E05E418F250,0,7.97125244171911e-05,7674273.36914063,352844998,2,0.0217497014627954,treat_2008,2008,FALSE,FALSE
233C29FA2E67D9E99661CF7ABDF39D6AC6BAEC0D61A8BF7ACA5B2A341DB24E7D,2352,F528BEC475BD1E0F79259B2E943C62A8B2D1382032F6DDF19F90EDF27B4E278A,3.47441270450376e-05,13F626FCEEB1FD59AD5B43240916375573AC6AB3BA3E06035D546F6114C3CDD5,0,3.47441270450376e-05,1839756.01367188,203145230,2,0.00905635841743306,treat_2008,2008,FALSE,FALSE
233C29FA2E67D9E99661CF7ABDF39D6AC6BAEC0D61A8BF7ACA5B2A341DB24E7D,3511,3BE59C35E1BFCEE14744A27D1026D2E8F5690AEFBA6276A6EFADA053A2D4F534,0.000229158205560246,D6087F6F564F9EB41A21C09C34F0F42832CCF196F8F173AAD398683A64316F4A,0,0.000229158205560246,8872091.97851563,203145230,2,0.0436736416528984,treat_2008,2008,TRUE,TRUE
23471D8AF6182A3169E31B37360D193223E3008F721885E39CE6B91088310182,1320,7C45D5C36EEA033EE8C487408E9428CBEC67A338A6F94919C4AF35C8C8405829,3.84489142781168e-08,CF7DA54A2F5395AFC836CC1EAA35068820907CE5CD0E61F6C747FEB86128AFE2,0,3.84489142781168e-08,4283.15002441406,101262511,2,4.22974897829075e-05,treat_2008,2008,FALSE,FALSE
24EC9B9D0111DCD6D335B5F1A858B1F4086C18CB005053FE84A5F27D5EA4B086,1051,E30B927536F61331175A68BC7A08D889C65901DBE6824FE8ED84680AF71FAB48,6.54164203332758e-06,1A197756250775389BD4ECBD644856B19F0024EE36CFDF5AB1599882260983EE,0,6.54164203332758e-06,7706092.77929688,754767858,2,0.0102098846653548,treat_2008,2008,FALSE,FALSE
24EC9B9D0111DCD6D335B5F1A858B1F4086C18CB005053FE84A5F27D5EA4B086,3511,3BE59C35E1BFCEE14744A27D1026D2E8F5690AEFBA6276A6EFADA053A2D4F534,0.000229158205560246,D6087F6F564F9EB41A21C09C34F0F42832CCF196F8F173AAD398683A64316F4A,0,0.000229158205560246,9296701.328125,754767858,2,0.0123172989278579,treat_2008,2008,FALSE,TRUE
25CE8A50D359841FDD4DC7531B3562F57BB43B3ADBE436B67EB54FC4132C8DAB,4211,52CC2CBF9E3CAAF0F57404F3B203CA71D00EDB7723E195AE8A8947ADA5C06C9A,0.000432901544261535,87E5B03AE2F26F8B96AB3C88B2131DACA236CEB32040FDCDA46B83175621CD78,0,0.000432901544261535,179411.65222168,59357155,2,0.00302257836012659,treat_2008,2008,FALSE,TRUE
2610A04A7FF72DF68C8380733152E8CC08CA56FF7E43A6D7820C9BCA404A6BC8,1320,7C45D5C36EEA033EE8C487408E9428CBEC67A338A6F94919C4AF35C8C8405829,3.84489142781168e-08,CF7DA54A2F5395AFC836CC1EAA35068820907CE5CD0E61F6C747FEB86128AFE2,0,3.84489142781168e-08,1405280.91210938,11747789,2,0.119620884585974,treat_2008,2008,TRUE,FALSE
27BD6B403A6000BF78DBC9A09E4644A0F5B4CC32DA11FE82AD6E99FAF0DF44A5,2229,DAEA45B1C32A96BEF3B14822D96C2FE56C613857921FE02B9603218C0CB7CEF2,1.06124295585041e-06,E29DDAE66C4819F3635FFEDF2D15CF461305B17995BCFF4D1AC9E143F8CADE59,0,1.06124295585041e-06,19605.0400390625,1476238585,2,1.32804007687297e-05,treat_2008,2008,FALSE,FALSE
2933865DD9EA5D872D4DB5CE3EFA88841232CF514E5C7067BECE0A367B705212,2014,AFCA27A1F1BB2F7C605C4B1753142D734EB685C1A44B33B33D43D3893BB18C10,3.93079763820856e-05,3E3B4F46B106CE29E3C1F78D77C75FCF3439DB1A69C12E86777870BA2FF96AFE,0,3.93079763820856e-05,814218.22265625,131163232,2,0.00620767123713641,treat_2008,2008,FALSE,FALSE
29ED4EDA06C6CA3EB237686CBD7B620DD2B42A15418C3B14A3D1346BFC9A43EF,4673,DFE84999859FA7A6205AF0220585AD1C09A9628C9E358622CBCEA2E6DACBBBF1,0.000142952612818147,79B63230F71E27B0B009FAEE092B4649C8CEF6C842DF1E9548C74ADA7F1A7DEB,0,0.000142952612818147,563400.854858399,24075721,2,0.0234012038459159,treat_2008,2008,TRUE,FALSE
2DEA0A85019750F6DE07A74AD80829C0FF1923D16B120445436C744CFE479443,3511,3BE59C35E1BFCEE14744A27D1026D2E8F5690AEFBA6276A6EFADA053A2D4F534,0.000229158205560246,D6087F6F564F9EB41A21C09C34F0F42832CCF196F8F173AAD398683A64316F4A,0,0.000229158205560246,1010007.859375,331596665,1,0.00304589269429172,treat_2008,2008,FALSE,TRUE
2EA5AB1710B2C07A0559C4D607230AEE3A896C7A33156792015D2C79268E4D7A,1051,E30B927536F61331175A68BC7A08D889C65901DBE6824FE8ED84680AF71FAB48,6.54164203332758e-06,1FF4BE36DA23ED1089F771723A6F25ACE00CFA2E444FBEB5B9881B54FB91D596,0,6.54164203332758e-06,14952274.7929688,259557615,2,0.0576067660082666,treat_2008,2008,TRUE,FALSE
32424075741922469453FAD31C3E5A3FC8FB96E6E14ACF83BA40B2F0B4770F80,2229,DAEA45B1C32A96BEF3B14822D96C2FE56C613857921FE02B9603218C0CB7CEF2,1.06124295585041e-06,E29DDAE66C4819F3635FFEDF2D15CF461305B17995BCFF4D1AC9E143F8CADE59,0,1.06124295585041e-06,783932.059997559,373769872,2,0.0020973655682916,treat_2008,2008,FALSE,FALSE
381129D2BACBFFE88AA47CF43AAB8B0205C90F8E3B8F55424F7421B3BB765AE7,2014,AFCA27A1F1BB2F7C605C4B1753142D734EB685C1A44B33B33D43D3893BB18C10,3.93079763820856e-05,61CE1E059D5C7F1EFB93A2EBFCF5C1706E402C91F3EC2954C003784C58232EDD,0,3.93079763820856e-05,634047.473999024,401463227,2,0.00157934134774198,treat_2008,2008,FALSE,FALSE
3A03EF07D82B182A1644571A8F7DD0169ABFDAFFE08229F4B374E108DF0EFE30,1051,E30B927536F61331175A68BC7A08D889C65901DBE6824FE8ED84680AF71FAB48,6.54164203332758e-06,24EC9B9D0111DCD6D335B5F1A858B1F4086C18CB005053FE84A5F27D5EA4B086,0,6.54164203332758e-06,6977924.5859375,612596398,2,0.0113907372108602,treat_2008,2008,FALSE,FALSE
3BE59C35E1BFCEE14744A27D1026D2E8F5690AEFBA6276A6EFADA053A2D4F534,1712,EE1CC683DC430F9FD34068CC8A9EB02D8B711844ECEB463B526854EAFD885B6D,7.97125244171911e-05,9F72F5EC2B91E6C8B9016E1CE52960C84D7C404F13131CBF0C0C1E05E418F250,0,7.97125244171911e-05,8535808.29394531,44552718394,2,0.000191588944550123,treat_2008,2008,FALSE,FALSE
3BE59C35E1BFCEE14744A27D1026D2E8F5690AEFBA6276A6EFADA053A2D4F534,2014,CC65917C7CF2644290617174C31B7E8C05CA4EEDE602B3AA5F2FD2587CA1468C,0.000148570594989111,AA87309A737CBB71FCAA97B6666221C793EEB9AAA338E4C5DC338835324DBB38,0,0.000148570594989111,9567822.30957031,44552718394,2,0.000214752828883699,treat_2008,2008,FALSE,FALSE
3C2FF786CB14EE5DD5BBB4F942014CDBFD831EA6F74B20DE240BE1963FCE60A5,2351,1EB11C8C03D563589A1E83AF2856341DABF421EDF816A205EC6A0E9C90EACF10,3.82449630403523e-05,B8FDF1A99C14812F711B9B01A2C27EC7B85C6A71A20AB98121F00747A42E5B58,0,3.82449630403523e-05,1379771.50537109,25136277,2,0.0548916414857735,treat_2008,2008,TRUE,FALSE
3C2FF786CB14EE5DD5BBB4F942014CDBFD831EA6F74B20DE240BE1963FCE60A5,4673,DFE84999859FA7A6205AF0220585AD1C09A9628C9E358622CBCEA2E6DACBBBF1,0.000142952612818147,79B63230F71E27B0B009FAEE092B4649C8CEF6C842DF1E9548C74ADA7F1A7DEB,0,0.000142952612818147,1685977.584198,25136277,2,0.0670734804600537,treat_2008,2008,TRUE,FALSE
3D49588D1918DFA4568937AEB2822B4167C073A07CB931AAE68628147C44CAE7,2351,1EB11C8C03D563589A1E83AF2856341DABF421EDF816A205EC6A0E9C90EACF10,3.82449630403523e-05,B8FDF1A99C14812F711B9B01A2C27EC7B85C6A71A20AB98121F00747A42E5B58,0,3.82449630403523e-05,6271384.15625,101090641,2,0.0620372380095008,treat_2008,2008,TRUE,FALSE
3DB248094F805E65C4283A5FC5C1A05F1871485D001DB5C92F7E03CD31FDE4BF,2314,5F38654B8D559290F7091D877D2F5AB22BBD287F5C18610884DFAD6648159F90,1.93483990171189e-05,257FDDCB07D4D7028707E9708179CBE6D1755E141E9238923EDD7D452E929734,0,1.93483990171189e-05,115561.882080078,118232726,2,0.000977410282158919,treat_2008,2008,FALSE,FALSE
3DB248094F805E65C4283A5FC5C1A05F1871485D001DB5C92F7E03CD31FDE4BF,4673,DFE84999859FA7A6205AF0220585AD1C09A9628C9E358622CBCEA2E6DACBBBF1,0.000142952612818147,79B63230F71E27B0B009FAEE092B4649C8CEF6C842DF1E9548C74ADA7F1A7DEB,0,0.000142952612818147,14011249.783905,118232726,2,0.118505681615639,treat_2008,2008,TRUE,FALSE
3E7EC3F44CC6C0E77C3870BA9BCC07AC0F1C1E579735E0C3C42869F9786AE9D6,1393,1CA094B752178A00D0DAB81D2B57AF833D16221A5E9AC38167100BC586216614,2.18514836381663e-08,3EE54F1625227C67E1ED1E8AADCB8DB7E0EAC784F6B11595A589E00465C4C22D,0,2.18514836381663e-08,42110.7105712891,16328555,2,0.00257896124741528,treat_2008,2008,FALSE,FALSE
4356F4371918FF48677CBB0AAB6CE5008DCB4777B1C38E7C8312F85C5B0BB282,2352,F528BEC475BD1E0F79259B2E943C62A8B2D1382032F6DDF19F90EDF27B4E278A,3.47441270450376e-05,233C29FA2E67D9E99661CF7ABDF39D6AC6BAEC0D61A8BF7ACA5B2A341DB24E7D,0,3.47441270450376e-05,65100096.1638184,128627546,2,0.50611317861742,treat_2008,2008,TRUE,FALSE
463E5CEFB73FAC0CF0C59FBF27DA421A50889167A31F6A0BDEF3564440AE9E91,4211,52CC2CBF9E3CAAF0F57404F3B203CA71D00EDB7723E195AE8A8947ADA5C06C9A,0.000432901544261535,E14B333E63B5525E292C27BD674CC465CFBEF8BC5ECBC8532E54CEAC6E89FB40,0,0.000432901544261535,4051557.26074219,175766983,2,0.023050729958437,treat_2008,2008,TRUE,TRUE
494441FB26A91DD14C6FB7489525F45A99D4C9B06693ECA2491D88899BD6C561,3511,3BE59C35E1BFCEE14744A27D1026D2E8F5690AEFBA6276A6EFADA053A2D4F534,0.000229158205560246,D6087F6F564F9EB41A21C09C34F0F42832CCF196F8F173AAD398683A64316F4A,0,0.000229158205560246,4445794.875,453607648,2,0.00980096983505886,treat_2008,2008,FALSE,TRUE
4A8A8E4BA992585257373408652BE44B064AEC522E711A3BAAF2C11B601C1D95,4673,DFE84999859FA7A6205AF0220585AD1C09A9628C9E358622CBCEA2E6DACBBBF1,0.000142952612818147,79B63230F71E27B0B009FAEE092B4649C8CEF6C842DF1E9548C74ADA7F1A7DEB,0,0.000142952612818147,2616974.6628418,34705115,2,0.0754060219319774,treat_2008,2008,TRUE,FALSE
4AD058558FB153865A70374ECD65BF73C81C8F32472F2584D475EBA4F49442F0,2351,1EB11C8C03D563589A1E83AF2856341DABF421EDF816A205EC6A0E9C90EACF10,3.82449630403523e-05,E6FBC32059211E85E235011A5E8D4C5A37E54E298B13DE19262EF86E270E53FC,0,3.82449630403523e-05,732299.902709961,38868532,2,0.0188404311927695,treat_2008,2008,FALSE,FALSE
4AD058558FB153865A70374ECD65BF73C81C8F32472F2584D475EBA4F49442F0,4673,DFE84999859FA7A6205AF0220585AD1C09A9628C9E358622CBCEA2E6DACBBBF1,0.000142952612818147,79B63230F71E27B0B009FAEE092B4649C8CEF6C842DF1E9548C74ADA7F1A7DEB,0,0.000142952612818147,6979787.08032227,38868532,2,0.179574239652845,treat_2008,2008,TRUE,FALSE
4C4AFA11F7CFB164582811756F70B0C08F76AA402E3112B966D24AEC0EF417AD,2229,DAEA45B1C32A96BEF3B14822D96C2FE56C613857921FE02B9603218C0CB7CEF2,1.06124295585041e-06,56A2D136574C428EC55A000EA3F6A0F4159C84A98985137D20F9F958B4BF63C1,0,1.06124295585041e-06,80170.0162353516,2245448323,2,3.57033450354544e-05,treat_2008,2008,FALSE,FALSE
4CE683198D1988956A9467C38F7C31A77267B4563430CEF1229B83E2C35DCB2E,3511,3BE59C35E1BFCEE14744A27D1026D2E8F5690AEFBA6276A6EFADA053A2D4F534,0.000229158205560246,D6087F6F564F9EB41A21C09C34F0F42832CCF196F8F173AAD398683A64316F4A,0,0.000229158205560246,8613609.90625,477278994,2,0.01804732664654,treat_2008,2008,FALSE,TRUE
4CE986E3C17025E534F129CF9762E7FCBB21BEF1D57CBC96C809546A86C643FF,1107,1CB37AB74478F9C217EFCFDA2843A640F506101BDE944EFD19E87241396C4A1C,3.1407618166918e-07,1AAEC2DDC440891E4E4268A5632FEA03CE73F0F3C2F86F4A98909BDBC21759EA,0,3.1407618166918e-07,25734.6499023438,105525058,2,0.000243872407085943,treat_2008,2008,FALSE,FALSE
4F041995909348A972258A49F0EA4DD0F1AEE47DA660396688699BE3C5B383F6,2351,1EB11C8C03D563589A1E83AF2856341DABF421EDF816A205EC6A0E9C90EACF10,3.82449630403523e-05,E6FBC32059211E85E235011A5E8D4C5A37E54E298B13DE19262EF86E270E53FC,0,3.82449630403523e-05,5209,1213686615,2,4.29188221705815e-06,treat_2008,2008,FALSE,FALSE
52B1C2E21C26CA36EBDBE57AD04719B3655CAA2C95F9A8BBD9501644C81735FB,1041,93E844FE1AC70363ACC25C875A81A3C2EE7ED2364EA24705F5D877FBB5C4CEE8,2.89286490879049e-06,D8A676D0FF327303C5AC7008A1874119AE5C02F43E14F0C1FC7DBBC753A89D1E,0,2.89286490879049e-06,2834244.421875,398239894,2,0.00711692742132711,treat_2008,2008,FALSE,FALSE
53401140978EF2A6EBC4A8AFEDF11D155ECB6B0B57D08C0C36B5973DC3D6C615,2120,8E3D3FC7191560A9E4D5B211FC45FE512AA082410BBB6BCCBDAA72758D07EDDA,1.44762901319485e-06,8AAE986819CEAEE2C7B6BA8C06577110220ADF9EBD9553DF0CB6A8323601F0F0,0,1.44762901319485e-06,526899.739746094,208536645,2,0.00252665300022494,treat_2008,2008,FALSE,FALSE
539DFF8A5B778AB035491D14825C7B39DA46F67FAB72F13B77AEF41EB8525850,1105,82AD7E022AA1035FA624569E4235B7E60665602F69F48D196D6E577AB3B2F821,3.86397618937294e-05,A2D0C13790C3E409C825E25214303B2E0AB0A1071E3E1997C5F73FCE2D5E2BDC,0,3.86397618937294e-05,1719402.96875,100144654,2,0.0171691937619556,treat_2008,2008,FALSE,FALSE
5BAFFDA135AFD0B803F11E4D0F49D0D307B62414D2A1FAB160B1925D68153871,3511,3BE59C35E1BFCEE14744A27D1026D2E8F5690AEFBA6276A6EFADA053A2D4F534,0.000229158205560246,D6087F6F564F9EB41A21C09C34F0F42832CCF196F8F173AAD398683A64316F4A,0,0.000229158205560246,9543292.14001465,2170971582,2,0.00439586230383676,treat_2008,2008,FALSE,TRUE
5BC24025562E735BAE985E7C2E9424522DFBA7C4B6F1E95D0A245813A04B7771,2229,DAEA45B1C32A96BEF3B14822D96C2FE56C613857921FE02B9603218C0CB7CEF2,1.06124295585041e-06,A867D7F1BC4AB6DD60078ED60C319E413BC789870B5BF7E1BEF246C6D203F512,0,1.06124295585041e-06,2632.55004882813,355623251,2,7.40263759871012e-06,treat_2008,2008,FALSE,FALSE
5E365AF261C89FEEABD6BEA7EB480B286E511A11B8C67423E2C6B0807499BF78,1393,1CA094B752178A00D0DAB81D2B57AF833D16221A5E9AC38167100BC586216614,2.18514836381663e-08,B95A8BE96B22E6B92456B1D18400E95C26670C8E0820035E5A842162D7CD3788,0,2.18514836381663e-08,2995.93002319336,2817462,2,0.0010633435422353,treat_2008,2008,FALSE,FALSE
5EA04403872CE1207FC98C6591DA97C2C123C00F5524C42E3A85A0EB094096D5,2311,7EFE7AC47DF7A0E69E1E4909A7C14C4BEF034F82D4F05F3C3F42A2942791E0CA,6.72193376993775e-05,B2E0D78A7F730C32AF9265FD7637D341F281207F62358847026025605C8611C2,1.24978930056768e-05,5.47214446937007e-05,16507165.890625,10540193,2,1.56611609394866,treat_2008,2008,TRUE,FALSE
5F608D5E19A0D18BBDE76FDFB16FE77FC6C529F73BCA43EB343B9E7A84A65230,2014,AFCA27A1F1BB2F7C605C4B1753142D734EB685C1A44B33B33D43D3893BB18C10,3.93079763820856e-05,2A70DBCD110EDD6E2E83D454D79E47D9BA81845955CFE8E1E03BF1D0EA7BCBC5,0,3.93079763820856e-05,134745544.226563,2051265903,2,0.0656889699329061,treat_2008,2008,TRUE,FALSE
6128C0DFAFC56AC2414FBC610D2193F7900462FAC2670A5C54A57A9FCEB119EA,1393,1CA094B752178A00D0DAB81D2B57AF833D16221A5E9AC38167100BC586216614,2.18514836381663e-08,3EE54F1625227C67E1ED1E8AADCB8DB7E0EAC784F6B11595A589E00465C4C22D,0,2.18514836381663e-08,30953.3994140625,4690842,2,0.00659868727492047,treat_2008,2008,FALSE,FALSE
6371BA2FF54724755C5C1CEAFC819C6D6E837562856F99423DF37E607DDA7B0E,2229,DAEA45B1C32A96BEF3B14822D96C2FE56C613857921FE02B9603218C0CB7CEF2,1.06124295585041e-06,E29DDAE66C4819F3635FFEDF2D15CF461305B17995BCFF4D1AC9E143F8CADE59,0,1.06124295585041e-06,25886.5004882813,26309988,2,0.000983903926078615,treat_2008,2008,FALSE,FALSE
648B6285AF072F95A47296A5F6B2ED0F033063B5034F78B51A7A8AAA82ABECE6,1051,E30B927536F61331175A68BC7A08D889C65901DBE6824FE8ED84680AF71FAB48,6.54164203332758e-06,24EC9B9D0111DCD6D335B5F1A858B1F4086C18CB005053FE84A5F27D5EA4B086,0,6.54164203332758e-06,11769962.4189453,871170183,2,0.0135105202733337,treat_2008,2008,FALSE,FALSE
648B6285AF072F95A47296A5F6B2ED0F033063B5034F78B51A7A8AAA82ABECE6,1105,82AD7E022AA1035FA624569E4235B7E60665602F69F48D196D6E577AB3B2F821,3.86397618937294e-05,A2D0C13790C3E409C825E25214303B2E0AB0A1071E3E1997C5F73FCE2D5E2BDC,0,3.86397618937294e-05,27478123.5045471,871170183,2,0.031541625322761,treat_2008,2008,TRUE,FALSE
648B6285AF072F95A47296A5F6B2ED0F033063B5034F78B51A7A8AAA82ABECE6,1107,1CB37AB74478F9C217EFCFDA2843A640F506101BDE944EFD19E87241396C4A1C,3.1407618166918e-07,1AAEC2DDC440891E4E4268A5632FEA03CE73F0F3C2F86F4A98909BDBC21759EA,0,3.1407618166918e-07,1757506.75,871170183,2,0.00201740920924058,treat_2008,2008,FALSE,FALSE
64FF6480ED3042FDEC231E805A8B5B69F0DB459D282E3E171AB5DB97AD799022,2014,AFCA27A1F1BB2F7C605C4B1753142D734EB685C1A44B33B33D43D3893BB18C10,3.93079763820856e-05,F8F1FAA7804D5A5B8495B44A8586C93F19689545D2D96B5CBBB19221519EC076,0,3.93079763820856e-05,22984.5196228027,91310204,2,0.000251719069895,treat_2008,2008,FALSE,FALSE
66AE3CA22B61AC34F1F122C81BC17944EC300A0A05DA75E1552721C6AFDECD55,3511,3BE59C35E1BFCEE14744A27D1026D2E8F5690AEFBA6276A6EFADA053A2D4F534,0.000229158205560246,D6087F6F564F9EB41A21C09C34F0F42832CCF196F8F173AAD398683A64316F4A,0,0.000229158205560246,564174.320007324,129626784,2,0.00435229743883274,treat_2008,2008,FALSE,TRUE
67233C6A7D3B28235EDAA30E0772AEE51FF2FF79B98D0407043E99CE64445F0E,3511,3BE59C35E1BFCEE14744A27D1026D2E8F5690AEFBA6276A6EFADA053A2D4F534,0.000229158205560246,D6087F6F564F9EB41A21C09C34F0F42832CCF196F8F173AAD398683A64316F4A,0,0.000229158205560246,138470.495117188,1430050163,2,9.68291173973227e-05,treat_2008,2008,FALSE,TRUE
674CD030427E12F2FF7E05A9B61172EC4428AD97AA19296AF120B0B48F9F5A1C,3511,3BE59C35E1BFCEE14744A27D1026D2E8F5690AEFBA6276A6EFADA053A2D4F534,0.000229158205560246,D6087F6F564F9EB41A21C09C34F0F42832CCF196F8F173AAD398683A64316F4A,0,0.000229158205560246,65275.66015625,45992446,2,0.00141926915903212,treat_2008,2008,FALSE,TRUE
6854DA9859C37927F4019AACD32C75C31AD6F02AF47E932DF02F759931F0E951,3511,3BE59C35E1BFCEE14744A27D1026D2E8F5690AEFBA6276A6EFADA053A2D4F534,0.000229158205560246,D6087F6F564F9EB41A21C09C34F0F42832CCF196F8F173AAD398683A64316F4A,0,0.000229158205560246,3558254.5625,153596555,2,0.0231662393892884,treat_2008,2008,TRUE,TRUE
68A2F4B84714EC1829E0AC28D29F204FDEBFF70F71F2A22FDE65461FF3ADDDFF,3511,3BE59C35E1BFCEE14744A27D1026D2E8F5690AEFBA6276A6EFADA053A2D4F534,0.000229158205560246,D6087F6F564F9EB41A21C09C34F0F42832CCF196F8F173AAD398683A64316F4A,0,0.000229158205560246,159088883.875,7179260165,2,0.0221595095063671,treat_2008,2008,FALSE,TRUE
6DF6FD750AA2D67C2FB15D06A63C0321D1BBE5A3AB2AF038C453EFD0BDD605CD,2229,DAEA45B1C32A96BEF3B14822D96C2FE56C613857921FE02B9603218C0CB7CEF2,1.06124295585041e-06,E29DDAE66C4819F3635FFEDF2D15CF461305B17995BCFF4D1AC9E143F8CADE59,0,1.06124295585041e-06,1533972.39257813,520360686,2,0.0029479021644962,treat_2008,2008,FALSE,FALSE
6DF6FD750AA2D67C2FB15D06A63C0321D1BBE5A3AB2AF038C453EFD0BDD605CD,3511,3BE59C35E1BFCEE14744A27D1026D2E8F5690AEFBA6276A6EFADA053A2D4F534,0.000229158205560246,D6087F6F564F9EB41A21C09C34F0F42832CCF196F8F173AAD398683A64316F4A,0,0.000229158205560246,4944923.80078125,520360686,2,0.00950287739604765,treat_2008,2008,FALSE,TRUE
70B71A7B2820CB01DF642AE46DADD33CF6B38827901B74C77E35D184F2B399F8,3511,3BE59C35E1BFCEE14744A27D1026D2E8F5690AEFBA6276A6EFADA053A2D4F534,0.000229158205560246,D6087F6F564F9EB41A21C09C34F0F42832CCF196F8F173AAD398683A64316F4A,0,0.000229158205560246,3706065.98046875,89115645,2,0.0415871531925595,treat_2008,2008,TRUE,TRUE
70FE32E6D4C290D05B9D2182667C39C6B9FE3FE1D7631D861FA3E0AAAF1DA222,1031,70FE32E6D4C290D05B9D2182667C39C6B9FE3FE1D7631D861FA3E0AAAF1DA222,1.16678324526613e-05,A1E9FE762ACC4DE886908DD38F550AAC93E153911553A0EE13701CA7E35CD778,0,1.16678324526613e-05,751130.114013672,46795324,2,0.0160513925283148,treat_2008,2008,FALSE,FALSE
7377A1DCBC87F5E28F2563A4F72835A4C3FB9C436AE288E420C188779E4AFD9B,2014,AFCA27A1F1BB2F7C605C4B1753142D734EB685C1A44B33B33D43D3893BB18C10,3.93079763820856e-05,7377A1DCBC87F5E28F2563A4F72835A4C3FB9C436AE288E420C188779E4AFD9B,0,3.93079763820856e-05,2901093.4375,348198144,1,0.00833173147959112,treat_2008,2008,FALSE,FALSE
78EFD077D19A87B47B806EB9E8A7D4236FAE9529E54ACBCEA5796C58A3D977FC,3511,3BE59C35E1BFCEE14744A27D1026D2E8F5690AEFBA6276A6EFADA053A2D4F534,0.000229158205560246,D6087F6F564F9EB41A21C09C34F0F42832CCF196F8F173AAD398683A64316F4A,0,0.000229158205560246,3918929.5,132712467,2,0.0295294751773396,treat_2008,2008,TRUE,TRUE
79A1AA5252E74E386BDCF578DD03C7B2A6904C646174C68C6089112586F05097,2014,7BD8DA430EC6A64C5278A5087EDDDCFD54EE849C1B904B1F1BFF9FE3FB8E5553,8.25574858824201e-06,68DC8BCF66B5C19AE14A0641B5976AED28CC1A1209CE9BAD3980A2C7AEB618D7,0,8.25574858824201e-06,745102.959960938,99510455,2,0.00748768518806328,treat_2008,2008,FALSE,FALSE
7BD8DA430EC6A64C5278A5087EDDDCFD54EE849C1B904B1F1BFF9FE3FB8E5553,1041,93E844FE1AC70363ACC25C875A81A3C2EE7ED2364EA24705F5D877FBB5C4CEE8,2.89286490879049e-06,2D5068C444AAB19A1E6242708664E1B0FBBB47FEDA21E53D96C6EF16C7E1BE75,0,2.89286490879049e-06,3702835.13085938,590497633,2,0.00627070274955594,treat_2008,2008,FALSE,FALSE
7C0333AE08168E97C1DD68D98B8051A5C5C90D18245B4988A49F08062BC40274,2014,AFCA27A1F1BB2F7C605C4B1753142D734EB685C1A44B33B33D43D3893BB18C10,3.93079763820856e-05,61CE1E059D5C7F1EFB93A2EBFCF5C1706E402C91F3EC2954C003784C58232EDD,0,3.93079763820856e-05,54531.0506591797,126949977,2,0.000429547542644925,treat_2008,2008,FALSE,FALSE
7C0333AE08168E97C1DD68D98B8051A5C5C90D18245B4988A49F08062BC40274,2016,8AD8CD6E2A5082CF7EE48D06DBC38617A85AA8D5CA2A7DAF9CAA2192C4E300C7,8.45930826520688e-05,1E9AFCCFC2BEB1136C929DD46B6D15743F76A4DE734C2977D9C9BE1F6C01766D,0,8.45930826520688e-05,19938.2199707031,126949977,2,0.000157055719440604,treat_2008,2008,FALSE,FALSE
7C817AFC7C6D0E08FD60CF015FEFF91954B125FD48E134DE10C90551BDC14D12,2313,E15582B9AB23421C96A3E8F86987DAE811BD8A7A46B8341D86FE2619E9649579,2.18075230565461e-06,DCBB5D76B97A74F08FDE37C70117413C41178E611E9DCC5E39F6F78DCF2C7FFB,0,2.18075230565461e-06,17327.58984375,448419365,2,3.86414842805685e-05,treat_2008,2008,FALSE,FALSE
7EFE1CA1294EB0C59D7BA332E4CA3CC2CCB59DF64A4442FBEBD39510E314C4EB,3511,3BE59C35E1BFCEE14744A27D1026D2E8F5690AEFBA6276A6EFADA053A2D4F534,0.000229158205560246,D6087F6F564F9EB41A21C09C34F0F42832CCF196F8F173AAD398683A64316F4A,0,0.000229158205560246,97589.33984375,22857379,2,0.00426948950900057,treat_2008,2008,FALSE,TRUE
7EFE7AC47DF7A0E69E1E4909A7C14C4BEF034F82D4F05F3C3F42A2942791E0CA,2311,7EFE7AC47DF7A0E69E1E4909A7C14C4BEF034F82D4F05F3C3F42A2942791E0CA,6.72193376993775e-05,B2E0D78A7F730C32AF9265FD7637D341F281207F62358847026025605C8611C2,1.24978930056768e-05,5.47214446937007e-05,3118304.99023437,1381358448,2,0.00225741913313609,treat_2008,2008,FALSE,FALSE
7EFE7AC47DF7A0E69E1E4909A7C14C4BEF034F82D4F05F3C3F42A2942791E0CA,3511,3BE59C35E1BFCEE14744A27D1026D2E8F5690AEFBA6276A6EFADA053A2D4F534,0.000229158205560246,D6087F6F564F9EB41A21C09C34F0F42832CCF196F8F173AAD398683A64316F4A,0,0.000229158205560246,10485581.25,1381358448,2,0.00759077505565739,treat_2008,2008,FALSE,TRUE
81A56728305B23CED4271E85C1C3CCF6F2680AF5231CABD61B3434FC40D6896D,2351,1EB11C8C03D563589A1E83AF2856341DABF421EDF816A205EC6A0E9C90EACF10,3.82449630403523e-05,E6FBC32059211E85E235011A5E8D4C5A37E54E298B13DE19262EF86E270E53FC,0,3.82449630403523e-05,4219828.81054687,177786375,2,0.0237353892307376,treat_2008,2008,TRUE,FALSE
81A56728305B23CED4271E85C1C3CCF6F2680AF5231CABD61B3434FC40D6896D,4211,52CC2CBF9E3CAAF0F57404F3B203CA71D00EDB7723E195AE8A8947ADA5C06C9A,0.000432901544261535,E14B333E63B5525E292C27BD674CC465CFBEF8BC5ECBC8532E54CEAC6E89FB40,0,0.000432901544261535,3795933.94970703,177786375,2,0.0213510959414468,treat_2008,2008,FALSE,TRUE
81A56728305B23CED4271E85C1C3CCF6F2680AF5231CABD61B3434FC40D6896D,4673,DFE84999859FA7A6205AF0220585AD1C09A9628C9E358622CBCEA2E6DACBBBF1,0.000142952612818147,D82FCA5EB77F34BBE9ECE5724738742F9A62D9FF275E1F76824004CA3EAE2729,0,0.000142952612818147,1643986.35375977,177786375,2,0.00924697606191569,treat_2008,2008,FALSE,FALSE
82AD7E022AA1035FA624569E4235B7E60665602F69F48D196D6E577AB3B2F821,1105,82AD7E022AA1035FA624569E4235B7E60665602F69F48D196D6E577AB3B2F821,3.86397618937294e-05,539DFF8A5B778AB035491D14825C7B39DA46F67FAB72F13B77AEF41EB8525850,0,3.86397618937294e-05,447456.440795899,121869281,2,0.00367160975369912,treat_2008,2008,FALSE,FALSE
82AD7E022AA1035FA624569E4235B7E60665602F69F48D196D6E577AB3B2F821,2313,E15582B9AB23421C96A3E8F86987DAE811BD8A7A46B8341D86FE2619E9649579,2.18075230565461e-06,DCBB5D76B97A74F08FDE37C70117413C41178E611E9DCC5E39F6F78DCF2C7FFB,0,2.18075230565461e-06,386259.98828125,121869281,2,0.00316946145174394,treat_2008,2008,FALSE,FALSE
83EF4B50AC15D4BECE9C97DA8BECD2A6FAAC7049AAE59F893F2577B461792A16,3511,3BE59C35E1BFCEE14744A27D1026D2E8F5690AEFBA6276A6EFADA053A2D4F534,0.000229158205560246,D6087F6F564F9EB41A21C09C34F0F42832CCF196F8F173AAD398683A64316F4A,0,0.000229158205560246,78291284.625,5054765848,2,0.0154886075793159,treat_2008,2008,FALSE,TRUE
876978BC4151C1DB54BE1D34705B6F021461037AB3941E1E61C579AB8066A28B,3511,3BE59C35E1BFCEE14744A27D1026D2E8F5690AEFBA6276A6EFADA053A2D4F534,0.000229158205560246,D6087F6F564F9EB41A21C09C34F0F42832CCF196F8F173AAD398683A64316F4A,0,0.000229158205560246,172458331,1003895183,2,0.171789180703739,treat_2008,2008,TRUE,TRUE
87E5B03AE2F26F8B96AB3C88B2131DACA236CEB32040FDCDA46B83175621CD78,4211,52CC2CBF9E3CAAF0F57404F3B203CA71D00EDB7723E195AE8A8947ADA5C06C9A,0.000432901544261535,ADFF18A56167B77F87D8DF548BEF8C5F4AD4A774572E8E8D206E19659C2B9246,0,0.000432901544261535,583781.172424316,48202824,2,0.0121109330114003,treat_2008,2008,FALSE,TRUE
87E5B03AE2F26F8B96AB3C88B2131DACA236CEB32040FDCDA46B83175621CD78,4673,DFE84999859FA7A6205AF0220585AD1C09A9628C9E358622CBCEA2E6DACBBBF1,0.000142952612818147,7ECA2B1A12EB28C7C6DC14CB06EA41F967F16525E67E9EA4F1A3E0F76C6B426B,0,0.000142952612818147,216539.949768066,48202824,2,0.00449226687980079,treat_2008,2008,FALSE,FALSE
8AAE986819CEAEE2C7B6BA8C06577110220ADF9EBD9553DF0CB6A8323601F0F0,2120,8E3D3FC7191560A9E4D5B211FC45FE512AA082410BBB6BCCBDAA72758D07EDDA,1.44762901319485e-06,607C12C3686ADBC673955E1193298292C8D1F9077D55D3BB116A5898713FD95B,0,1.44762901319485e-06,272154.75,435407802,2,0.00062505712747885,treat_2008,2008,FALSE,FALSE
8AD8CD6E2A5082CF7EE48D06DBC38617A85AA8D5CA2A7DAF9CAA2192C4E300C7,2014,CC65917C7CF2644290617174C31B7E8C05CA4EEDE602B3AA5F2FD2587CA1468C,0.000148570594989111,7C0333AE08168E97C1DD68D98B8051A5C5C90D18245B4988A49F08062BC40274,0,0.000148570594989111,23627731.7973633,134644579,2,0.175482236068065,treat_2008,2008,TRUE,FALSE
8E1065A4366E4DCC801CAD0AEF33C626BDA7BB2AD9FEDFC7BC8FC871397408D0,3511,3BE59C35E1BFCEE14744A27D1026D2E8F5690AEFBA6276A6EFADA053A2D4F534,0.000229158205560246,D6087F6F564F9EB41A21C09C34F0F42832CCF196F8F173AAD398683A64316F4A,0,0.000229158205560246,384494.231445313,44879142,2,0.00856732580683723,treat_2008,2008,FALSE,TRUE
8E3D3FC7191560A9E4D5B211FC45FE512AA082410BBB6BCCBDAA72758D07EDDA,3511,3BE59C35E1BFCEE14744A27D1026D2E8F5690AEFBA6276A6EFADA053A2D4F534,0.000229158205560246,D6087F6F564F9EB41A21C09C34F0F42832CCF196F8F173AAD398683A64316F4A,0,0.000229158205560246,15742296.4697266,2468864583,2,0.00637633047115025,treat_2008,2008,FALSE,TRUE
923AD021F4125D5E1BC4327D7C4785003665BA3B0591D5AEF361396C29D51D85,2014,AFCA27A1F1BB2F7C605C4B1753142D734EB685C1A44B33B33D43D3893BB18C10,3.93079763820856e-05,7C0333AE08168E97C1DD68D98B8051A5C5C90D18245B4988A49F08062BC40274,0,3.93079763820856e-05,18304.2797851563,664926396,2,2.75282796641393e-05,treat_2008,2008,FALSE,FALSE
93E844FE1AC70363ACC25C875A81A3C2EE7ED2364EA24705F5D877FBB5C4CEE8,1041,93E844FE1AC70363ACC25C875A81A3C2EE7ED2364EA24705F5D877FBB5C4CEE8,2.89286490879049e-06,781FF102157A7FCCC42BDC2D45A6927A76243ADEC41D969ECBA6A560E3F8284B,0,2.89286490879049e-06,9440259.5703125,1897081327,2,0.00497620182959742,treat_2008,2008,FALSE,FALSE
93E844FE1AC70363ACC25C875A81A3C2EE7ED2364EA24705F5D877FBB5C4CEE8,3511,3BE59C35E1BFCEE14744A27D1026D2E8F5690AEFBA6276A6EFADA053A2D4F534,0.000229158205560246,D6087F6F564F9EB41A21C09C34F0F42832CCF196F8F173AAD398683A64316F4A,0,0.000229158205560246,14618400.25,1897081327,2,0.00770573197993425,treat_2008,2008,FALSE,TRUE
94AA8780EDF7C6601FC9A421CA049D492BE515A0AD5E5347CC20F6C159658BA5,3511,3BE59C35E1BFCEE14744A27D1026D2E8F5690AEFBA6276A6EFADA053A2D4F534,0.000229158205560246,D6087F6F564F9EB41A21C09C34F0F42832CCF196F8F173AAD398683A64316F4A,0,0.000229158205560246,27422.2602539063,153338621,2,0.000178834660668471,treat_2008,2008,FALSE,TRUE
94EB372F799E991E19BD6837EB1414CF0E4BD897D42C4FFA85E8C6E16270884B,1393,1CA094B752178A00D0DAB81D2B57AF833D16221A5E9AC38167100BC586216614,2.18514836381663e-08,B95A8BE96B22E6B92456B1D18400E95C26670C8E0820035E5A842162D7CD3788,0,2.18514836381663e-08,283965.399414063,60952986,2,0.00465876108865384,treat_2008,2008,FALSE,FALSE
96BFA5EE90814CBD5C0D8579EF0756BF1C811AF96B52A9B6B50748AC8C9EFEC0,3511,3BE59C35E1BFCEE14744A27D1026D2E8F5690AEFBA6276A6EFADA053A2D4F534,0.000229158205560246,D6087F6F564F9EB41A21C09C34F0F42832CCF196F8F173AAD398683A64316F4A,0,0.000229158205560246,44133.6003417969,408235006,2,0.000108108319211109,treat_2008,2008,FALSE,TRUE
989687D7C007FB8940E148269BD1C2F48876FB0953B2047A8DE0CCFC6D7F6980,4211,52CC2CBF9E3CAAF0F57404F3B203CA71D00EDB7723E195AE8A8947ADA5C06C9A,0.000432901544261535,D4D2E1C06944A9D89BF42D277B9FA290B4D68A873FB82943562B733E4FDD2FB9,0,0.000432901544261535,89480.9891967774,4354233,2,0.020550344732764,treat_2008,2008,FALSE,TRUE
98D40171626E4891E0DA4169847D69BF4819BBB41580F318AB2052803110ADCB,2351,1EB11C8C03D563589A1E83AF2856341DABF421EDF816A205EC6A0E9C90EACF10,3.82449630403523e-05,B8FDF1A99C14812F711B9B01A2C27EC7B85C6A71A20AB98121F00747A42E5B58,0,3.82449630403523e-05,8466136.9375,64635954,2,0.130981851640961,treat_2008,2008,TRUE,FALSE
9C8EB20FA52DF76154FE015473D15DCDE8EF3F6EB34E0168A4464DFB4B0E7BD0,2014,AFCA27A1F1BB2F7C605C4B1753142D734EB685C1A44B33B33D43D3893BB18C10,3.93079763820856e-05,686552E789EE4A5DAC8ED479B023351424550F567382BF8F85E906967A43ADD7,0,3.93079763820856e-05,47282278.15625,3424119283,2,0.013808595509799,treat_2008,2008,FALSE,FALSE
A183E58FD6E9210A769556E997400F5AB2F8747CA368592DCFB4BB8B7CB10859,2352,F528BEC475BD1E0F79259B2E943C62A8B2D1382032F6DDF19F90EDF27B4E278A,3.47441270450376e-05,233C29FA2E67D9E99661CF7ABDF39D6AC6BAEC0D61A8BF7ACA5B2A341DB24E7D,0,3.47441270450376e-05,58480692.625,119618741,2,0.488892393751243,treat_2008,2008,TRUE,FALSE
A1E9FE762ACC4DE886908DD38F550AAC93E153911553A0EE13701CA7E35CD778,1031,70FE32E6D4C290D05B9D2182667C39C6B9FE3FE1D7631D861FA3E0AAAF1DA222,1.16678324526613e-05,A1E9FE762ACC4DE886908DD38F550AAC93E153911553A0EE13701CA7E35CD778,0,1.16678324526613e-05,6822678.86328125,327911712,2,0.0208064506804845,treat_2008,2008,FALSE,FALSE
A20718A1C5EDE23DDA5E6320129C83E1683DE48F1D318858856BE325EEE823C1,2351,1EB11C8C03D563589A1E83AF2856341DABF421EDF816A205EC6A0E9C90EACF10,3.82449630403523e-05,B8FDF1A99C14812F711B9B01A2C27EC7B85C6A71A20AB98121F00747A42E5B58,0,3.82449630403523e-05,1051277.890625,135495830,2,0.00775874719262578,treat_2008,2008,FALSE,FALSE
A2A544E19C2E3E42DD208F4C4E581A6ACE508B14BC2C9A1D5B9931D8BAE858C1,3511,3BE59C35E1BFCEE14744A27D1026D2E8F5690AEFBA6276A6EFADA053A2D4F534,0.000229158205560246,D6087F6F564F9EB41A21C09C34F0F42832CCF196F8F173AAD398683A64316F4A,0,0.000229158205560246,8578870.59375,802327506,2,0.010692479728783,treat_2008,2008,FALSE,TRUE
A2D0C13790C3E409C825E25214303B2E0AB0A1071E3E1997C5F73FCE2D5E2BDC,1051,E30B927536F61331175A68BC7A08D889C65901DBE6824FE8ED84680AF71FAB48,6.54164203332758e-06,24EC9B9D0111DCD6D335B5F1A858B1F4086C18CB005053FE84A5F27D5EA4B086,0,6.54164203332758e-06,1881423.60498047,1585940408,2,0.00118631418651669,treat_2008,2008,FALSE,FALSE
A2D0C13790C3E409C825E25214303B2E0AB0A1071E3E1997C5F73FCE2D5E2BDC,1105,82AD7E022AA1035FA624569E4235B7E60665602F69F48D196D6E577AB3B2F821,3.86397618937294e-05,A2D0C13790C3E409C825E25214303B2E0AB0A1071E3E1997C5F73FCE2D5E2BDC,0,3.86397618937294e-05,14954988.8000183,1585940408,2,0.00942972934202349,treat_2008,2008,FALSE,FALSE
A3EEA90520023A1349E958E99956592B4CDBDA90F3C04CFD8AE2C2B9C48DDCCE,3511,3BE59C35E1BFCEE14744A27D1026D2E8F5690AEFBA6276A6EFADA053A2D4F534,0.000229158205560246,D6087F6F564F9EB41A21C09C34F0F42832CCF196F8F173AAD398683A64316F4A,0,0.000229158205560246,8276085.10058594,296195318,2,0.0279413096617075,treat_2008,2008,TRUE,TRUE
A41BF7F003E7DDE1CCCF24061DBAE5F6B0F0C68A2EA27A4B9A4C848EF2C1A7BC,1393,1CA094B752178A00D0DAB81D2B57AF833D16221A5E9AC38167100BC586216614,2.18514836381663e-08,C783027837319E3C8845706B064F581E7067FCAF72473EE7FB02BA67E08AA8CC,0,2.18514836381663e-08,542848.953125,1166965,1,0.465180149468922,treat_2008,2008,TRUE,FALSE
A7E4D6C8E4978F81C59A9CE76EFE1AB662AA0F95691E0D49AD6026B12053E721,3511,3BE59C35E1BFCEE14744A27D1026D2E8F5690AEFBA6276A6EFADA053A2D4F534,0.000229158205560246,D6087F6F564F9EB41A21C09C34F0F42832CCF196F8F173AAD398683A64316F4A,0,0.000229158205560246,5739575.25976562,771148581,2,0.0074428915531722,treat_2008,2008,FALSE,TRUE
A867D7F1BC4AB6DD60078ED60C319E413BC789870B5BF7E1BEF246C6D203F512,2229,DAEA45B1C32A96BEF3B14822D96C2FE56C613857921FE02B9603218C0CB7CEF2,1.06124295585041e-06,A867D7F1BC4AB6DD60078ED60C319E413BC789870B5BF7E1BEF246C6D203F512,0,1.06124295585041e-06,30673.779296875,37868306,2,0.000810011921232363,treat_2008,2008,FALSE,FALSE
A917DF5AF099BA7EE6EB68360D5EBF6E85FACB8366D2BCDA656653F34B9EC406,3511,3BE59C35E1BFCEE14744A27D1026D2E8F5690AEFBA6276A6EFADA053A2D4F534,0.000229158205560246,D6087F6F564F9EB41A21C09C34F0F42832CCF196F8F173AAD398683A64316F4A,0,0.000229158205560246,1760,262504933,2,6.70463590868976e-06,treat_2008,2008,FALSE,TRUE
AC39CBDCB2B6C4C1B33A024C914A1FA4320ECFABDC086E62806BF5B914C14267,2314,5F38654B8D559290F7091D877D2F5AB22BBD287F5C18610884DFAD6648159F90,1.93483990171189e-05,257FDDCB07D4D7028707E9708179CBE6D1755E141E9238923EDD7D452E929734,0,1.93483990171189e-05,15143.7202148438,33042120,2,0.000458315635160327,treat_2008,2008,FALSE,FALSE
AC39CBDCB2B6C4C1B33A024C914A1FA4320ECFABDC086E62806BF5B914C14267,4673,DFE84999859FA7A6205AF0220585AD1C09A9628C9E358622CBCEA2E6DACBBBF1,0.000142952612818147,79B63230F71E27B0B009FAEE092B4649C8CEF6C842DF1E9548C74ADA7F1A7DEB,0,0.000142952612818147,3097860.4571228,33042120,2,0.093754893969358,treat_2008,2008,TRUE,FALSE
ACB0AE831AC9F6834E294B6556EEFFF48E4CCD6162BA34659A3FAFA6C0110113,1105,82AD7E022AA1035FA624569E4235B7E60665602F69F48D196D6E577AB3B2F821,3.86397618937294e-05,539DFF8A5B778AB035491D14825C7B39DA46F67FAB72F13B77AEF41EB8525850,0,3.86397618937294e-05,741328.08996582,383222507,2,0.00193445864067118,treat_2008,2008,FALSE,FALSE
ADFF18A56167B77F87D8DF548BEF8C5F4AD4A774572E8E8D206E19659C2B9246,2351,1EB11C8C03D563589A1E83AF2856341DABF421EDF816A205EC6A0E9C90EACF10,3.82449630403523e-05,E6FBC32059211E85E235011A5E8D4C5A37E54E298B13DE19262EF86E270E53FC,0,3.82449630403523e-05,240400.20703125,89267379,2,0.00269303534756241,treat_2008,2008,FALSE,FALSE
ADFF18A56167B77F87D8DF548BEF8C5F4AD4A774572E8E8D206E19659C2B9246,4673,DFE84999859FA7A6205AF0220585AD1C09A9628C9E358622CBCEA2E6DACBBBF1,0.000142952612818147,BDB487043B7808B72DD228FD052A4E174394AE80CFCAA8177443DD571822FE82,0,0.000142952612818147,542951.786071777,89267379,2,0.00608230903779282,treat_2008,2008,FALSE,FALSE
AFCA27A1F1BB2F7C605C4B1753142D734EB685C1A44B33B33D43D3893BB18C10,2014,AFCA27A1F1BB2F7C605C4B1753142D734EB685C1A44B33B33D43D3893BB18C10,3.93079763820856e-05,F8F1FAA7804D5A5B8495B44A8586C93F19689545D2D96B5CBBB19221519EC076,0,3.93079763820856e-05,143053057.185913,1473772128,2,0.0970659265893737,treat_2008,2008,TRUE,FALSE
B2E0D78A7F730C32AF9265FD7637D341F281207F62358847026025605C8611C2,2311,7EFE7AC47DF7A0E69E1E4909A7C14C4BEF034F82D4F05F3C3F42A2942791E0CA,6.72193376993775e-05,B2E0D78A7F730C32AF9265FD7637D341F281207F62358847026025605C8611C2,1.24978930056768e-05,5.47214446937007e-05,1519302.19433594,345658264,2,0.00439538802502329,treat_2008,2008,FALSE,FALSE
B3E0FD522207C8C5AEA81FC57D6965D5D991ADD89876A1705055DD7AAB7EEFC7,2351,1EB11C8C03D563589A1E83AF2856341DABF421EDF816A205EC6A0E9C90EACF10,3.82449630403523e-05,E6FBC32059211E85E235011A5E8D4C5A37E54E298B13DE19262EF86E270E53FC,0,3.82449630403523e-05,124810.078125,227494601,2,0.000548628748007079,treat_2008,2008,FALSE,FALSE
B3E0FD522207C8C5AEA81FC57D6965D5D991ADD89876A1705055DD7AAB7EEFC7,3511,3BE59C35E1BFCEE14744A27D1026D2E8F5690AEFBA6276A6EFADA053A2D4F534,0.000229158205560246,D6087F6F564F9EB41A21C09C34F0F42832CCF196F8F173AAD398683A64316F4A,0,0.000229158205560246,3712241.140625,227494601,2,0.016317930730255,treat_2008,2008,FALSE,TRUE
B4C4FB76B4C0C51C1F666DDD4282AC3319B78F3D6ADFE541D655917092CFBEE2,1105,82AD7E022AA1035FA624569E4235B7E60665602F69F48D196D6E577AB3B2F821,3.86397618937294e-05,D192DDE8580A23934849226460762419C2A29C026445388AEC31D2F6CFE1DEE5,0,3.86397618937294e-05,45248.5498046875,617458767,2,7.32818970642092e-05,treat_2008,2008,FALSE,FALSE
B6179817296244987F2DF26EF3F27C68BDC3F5EBE9545586102E06FE2A2E3688,3511,3BE59C35E1BFCEE14744A27D1026D2E8F5690AEFBA6276A6EFADA053A2D4F534,0.000229158205560246,D6087F6F564F9EB41A21C09C34F0F42832CCF196F8F173AAD398683A64316F4A,0,0.000229158205560246,4675528.5,515425063,2,0.00907120905760068,treat_2008,2008,FALSE,TRUE
B6EFE016EC0C2668A7AFF8E5A70FF3033726E8022ED5F7F6F46628DC3A427E7C,1039,EA1B2625F236F386C8047A4FF05EEFA589BC2737825902CB44BC003C61070512,2.27170419453091e-05,9667C5CF58D6CB9771EC341CAB64A74403932D3C04CA637E179C6732494E3956,0,2.27170419453091e-05,7588191.1875,8938920540,2,0.000848893460182833,treat_2008,2008,FALSE,FALSE
B6EFE016EC0C2668A7AFF8E5A70FF3033726E8022ED5F7F6F46628DC3A427E7C,1051,E30B927536F61331175A68BC7A08D889C65901DBE6824FE8ED84680AF71FAB48,6.54164203332758e-06,24EC9B9D0111DCD6D335B5F1A858B1F4086C18CB005053FE84A5F27D5EA4B086,0,6.54164203332758e-06,70770675.6738281,8938920540,2,0.00791713891595105,treat_2008,2008,FALSE,FALSE
B6EFE016EC0C2668A7AFF8E5A70FF3033726E8022ED5F7F6F46628DC3A427E7C,1105,82AD7E022AA1035FA624569E4235B7E60665602F69F48D196D6E577AB3B2F821,3.86397618937294e-05,A2D0C13790C3E409C825E25214303B2E0AB0A1071E3E1997C5F73FCE2D5E2BDC,0,3.86397618937294e-05,114724076.56015,8938920540,2,0.0128342204236833,treat_2008,2008,FALSE,FALSE
B6EFE016EC0C2668A7AFF8E5A70FF3033726E8022ED5F7F6F46628DC3A427E7C,1107,1CB37AB74478F9C217EFCFDA2843A640F506101BDE944EFD19E87241396C4A1C,3.1407618166918e-07,1AAEC2DDC440891E4E4268A5632FEA03CE73F0F3C2F86F4A98909BDBC21759EA,0,3.1407618166918e-07,105956167.5,8938920540,2,0.0118533515345467,treat_2008,2008,FALSE,FALSE
B8FDF1A99C14812F711B9B01A2C27EC7B85C6A71A20AB98121F00747A42E5B58,2351,1EB11C8C03D563589A1E83AF2856341DABF421EDF816A205EC6A0E9C90EACF10,3.82449630403523e-05,B8FDF1A99C14812F711B9B01A2C27EC7B85C6A71A20AB98121F00747A42E5B58,0,3.82449630403523e-05,177725.75390625,355232261,2,0.000500308596426297,treat_2008,2008,FALSE,FALSE
B8FDF1A99C14812F711B9B01A2C27EC7B85C6A71A20AB98121F00747A42E5B58,3511,3BE59C35E1BFCEE14744A27D1026D2E8F5690AEFBA6276A6EFADA053A2D4F534,0.000229158205560246,D6087F6F564F9EB41A21C09C34F0F42832CCF196F8F173AAD398683A64316F4A,0,0.000229158205560246,34976315.3399963,355232261,2,0.0984604135940129,treat_2008,2008,TRUE,TRUE
B95A8BE96B22E6B92456B1D18400E95C26670C8E0820035E5A842162D7CD3788,1393,1CA094B752178A00D0DAB81D2B57AF833D16221A5E9AC38167100BC586216614,2.18514836381663e-08,50154C7B5E14CCEFC3EDBACF9AA6A051535C6A93E708805F4E988D33659168EB,0,2.18514836381663e-08,1079808.390625,839459897,2,0.00128631325270444,treat_2008,2008,FALSE,FALSE
B95A8BE96B22E6B92456B1D18400E95C26670C8E0820035E5A842162D7CD3788,2229,DAEA45B1C32A96BEF3B14822D96C2FE56C613857921FE02B9603218C0CB7CEF2,1.06124295585041e-06,E29DDAE66C4819F3635FFEDF2D15CF461305B17995BCFF4D1AC9E143F8CADE59,0,1.06124295585041e-06,3496828.99414063,839459897,2,0.00416557003692176,treat_2008,2008,FALSE,FALSE
BD5734795A3424031D5325971805923C039AA6DA2630EEAE708EE682374F85B4,3511,3BE59C35E1BFCEE14744A27D1026D2E8F5690AEFBA6276A6EFADA053A2D4F534,0.000229158205560246,D6087F6F564F9EB41A21C09C34F0F42832CCF196F8F173AAD398683A64316F4A,0,0.000229158205560246,4545708.64990234,233346936,2,0.0194804728436732,treat_2008,2008,FALSE,TRUE
BD82BA2061C72EB2FDFC34AD831B7A0E33C57B6587E1D690B5308EB60182A371,2351,1EB11C8C03D563589A1E83AF2856341DABF421EDF816A205EC6A0E9C90EACF10,3.82449630403523e-05,E6FBC32059211E85E235011A5E8D4C5A37E54E298B13DE19262EF86E270E53FC,0,3.82449630403523e-05,612255.234375,130505216,2,0.0046914234782386,treat_2008,2008,FALSE,FALSE
BD82BA2061C72EB2FDFC34AD831B7A0E33C57B6587E1D690B5308EB60182A371,4211,52CC2CBF9E3CAAF0F57404F3B203CA71D00EDB7723E195AE8A8947ADA5C06C9A,0.000432901544261535,D4D2E1C06944A9D89BF42D277B9FA290B4D68A873FB82943562B733E4FDD2FB9,0,0.000432901544261535,2678799.63378906,130505216,2,0.0205263798328878,treat_2008,2008,FALSE,TRUE
BD82BA2061C72EB2FDFC34AD831B7A0E33C57B6587E1D690B5308EB60182A371,4673,DFE84999859FA7A6205AF0220585AD1C09A9628C9E358622CBCEA2E6DACBBBF1,0.000142952612818147,01F2B0B3F7BAD9F8285A6E56F94211AB7FA80D574E5FA1F74F9FF6DF342CC0BF,0,0.000142952612818147,12431188.3965759,130505216,2,0.0952543413787839,treat_2008,2008,TRUE,FALSE
C068D23809784D82300982841EAB8C48BB546AF280BD2ED515A2B291123377A1,3511,3BE59C35E1BFCEE14744A27D1026D2E8F5690AEFBA6276A6EFADA053A2D4F534,0.000229158205560246,D6087F6F564F9EB41A21C09C34F0F42832CCF196F8F173AAD398683A64316F4A,0,0.000229158205560246,6252339.875,95019280,2,0.0658007498583445,treat_2008,2008,TRUE,TRUE
C06D33D9350C937D9CD212560266BBF2E5523EA1FCADF90243922D09F4E9C316,1320,7C45D5C36EEA033EE8C487408E9428CBEC67A338A6F94919C4AF35C8C8405829,3.84489142781168e-08,DC43F53CE0347AEE923379D265C49403B30D67246F66EBAADA96D8589CFBCED9,0,3.84489142781168e-08,15364.8004150391,518474896,2,2.96346082203353e-05,treat_2008,2008,FALSE,FALSE
C081B6928443B6904E8522B0BD5FE095F8AFB35C568AB61E0CB4F6D61A9FECE6,3511,3BE59C35E1BFCEE14744A27D1026D2E8F5690AEFBA6276A6EFADA053A2D4F534,0.000229158205560246,D6087F6F564F9EB41A21C09C34F0F42832CCF196F8F173AAD398683A64316F4A,0,0.000229158205560246,102175.576171875,3475957564,2,2.93949434912822e-05,treat_2008,2008,FALSE,TRUE
C081B6928443B6904E8522B0BD5FE095F8AFB35C568AB61E0CB4F6D61A9FECE6,4211,52CC2CBF9E3CAAF0F57404F3B203CA71D00EDB7723E195AE8A8947ADA5C06C9A,0.000432901544261535,26322413EBFF195CDAE47DB45BA0D08A1E1E9F3EA1BA87D3EC2D6E4E65D7AFC1,0,0.000432901544261535,314001.644317627,3475957564,2,9.03352928038298e-05,treat_2008,2008,FALSE,TRUE
C14BB26E265D634D8598A24F8F2491643FAB6F115715D55808023456839F95D8,2351,1EB11C8C03D563589A1E83AF2856341DABF421EDF816A205EC6A0E9C90EACF10,3.82449630403523e-05,B8FDF1A99C14812F711B9B01A2C27EC7B85C6A71A20AB98121F00747A42E5B58,0,3.82449630403523e-05,407549.375854492,148012655,2,0.00275347655816654,treat_2008,2008,FALSE,FALSE
C14BB26E265D634D8598A24F8F2491643FAB6F115715D55808023456839F95D8,4211,52CC2CBF9E3CAAF0F57404F3B203CA71D00EDB7723E195AE8A8947ADA5C06C9A,0.000432901544261535,81A56728305B23CED4271E85C1C3CCF6F2680AF5231CABD61B3434FC40D6896D,0,0.000432901544261535,361187.651611328,148012655,2,0.0024402484477515,treat_2008,2008,FALSE,TRUE
C2440D20454644429C9E954191766BD21C6FDE2A52F9446D49483B37F66AD119,2014,AFCA27A1F1BB2F7C605C4B1753142D734EB685C1A44B33B33D43D3893BB18C10,3.93079763820856e-05,F8F1FAA7804D5A5B8495B44A8586C93F19689545D2D96B5CBBB19221519EC076,0,3.93079763820856e-05,15332,1145931255,2,1.33795111470278e-05,treat_2008,2008,FALSE,FALSE
C2440D20454644429C9E954191766BD21C6FDE2A52F9446D49483B37F66AD119,3030,06293F6EE72354A5EEC27E3925EA2F31420BC3BF0D984801512A4FB156358E10,5.37187733197032e-07,258009F7C300E61562C4FA217207BCC61F7B42A15351A078CF426AFDC3E6EF55,0,5.37187733197032e-07,77008.3098144531,1145931255,2,6.72015092340361e-05,treat_2008,2008,FALSE,FALSE
C4F606904026E86DAACB847D0D96B50C0ECFC7B858E2B2509602AD8DA11C474E,1083,78D0718F83A208A556F0A97F775B3ECF9A5B4C0FCB53B7DD3C4E1E221D7D9295,4.47201686812532e-05,D4712EE84FE4C1819A82650805942EEF2CA83D0B0D49334A03EDF85E9C6820BA,0,4.47201686812532e-05,146987.25,53778164,2,0.00273321435815473,treat_2008,2008,FALSE,FALSE
C783027837319E3C8845706B064F581E7067FCAF72473EE7FB02BA67E08AA8CC,1393,1CA094B752178A00D0DAB81D2B57AF833D16221A5E9AC38167100BC586216614,2.18514836381663e-08,C783027837319E3C8845706B064F581E7067FCAF72473EE7FB02BA67E08AA8CC,0,2.18514836381663e-08,14146116.380127,410055005,2,0.0344980946644633,treat_2008,2008,TRUE,FALSE
C9210078CEE580FDD0812518371FC8B5E11A493EF54D24394419069892A286C3,3511,3BE59C35E1BFCEE14744A27D1026D2E8F5690AEFBA6276A6EFADA053A2D4F534,0.000229158205560246,D6087F6F564F9EB41A21C09C34F0F42832CCF196F8F173AAD398683A64316F4A,0,0.000229158205560246,45314903.7299805,1279680074,2,0.0354111192716598,treat_2008,2008,TRUE,TRUE
C9CB114272BE6A6D353B4BBF5E23690A3DEE82224803FCB6AB9B9A55EE343AA6,2311,7EFE7AC47DF7A0E69E1E4909A7C14C4BEF034F82D4F05F3C3F42A2942791E0CA,6.72193376993775e-05,B2E0D78A7F730C32AF9265FD7637D341F281207F62358847026025605C8611C2,1.24978930056768e-05,5.47214446937007e-05,780186.3125,9460684,2,0.0824661633873407,treat_2008,2008,TRUE,FALSE
CA0C911B1A1F75C058342897D52EE9DDCCCD1907FD39F8425E09C607AA918392,1320,7C45D5C36EEA033EE8C487408E9428CBEC67A338A6F94919C4AF35C8C8405829,3.84489142781168e-08,CF7DA54A2F5395AFC836CC1EAA35068820907CE5CD0E61F6C747FEB86128AFE2,0,3.84489142781168e-08,137475.400878906,7250089,2,0.018961891485595,treat_2008,2008,FALSE,FALSE
CBFD677240661AE9E5C65007B862388489F95881073B1F21CC0112B572C42F7C,3511,3BE59C35E1BFCEE14744A27D1026D2E8F5690AEFBA6276A6EFADA053A2D4F534,0.000229158205560246,D6087F6F564F9EB41A21C09C34F0F42832CCF196F8F173AAD398683A64316F4A,0,0.000229158205560246,5397021.56811523,203616444,2,0.0265058237050601,treat_2008,2008,TRUE,TRUE
CC17A49A3D2D52F3D8C1CEB869CCA5096C549CFAE3A0D6CB09EA694C2F81F81F,2351,1EB11C8C03D563589A1E83AF2856341DABF421EDF816A205EC6A0E9C90EACF10,3.82449630403523e-05,B8FDF1A99C14812F711B9B01A2C27EC7B85C6A71A20AB98121F00747A42E5B58,0,3.82449630403523e-05,2426691.08007813,25994142,2,0.093355305979252,treat_2008,2008,TRUE,FALSE
CC65917C7CF2644290617174C31B7E8C05CA4EEDE602B3AA5F2FD2587CA1468C,2014,CC65917C7CF2644290617174C31B7E8C05CA4EEDE602B3AA5F2FD2587CA1468C,0.000148570594989111,3E3B4F46B106CE29E3C1F78D77C75FCF3439DB1A69C12E86777870BA2FF96AFE,0,0.000148570594989111,2817.37008666992,282512162,2,9.97256212520126e-06,treat_2008,2008,FALSE,FALSE
CC65917C7CF2644290617174C31B7E8C05CA4EEDE602B3AA5F2FD2587CA1468C,3511,3BE59C35E1BFCEE14744A27D1026D2E8F5690AEFBA6276A6EFADA053A2D4F534,0.000229158205560246,D6087F6F564F9EB41A21C09C34F0F42832CCF196F8F173AAD398683A64316F4A,0,0.000229158205560246,44335725.4899902,282512162,2,0.156933864992298,treat_2008,2008,TRUE,TRUE
CCB5EA9562B416C6ED6C01741084ED901E8D2DB7C6696C385FC9D2118B26A43E,2229,DAEA45B1C32A96BEF3B14822D96C2FE56C613857921FE02B9603218C0CB7CEF2,1.06124295585041e-06,A867D7F1BC4AB6DD60078ED60C319E413BC789870B5BF7E1BEF246C6D203F512,0,1.06124295585041e-06,10884328,381876799,2,0.0285021976420201,treat_2008,2008,TRUE,FALSE
CCB5EA9562B416C6ED6C01741084ED901E8D2DB7C6696C385FC9D2118B26A43E,3511,3BE59C35E1BFCEE14744A27D1026D2E8F5690AEFBA6276A6EFADA053A2D4F534,0.000229158205560246,D6087F6F564F9EB41A21C09C34F0F42832CCF196F8F173AAD398683A64316F4A,0,0.000229158205560246,3521722.40625,381876799,2,0.0092221428886807,treat_2008,2008,FALSE,TRUE
CD862FFAF195F06877AE4815D81FDFFCB454147B4CAB0C53BD6FD33F3D619DF1,3511,3BE59C35E1BFCEE14744A27D1026D2E8F5690AEFBA6276A6EFADA053A2D4F534,0.000229158205560246,D6087F6F564F9EB41A21C09C34F0F42832CCF196F8F173AAD398683A64316F4A,0,0.000229158205560246,2941843.63998413,321993125,2,0.00913635544232235,treat_2008,2008,FALSE,TRUE
CDB2071E463BADC97EA21812D5D2156B3D0E6D05E9D107EFFBD8EE26C363C39E,3511,3BE59C35E1BFCEE14744A27D1026D2E8F5690AEFBA6276A6EFADA053A2D4F534,0.000229158205560246,D6087F6F564F9EB41A21C09C34F0F42832CCF196F8F173AAD398683A64316F4A,0,0.000229158205560246,153668.2734375,505783078,2,0.000303822488575824,treat_2008,2008,FALSE,TRUE
CF7DA54A2F5395AFC836CC1EAA35068820907CE5CD0E61F6C747FEB86128AFE2,1320,7C45D5C36EEA033EE8C487408E9428CBEC67A338A6F94919C4AF35C8C8405829,3.84489142781168e-08,CF7DA54A2F5395AFC836CC1EAA35068820907CE5CD0E61F6C747FEB86128AFE2,0,3.84489142781168e-08,4055219.765625,195217469,2,0.0207728324027447,treat_2008,2008,FALSE,FALSE
D192DDE8580A23934849226460762419C2A29C026445388AEC31D2F6CFE1DEE5,1105,82AD7E022AA1035FA624569E4235B7E60665602F69F48D196D6E577AB3B2F821,3.86397618937294e-05,D192DDE8580A23934849226460762419C2A29C026445388AEC31D2F6CFE1DEE5,0,3.86397618937294e-05,1505569.27539063,20107332,2,0.0748766308424522,treat_2008,2008,TRUE,FALSE
D24CFD4E4D07CA02994732D641C177D71F3ABA14D8EBD52CB9EAC7C559942972,4673,DFE84999859FA7A6205AF0220585AD1C09A9628C9E358622CBCEA2E6DACBBBF1,0.000142952612818147,79B63230F71E27B0B009FAEE092B4649C8CEF6C842DF1E9548C74ADA7F1A7DEB,0,0.000142952612818147,1126700.26321411,8537468,2,0.131971242904115,treat_2008,2008,TRUE,FALSE
D2E36629C57DE7C3DE50105733271BC0699A14DC45E956E39883988835BB92F2,2351,1EB11C8C03D563589A1E83AF2856341DABF421EDF816A205EC6A0E9C90EACF10,3.82449630403523e-05,B8FDF1A99C14812F711B9B01A2C27EC7B85C6A71A20AB98121F00747A42E5B58,0,3.82449630403523e-05,205042.439453125,112658916,2,0.00182002851379402,treat_2008,2008,FALSE,FALSE
D3B615A03010104B09E4C88B29B0A80A823664C2897B33D069EBA714719DF84B,1051,E30B927536F61331175A68BC7A08D889C65901DBE6824FE8ED84680AF71FAB48,6.54164203332758e-06,24EC9B9D0111DCD6D335B5F1A858B1F4086C18CB005053FE84A5F27D5EA4B086,0,6.54164203332758e-06,3074726.57623291,79979152,2,0.0384441007355631,treat_2008,2008,TRUE,FALSE
D4226E8E76E93ACBF5668C753A6CB409F8D7B2C8085F0AB7B23600B91AA57881,2014,7BD8DA430EC6A64C5278A5087EDDDCFD54EE849C1B904B1F1BFF9FE3FB8E5553,8.25574858824201e-06,68DC8BCF66B5C19AE14A0641B5976AED28CC1A1209CE9BAD3980A2C7AEB618D7,0,8.25574858824201e-06,175752.6015625,32747620,2,0.0053668816714772,treat_2008,2008,FALSE,FALSE
D4D2E1C06944A9D89BF42D277B9FA290B4D68A873FB82943562B733E4FDD2FB9,4211,52CC2CBF9E3CAAF0F57404F3B203CA71D00EDB7723E195AE8A8947ADA5C06C9A,0.000432901544261535,E14B333E63B5525E292C27BD674CC465CFBEF8BC5ECBC8532E54CEAC6E89FB40,0,0.000432901544261535,646903.583892822,157742845,2,0.00410100111921287,treat_2008,2008,FALSE,TRUE
D58518D29BDB13652ED33A3F9A10394D7D047FEDBC30A1F05F7C08D082F2E72A,2014,7BD8DA430EC6A64C5278A5087EDDDCFD54EE849C1B904B1F1BFF9FE3FB8E5553,8.25574858824201e-06,61CE1E059D5C7F1EFB93A2EBFCF5C1706E402C91F3EC2954C003784C58232EDD,0,8.25574858824201e-06,32082.2518152127,243241488,2,0.000131894653658806,treat_2008,2008,FALSE,FALSE
D5E781A11CA2A2FAE4A0408228F99A7682E9401A0D27A8C838362107C97E1373,2120,8E3D3FC7191560A9E4D5B211FC45FE512AA082410BBB6BCCBDAA72758D07EDDA,1.44762901319485e-06,8AAE986819CEAEE2C7B6BA8C06577110220ADF9EBD9553DF0CB6A8323601F0F0,0,1.44762901319485e-06,205068.148620606,64398663,2,0.00318435413201988,treat_2008,2008,FALSE,FALSE
D6087F6F564F9EB41A21C09C34F0F42832CCF196F8F173AAD398683A64316F4A,1712,EE1CC683DC430F9FD34068CC8A9EB02D8B711844ECEB463B526854EAFD885B6D,7.97125244171911e-05,9F72F5EC2B91E6C8B9016E1CE52960C84D7C404F13131CBF0C0C1E05E418F250,0,7.97125244171911e-05,3006757.82006836,3913538777,2,0.00076829641697667,treat_2008,2008,FALSE,FALSE
D6087F6F564F9EB41A21C09C34F0F42832CCF196F8F173AAD398683A64316F4A,3511,3BE59C35E1BFCEE14744A27D1026D2E8F5690AEFBA6276A6EFADA053A2D4F534,0.000229158205560246,D6087F6F564F9EB41A21C09C34F0F42832CCF196F8F173AAD398683A64316F4A,0,0.000229158205560246,674064315.20752,3913538777,2,0.172239079160022,treat_2008,2008,TRUE,TRUE
D82FCA5EB77F34BBE9ECE5724738742F9A62D9FF275E1F76824004CA3EAE2729,2314,5F38654B8D559290F7091D877D2F5AB22BBD287F5C18610884DFAD6648159F90,1.93483990171189e-05,257FDDCB07D4D7028707E9708179CBE6D1755E141E9238923EDD7D452E929734,0,1.93483990171189e-05,234508.171875,136785482,2,0.00171442296686866,treat_2008,2008,FALSE,FALSE
D82FCA5EB77F34BBE9ECE5724738742F9A62D9FF275E1F76824004CA3EAE2729,2351,1EB11C8C03D563589A1E83AF2856341DABF421EDF816A205EC6A0E9C90EACF10,3.82449630403523e-05,B8FDF1A99C14812F711B9B01A2C27EC7B85C6A71A20AB98121F00747A42E5B58,0,3.82449630403523e-05,5502468.96875,136785482,2,0.0402269954990545,treat_2008,2008,TRUE,FALSE
D82FCA5EB77F34BBE9ECE5724738742F9A62D9FF275E1F76824004CA3EAE2729,4673,DFE84999859FA7A6205AF0220585AD1C09A9628C9E358622CBCEA2E6DACBBBF1,0.000142952612818147,79B63230F71E27B0B009FAEE092B4649C8CEF6C842DF1E9548C74ADA7F1A7DEB,0,0.000142952612818147,13675164.5233154,136785482,2,0.0999752628960684,treat_2008,2008,TRUE,FALSE
D844F798B03753F540F71E4438B149CB07351BAF6C911D69AE023D8F57771BC6,1320,7C45D5C36EEA033EE8C487408E9428CBEC67A338A6F94919C4AF35C8C8405829,3.84489142781168e-08,FBFE1AC15034E98B48A517FAB76ABE688BF75B5145AA9DBB14612BC007C1B14F,0,3.84489142781168e-08,15417.2198486328,107419012,2,0.000143524126330941,treat_2008,2008,FALSE,FALSE
D844F798B03753F540F71E4438B149CB07351BAF6C911D69AE023D8F57771BC6,1393,1CA094B752178A00D0DAB81D2B57AF833D16221A5E9AC38167100BC586216614,2.18514836381663e-08,B95A8BE96B22E6B92456B1D18400E95C26670C8E0820035E5A842162D7CD3788,0,2.18514836381663e-08,37388.8999023438,107419012,2,0.000348065944810065,treat_2008,2008,FALSE,FALSE
D93064FA7195F71AB1EF712558916F5BABE289000AAC3712CB4EB1B41CD26F54,1041,93E844FE1AC70363ACC25C875A81A3C2EE7ED2364EA24705F5D877FBB5C4CEE8,2.89286490879049e-06,D8A676D0FF327303C5AC7008A1874119AE5C02F43E14F0C1FC7DBBC753A89D1E,0,2.89286490879049e-06,1646554.88745117,555447986,2,0.00296437277468348,treat_2008,2008,FALSE,FALSE
DDC3B17A34F8667CED6703241DF97230AA7CD2C10353F540926E2D4BFC42DDE5,1105,82AD7E022AA1035FA624569E4235B7E60665602F69F48D196D6E577AB3B2F821,3.86397618937294e-05,539DFF8A5B778AB035491D14825C7B39DA46F67FAB72F13B77AEF41EB8525850,0,3.86397618937294e-05,469867.243896484,15575601,2,0.0301668772778967,treat_2008,2008,TRUE,FALSE
DFBE9E5ECB29022D9A7FC8476D08C6EABF039982CE89FCBF6E240ACBCB8888F8,2014,7BD8DA430EC6A64C5278A5087EDDDCFD54EE849C1B904B1F1BFF9FE3FB8E5553,8.25574858824201e-06,AA87309A737CBB71FCAA97B6666221C793EEB9AAA338E4C5DC338835324DBB38,0,8.25574858824201e-06,71441.25,100412477,2,0.000711477817642124,treat_2008,2008,FALSE,FALSE
DFE84999859FA7A6205AF0220585AD1C09A9628C9E358622CBCEA2E6DACBBBF1,4673,DFE84999859FA7A6205AF0220585AD1C09A9628C9E358622CBCEA2E6DACBBBF1,0.000142952612818147,BDB487043B7808B72DD228FD052A4E174394AE80CFCAA8177443DD571822FE82,0,0.000142952612818147,151781.859985352,25476974,2,0.00595760940782652,treat_2008,2008,FALSE,FALSE
E13616454E4BF3380DD212D13614225515EF33F6F9CFECA55E3C83D914B311D0,2014,7BD8DA430EC6A64C5278A5087EDDDCFD54EE849C1B904B1F1BFF9FE3FB8E5553,8.25574858824201e-06,CD862FFAF195F06877AE4815D81FDFFCB454147B4CAB0C53BD6FD33F3D619DF1,0,8.25574858824201e-06,2602392.56982422,325303066,2,0.00799990175876245,treat_2008,2008,FALSE,FALSE
E20989B41448E29218B68D9BA763CE8082FF6FF4B9D8B813E2C453F9A117DA63,1051,E30B927536F61331175A68BC7A08D889C65901DBE6824FE8ED84680AF71FAB48,6.54164203332758e-06,24EC9B9D0111DCD6D335B5F1A858B1F4086C18CB005053FE84A5F27D5EA4B086,0,6.54164203332758e-06,3406995.20556641,143110021,2,0.0238068248593605,treat_2008,2008,TRUE,FALSE
E30B927536F61331175A68BC7A08D889C65901DBE6824FE8ED84680AF71FAB48,3511,3BE59C35E1BFCEE14744A27D1026D2E8F5690AEFBA6276A6EFADA053A2D4F534,0.000229158205560246,D6087F6F564F9EB41A21C09C34F0F42832CCF196F8F173AAD398683A64316F4A,0,0.000229158205560246,809521.420191208,164331829,2,0.00492613892949009,treat_2008,2008,FALSE,TRUE
E3A5A7B89C7A6E6DADA0DB86D1796A9F3190EBA6853B98B1A80ACEA6D3329A4A,2229,DAEA45B1C32A96BEF3B14822D96C2FE56C613857921FE02B9603218C0CB7CEF2,1.06124295585041e-06,DD08B601EBB20E9049937EFCA68F187630995849BF698CC93C86C3024F7D4981,0,1.06124295585041e-06,240694.448242188,6803351680,2,3.53788043839867e-05,treat_2008,2008,FALSE,FALSE
E3A5A7B89C7A6E6DADA0DB86D1796A9F3190EBA6853B98B1A80ACEA6D3329A4A,3511,3BE59C35E1BFCEE14744A27D1026D2E8F5690AEFBA6276A6EFADA053A2D4F534,0.000229158205560246,D6087F6F564F9EB41A21C09C34F0F42832CCF196F8F173AAD398683A64316F4A,0,0.000229158205560246,129980356.808594,6803351680,2,0.0191053414437917,treat_2008,2008,FALSE,TRUE
E4DA9495707D565900C29277A0D9B92293A5FEEFE6E3D01C4A9EA386D93493B5,2314,5F38654B8D559290F7091D877D2F5AB22BBD287F5C18610884DFAD6648159F90,1.93483990171189e-05,257FDDCB07D4D7028707E9708179CBE6D1755E141E9238923EDD7D452E929734,0,1.93483990171189e-05,188482.902099609,20068847,2,0.0093918151899613,treat_2008,2008,FALSE,FALSE
E4DA9495707D565900C29277A0D9B92293A5FEEFE6E3D01C4A9EA386D93493B5,4673,DFE84999859FA7A6205AF0220585AD1C09A9628C9E358622CBCEA2E6DACBBBF1,0.000142952612818147,79B63230F71E27B0B009FAEE092B4649C8CEF6C842DF1E9548C74ADA7F1A7DEB,0,0.000142952612818147,1942717.90515137,20068847,2,0.096802666598204,treat_2008,2008,TRUE,FALSE
E5ABBAFE31944B33EB97FA66732B5A526F09B5C9B1CF3181F3361151C0AA9EB7,2014,7BD8DA430EC6A64C5278A5087EDDDCFD54EE849C1B904B1F1BFF9FE3FB8E5553,8.25574858824201e-06,F8F1FAA7804D5A5B8495B44A8586C93F19689545D2D96B5CBBB19221519EC076,0,8.25574858824201e-06,50710023.0699463,611075135,2,0.0829849230732425,treat_2008,2008,TRUE,FALSE
E5ABBAFE31944B33EB97FA66732B5A526F09B5C9B1CF3181F3361151C0AA9EB7,3511,3BE59C35E1BFCEE14744A27D1026D2E8F5690AEFBA6276A6EFADA053A2D4F534,0.000229158205560246,D6087F6F564F9EB41A21C09C34F0F42832CCF196F8F173AAD398683A64316F4A,0,0.000229158205560246,60163345.375,611075135,2,0.0984549066539911,treat_2008,2008,TRUE,TRUE
E6FBC32059211E85E235011A5E8D4C5A37E54E298B13DE19262EF86E270E53FC,2351,1EB11C8C03D563589A1E83AF2856341DABF421EDF816A205EC6A0E9C90EACF10,3.82449630403523e-05,E6FBC32059211E85E235011A5E8D4C5A37E54E298B13DE19262EF86E270E53FC,0,3.82449630403523e-05,23262805.875,348101119,2,0.0668277250639921,treat_2008,2008,TRUE,FALSE
E73499FBECC0CB6673265DCBB14DB6C443A7EF3C84F99944FBE276F01196804E,1393,1CA094B752178A00D0DAB81D2B57AF833D16221A5E9AC38167100BC586216614,2.18514836381663e-08,3EE54F1625227C67E1ED1E8AADCB8DB7E0EAC784F6B11595A589E00465C4C22D,0,2.18514836381663e-08,173197.50213623,10984600,2,0.0157673016892951,treat_2008,2008,FALSE,FALSE
E7FC48CB1FB093AFEC490CB8E5551CD881007D0E7BF6DA944B4DC4B2A5944804,3511,3BE59C35E1BFCEE14744A27D1026D2E8F5690AEFBA6276A6EFADA053A2D4F534,0.000229158205560246,D6087F6F564F9EB41A21C09C34F0F42832CCF196F8F173AAD398683A64316F4A,0,0.000229158205560246,73911.3702392578,656136163,2,0.000112646390196386,treat_2008,2008,FALSE,TRUE
E960E6FEE8969FB7389229FEC9909A4AE8924C8D288A1D7C78D5252939037603,1031,1629E9233A9D8C0E17FE5852F17030A4B06A38832FCB56CFA37AFC6A42F63349,0.000131960772208984,A1E9FE762ACC4DE886908DD38F550AAC93E153911553A0EE13701CA7E35CD778,0,0.000131960772208984,24110.8701171875,246384921,2,9.78585459667294e-05,treat_2008,2008,FALSE,FALSE
EA1B2625F236F386C8047A4FF05EEFA589BC2737825902CB44BC003C61070512,1039,EA1B2625F236F386C8047A4FF05EEFA589BC2737825902CB44BC003C61070512,2.27170419453091e-05,9667C5CF58D6CB9771EC341CAB64A74403932D3C04CA637E179C6732494E3956,0,2.27170419453091e-05,266190.48046875,230267656,2,0.00115600464734287,treat_2008,2008,FALSE,FALSE
EC16CF6E5DB30D5F72A23EE733C157F7D4468D1D2E6C57368EF319EF4E0E1194,2120,8E3D3FC7191560A9E4D5B211FC45FE512AA082410BBB6BCCBDAA72758D07EDDA,1.44762901319485e-06,8AAE986819CEAEE2C7B6BA8C06577110220ADF9EBD9553DF0CB6A8323601F0F0,0,1.44762901319485e-06,747318.055908203,196019934,2,0.00381245948133113,treat_2008,2008,FALSE,FALSE
EC8F3FF55DD9C8425954CEDD261E20735DC68010CDA9E0A3BE7D3C439ED1273D,3511,3BE59C35E1BFCEE14744A27D1026D2E8F5690AEFBA6276A6EFADA053A2D4F534,0.000229158205560246,D6087F6F564F9EB41A21C09C34F0F42832CCF196F8F173AAD398683A64316F4A,0,0.000229158205560246,1163822.24023438,112379867,2,0.0103561453781964,treat_2008,2008,FALSE,TRUE
ECC4D226D87A0382C9F834D6A67C97816AC09552F57CC8085637068EA23F83E6,2014,7BD8DA430EC6A64C5278A5087EDDDCFD54EE849C1B904B1F1BFF9FE3FB8E5553,8.25574858824201e-06,ECC4D226D87A0382C9F834D6A67C97816AC09552F57CC8085637068EA23F83E6,0,8.25574858824201e-06,531294.961181641,56997691,2,0.00932134182736702,treat_2008,2008,FALSE,FALSE
EDD882111F78B7A2F97856D89A3CE0B69F47D22E439CE75BACA00216DED4F059,1105,82AD7E022AA1035FA624569E4235B7E60665602F69F48D196D6E577AB3B2F821,3.86397618937294e-05,A2D0C13790C3E409C825E25214303B2E0AB0A1071E3E1997C5F73FCE2D5E2BDC,0,3.86397618937294e-05,25608.0400390625,220273951,2,0.00011625541705139,treat_2008,2008,FALSE,FALSE
EFD73DAD6F8998209721807EF3E22D15847BC9046380DBEBCB4A10F5234013DA,1105,82AD7E022AA1035FA624569E4235B7E60665602F69F48D196D6E577AB3B2F821,3.86397618937294e-05,539DFF8A5B778AB035491D14825C7B39DA46F67FAB72F13B77AEF41EB8525850,0,3.86397618937294e-05,87230.9995727539,51819039,2,0.00168337740830651,treat_2008,2008,FALSE,FALSE
EFD73DAD6F8998209721807EF3E22D15847BC9046380DBEBCB4A10F5234013DA,1107,1CB37AB74478F9C217EFCFDA2843A640F506101BDE944EFD19E87241396C4A1C,3.1407618166918e-07,1AAEC2DDC440891E4E4268A5632FEA03CE73F0F3C2F86F4A98909BDBC21759EA,0,3.1407618166918e-07,1336368.04296875,51819039,2,0.0257891321174202,treat_2008,2008,TRUE,FALSE
EFEF2006408C9BF676E67DFD79CA4AC8F4E2236396773A1B07910F455A630AEE,3511,3BE59C35E1BFCEE14744A27D1026D2E8F5690AEFBA6276A6EFADA053A2D4F534,0.000229158205560246,07397C569A6F3EE3D320F358AC14FDDA7968E82875635449E3BD95D1834FC0E5,0,0.000229158205560246,3056918.34130859,86621470,2,0.0352905387233511,treat_2008,2008,TRUE,TRUE
F072F156E3227DF942E6970352EB4178581C345C7A70BC7578A28A1B52281D20,2014,7BD8DA430EC6A64C5278A5087EDDDCFD54EE849C1B904B1F1BFF9FE3FB8E5553,8.25574858824201e-06,0E6E41DA993142E6DE05A8BAB736CDD2C61EFA0D04650E9F6C860FE4EA7242B8,0,8.25574858824201e-06,3833221.44995117,170097783,2,0.0225353992412186,treat_2008,2008,FALSE,FALSE
F31267A358BD041181683AC6E42E8AA92ECD54A4C7B4988A4B347C94BAC3182D,4673,DFE84999859FA7A6205AF0220585AD1C09A9628C9E358622CBCEA2E6DACBBBF1,0.000142952612818147,D82FCA5EB77F34BBE9ECE5724738742F9A62D9FF275E1F76824004CA3EAE2729,0,0.000142952612818147,1193348.53109741,89409263,2,0.013347034647824,treat_2008,2008,FALSE,FALSE
F67F71F147E1CB5AEFA4E81D4CF30FD406FD11D5180E30DE707A48959D8C18A2,3030,06293F6EE72354A5EEC27E3925EA2F31420BC3BF0D984801512A4FB156358E10,5.37187733197032e-07,90DF335452ADF162F0FF9414711D7109740068548B3DBD2368C703D1DFE15125,0,5.37187733197032e-07,48436.5595703125,182824551,2,0.000264934656233957,treat_2008,2008,FALSE,FALSE
F67F71F147E1CB5AEFA4E81D4CF30FD406FD11D5180E30DE707A48959D8C18A2,3511,3BE59C35E1BFCEE14744A27D1026D2E8F5690AEFBA6276A6EFADA053A2D4F534,0.000229158205560246,D6087F6F564F9EB41A21C09C34F0F42832CCF196F8F173AAD398683A64316F4A,0,0.000229158205560246,956528.296875,182824551,2,0.00523194664853847,treat_2008,2008,FALSE,TRUE
F6B7A7277CE20E0CEE0174773B8432DA1F6E239BD53990F578224B8926DA57FB,3511,3BE59C35E1BFCEE14744A27D1026D2E8F5690AEFBA6276A6EFADA053A2D4F534,0.000229158205560246,D6087F6F564F9EB41A21C09C34F0F42832CCF196F8F173AAD398683A64316F4A,0,0.000229158205560246,28446.169921875,13973618,2,0.00203570542159339,treat_2008,2008,FALSE,TRUE
F8F1FAA7804D5A5B8495B44A8586C93F19689545D2D96B5CBBB19221519EC076,2014,AFCA27A1F1BB2F7C605C4B1753142D734EB685C1A44B33B33D43D3893BB18C10,3.93079763820856e-05,F8F1FAA7804D5A5B8495B44A8586C93F19689545D2D96B5CBBB19221519EC076,0,3.93079763820856e-05,53855527.2402954,10405163029,2,0.00517584655715589,treat_2008,2008,FALSE,FALSE
F8F1FAA7804D5A5B8495B44A8586C93F19689545D2D96B5CBBB19221519EC076,3511,3BE59C35E1BFCEE14744A27D1026D2E8F5690AEFBA6276A6EFADA053A2D4F534,0.000229158205560246,D6087F6F564F9EB41A21C09C34F0F42832CCF196F8F173AAD398683A64316F4A,0,0.000229158205560246,97961503.6699219,10405163029,2,0.00941470147050032,treat_2008,2008,FALSE,TRUE
FB2B8908754934888CC757CC0F6EE2703BE855409C950BBC9F8E3217F1EFD3EF,1393,1CA094B752178A00D0DAB81D2B57AF833D16221A5E9AC38167100BC586216614,2.18514836381663e-08,C783027837319E3C8845706B064F581E7067FCAF72473EE7FB02BA67E08AA8CC,0,2.18514836381663e-08,67363.2109069824,3779523,2,0.0178232043850461,treat_2008,2008,FALSE,FALSE
FBBAE30BA91C2815D3C929046574BC83F9154905DFEE1D10C9A413585C9CB50A,2014,7BD8DA430EC6A64C5278A5087EDDDCFD54EE849C1B904B1F1BFF9FE3FB8E5553,8.25574858824201e-06,F8F1FAA7804D5A5B8495B44A8586C93F19689545D2D96B5CBBB19221519EC076,0,8.25574858824201e-06,1730616.22265625,205575837,2,0.00841838344384924,treat_2008,2008,FALSE,FALSE
FE0492BB9292D51D5FF951AB61893AE3823D71A3A735CB603337AB6AA068FFAE,3511,3BE59C35E1BFCEE14744A27D1026D2E8F5690AEFBA6276A6EFADA053A2D4F534,0.000229158205560246,D6087F6F564F9EB41A21C09C34F0F42832CCF196F8F173AAD398683A64316F4A,0,0.000229158205560246,13102210.9400024,,,,treat_2008,2008,,TRUE
FEEB72045B9C8E1D1E438797096A98DC8041A48A1AE7399FE650621711D8BAB3,2311,7EFE7AC47DF7A0E69E1E4909A7C14C4BEF034F82D4F05F3C3F42A2942791E0CA,6.72193376993775e-05,B2E0D78A7F730C32AF9265FD7637D341F281207F62358847026025605C8611C2,1.24978930056768e-05,5.47214446937007e-05,5351385,56167677,2,0.0952751704507915,treat_2008,2008,TRUE,FALSE
083C42AB940BBCC0A3859BC45EFA25AD9C63D65F877E10CBE66F9633B7E83442,1039,EA1B2625F236F386C8047A4FF05EEFA589BC2737825902CB44BC003C61070512,8.57822218278601e-07,9667C5CF58D6CB9771EC341CAB64A74403932D3C04CA637E179C6732494E3956,0,8.57822218278601e-07,95762.1787109375,1406985015,2,6.80619748540375e-05,treat_2013,2013,FALSE,FALSE
0A504C686BDD09CADD293F605C96868E0155185BFAA023B58558FEA3B3278B22,2015,7A01DDE298CB1AB8AAB6B60D8755E5997F415CEF475BD9887E027BDBD80E1B41,4.60822786867951e-05,94017B9E62CF2DD7184E06909A4451225FEEB88ED86B19429927E7E0CE36D9AA,0,4.60822786867951e-05,3470129.58007812,10734101,2,0.323280876533407,treat_2013,2013,TRUE,FALSE
0D8E6484CB9716B07B6C77FDAD4D31811A9B3082E8A56ED31A4A3CE3BD08F828,3511,539ECB9AED38AD4CD3B09BBE87B83D4D9E8F594BB312637157DF695847F9AFEC,0.0183514091385063,3BE59C35E1BFCEE14744A27D1026D2E8F5690AEFBA6276A6EFADA053A2D4F534,0.000107486816462379,0.0182439223220439,34708387.34375,1364730163,2,0.0254324175465227,treat_2013,2013,TRUE,TRUE
125EA6B782DCCA982F2692424AE91CBA74A6BC3DB2028CDF4B30877325B3BAF1,2014,3C8F64AD580757BBF770B04BD52CCCE6D586313EFCC2A4893B9131A2D9846D30,5.42230381922028e-05,0E6E41DA993142E6DE05A8BAB736CDD2C61EFA0D04650E9F6C860FE4EA7242B8,0,5.42230381922028e-05,449373790.371582,55866147896,2,0.0080437582918395,treat_2013,2013,FALSE,FALSE
19D0C27E90DE05558674786A9E5A3A6FA7E77A22D3A5BE19D32C9563E05F8B60,2015,7A01DDE298CB1AB8AAB6B60D8755E5997F415CEF475BD9887E027BDBD80E1B41,4.60822786867951e-05,0D8E6484CB9716B07B6C77FDAD4D31811A9B3082E8A56ED31A4A3CE3BD08F828,0,4.60822786867951e-05,10368619,1184775903,2,0.00875154446823688,treat_2013,2013,FALSE,FALSE
1C6EC1F8E25B016DB87AC7C6CDC9FD74E36F38CFD1673CB9480E1F9ED238F425,2014,3C8F64AD580757BBF770B04BD52CCCE6D586313EFCC2A4893B9131A2D9846D30,5.42230381922028e-05,0E6E41DA993142E6DE05A8BAB736CDD2C61EFA0D04650E9F6C860FE4EA7242B8,0,5.42230381922028e-05,292419984.518097,69974240076,2,0.00417896620528491,treat_2013,2013,FALSE,FALSE
2236625B9082AD13E72407B44FA2E57E4DF38D31A96018ACB660CA6A323A89F3,2732,A7E4D6C8E4978F81C59A9CE76EFE1AB662AA0F95691E0D49AD6026B12053E721,9.0814672438268e-07,13055C434C16F89924E5076AA7E7B717B1BC6C54E2E664650256886A74D5F4AB,0,9.0814672438268e-07,4935976.21875,124175340,2,0.0397500519728796,treat_2013,2013,TRUE,FALSE
387E9F4FB003C1750F4D9FFA33CB0062B0884FAFD07A70B4FA087D840A9EE79D,2444,9B43410201CE09CB26C572270E1B2418216ACA95142E50069DE00EC17DD07189,1.24545368133439e-05,F2A301FA43E273E3239D410F9F01BC528349707024EFD30B2FDEE8B9E661A155,0,1.24545368133439e-05,31826600.1875,1837607484,2,0.0173195856376366,treat_2013,2013,FALSE,FALSE
3BE59C35E1BFCEE14744A27D1026D2E8F5690AEFBA6276A6EFADA053A2D4F534,1031,A1E9FE762ACC4DE886908DD38F550AAC93E153911553A0EE13701CA7E35CD778,7.61343271970321e-06,70FE32E6D4C290D05B9D2182667C39C6B9FE3FE1D7631D861FA3E0AAAF1DA222,1.36945145841564e-06,6.24398126128757e-06,1251312.7109375,65866217207,2,1.89977922522096e-05,treat_2013,2013,FALSE,FALSE
3BE59C35E1BFCEE14744A27D1026D2E8F5690AEFBA6276A6EFADA053A2D4F534,2015,7A01DDE298CB1AB8AAB6B60D8755E5997F415CEF475BD9887E027BDBD80E1B41,4.60822786867951e-05,0D8E6484CB9716B07B6C77FDAD4D31811A9B3082E8A56ED31A4A3CE3BD08F828,0,4.60822786867951e-05,5320266.0625,65866217207,2,8.0773821362472e-05,treat_2013,2013,FALSE,FALSE
3BE59C35E1BFCEE14744A27D1026D2E8F5690AEFBA6276A6EFADA053A2D4F534,3511,24E802F3A30E1B661E2FD8A850783BD425F2F01A17F66D42FAE4EC94C4E4C8D5,0.00523159402595964,1176833D889F1BBF11D8D7B4116C8CCB7EA2C40129230716E9D7EF3F2998A4C9,0,0.00523159402595964,47182666.75,65866217207,2,0.000716340921806963,treat_2013,2013,FALSE,TRUE
3BE59C35E1BFCEE14744A27D1026D2E8F5690AEFBA6276A6EFADA053A2D4F534,7112,0A34A8A9107FF70BC93E025A5237A6C6656170DE09B68276578A1653C672D716,0.00616514624675381,A028C2A013EE9C725BCB1153CB27B6E54E2ECDCD21850984283B45EDE14173D9,0,0.00616514624675381,4980089.83056641,65866217207,2,7.56091672141321e-05,treat_2013,2013,FALSE,TRUE
443465ED713331FE0B77A34B12539C2140C79B9FDAF32C7BFD83776E10501445,1031,A1E9FE762ACC4DE886908DD38F550AAC93E153911553A0EE13701CA7E35CD778,7.61343271970321e-06,781DDBF220914771C108CE716159C411A65053A91F89898E330CB0229771CCE6,0,7.61343271970321e-06,1361628.609375,518662353,2,0.00262526979546364,treat_2013,2013,FALSE,FALSE
498FD2A258C8D6DFB80A2FE67F2735F8D3759EC9C94FBE7443F5B48988B06E54,3511,24E802F3A30E1B661E2FD8A850783BD425F2F01A17F66D42FAE4EC94C4E4C8D5,0.00523159402595964,07397C569A6F3EE3D320F358AC14FDDA7968E82875635449E3BD95D1834FC0E5,0,0.00523159402595964,23544604,1502585128,2,0.0156693977341163,treat_2013,2013,FALSE,TRUE
4C4AFA11F7CFB164582811756F70B0C08F76AA402E3112B966D24AEC0EF417AD,2015,7A01DDE298CB1AB8AAB6B60D8755E5997F415CEF475BD9887E027BDBD80E1B41,4.60822786867951e-05,0D8E6484CB9716B07B6C77FDAD4D31811A9B3082E8A56ED31A4A3CE3BD08F828,0,4.60822786867951e-05,77071.580078125,2518556148,2,3.06014936928557e-05,treat_2013,2013,FALSE,FALSE
4CE683198D1988956A9467C38F7C31A77267B4563430CEF1229B83E2C35DCB2E,3511,24E802F3A30E1B661E2FD8A850783BD425F2F01A17F66D42FAE4EC94C4E4C8D5,0.00523159402595964,3BE59C35E1BFCEE14744A27D1026D2E8F5690AEFBA6276A6EFADA053A2D4F534,0.000107486816462379,0.00512410720949726,2369393.27999878,553349637,2,0.00428190988403735,treat_2013,2013,FALSE,TRUE
4F041995909348A972258A49F0EA4DD0F1AEE47DA660396688699BE3C5B383F6,2015,7A01DDE298CB1AB8AAB6B60D8755E5997F415CEF475BD9887E027BDBD80E1B41,4.60822786867951e-05,0D8E6484CB9716B07B6C77FDAD4D31811A9B3082E8A56ED31A4A3CE3BD08F828,0,4.60822786867951e-05,1072805.203125,1291419475,2,0.000830717844893117,treat_2013,2013,FALSE,FALSE
5B62B2ACB0C9D2FA749C81D43481D120BE7CE506A5EED1BE9279D42D776C7E46,1031,EDDFC65124756994667D25645FEAF7C299F0F2020BD0AF5797C30FB1C6970203,0.0001545429363705,E960E6FEE8969FB7389229FEC9909A4AE8924C8D288A1D7C78D5252939037603,0,0.0001545429363705,10428169.1855469,197532232,2,0.0527922409419587,treat_2013,2013,TRUE,TRUE
648B6285AF072F95A47296A5F6B2ED0F033063B5034F78B51A7A8AAA82ABECE6,1031,A1E9FE762ACC4DE886908DD38F550AAC93E153911553A0EE13701CA7E35CD778,7.61343271970321e-06,E960E6FEE8969FB7389229FEC9909A4AE8924C8D288A1D7C78D5252939037603,0,7.61343271970321e-06,1785564.4453125,583668077,2,0.00305921210303318,treat_2013,2013,FALSE,FALSE
65131DA16F26415E3FEAE77CDC495EBCBE8CDE6042C6696D620D73DF40AD7CCF,2015,7A01DDE298CB1AB8AAB6B60D8755E5997F415CEF475BD9887E027BDBD80E1B41,4.60822786867951e-05,0D8E6484CB9716B07B6C77FDAD4D31811A9B3082E8A56ED31A4A3CE3BD08F828,0,4.60822786867951e-05,355211.72265625,1083565267,2,0.000327817560671451,treat_2013,2013,FALSE,FALSE
6854DA9859C37927F4019AACD32C75C31AD6F02AF47E932DF02F759931F0E951,2320,E226414FE7AEDCA3ED6AE8C253A524C2A6477FFCB93D320BB29F88459BA7680E,8.73624248467786e-05,2735C87CDC0E263DCEB69A96CC13FFADDD99B1FAF5A214C67336CB60C79503B0,0,8.73624248467786e-05,524213.59375,146898805,2,0.0035685354537091,treat_2013,2013,FALSE,TRUE
68A2F4B84714EC1829E0AC28D29F204FDEBFF70F71F2A22FDE65461FF3ADDDFF,2320,E226414FE7AEDCA3ED6AE8C253A524C2A6477FFCB93D320BB29F88459BA7680E,8.73624248467786e-05,2735C87CDC0E263DCEB69A96CC13FFADDD99B1FAF5A214C67336CB60C79503B0,0,8.73624248467786e-05,2456239.96484375,9241769331,2,0.000265775943639352,treat_2013,2013,FALSE,TRUE
70FE32E6D4C290D05B9D2182667C39C6B9FE3FE1D7631D861FA3E0AAAF1DA222,1031,A1E9FE762ACC4DE886908DD38F550AAC93E153911553A0EE13701CA7E35CD778,7.61343271970321e-06,70FE32E6D4C290D05B9D2182667C39C6B9FE3FE1D7631D861FA3E0AAAF1DA222,1.36945145841564e-06,6.24398126128757e-06,3055819.91796875,125597734,2,0.0243302153681272,treat_2013,2013,TRUE,FALSE
781DDBF220914771C108CE716159C411A65053A91F89898E330CB0229771CCE6,1031,A1E9FE762ACC4DE886908DD38F550AAC93E153911553A0EE13701CA7E35CD778,7.61343271970321e-06,E960E6FEE8969FB7389229FEC9909A4AE8924C8D288A1D7C78D5252939037603,0,7.61343271970321e-06,4055308.09521484,206291510,2,0.0196581434457232,treat_2013,2013,FALSE,FALSE
7A01DDE298CB1AB8AAB6B60D8755E5997F415CEF475BD9887E027BDBD80E1B41,2015,7A01DDE298CB1AB8AAB6B60D8755E5997F415CEF475BD9887E027BDBD80E1B41,4.60822786867951e-05,65350096EB3BC6ABE1C322B2A13FAEE0CC72EBFF484CEB99AA8115B475AEDB8A,0,4.60822786867951e-05,4028506.9375,531592636,2,0.00757818424237916,treat_2013,2013,FALSE,FALSE
7C817AFC7C6D0E08FD60CF015FEFF91954B125FD48E134DE10C90551BDC14D12,2014,3C8F64AD580757BBF770B04BD52CCCE6D586313EFCC2A4893B9131A2D9846D30,5.42230381922028e-05,1F483A266A23939DCB5E89BFE3287E0B0F92AA045D5C0D5A6EE2A55246D81416,0,5.42230381922028e-05,166010552.039063,886791885,2,0.187203508339572,treat_2013,2013,TRUE,FALSE
83EF4B50AC15D4BECE9C97DA8BECD2A6FAAC7049AAE59F893F2577B461792A16,2444,9B43410201CE09CB26C572270E1B2418216ACA95142E50069DE00EC17DD07189,1.24545368133439e-05,387E9F4FB003C1750F4D9FFA33CB0062B0884FAFD07A70B4FA087D840A9EE79D,0,1.24545368133439e-05,634798147,8464397611,2,0.0749962579941946,treat_2013,2013,TRUE,FALSE
91EC638BAEE6C0547B5CD3A38EA010251CF846F1DAC5B46C2DEBAA30174CD56E,1031,A1E9FE762ACC4DE886908DD38F550AAC93E153911553A0EE13701CA7E35CD778,7.61343271970321e-06,781DDBF220914771C108CE716159C411A65053A91F89898E330CB0229771CCE6,0,7.61343271970321e-06,415038.98828125,108183286,2,0.00383644279654484,treat_2013,2013,FALSE,FALSE
94017B9E62CF2DD7184E06909A4451225FEEB88ED86B19429927E7E0CE36D9AA,2015,7A01DDE298CB1AB8AAB6B60D8755E5997F415CEF475BD9887E027BDBD80E1B41,4.60822786867951e-05,0D8E6484CB9716B07B6C77FDAD4D31811A9B3082E8A56ED31A4A3CE3BD08F828,0,4.60822786867951e-05,8185432.90625,153815044,2,0.0532160749260001,treat_2013,2013,TRUE,FALSE
9667C5CF58D6CB9771EC341CAB64A74403932D3C04CA637E179C6732494E3956,1031,A1E9FE762ACC4DE886908DD38F550AAC93E153911553A0EE13701CA7E35CD778,7.61343271970321e-06,91EC638BAEE6C0547B5CD3A38EA010251CF846F1DAC5B46C2DEBAA30174CD56E,0,7.61343271970321e-06,3963039.76367188,304082620,2,0.0130327730130445,treat_2013,2013,FALSE,FALSE
9B43410201CE09CB26C572270E1B2418216ACA95142E50069DE00EC17DD07189,2320,E226414FE7AEDCA3ED6AE8C253A524C2A6477FFCB93D320BB29F88459BA7680E,8.73624248467786e-05,2735C87CDC0E263DCEB69A96CC13FFADDD99B1FAF5A214C67336CB60C79503B0,0,8.73624248467786e-05,135315.490234375,5799814243,2,2.33310041606405e-05,treat_2013,2013,FALSE,TRUE
9C0362DF414FCE539D1971F13460C5726B978F5842FD946D821DB58B8E1D7CD2,2015,7A01DDE298CB1AB8AAB6B60D8755E5997F415CEF475BD9887E027BDBD80E1B41,4.60822786867951e-05,0D8E6484CB9716B07B6C77FDAD4D31811A9B3082E8A56ED31A4A3CE3BD08F828,0,4.60822786867951e-05,388254,148700000,2,0.00261098856758574,treat_2013,2013,FALSE,FALSE
9F72F5EC2B91E6C8B9016E1CE52960C84D7C404F13131CBF0C0C1E05E418F250,3511,3BE59C35E1BFCEE14744A27D1026D2E8F5690AEFBA6276A6EFADA053A2D4F534,0.000107486816462379,B0912D50D01782D7082CD51D0001C433B9BF156D6BE6A09D6012F3AD5FD7D3F6,0,0.000107486816462379,8568777.18008423,575400849,2,0.0148918396540013,treat_2013,2013,FALSE,TRUE
A1E9FE762ACC4DE886908DD38F550AAC93E153911553A0EE13701CA7E35CD778,1031,A1E9FE762ACC4DE886908DD38F550AAC93E153911553A0EE13701CA7E35CD778,7.61343271970321e-06,781DDBF220914771C108CE716159C411A65053A91F89898E330CB0229771CCE6,0,7.61343271970321e-06,89218634.5859375,751566371,2,0.118710253716152,treat_2013,2013,TRUE,FALSE
A7E4D6C8E4978F81C59A9CE76EFE1AB662AA0F95691E0D49AD6026B12053E721,2444,9B43410201CE09CB26C572270E1B2418216ACA95142E50069DE00EC17DD07189,1.24545368133439e-05,F2A301FA43E273E3239D410F9F01BC528349707024EFD30B2FDEE8B9E661A155,0,1.24545368133439e-05,118788257.25,764193694,2,0.155442603338206,treat_2013,2013,TRUE,FALSE
AAEE7A0BCBE72A758DECD010C6BB77D07962734CC24B10ED40C403CDE97D5EB3,1031,A1E9FE762ACC4DE886908DD38F550AAC93E153911553A0EE13701CA7E35CD778,7.61343271970321e-06,5B62B2ACB0C9D2FA749C81D43481D120BE7CE506A5EED1BE9279D42D776C7E46,0,7.61343271970321e-06,8897.85009765625,119275473,2,7.45991600272778e-05,treat_2013,2013,FALSE,FALSE
AE66A9EFBEBE6A9A61571C04995743B1E6F7AC1101DA3F8939D8877725059A04,1031,A1E9FE762ACC4DE886908DD38F550AAC93E153911553A0EE13701CA7E35CD778,7.61343271970321e-06,781DDBF220914771C108CE716159C411A65053A91F89898E330CB0229771CCE6,0,7.61343271970321e-06,393147.76171875,100969507,2,0.00389372765501123,treat_2013,2013,FALSE,FALSE
AFCA27A1F1BB2F7C605C4B1753142D734EB685C1A44B33B33D43D3893BB18C10,2016,8AD8CD6E2A5082CF7EE48D06DBC38617A85AA8D5CA2A7DAF9CAA2192C4E300C7,1.7652528018918e-06,1F8A0500E1143FC1BAD7F4E8156D76B2CBA7929181B47F0D4B2C50981DEB10EC,0,1.7652528018918e-06,17072901.9399414,1575361878,2,0.0108374476863794,treat_2013,2013,FALSE,FALSE
B3E0FD522207C8C5AEA81FC57D6965D5D991ADD89876A1705055DD7AAB7EEFC7,2015,7A01DDE298CB1AB8AAB6B60D8755E5997F415CEF475BD9887E027BDBD80E1B41,4.60822786867951e-05,0D8E6484CB9716B07B6C77FDAD4D31811A9B3082E8A56ED31A4A3CE3BD08F828,0,4.60822786867951e-05,731052.814453125,227040503,2,0.00321992245785821,treat_2013,2013,FALSE,FALSE
B6EFE016EC0C2668A7AFF8E5A70FF3033726E8022ED5F7F6F46628DC3A427E7C,1031,A1E9FE762ACC4DE886908DD38F550AAC93E153911553A0EE13701CA7E35CD778,7.61343271970321e-06,91EC638BAEE6C0547B5CD3A38EA010251CF846F1DAC5B46C2DEBAA30174CD56E,0,7.61343271970321e-06,3186899.37988281,8232644384,2,0.000387105191386196,treat_2013,2013,FALSE,FALSE
B6EFE016EC0C2668A7AFF8E5A70FF3033726E8022ED5F7F6F46628DC3A427E7C,1039,EA1B2625F236F386C8047A4FF05EEFA589BC2737825902CB44BC003C61070512,8.57822218278601e-07,9667C5CF58D6CB9771EC341CAB64A74403932D3C04CA637E179C6732494E3956,0,8.57822218278601e-07,5066784.125,8232644384,2,0.000615450381270835,treat_2013,2013,FALSE,FALSE
B9E46A6B62A0DEA407F94958C0B98973CC54B31973F54BAD759DEECF9143CB7C,3511,3BE59C35E1BFCEE14744A27D1026D2E8F5690AEFBA6276A6EFADA053A2D4F534,0.000107486816462379,07397C569A6F3EE3D320F358AC14FDDA7968E82875635449E3BD95D1834FC0E5,0,0.000107486816462379,1104660.4362793,97187445,2,0.0113662874487471,treat_2013,2013,FALSE,TRUE
C081B6928443B6904E8522B0BD5FE095F8AFB35C568AB61E0CB4F6D61A9FECE6,3511,24E802F3A30E1B661E2FD8A850783BD425F2F01A17F66D42FAE4EC94C4E4C8D5,0.00523159402595964,3BE59C35E1BFCEE14744A27D1026D2E8F5690AEFBA6276A6EFADA053A2D4F534,0.000107486816462379,0.00512410720949726,162971.887695313,4834395860,2,3.37109108179884e-05,treat_2013,2013,FALSE,TRUE
C9210078CEE580FDD0812518371FC8B5E11A493EF54D24394419069892A286C3,2320,E226414FE7AEDCA3ED6AE8C253A524C2A6477FFCB93D320BB29F88459BA7680E,8.73624248467786e-05,2735C87CDC0E263DCEB69A96CC13FFADDD99B1FAF5A214C67336CB60C79503B0,0,8.73624248467786e-05,27429.8793945313,310208767,2,8.84239335329013e-05,treat_2013,2013,FALSE,TRUE
CF4DB84513AB8C68511709D7B79224804195F0EC9A517C786AE4CECB82E699CA,1089,40373FF2604A156C93922C1CDE8C3D74A3B4CAC9C582D5C77BE7882A04E44797,0.000445069962383736,2012B56B78A86E60DACB2A36ED56563CB3DFD62C5C2534A493C07ED04F227417,0,0.000445069962383736,2324732.40625,77805744,2,0.0298786733052768,treat_2013,2013,TRUE,TRUE
D2B4170185D739578CFE35C674E99CDBC29EA8FDB38E30F205B1E46260E0650E,2015,7A01DDE298CB1AB8AAB6B60D8755E5997F415CEF475BD9887E027BDBD80E1B41,4.60822786867951e-05,0D8E6484CB9716B07B6C77FDAD4D31811A9B3082E8A56ED31A4A3CE3BD08F828,0,4.60822786867951e-05,363127.340576172,33780284,2,0.010749682879403,treat_2013,2013,FALSE,FALSE
D3B615A03010104B09E4C88B29B0A80A823664C2897B33D069EBA714719DF84B,1031,A1E9FE762ACC4DE886908DD38F550AAC93E153911553A0EE13701CA7E35CD778,7.61343271970321e-06,70FE32E6D4C290D05B9D2182667C39C6B9FE3FE1D7631D861FA3E0AAAF1DA222,1.36945145841564e-06,6.24398126128757e-06,962449.09375,4717646.5,1,0.204010430571684,treat_2013,2013,TRUE,FALSE
D6087F6F564F9EB41A21C09C34F0F42832CCF196F8F173AAD398683A64316F4A,3511,24E802F3A30E1B661E2FD8A850783BD425F2F01A17F66D42FAE4EC94C4E4C8D5,0.00523159402595964,3BE59C35E1BFCEE14744A27D1026D2E8F5690AEFBA6276A6EFADA053A2D4F534,0.000107486816462379,0.00512410720949726,512629168,6698633444,2,0.0765274249271192,treat_2013,2013,TRUE,TRUE
E13616454E4BF3380DD212D13614225515EF33F6F9CFECA55E3C83D914B311D0,2015,7A01DDE298CB1AB8AAB6B60D8755E5997F415CEF475BD9887E027BDBD80E1B41,4.60822786867951e-05,0D8E6484CB9716B07B6C77FDAD4D31811A9B3082E8A56ED31A4A3CE3BD08F828,0,4.60822786867951e-05,64083810.1875,480156020,2,0.133464556348788,treat_2013,2013,TRUE,FALSE
E59F3C68EBE515BF1D63F2F3849BF72F083EC1573D48A557002A09FCF8DD50A8,2015,7A01DDE298CB1AB8AAB6B60D8755E5997F415CEF475BD9887E027BDBD80E1B41,4.60822786867951e-05,0D8E6484CB9716B07B6C77FDAD4D31811A9B3082E8A56ED31A4A3CE3BD08F828,0,4.60822786867951e-05,2358864.92578125,115853088,2,0.0203608291026412,treat_2013,2013,FALSE,FALSE
E7FC48CB1FB093AFEC490CB8E5551CD881007D0E7BF6DA944B4DC4B2A5944804,2561,25E712961A61C8E1F564C09690993ECE21603E84BDFB59A05BAE9BB1927C402E,5.01476684006405e-05,D7230F0BAEECDD8C3CACDE54F6F005CD1E592E648538735E5DA24A0B5694A055,0,5.01476684006405e-05,148865,539005615,2,0.000276184506909079,treat_2013,2013,FALSE,FALSE
E9178E845B09F89939C8E5085FC0C2821B3251D7F65EB128CA34132B682F5423,2320,E226414FE7AEDCA3ED6AE8C253A524C2A6477FFCB93D320BB29F88459BA7680E,8.73624248467786e-05,2735C87CDC0E263DCEB69A96CC13FFADDD99B1FAF5A214C67336CB60C79503B0,0,8.73624248467786e-05,721781.515625,976966456,2,0.000738798667233873,treat_2013,2013,FALSE,TRUE
EA1B2625F236F386C8047A4FF05EEFA589BC2737825902CB44BC003C61070512,1039,EA1B2625F236F386C8047A4FF05EEFA589BC2737825902CB44BC003C61070512,8.57822218278601e-07,9667C5CF58D6CB9771EC341CAB64A74403932D3C04CA637E179C6732494E3956,0,8.57822218278601e-07,867640.765625,385860838,2,0.00224858467141203,treat_2013,2013,FALSE,FALSE
EFD73DAD6F8998209721807EF3E22D15847BC9046380DBEBCB4A10F5234013DA,1031,A1E9FE762ACC4DE886908DD38F550AAC93E153911553A0EE13701CA7E35CD778,7.61343271970321e-06,E960E6FEE8969FB7389229FEC9909A4AE8924C8D288A1D7C78D5252939037603,0,7.61343271970321e-06,44253.2302246094,56701886,2,0.000780454290790422,treat_2013,2013,FALSE,FALSE
EFEF2006408C9BF676E67DFD79CA4AC8F4E2236396773A1B07910F455A630AEE,1013,D362B2967F300FCA01BBEE859B18214A1B723CE0FBEC3E2DE5FFAA17EDC65A13,4.74061740594392e-06,6B0BEE46734492AB3CC2DBB22EE1D5F87E60115FDA6CB87D9BE9E9517859FDC7,0,4.74061740594392e-06,1150150.65625,104802918,2,0.0109744144361515,treat_2013,2013,FALSE,FALSE
F13FD771AC8CC4A7E3399ED76B79B31E925D00F83A00941ADBCA043E167F0DA5,1039,EA1B2625F236F386C8047A4FF05EEFA589BC2737825902CB44BC003C61070512,8.57822218278601e-07,9667C5CF58D6CB9771EC341CAB64A74403932D3C04CA637E179C6732494E3956,0,8.57822218278601e-07,90348.1396484375,72402634,2,0.00124785708277461,treat_2013,2013,FALSE,FALSE
F8F1FAA7804D5A5B8495B44A8586C93F19689545D2D96B5CBBB19221519EC076,2015,7A01DDE298CB1AB8AAB6B60D8755E5997F415CEF475BD9887E027BDBD80E1B41,4.60822786867951e-05,65350096EB3BC6ABE1C322B2A13FAEE0CC72EBFF484CEB99AA8115B475AEDB8A,0,4.60822786867951e-05,427517071.149902,14456086963,2,0.0295734988482099,treat_2013,2013,TRUE,FALSE
FBBAE30BA91C2815D3C929046574BC83F9154905DFEE1D10C9A413585C9CB50A,2015,7A01DDE298CB1AB8AAB6B60D8755E5997F415CEF475BD9887E027BDBD80E1B41,4.60822786867951e-05,0D8E6484CB9716B07B6C77FDAD4D31811A9B3082E8A56ED31A4A3CE3BD08F828,0,4.60822786867951e-05,586656.328125,121645935,1,0.00482265460103537,treat_2013,2013,FALSE,FALSE
FCF30B082573F97E8F74E57B1A478C7724711244FF3A60C64ECA2ECB6463064B,1031,A1E9FE762ACC4DE886908DD38F550AAC93E153911553A0EE13701CA7E35CD778,7.61343271970321e-06,70FE32E6D4C290D05B9D2182667C39C6B9FE3FE1D7631D861FA3E0AAAF1DA222,1.36945145841564e-06,6.24398126128757e-06,381948.689453125,17072581,2,0.0223720531449302,treat_2013,2013,FALSE,FALSE
FEA23619C9CA055D4CE6052BDFD4696D6DE3EFD450237458C028D85DA3ECA980,1031,A1E9FE762ACC4DE886908DD38F550AAC93E153911553A0EE13701CA7E35CD778,7.61343271970321e-06,5B62B2ACB0C9D2FA749C81D43481D120BE7CE506A5EED1BE9279D42D776C7E46,0,7.61343271970321e-06,26537.509765625,271105674,2,9.78862204323507e-05,treat_2013,2013,FALSE,FALSE
01ADB44BA43E16EBF2F8CF5B6F7E07BCB318D92166D380EC8283E42D47052E33,2365,67863B92FB29A53B4F85034E41DF069DCCE2E96E963396F391424D73021DCAC2,0.000208018857469999,1699301EC2767FC1FF82337B41AE8E16B093A1C04259532BBCCFCBA1D82BA80F,2.1864947544599e-05,0.0001861539099254,1277490.15,99757438,2,0.0128059639021604,treat_2017,2017,FALSE,TRUE
01F2B0B3F7BAD9F8285A6E56F94211AB7FA80D574E5FA1F74F9FF6DF342CC0BF,4211,BD82BA2061C72EB2FDFC34AD831B7A0E33C57B6587E1D690B5308EB60182A371,1.04491078317667e-05,CC17A49A3D2D52F3D8C1CEB869CCA5096C549CFAE3A0D6CB09EA694C2F81F81F,0,1.04491078317667e-05,2160227.11,10466239,2,0.206399558618908,treat_2017,2017,TRUE,FALSE
03C2F8EBEFFAC11E770D85E82485F76642EA0BF2914C018154D0A369C7BF7FAF,2351,B8FDF1A99C14812F711B9B01A2C27EC7B85C6A71A20AB98121F00747A42E5B58,0.000103038803811996,1EB11C8C03D563589A1E83AF2856341DABF421EDF816A205EC6A0E9C90EACF10,0,0.000103038803811996,1517.75,389030517,2,3.90136488958269e-06,treat_2017,2017,FALSE,FALSE
03C2F8EBEFFAC11E770D85E82485F76642EA0BF2914C018154D0A369C7BF7FAF,4322,A0B44CF8258D0A44D27D379D0CD4B5D173FC1457A2B18D84A999423522AED2D2,3.52989529924418e-05,8DF5F00E3294F3D1BD1E7EA67754212E373670DF333D1A835A44C57D6CB9B4D8,0,3.52989529924418e-05,3055.65,389030517,2,7.85452520168232e-06,treat_2017,2017,FALSE,FALSE
060E7B38352289E781F61CC259B557CB6CB65E5006A476CB80EDFE7114BC286D,2014,7377A1DCBC87F5E28F2563A4F72835A4C3FB9C436AE288E420C188779E4AFD9B,0.000409655665552639,F8F1FAA7804D5A5B8495B44A8586C93F19689545D2D96B5CBBB19221519EC076,0,0.000409655665552639,122943281.22,226110851,2,0.543730124743107,treat_2017,2017,TRUE,TRUE
083C42AB940BBCC0A3859BC45EFA25AD9C63D65F877E10CBE66F9633B7E83442,1031,E960E6FEE8969FB7389229FEC9909A4AE8924C8D288A1D7C78D5252939037603,1.58986599678024e-05,781DDBF220914771C108CE716159C411A65053A91F89898E330CB0229771CCE6,0,1.58986599678024e-05,272111.52,1190898021,2,0.000228492713231237,treat_2017,2017,FALSE,FALSE
083C42AB940BBCC0A3859BC45EFA25AD9C63D65F877E10CBE66F9633B7E83442,1039,EA1B2625F236F386C8047A4FF05EEFA589BC2737825902CB44BC003C61070512,4.48878231599981e-05,9667C5CF58D6CB9771EC341CAB64A74403932D3C04CA637E179C6732494E3956,0,4.48878231599981e-05,138611.71,1190898021,2,0.000116392594122885,treat_2017,2017,FALSE,FALSE
083C42AB940BBCC0A3859BC45EFA25AD9C63D65F877E10CBE66F9633B7E83442,1051,1A197756250775389BD4ECBD644856B19F0024EE36CFDF5AB1599882260983EE,8.70639900246024e-05,2EA5AB1710B2C07A0559C4D607230AEE3A896C7A33156792015D2C79268E4D7A,0,8.70639900246024e-05,5271772.71,1190898021,2,0.00442672052269705,treat_2017,2017,FALSE,FALSE
083C42AB940BBCC0A3859BC45EFA25AD9C63D65F877E10CBE66F9633B7E83442,1089,40373FF2604A156C93922C1CDE8C3D74A3B4CAC9C582D5C77BE7882A04E44797,8.43249664590945e-05,744E634B1247C6B92F948B152F943E4A2DD5ACE37D964DED03CA783A0B64BEF9,0,8.43249664590945e-05,249887.69,1190898021,2,0.000209831308469359,treat_2017,2017,FALSE,FALSE
083C42AB940BBCC0A3859BC45EFA25AD9C63D65F877E10CBE66F9633B7E83442,1105,A2D0C13790C3E409C825E25214303B2E0AB0A1071E3E1997C5F73FCE2D5E2BDC,1.03465140882384e-05,539DFF8A5B778AB035491D14825C7B39DA46F67FAB72F13B77AEF41EB8525850,0,1.03465140882384e-05,8153392.93,1190898021,2,0.0068464241154365,treat_2017,2017,FALSE,FALSE
083C42AB940BBCC0A3859BC45EFA25AD9C63D65F877E10CBE66F9633B7E83442,1107,32424075741922469453FAD31C3E5A3FC8FB96E6E14ACF83BA40B2F0B4770F80,2.17596979039937e-05,1CB37AB74478F9C217EFCFDA2843A640F506101BDE944EFD19E87241396C4A1C,0,2.17596979039937e-05,18272751.36,1190898021,2,0.0153436743010592,treat_2017,2017,FALSE,FALSE
083C42AB940BBCC0A3859BC45EFA25AD9C63D65F877E10CBE66F9633B7E83442,1722,1745374E09DBF271136A572D482D683EFC56C0DDAD78546E8A3B3C4C6D94F1F5,3.90735085943156e-05,231728AE658DF5F67DE00CBD2B6F24F04EF33377DE281117BBA359DFB4CEA28C,1.85315646549942e-05,2.05419439393214e-05,4622870.55,1190898021,2,0.00388183578147033,treat_2017,2017,FALSE,FALSE
083C42AB940BBCC0A3859BC45EFA25AD9C63D65F877E10CBE66F9633B7E83442,4211,BD82BA2061C72EB2FDFC34AD831B7A0E33C57B6587E1D690B5308EB60182A371,1.04491078317667e-05,D2E36629C57DE7C3DE50105733271BC0699A14DC45E956E39883988835BB92F2,0,1.04491078317667e-05,286805.29,1190898021,2,0.000240831108073527,treat_2017,2017,FALSE,FALSE
0A45FA9EAFA155A652DCAFBA08DF9B4BF701E30ABBB57BF7718BB47DF84207A5,2014,381129D2BACBFFE88AA47CF43AAB8B0205C90F8E3B8F55424F7421B3BB765AE7,3.70529576586508e-06,91738BC31E8682337A567C344417306B4025B0A737D605FC612A6F338F21D854,0,3.70529576586508e-06,1860401.17,1115521810,2,0.00166774074099008,treat_2017,2017,FALSE,FALSE
0AABE45F4FB603AEFF53DCD7E191AED36467BD28C51C0AAB83550B4DE8F2B90A,2351,B8FDF1A99C14812F711B9B01A2C27EC7B85C6A71A20AB98121F00747A42E5B58,0.000103038803811996,1EB11C8C03D563589A1E83AF2856341DABF421EDF816A205EC6A0E9C90EACF10,0,0.000103038803811996,1358924.54,33087116,2,0.0410711087663246,treat_2017,2017,TRUE,FALSE
0BDFE5EAA496435F87A696788887950D9BD6AA745A2C6C95533B08641C33E65D,1062,DCF3F0DD9DF652FC8B064F143BE61B6316597A64B4E743D24B0030BAF9B79803,6.15850136977239e-05,035CBC50BAA9F51750D5267F66949E7C978592125DF630D7C4C9159BB0F9A4BF,0,6.15850136977239e-05,1866935.18,148259502,2,0.0125923475717597,treat_2017,2017,FALSE,FALSE
0D8E6484CB9716B07B6C77FDAD4D31811A9B3082E8A56ED31A4A3CE3BD08F828,2014,2A70DBCD110EDD6E2E83D454D79E47D9BA81845955CFE8E1E03BF1D0EA7BCBC5,3.90209640781755e-05,AA87309A737CBB71FCAA97B6666221C793EEB9AAA338E4C5DC338835324DBB38,0,3.90209640781755e-05,48736203.96,807065446,2,0.0603869292156513,treat_2017,2017,TRUE,FALSE
0D8E6484CB9716B07B6C77FDAD4D31811A9B3082E8A56ED31A4A3CE3BD08F828,2352,233C29FA2E67D9E99661CF7ABDF39D6AC6BAEC0D61A8BF7ACA5B2A341DB24E7D,0.00126345506798275,A183E58FD6E9210A769556E997400F5AB2F8747CA368592DCFB4BB8B7CB10859,0,0.00126345506798275,2393421.05,807065446,2,0.00296558483808511,treat_2017,2017,FALSE,TRUE
0D8E6484CB9716B07B6C77FDAD4D31811A9B3082E8A56ED31A4A3CE3BD08F828,3511,539ECB9AED38AD4CD3B09BBE87B83D4D9E8F594BB312637157DF695847F9AFEC,0.0651715103243854,3BE59C35E1BFCEE14744A27D1026D2E8F5690AEFBA6276A6EFADA053A2D4F534,0.000444514994669268,0.0647269953297162,7311373.02,807065446,2,0.0090592071017745,treat_2017,2017,FALSE,TRUE
0DDB9AF83891A69613D1C08A28B90CBD44E7E5E58B56EC0085A8971935A577E0,1393,3EE54F1625227C67E1ED1E8AADCB8DB7E0EAC784F6B11595A589E00465C4C22D,6.44909989307547e-05,1CA094B752178A00D0DAB81D2B57AF833D16221A5E9AC38167100BC586216614,0,6.44909989307547e-05,245115.73,54678647,2,0.00448284190353137,treat_2017,2017,FALSE,FALSE
0E6E41DA993142E6DE05A8BAB736CDD2C61EFA0D04650E9F6C860FE4EA7242B8,1920,549DB4EF525043F50D2173C29347FE391310F9E0EA10DDE919839D19ABF1AABD,0.00155502566739442,125EA6B782DCCA982F2692424AE91CBA74A6BC3DB2028CDF4B30877325B3BAF1,0,0.00155502566739442,202133553.29,466010937,2,0.433752809732875,treat_2017,2017,TRUE,TRUE
0E6E41DA993142E6DE05A8BAB736CDD2C61EFA0D04650E9F6C860FE4EA7242B8,2014,0E6E41DA993142E6DE05A8BAB736CDD2C61EFA0D04650E9F6C860FE4EA7242B8,0.000836737872527657,61CE1E059D5C7F1EFB93A2EBFCF5C1706E402C91F3EC2954C003784C58232EDD,0,0.000836737872527657,7580031.57,466010937,2,0.0162657804102139,treat_2017,2017,FALSE,TRUE
0E6E41DA993142E6DE05A8BAB736CDD2C61EFA0D04650E9F6C860FE4EA7242B8,2016,1E9AFCCFC2BEB1136C929DD46B6D15743F76A4DE734C2977D9C9BE1F6C01766D,0.000357974396666644,876978BC4151C1DB54BE1D34705B6F021461037AB3941E1E61C579AB8066A28B,0,0.000357974396666644,266030.59,466010937,2,0.000570867696180272,treat_2017,2017,FALSE,TRUE
0F1BF1CA16192217AE75F4E399BCB6F4938B1D23382856CA1F7451AF0B4B828F,1393,D7E5CDFAAACF0B7F90CD7FBB7F8126EB1255FF5547B0834A227723386F131B08,0.000148685155751804,3EE54F1625227C67E1ED1E8AADCB8DB7E0EAC784F6B11595A589E00465C4C22D,6.44909989307547e-05,8.41941568210492e-05,5870.89,64891153,2,9.04728877293951e-05,treat_2017,2017,FALSE,FALSE
1061796C42F184760E3BAF45DC443875C42284348C2B209B70F02ED964EDAC7E,2014,CD862FFAF195F06877AE4815D81FDFFCB454147B4CAB0C53BD6FD33F3D619DF1,6.86980714825666e-05,7BD8DA430EC6A64C5278A5087EDDDCFD54EE849C1B904B1F1BFF9FE3FB8E5553,2.02112860527006e-06,6.66769428772966e-05,1230471.4,372505628,2,0.0033032290185962,treat_2017,2017,FALSE,FALSE
10F6851CCF2E156A95B4D8FA391B331913274D4134A5EA517422C7B5373AC346,1041,93E844FE1AC70363ACC25C875A81A3C2EE7ED2364EA24705F5D877FBB5C4CEE8,1.06163783434385e-05,F46066E01258FF3F093EB4B18BF23AC5C32E64EDFC95E3B65C43C26E311EBC72,0,1.06163783434385e-05,7783589.11,203580955,2,0.0382333853871547,treat_2017,2017,TRUE,FALSE
10F6851CCF2E156A95B4D8FA391B331913274D4134A5EA517422C7B5373AC346,2014,3C8F64AD580757BBF770B04BD52CCCE6D586313EFCC2A4893B9131A2D9846D30,0.000237274038919233,16F5C33D722C8396DEEAA73210AA5D428A395EB3621DB81F91EB3C9579FB8B4A,0,0.000237274038919233,1985647.44,203580955,2,0.00975360116568861,treat_2017,2017,FALSE,TRUE
10F6851CCF2E156A95B4D8FA391B331913274D4134A5EA517422C7B5373AC346,2015,7A01DDE298CB1AB8AAB6B60D8755E5997F415CEF475BD9887E027BDBD80E1B41,0.000568587529549804,0D8E6484CB9716B07B6C77FDAD4D31811A9B3082E8A56ED31A4A3CE3BD08F828,8.69235578696799e-05,0.000481663971680125,1079720.71,203580955,2,0.00530364301513371,treat_2017,2017,FALSE,TRUE
125EA6B782DCCA982F2692424AE91CBA74A6BC3DB2028CDF4B30877325B3BAF1,1920,549DB4EF525043F50D2173C29347FE391310F9E0EA10DDE919839D19ABF1AABD,0.00155502566739442,E5ABBAFE31944B33EB97FA66732B5A526F09B5C9B1CF3181F3361151C0AA9EB7,0,0.00155502566739442,1686002474.29,28573984640,2,0.0590048078884248,treat_2017,2017,TRUE,TRUE
125EA6B782DCCA982F2692424AE91CBA74A6BC3DB2028CDF4B30877325B3BAF1,2014,0E6E41DA993142E6DE05A8BAB736CDD2C61EFA0D04650E9F6C860FE4EA7242B8,0.000836737872527657,61CE1E059D5C7F1EFB93A2EBFCF5C1706E402C91F3EC2954C003784C58232EDD,0,0.000836737872527657,299404548.21,28573984640,2,0.0104782217804818,treat_2017,2017,FALSE,TRUE
152B67836FC81402118F1B5D4A87C12E3125AA873CDDE082CD6CFF26F3E96593,3511,3BE59C35E1BFCEE14744A27D1026D2E8F5690AEFBA6276A6EFADA053A2D4F534,0.000444514994669268,5347F3D4FE4117C4A647DD2DFB5FA5A0A1F483BB99719DE675F1297CD57F8A46,0,0.000444514994669268,112666,70906254,2,0.00158894305712441,treat_2017,2017,FALSE,TRUE
15B6D32B7474232D55C7E18944125467D63B5D7323395C16048F05C429FFCA51,2351,B8FDF1A99C14812F711B9B01A2C27EC7B85C6A71A20AB98121F00747A42E5B58,0.000103038803811996,1EB11C8C03D563589A1E83AF2856341DABF421EDF816A205EC6A0E9C90EACF10,0,0.000103038803811996,4221998.01,293050757,2,0.0144070537582675,treat_2017,2017,FALSE,FALSE
15B6D32B7474232D55C7E18944125467D63B5D7323395C16048F05C429FFCA51,2399,A44C7B695F2DAA9C1AF259527E3B73F5483420A4B1CB0C2E493C045EE27F601E,0.000164410286727756,50718D79C9F77E6F3F5941DA8BA2BF27DC3B371AEC3069E4679E58F20D84E7ED,0,0.000164410286727756,204750.77,293050757,2,0.00069868705372428,treat_2017,2017,FALSE,FALSE
15B6D32B7474232D55C7E18944125467D63B5D7323395C16048F05C429FFCA51,4211,BEA704951F78F6206B131BE9FACD666E66E5939910623E8580ACB79F4696442C,0.000136258727169874,93C8DA9C1D3467D45E207D48C038D8DBCA7AC78A4416AE622461E76ED52B5173,0,0.000136258727169874,1567375.26,293050757,2,0.0053484770899261,treat_2017,2017,FALSE,FALSE
15B6D32B7474232D55C7E18944125467D63B5D7323395C16048F05C429FFCA51,4673,2EDB84F873D1720009F7FE2B6EBFA04329C6829EDFD154525B24987A3D52E2AD,6.28853635044987e-05,D82FCA5EB77F34BBE9ECE5724738742F9A62D9FF275E1F76824004CA3EAE2729,0,6.28853635044987e-05,1149582.42,293050757,2,0.00392280993152323,treat_2017,2017,FALSE,FALSE
1699301EC2767FC1FF82337B41AE8E16B093A1C04259532BBCCFCBA1D82BA80F,2351,B8FDF1A99C14812F711B9B01A2C27EC7B85C6A71A20AB98121F00747A42E5B58,0.000103038803811996,E6FBC32059211E85E235011A5E8D4C5A37E54E298B13DE19262EF86E270E53FC,0,0.000103038803811996,11149437.4,357787275,2,0.0311621965873437,treat_2017,2017,TRUE,FALSE
1699301EC2767FC1FF82337B41AE8E16B093A1C04259532BBCCFCBA1D82BA80F,2365,67863B92FB29A53B4F85034E41DF069DCCE2E96E963396F391424D73021DCAC2,0.000208018857469999,3D49588D1918DFA4568937AEB2822B4167C073A07CB931AAE68628147C44CAE7,0,0.000208018857469999,428079.36,357787275,2,0.0011964633454334,treat_2017,2017,FALSE,TRUE
16F5C33D722C8396DEEAA73210AA5D428A395EB3621DB81F91EB3C9579FB8B4A,2352,233C29FA2E67D9E99661CF7ABDF39D6AC6BAEC0D61A8BF7ACA5B2A341DB24E7D,0.00126345506798275,13F626FCEEB1FD59AD5B43240916375573AC6AB3BA3E06035D546F6114C3CDD5,0.000486627052877571,0.000776828015105174,835385.86,357960169,2,0.00233373970722424,treat_2017,2017,FALSE,TRUE
19D0C27E90DE05558674786A9E5A3A6FA7E77A22D3A5BE19D32C9563E05F8B60,2015,7A01DDE298CB1AB8AAB6B60D8755E5997F415CEF475BD9887E027BDBD80E1B41,0.000568587529549804,0D8E6484CB9716B07B6C77FDAD4D31811A9B3082E8A56ED31A4A3CE3BD08F828,8.69235578696799e-05,0.000481663971680125,9813387.95,1175600426,2,0.00834755392475504,treat_2017,2017,FALSE,TRUE
19D0C27E90DE05558674786A9E5A3A6FA7E77A22D3A5BE19D32C9563E05F8B60,2352,233C29FA2E67D9E99661CF7ABDF39D6AC6BAEC0D61A8BF7ACA5B2A341DB24E7D,0.00126345506798275,A183E58FD6E9210A769556E997400F5AB2F8747CA368592DCFB4BB8B7CB10859,0,0.00126345506798275,4177478.41,1175600426,2,0.00355348494063918,treat_2017,2017,FALSE,TRUE
1C6EC1F8E25B016DB87AC7C6CDC9FD74E36F38CFD1673CB9480E1F9ED238F425,2014,0E6E41DA993142E6DE05A8BAB736CDD2C61EFA0D04650E9F6C860FE4EA7242B8,0.000836737872527657,B3A20E2273DC7AE07DEB357A124E3CFE5365D910D94F11E9DC63BA451FE92EE3,0,0.000836737872527657,169146077.38,48105434424,2,0.003516153204005,treat_2017,2017,FALSE,TRUE
1C6EC1F8E25B016DB87AC7C6CDC9FD74E36F38CFD1673CB9480E1F9ED238F425,4211,D4D2E1C06944A9D89BF42D277B9FA290B4D68A873FB82943562B733E4FDD2FB9,9.64854962281004e-06,0D3B12296FD0C5E795FD6F04F819DECBA9614EE0235A935F14059E26AA0657DD,0,9.64854962281004e-06,75624.44,48105434424,2,1.57205606612858e-06,treat_2017,2017,FALSE,FALSE
1CA094B752178A00D0DAB81D2B57AF833D16221A5E9AC38167100BC586216614,1393,D7E5CDFAAACF0B7F90CD7FBB7F8126EB1255FF5547B0834A227723386F131B08,0.000148685155751804,1CA094B752178A00D0DAB81D2B57AF833D16221A5E9AC38167100BC586216614,0,0.000148685155751804,7443871.04,265228168,2,0.0280659143262642,treat_2017,2017,TRUE,FALSE
1CB37AB74478F9C217EFCFDA2843A640F506101BDE944EFD19E87241396C4A1C,1051,24EC9B9D0111DCD6D335B5F1A858B1F4086C18CB005053FE84A5F27D5EA4B086,4.51665857375289e-05,2EA5AB1710B2C07A0559C4D607230AEE3A896C7A33156792015D2C79268E4D7A,0,4.51665857375289e-05,437986.31,2012440644,2,0.000217639368050847,treat_2017,2017,FALSE,FALSE
1CB37AB74478F9C217EFCFDA2843A640F506101BDE944EFD19E87241396C4A1C,1105,A2D0C13790C3E409C825E25214303B2E0AB0A1071E3E1997C5F73FCE2D5E2BDC,1.03465140882384e-05,539DFF8A5B778AB035491D14825C7B39DA46F67FAB72F13B77AEF41EB8525850,0,1.03465140882384e-05,4204087.1,2012440644,2,0.0020890489925923,treat_2017,2017,FALSE,FALSE
1CB37AB74478F9C217EFCFDA2843A640F506101BDE944EFD19E87241396C4A1C,4322,A0B44CF8258D0A44D27D379D0CD4B5D173FC1457A2B18D84A999423522AED2D2,3.52989529924418e-05,8DF5F00E3294F3D1BD1E7EA67754212E373670DF333D1A835A44C57D6CB9B4D8,0,3.52989529924418e-05,1230985.02,2012440644,2,0.000611687616064665,treat_2017,2017,FALSE,FALSE
1D699DC306BB8851F3FCC223F2508A68F5BAD44F84D30DBC4ADD6202F0BF7E13,2365,67863B92FB29A53B4F85034E41DF069DCCE2E96E963396F391424D73021DCAC2,0.000208018857469999,1699301EC2767FC1FF82337B41AE8E16B093A1C04259532BBCCFCBA1D82BA80F,2.1864947544599e-05,0.0001861539099254,563139.61,14814979,2,0.0380115024125245,treat_2017,2017,TRUE,TRUE
1DE6B567F3CBE927C0F65E41ACDDEBDEC239113598F9E4023791675633AF5C3F,2332,DFE84999859FA7A6205AF0220585AD1C09A9628C9E358622CBCEA2E6DACBBBF1,0.000395010468796854,79B63230F71E27B0B009FAEE092B4649C8CEF6C842DF1E9548C74ADA7F1A7DEB,9.84751746740705e-05,0.000296535294122783,102780.21,40012353,2,0.00256871196752663,treat_2017,2017,FALSE,TRUE
1DE6B567F3CBE927C0F65E41ACDDEBDEC239113598F9E4023791675633AF5C3F,2351,B8FDF1A99C14812F711B9B01A2C27EC7B85C6A71A20AB98121F00747A42E5B58,0.000103038803811996,1EB11C8C03D563589A1E83AF2856341DABF421EDF816A205EC6A0E9C90EACF10,0,0.000103038803811996,195924.9,40012353,2,0.00489661030432277,treat_2017,2017,FALSE,FALSE
1DF9568A6A423952768C45FC6F2650E3BCBC951B296CEB9C82A36E484A526A25,1062,DCF3F0DD9DF652FC8B064F143BE61B6316597A64B4E743D24B0030BAF9B79803,6.15850136977239e-05,AAEE7A0BCBE72A758DECD010C6BB77D07962734CC24B10ED40C403CDE97D5EB3,0,6.15850136977239e-05,2234452.43,137418424,2,0.0162602099846524,treat_2017,2017,FALSE,FALSE
1E1A82B4AF372BD8385AA46FE9E74ACC9677516019D082CB5AEE9ECF9A49CC5E,2014,CD862FFAF195F06877AE4815D81FDFFCB454147B4CAB0C53BD6FD33F3D619DF1,6.86980714825666e-05,7BD8DA430EC6A64C5278A5087EDDDCFD54EE849C1B904B1F1BFF9FE3FB8E5553,2.02112860527006e-06,6.66769428772966e-05,238162.09,398604878,2,0.000597489150647073,treat_2017,2017,FALSE,FALSE
1E44CC52285B69623C9CCB062BA9A78BAB4DD82BD18FFAC411FB7B652E5DB487,2014,0E6E41DA993142E6DE05A8BAB736CDD2C61EFA0D04650E9F6C860FE4EA7242B8,0.000836737872527657,AA87309A737CBB71FCAA97B6666221C793EEB9AAA338E4C5DC338835324DBB38,0,0.000836737872527657,1432971.64,178767716,2,0.00801583010659486,treat_2017,2017,FALSE,TRUE
1E9AFCCFC2BEB1136C929DD46B6D15743F76A4DE734C2977D9C9BE1F6C01766D,2014,7C0333AE08168E97C1DD68D98B8051A5C5C90D18245B4988A49F08062BC40274,0.000236105080801893,61CE1E059D5C7F1EFB93A2EBFCF5C1706E402C91F3EC2954C003784C58232EDD,0,0.000236105080801893,19868.92,231198099,2,8.59389419114558e-05,treat_2017,2017,FALSE,TRUE
1E9AFCCFC2BEB1136C929DD46B6D15743F76A4DE734C2977D9C9BE1F6C01766D,2352,233C29FA2E67D9E99661CF7ABDF39D6AC6BAEC0D61A8BF7ACA5B2A341DB24E7D,0.00126345506798275,13F626FCEEB1FD59AD5B43240916375573AC6AB3BA3E06035D546F6114C3CDD5,0.000486627052877571,0.000776828015105174,83260.93,231198099,2,0.000360128090845591,treat_2017,2017,FALSE,TRUE
1EB11C8C03D563589A1E83AF2856341DABF421EDF816A205EC6A0E9C90EACF10,2351,B8FDF1A99C14812F711B9B01A2C27EC7B85C6A71A20AB98121F00747A42E5B58,0.000103038803811996,E6FBC32059211E85E235011A5E8D4C5A37E54E298B13DE19262EF86E270E53FC,0,0.000103038803811996,7459603.12,495409406,2,0.0150574515333284,treat_2017,2017,FALSE,FALSE
1EB11C8C03D563589A1E83AF2856341DABF421EDF816A205EC6A0E9C90EACF10,2352,233C29FA2E67D9E99661CF7ABDF39D6AC6BAEC0D61A8BF7ACA5B2A341DB24E7D,0.00126345506798275,A183E58FD6E9210A769556E997400F5AB2F8747CA368592DCFB4BB8B7CB10859,0,0.00126345506798275,5632264.42,495409406,2,0.0113689089302434,treat_2017,2017,FALSE,TRUE
1EB11C8C03D563589A1E83AF2856341DABF421EDF816A205EC6A0E9C90EACF10,4211,A20718A1C5EDE23DDA5E6320129C83E1683DE48F1D318858856BE325EEE823C1,5.55692076673613e-05,D2E36629C57DE7C3DE50105733271BC0699A14DC45E956E39883988835BB92F2,0,5.55692076673613e-05,1012689.31,495409406,2,0.00204414631158618,treat_2017,2017,FALSE,FALSE
1F5CD2F411805AA9C31E6DBBC790907AB806F95C74B91117BB03BDB6C4271CE6,1393,50154C7B5E14CCEFC3EDBACF9AA6A051535C6A93E708805F4E988D33659168EB,1.13343454860175e-06,C783027837319E3C8845706B064F581E7067FCAF72473EE7FB02BA67E08AA8CC,0,1.13343454860175e-06,29614.24,12867388,2,0.00230149584360089,treat_2017,2017,FALSE,FALSE
1FF4BE36DA23ED1089F771723A6F25ACE00CFA2E444FBEB5B9881B54FB91D596,1051,24EC9B9D0111DCD6D335B5F1A858B1F4086C18CB005053FE84A5F27D5EA4B086,4.51665857375289e-05,67C71A34BC9C2E1ADF135CC03967BAB6FB12315731A70EAC4EB4794C325ACFF0,0,4.51665857375289e-05,1115731.07,1125338446,2,0.000991462678597582,treat_2017,2017,FALSE,FALSE
1FF4BE36DA23ED1089F771723A6F25ACE00CFA2E444FBEB5B9881B54FB91D596,1105,A2D0C13790C3E409C825E25214303B2E0AB0A1071E3E1997C5F73FCE2D5E2BDC,1.03465140882384e-05,539DFF8A5B778AB035491D14825C7B39DA46F67FAB72F13B77AEF41EB8525850,0,1.03465140882384e-05,78820.89,1125338446,2,7.00419418532867e-05,treat_2017,2017,FALSE,FALSE
1FF4BE36DA23ED1089F771723A6F25ACE00CFA2E444FBEB5B9881B54FB91D596,2014,381129D2BACBFFE88AA47CF43AAB8B0205C90F8E3B8F55424F7421B3BB765AE7,3.70529576586508e-06,7BD8DA430EC6A64C5278A5087EDDDCFD54EE849C1B904B1F1BFF9FE3FB8E5553,2.02112860527006e-06,1.68416716059502e-06,16774.16,1125338446,2,1.49058801462116e-05,treat_2017,2017,FALSE,FALSE
2067DC776D1DEE682E338D5BDF2FAFF656A199BA8C65B700D0772CD9404A28CF,2014,2A70DBCD110EDD6E2E83D454D79E47D9BA81845955CFE8E1E03BF1D0EA7BCBC5,3.90209640781755e-05,85824767204C92DFB37F36B5D9087A92328BD6A0092228B0AB8B89C227C24614,0,3.90209640781755e-05,203795.82,964998380,2,0.000211187732771116,treat_2017,2017,FALSE,FALSE
2067DC776D1DEE682E338D5BDF2FAFF656A199BA8C65B700D0772CD9404A28CF,2351,B8FDF1A99C14812F711B9B01A2C27EC7B85C6A71A20AB98121F00747A42E5B58,0.000103038803811996,1EB11C8C03D563589A1E83AF2856341DABF421EDF816A205EC6A0E9C90EACF10,0,0.000103038803811996,1074.25,964998380,2,1.11321430404888e-06,treat_2017,2017,FALSE,FALSE
2067DC776D1DEE682E338D5BDF2FAFF656A199BA8C65B700D0772CD9404A28CF,2352,233C29FA2E67D9E99661CF7ABDF39D6AC6BAEC0D61A8BF7ACA5B2A341DB24E7D,0.00126345506798275,A183E58FD6E9210A769556E997400F5AB2F8747CA368592DCFB4BB8B7CB10859,0,0.00126345506798275,412502.36,964998380,2,0.000427464303100695,treat_2017,2017,FALSE,TRUE
2067DC776D1DEE682E338D5BDF2FAFF656A199BA8C65B700D0772CD9404A28CF,4211,81A56728305B23CED4271E85C1C3CCF6F2680AF5231CABD61B3434FC40D6896D,4.09771610086498e-05,F66881D2CBD8F79CF3F2AEBA32FCB1CBAFC69DADD89FC0EC2BABF34D5CE910AB,0,4.09771610086498e-05,658536.16,964998380,2,0.000682422036812124,treat_2017,2017,FALSE,FALSE
2143DCDF48C485A5ED2D56CBEA8AED4B49D0BE62E07BC3509CE4E241A2213380,2351,B8FDF1A99C14812F711B9B01A2C27EC7B85C6A71A20AB98121F00747A42E5B58,0.000103038803811996,1EB11C8C03D563589A1E83AF2856341DABF421EDF816A205EC6A0E9C90EACF10,0,0.000103038803811996,175448.49,2982488,1,0.0588262182446333,treat_2017,2017,TRUE,FALSE
2272EA9DC4828BD578FDF57B3000B311159D79EEF4A33A617E395C987BB5F1AC,2014,7BD8DA430EC6A64C5278A5087EDDDCFD54EE849C1B904B1F1BFF9FE3FB8E5553,2.02112860527006e-06,91738BC31E8682337A567C344417306B4025B0A737D605FC612A6F338F21D854,0,2.02112860527006e-06,4330.6,10104430,2,0.000428584294215508,treat_2017,2017,FALSE,FALSE
2272EA9DC4828BD578FDF57B3000B311159D79EEF4A33A617E395C987BB5F1AC,2059,4C4AFA11F7CFB164582811756F70B0C08F76AA402E3112B966D24AEC0EF417AD,2.17442134768675e-05,9C0323CE44804885E0ABF0D0DF224AB1D92E05FA7B5DCBD1ED38D013CECD74B9,0,2.17442134768675e-05,131118.68,10104430,2,0.0129763559151778,treat_2017,2017,FALSE,FALSE
230DAFCF8E5BEA001B72A022B7CBCD22732E84E1E0694230EF2612084E44FC33,2014,7BD8DA430EC6A64C5278A5087EDDDCFD54EE849C1B904B1F1BFF9FE3FB8E5553,2.02112860527006e-06,91738BC31E8682337A567C344417306B4025B0A737D605FC612A6F338F21D854,0,2.02112860527006e-06,200220.1,5170858,2,0.038720866053564,treat_2017,2017,TRUE,FALSE
233C29FA2E67D9E99661CF7ABDF39D6AC6BAEC0D61A8BF7ACA5B2A341DB24E7D,2352,F528BEC475BD1E0F79259B2E943C62A8B2D1382032F6DDF19F90EDF27B4E278A,0.00421469819174347,A183E58FD6E9210A769556E997400F5AB2F8747CA368592DCFB4BB8B7CB10859,0,0.00421469819174347,32200693.8,248801883,2,0.129423030934215,treat_2017,2017,TRUE,TRUE
23471D8AF6182A3169E31B37360D193223E3008F721885E39CE6B91088310182,2012,1061796C42F184760E3BAF45DC443875C42284348C2B209B70F02ED964EDAC7E,0.00016263646894484,969A182C1332AA7D3B3673679AC4454478A1AAEA9E50C82A755CB81680A4E9DC,0,0.00016263646894484,2536368.74,64539032,2,0.0392997642109042,treat_2017,2017,TRUE,FALSE
23471D8AF6182A3169E31B37360D193223E3008F721885E39CE6B91088310182,4676,3681204F7810467B3431212FC23F07FEB4DC809C1A445CC9BF393FFD63CAB006,7.77079476005881e-06,EBB6243C7ABD7B9597BD64CD7F8F093393B2FB50B81782EC35C2E0D26D64C674,0,7.77079476005881e-06,4517542.52,64539032,2,0.0699970603835521,treat_2017,2017,TRUE,FALSE
24EC9B9D0111DCD6D335B5F1A858B1F4086C18CB005053FE84A5F27D5EA4B086,1051,1A197756250775389BD4ECBD644856B19F0024EE36CFDF5AB1599882260983EE,8.70639900246024e-05,24EC9B9D0111DCD6D335B5F1A858B1F4086C18CB005053FE84A5F27D5EA4B086,4.51665857375289e-05,4.18974042870735e-05,730794.97,1065234381,2,0.00068604147879076,treat_2017,2017,FALSE,FALSE
24EC9B9D0111DCD6D335B5F1A858B1F4086C18CB005053FE84A5F27D5EA4B086,1062,DCF3F0DD9DF652FC8B064F143BE61B6316597A64B4E743D24B0030BAF9B79803,6.15850136977239e-05,AAEE7A0BCBE72A758DECD010C6BB77D07962734CC24B10ED40C403CDE97D5EB3,0,6.15850136977239e-05,871510.55,1065234381,2,0.0008181397122968,treat_2017,2017,FALSE,FALSE
258009F7C300E61562C4FA217207BCC61F7B42A15351A078CF426AFDC3E6EF55,5223,6AA8E4141A63E20F297FD4A50D200299ABED45FB3AEB28BC62C3D7D60C2E7642,1.6367246385248e-05,4371F19C7CEC14765E1AEA656E73CAFB4A7112DB971D0E6B728C030470FE4088,0,1.6367246385248e-05,1858574.77,18510925,2,0.100404208325624,treat_2017,2017,TRUE,FALSE
25CE8A50D359841FDD4DC7531B3562F57BB43B3ADBE436B67EB54FC4132C8DAB,2351,B8FDF1A99C14812F711B9B01A2C27EC7B85C6A71A20AB98121F00747A42E5B58,0.000103038803811996,E6FBC32059211E85E235011A5E8D4C5A37E54E298B13DE19262EF86E270E53FC,0,0.000103038803811996,18080.61,90909872,2,0.00019888500118007,treat_2017,2017,FALSE,FALSE
25CE8A50D359841FDD4DC7531B3562F57BB43B3ADBE436B67EB54FC4132C8DAB,4211,A20718A1C5EDE23DDA5E6320129C83E1683DE48F1D318858856BE325EEE823C1,5.55692076673613e-05,93C8DA9C1D3467D45E207D48C038D8DBCA7AC78A4416AE622461E76ED52B5173,0,5.55692076673613e-05,20125.11,90909872,2,0.000221374307951946,treat_2017,2017,FALSE,FALSE
26322413EBFF195CDAE47DB45BA0D08A1E1E9F3EA1BA87D3EC2D6E4E65D7AFC1,2351,B8FDF1A99C14812F711B9B01A2C27EC7B85C6A71A20AB98121F00747A42E5B58,0.000103038803811996,1EB11C8C03D563589A1E83AF2856341DABF421EDF816A205EC6A0E9C90EACF10,0,0.000103038803811996,873295.37,86820784,2,0.0100585980656429,treat_2017,2017,FALSE,FALSE
26322413EBFF195CDAE47DB45BA0D08A1E1E9F3EA1BA87D3EC2D6E4E65D7AFC1,2352,233C29FA2E67D9E99661CF7ABDF39D6AC6BAEC0D61A8BF7ACA5B2A341DB24E7D,0.00126345506798275,13F626FCEEB1FD59AD5B43240916375573AC6AB3BA3E06035D546F6114C3CDD5,0.000486627052877571,0.000776828015105174,915992.45,86820784,2,0.0105503821527343,treat_2017,2017,FALSE,TRUE
26322413EBFF195CDAE47DB45BA0D08A1E1E9F3EA1BA87D3EC2D6E4E65D7AFC1,2399,556F325F89BA24B47694660DC89436EC50E9D389F7BAA17D07992B6F91C354CB,0.000702850518421449,2DE8F61F202BA7654EE88F5802402B8697AFE93241341C06692E3FC307E772D2,0,0.000702850518421449,45114.13,86820784,2,0.000519623619155524,treat_2017,2017,FALSE,TRUE
26322413EBFF195CDAE47DB45BA0D08A1E1E9F3EA1BA87D3EC2D6E4E65D7AFC1,4211,BEA704951F78F6206B131BE9FACD666E66E5939910623E8580ACB79F4696442C,0.000136258727169874,E14B333E63B5525E292C27BD674CC465CFBEF8BC5ECBC8532E54CEAC6E89FB40,0,0.000136258727169874,825530.49,86820784,2,0.00950844316264179,treat_2017,2017,FALSE,FALSE
26447DF141F5D46256F23A2E3F92F38974CB73D026F90B39B34FFF5CE64E1359,2351,B8FDF1A99C14812F711B9B01A2C27EC7B85C6A71A20AB98121F00747A42E5B58,0.000103038803811996,1EB11C8C03D563589A1E83AF2856341DABF421EDF816A205EC6A0E9C90EACF10,0,0.000103038803811996,481176.48,121410830,2,0.00396320888342498,treat_2017,2017,FALSE,FALSE
26447DF141F5D46256F23A2E3F92F38974CB73D026F90B39B34FFF5CE64E1359,4211,81A56728305B23CED4271E85C1C3CCF6F2680AF5231CABD61B3434FC40D6896D,4.09771610086498e-05,CC17A49A3D2D52F3D8C1CEB869CCA5096C549CFAE3A0D6CB09EA694C2F81F81F,0,4.09771610086498e-05,321930.02,121410830,2,0.00265157581082347,treat_2017,2017,FALSE,FALSE
2669D76D68EDFC77280CF7FE35521EC3CBA771F0E405C821DA79BB6A87FEB359,1920,1C6EC1F8E25B016DB87AC7C6CDC9FD74E36F38CFD1673CB9480E1F9ED238F425,8.80218638642514e-06,125EA6B782DCCA982F2692424AE91CBA74A6BC3DB2028CDF4B30877325B3BAF1,0,8.80218638642514e-06,344928246.93,1833344056,2,0.188141579754848,treat_2017,2017,TRUE,FALSE
275EA7D18EE4E1C504794CFFAB9A845E48D401DD65D61527A6B89898E1AA63DB,4676,3681204F7810467B3431212FC23F07FEB4DC809C1A445CC9BF393FFD63CAB006,7.77079476005881e-06,C5BA3CF0046CD26F50C12FDB281749C30CE5CA01E34405D8D4DAAB3426C1F6C6,0,7.77079476005881e-06,882168.45,34351385,2,0.0256807243725399,treat_2017,2017,TRUE,FALSE
27BD6B403A6000BF78DBC9A09E4644A0F5B4CC32DA11FE82AD6E99FAF0DF44A5,1920,1C6EC1F8E25B016DB87AC7C6CDC9FD74E36F38CFD1673CB9480E1F9ED238F425,8.80218638642514e-06,4AC00C83D98E466FB741ACC01CDB6754F558854872499BB3CD1BCD43EA3EE823,0,8.80218638642514e-06,1873868.48,1316519474,2,0.0014233503696733,treat_2017,2017,FALSE,FALSE
27BD6B403A6000BF78DBC9A09E4644A0F5B4CC32DA11FE82AD6E99FAF0DF44A5,2059,4C4AFA11F7CFB164582811756F70B0C08F76AA402E3112B966D24AEC0EF417AD,2.17442134768675e-05,F6A25DB380DFC5DAD5687B11877E2E4A0B96B80862F052347FD578491EF78097,0,2.17442134768675e-05,173935.2,1316519474,2,0.000132117453205254,treat_2017,2017,FALSE,FALSE
27BD6B403A6000BF78DBC9A09E4644A0F5B4CC32DA11FE82AD6E99FAF0DF44A5,2229,DAEA45B1C32A96BEF3B14822D96C2FE56C613857921FE02B9603218C0CB7CEF2,7.40870498332187e-05,B2E0D78A7F730C32AF9265FD7637D341F281207F62358847026025605C8611C2,0,7.40870498332187e-05,44085.99,1316519474,2,3.34867739297869e-05,treat_2017,2017,FALSE,FALSE
28029369B67AFD6407EDCA5D4535907273CF8563DDD511110B05C9370664136B,2014,2A70DBCD110EDD6E2E83D454D79E47D9BA81845955CFE8E1E03BF1D0EA7BCBC5,3.90209640781755e-05,33B9AB2EFF05B4245E965148A7703654188126357C18E0ECA290783CB81D1BF4,0,3.90209640781755e-05,115607.91,364300207,2,0.000317342421932799,treat_2017,2017,FALSE,FALSE
2933865DD9EA5D872D4DB5CE3EFA88841232CF514E5C7067BECE0A367B705212,2014,2A70DBCD110EDD6E2E83D454D79E47D9BA81845955CFE8E1E03BF1D0EA7BCBC5,3.90209640781755e-05,AFCA27A1F1BB2F7C605C4B1753142D734EB685C1A44B33B33D43D3893BB18C10,0,3.90209640781755e-05,1401274.18,208922123,2,0.00670716035180247,treat_2017,2017,FALSE,FALSE
2933865DD9EA5D872D4DB5CE3EFA88841232CF514E5C7067BECE0A367B705212,2016,8AD8CD6E2A5082CF7EE48D06DBC38617A85AA8D5CA2A7DAF9CAA2192C4E300C7,0.00032636629953529,876978BC4151C1DB54BE1D34705B6F021461037AB3941E1E61C579AB8066A28B,0,0.00032636629953529,2628829.02,208922123,2,0.0125828178569677,treat_2017,2017,FALSE,TRUE
29D1CE3FAABFFD2AFC41CDC6A6FA36D2278BC0D0C696342C99B39AA0889288CC,2351,B8FDF1A99C14812F711B9B01A2C27EC7B85C6A71A20AB98121F00747A42E5B58,0.000103038803811996,512B523BAAB68122413CE941FF357533EC82BDA7FBAF7AF7958402F5B1A8B167,0,0.000103038803811996,2318627.23,23856804,2,0.0971893481624781,treat_2017,2017,TRUE,FALSE
29ED4EDA06C6CA3EB237686CBD7B620DD2B42A15418C3B14A3D1346BFC9A43EF,2332,DFE84999859FA7A6205AF0220585AD1C09A9628C9E358622CBCEA2E6DACBBBF1,0.000395010468796854,79B63230F71E27B0B009FAEE092B4649C8CEF6C842DF1E9548C74ADA7F1A7DEB,9.84751746740705e-05,0.000296535294122783,452429.72,33432906,2,0.0135324676831861,treat_2017,2017,FALSE,TRUE
29ED4EDA06C6CA3EB237686CBD7B620DD2B42A15418C3B14A3D1346BFC9A43EF,2365,1699301EC2767FC1FF82337B41AE8E16B093A1C04259532BBCCFCBA1D82BA80F,2.1864947544599e-05,3D49588D1918DFA4568937AEB2822B4167C073A07CB931AAE68628147C44CAE7,0,2.1864947544599e-05,431295.11,33432906,2,0.0129003177288866,treat_2017,2017,FALSE,FALSE
2A3B78D448FE54C9A93F45E4E739F5C78598E46AF0699A4BFBF05DC6D173DED4,2012,1061796C42F184760E3BAF45DC443875C42284348C2B209B70F02ED964EDAC7E,0.00016263646894484,F7837270BB2F707B494CA668AEC3CF7970A1876EC3C3DE61BEDBDB75568E8C66,0,0.00016263646894484,62375.35,90628683,2,0.000688251753586665,treat_2017,2017,FALSE,FALSE
2A911BE5FBE4E1B729720FF7FCDD9C2C65667B842F8DC59188E7C21167315BC6,5223,6AA8E4141A63E20F297FD4A50D200299ABED45FB3AEB28BC62C3D7D60C2E7642,1.6367246385248e-05,DE40FEA4B0BFA8A8039C3D0FCA662F3E2B961F57253C2FDEB7ACE1161B7487A1,0,1.6367246385248e-05,24993204.76,504752889,2,0.0495157240397687,treat_2017,2017,TRUE,FALSE
2D5068C444AAB19A1E6242708664E1B0FBBB47FEDA21E53D96C6EF16C7E1BE75,1041,93E844FE1AC70363ACC25C875A81A3C2EE7ED2364EA24705F5D877FBB5C4CEE8,1.06163783434385e-05,F46066E01258FF3F093EB4B18BF23AC5C32E64EDFC95E3B65C43C26E311EBC72,0,1.06163783434385e-05,12024946.94,38974337,2,0.308534996759534,treat_2017,2017,TRUE,FALSE
2DEA0A85019750F6DE07A74AD80829C0FF1923D16B120445436C744CFE479443,1062,DCF3F0DD9DF652FC8B064F143BE61B6316597A64B4E743D24B0030BAF9B79803,6.15850136977239e-05,BB137937773E0C72F137BCFF7E230688DB583482A9563BFF037CE4FFF9F60CE8,0,6.15850136977239e-05,3212673.76,764791525,2,0.00420071830686147,treat_2017,2017,FALSE,FALSE
2DEA0A85019750F6DE07A74AD80829C0FF1923D16B120445436C744CFE479443,2014,B3E0FD522207C8C5AEA81FC57D6965D5D991ADD89876A1705055DD7AAB7EEFC7,0.000191558551981544,16F5C33D722C8396DEEAA73210AA5D428A395EB3621DB81F91EB3C9579FB8B4A,0,0.000191558551981544,1966545.61,764791525,2,0.00257134859071562,treat_2017,2017,FALSE,TRUE
2DEA0A85019750F6DE07A74AD80829C0FF1923D16B120445436C744CFE479443,2352,233C29FA2E67D9E99661CF7ABDF39D6AC6BAEC0D61A8BF7ACA5B2A341DB24E7D,0.00126345506798275,13F626FCEEB1FD59AD5B43240916375573AC6AB3BA3E06035D546F6114C3CDD5,0.000486627052877571,0.000776828015105174,3943903.77,764791525,2,0.00515683508652897,treat_2017,2017,FALSE,TRUE
2EA5AB1710B2C07A0559C4D607230AEE3A896C7A33156792015D2C79268E4D7A,1051,1A197756250775389BD4ECBD644856B19F0024EE36CFDF5AB1599882260983EE,8.70639900246024e-05,2EA5AB1710B2C07A0559C4D607230AEE3A896C7A33156792015D2C79268E4D7A,0,8.70639900246024e-05,325673.17,236320378,2,0.0013781002415289,treat_2017,2017,FALSE,FALSE
2FAD12511AA5BDD99C6BD60EE09D8B2C1F03D2692B035B154A63C3CD30EA3308,1031,5B62B2ACB0C9D2FA749C81D43481D120BE7CE506A5EED1BE9279D42D776C7E46,8.21480594396011e-05,A1E9FE762ACC4DE886908DD38F550AAC93E153911553A0EE13701CA7E35CD778,4.98470511558588e-05,3.23010082837423e-05,2584.62,56347298,2,4.5869457662371e-05,treat_2017,2017,FALSE,FALSE
2FD2BF68F77489030480D10979445386FFAE6B59CB9624703CC2EEC9BE4F5331,2014,381129D2BACBFFE88AA47CF43AAB8B0205C90F8E3B8F55424F7421B3BB765AE7,3.70529576586508e-06,91738BC31E8682337A567C344417306B4025B0A737D605FC612A6F338F21D854,0,3.70529576586508e-06,9696.19,13136531,2,0.000738108866031679,treat_2017,2017,FALSE,FALSE
30F55EC464B5993FE3A30E9CC91F7CA4A0C167800E1705292A9664D61C8A4E5C,1393,D7E5CDFAAACF0B7F90CD7FBB7F8126EB1255FF5547B0834A227723386F131B08,0.000148685155751804,1CA094B752178A00D0DAB81D2B57AF833D16221A5E9AC38167100BC586216614,0,0.000148685155751804,246958.25,125715121,2,0.00196442757271816,treat_2017,2017,FALSE,FALSE
30F55EC464B5993FE3A30E9CC91F7CA4A0C167800E1705292A9664D61C8A4E5C,1712,EE1CC683DC430F9FD34068CC8A9EB02D8B711844ECEB463B526854EAFD885B6D,0.000660784137594262,5BC24025562E735BAE985E7C2E9424522DFBA7C4B6F1E95D0A245813A04B7771,0,0.000660784137594262,113351.35,125715121,2,0.000901652475043157,treat_2017,2017,FALSE,TRUE
30F55EC464B5993FE3A30E9CC91F7CA4A0C167800E1705292A9664D61C8A4E5C,2059,5A024A8627257DC841CA2C523B09EBBB0D8102F6BD7E92CE82D83C87F37E1B27,0.000105721579730092,F6A25DB380DFC5DAD5687B11877E2E4A0B96B80862F052347FD578491EF78097,0,0.000105721579730092,2820.47,125715121,2,2.24354077501942e-05,treat_2017,2017,FALSE,FALSE
321E485BD8F20703A3EEE8BEEF695B81075EB3327112C112FF88CD781F0C40E5,4211,A20718A1C5EDE23DDA5E6320129C83E1683DE48F1D318858856BE325EEE823C1,5.55692076673613e-05,D4D2E1C06944A9D89BF42D277B9FA290B4D68A873FB82943562B733E4FDD2FB9,9.64854962281004e-06,4.59206580445512e-05,161130.36,64633550,2,0.00249298328809109,treat_2017,2017,FALSE,FALSE
33B9AB2EFF05B4245E965148A7703654188126357C18E0ECA290783CB81D1BF4,1920,1C6EC1F8E25B016DB87AC7C6CDC9FD74E36F38CFD1673CB9480E1F9ED238F425,8.80218638642514e-06,125EA6B782DCCA982F2692424AE91CBA74A6BC3DB2028CDF4B30877325B3BAF1,0,8.80218638642514e-06,97936940.08,1224680281,2,0.079969394134468,treat_2017,2017,TRUE,FALSE
33B9AB2EFF05B4245E965148A7703654188126357C18E0ECA290783CB81D1BF4,2014,7377A1DCBC87F5E28F2563A4F72835A4C3FB9C436AE288E420C188779E4AFD9B,0.000409655665552639,AA87309A737CBB71FCAA97B6666221C793EEB9AAA338E4C5DC338835324DBB38,0,0.000409655665552639,35536809.46,1224680281,2,0.0290172137261676,treat_2017,2017,TRUE,TRUE
33B9AB2EFF05B4245E965148A7703654188126357C18E0ECA290783CB81D1BF4,2015,7A01DDE298CB1AB8AAB6B60D8755E5997F415CEF475BD9887E027BDBD80E1B41,0.000568587529549804,0D8E6484CB9716B07B6C77FDAD4D31811A9B3082E8A56ED31A4A3CE3BD08F828,8.69235578696799e-05,0.000481663971680125,2450119.4,1224680281,2,0.00200061962130996,treat_2017,2017,FALSE,TRUE
3409A792DFBCF728B94A2DF9FFAEAC4564674848B4985FF7EDBC27B84FAB7773,1393,D7E5CDFAAACF0B7F90CD7FBB7F8126EB1255FF5547B0834A227723386F131B08,0.000148685155751804,50154C7B5E14CCEFC3EDBACF9AA6A051535C6A93E708805F4E988D33659168EB,1.13343454860175e-06,0.000147551721203202,394526.72,282286935,2,0.00139760885497588,treat_2017,2017,FALSE,FALSE
3510A430452C918C14D6E932C3833C048E677B0205DAE7EB348ECB0F5DCF40E3,4211,81A56728305B23CED4271E85C1C3CCF6F2680AF5231CABD61B3434FC40D6896D,4.09771610086498e-05,3510A430452C918C14D6E932C3833C048E677B0205DAE7EB348ECB0F5DCF40E3,0,4.09771610086498e-05,1430375.19,4335913,1,0.329890196136315,treat_2017,2017,TRUE,FALSE
371B9E6A4EF90E8EE2235C7AA2D0008AAC386F6D138E993A0D60F11A47FAEA33,2014,7BD8DA430EC6A64C5278A5087EDDDCFD54EE849C1B904B1F1BFF9FE3FB8E5553,2.02112860527006e-06,61CE1E059D5C7F1EFB93A2EBFCF5C1706E402C91F3EC2954C003784C58232EDD,0,2.02112860527006e-06,369776.84,109858989,2,0.00336592247358111,treat_2017,2017,FALSE,FALSE
37F0E084217A68293A5E910594C0418C366250E39674C656EAF2A981702D3413,2014,381129D2BACBFFE88AA47CF43AAB8B0205C90F8E3B8F55424F7421B3BB765AE7,3.70529576586508e-06,91738BC31E8682337A567C344417306B4025B0A737D605FC612A6F338F21D854,0,3.70529576586508e-06,1147407.14,4790131903,2,0.000239535604287096,treat_2017,2017,FALSE,FALSE
381129D2BACBFFE88AA47CF43AAB8B0205C90F8E3B8F55424F7421B3BB765AE7,2014,2A70DBCD110EDD6E2E83D454D79E47D9BA81845955CFE8E1E03BF1D0EA7BCBC5,3.90209640781755e-05,61CE1E059D5C7F1EFB93A2EBFCF5C1706E402C91F3EC2954C003784C58232EDD,0,3.90209640781755e-05,552704.98,800475910,2,0.000690470472746644,treat_2017,2017,FALSE,FALSE
381129D2BACBFFE88AA47CF43AAB8B0205C90F8E3B8F55424F7421B3BB765AE7,4322,A0B44CF8258D0A44D27D379D0CD4B5D173FC1457A2B18D84A999423522AED2D2,3.52989529924418e-05,8DF5F00E3294F3D1BD1E7EA67754212E373670DF333D1A835A44C57D6CB9B4D8,0,3.52989529924418e-05,339870.22,800475910,2,0.000424585194575062,treat_2017,2017,FALSE,FALSE
387E9F4FB003C1750F4D9FFA33CB0062B0884FAFD07A70B4FA087D840A9EE79D,2352,233C29FA2E67D9E99661CF7ABDF39D6AC6BAEC0D61A8BF7ACA5B2A341DB24E7D,0.00126345506798275,13F626FCEEB1FD59AD5B43240916375573AC6AB3BA3E06035D546F6114C3CDD5,0.000486627052877571,0.000776828015105174,127927.16,1647138941,2,7.76662835269584e-05,treat_2017,2017,FALSE,TRUE
387E9F4FB003C1750F4D9FFA33CB0062B0884FAFD07A70B4FA087D840A9EE79D,2444,9B43410201CE09CB26C572270E1B2418216ACA95142E50069DE00EC17DD07189,6.12364052478015e-08,387E9F4FB003C1750F4D9FFA33CB0062B0884FAFD07A70B4FA087D840A9EE79D,0,6.12364052478015e-08,22624685.41,1647138941,2,0.0137357479972298,treat_2017,2017,FALSE,FALSE
396CB937142A31A839D28494924BEAC390A82B2E7F3C05FF0B479B2C1127C6B3,4211,A20718A1C5EDE23DDA5E6320129C83E1683DE48F1D318858856BE325EEE823C1,5.55692076673613e-05,D4D2E1C06944A9D89BF42D277B9FA290B4D68A873FB82943562B733E4FDD2FB9,9.64854962281004e-06,4.59206580445512e-05,72036.92,16262346,2,0.00442967576756761,treat_2017,2017,FALSE,FALSE
39D89810C862F763E7E76263FEDF388707E8DAC3AAD14609EAC0FB4D50D605CE,2014,381129D2BACBFFE88AA47CF43AAB8B0205C90F8E3B8F55424F7421B3BB765AE7,3.70529576586508e-06,85824767204C92DFB37F36B5D9087A92328BD6A0092228B0AB8B89C227C24614,0,3.70529576586508e-06,89484.56,8385316,2,0.0106715787455118,treat_2017,2017,FALSE,FALSE
3A03EF07D82B182A1644571A8F7DD0169ABFDAFFE08229F4B374E108DF0EFE30,1031,5B62B2ACB0C9D2FA749C81D43481D120BE7CE506A5EED1BE9279D42D776C7E46,8.21480594396011e-05,91EC638BAEE6C0547B5CD3A38EA010251CF846F1DAC5B46C2DEBAA30174CD56E,0,8.21480594396011e-05,1735079.82,636785277,2,0.00272474864396087,treat_2017,2017,FALSE,FALSE
3A03EF07D82B182A1644571A8F7DD0169ABFDAFFE08229F4B374E108DF0EFE30,1039,EA1B2625F236F386C8047A4FF05EEFA589BC2737825902CB44BC003C61070512,4.48878231599981e-05,9667C5CF58D6CB9771EC341CAB64A74403932D3C04CA637E179C6732494E3956,0,4.48878231599981e-05,1839744.22,636785277,2,0.0028891123687208,treat_2017,2017,FALSE,FALSE
3A03EF07D82B182A1644571A8F7DD0169ABFDAFFE08229F4B374E108DF0EFE30,1051,1A197756250775389BD4ECBD644856B19F0024EE36CFDF5AB1599882260983EE,8.70639900246024e-05,24EC9B9D0111DCD6D335B5F1A858B1F4086C18CB005053FE84A5F27D5EA4B086,4.51665857375289e-05,4.18974042870735e-05,7434095.9,636785277,2,0.0116744154874674,treat_2017,2017,FALSE,FALSE
3A03EF07D82B182A1644571A8F7DD0169ABFDAFFE08229F4B374E108DF0EFE30,1107,32424075741922469453FAD31C3E5A3FC8FB96E6E14ACF83BA40B2F0B4770F80,2.17596979039937e-05,1CB37AB74478F9C217EFCFDA2843A640F506101BDE944EFD19E87241396C4A1C,0,2.17596979039937e-05,4527803.01,636785277,2,0.00711040781490933,treat_2017,2017,FALSE,FALSE
3A7D879A333471C2B50A4E28A789D8EE77BD61DAE2345D29A8339492CFB86E19,2351,B8FDF1A99C14812F711B9B01A2C27EC7B85C6A71A20AB98121F00747A42E5B58,0.000103038803811996,1EB11C8C03D563589A1E83AF2856341DABF421EDF816A205EC6A0E9C90EACF10,0,0.000103038803811996,783311.12,17859327,2,0.0438600581085726,treat_2017,2017,TRUE,FALSE
3BE59C35E1BFCEE14744A27D1026D2E8F5690AEFBA6276A6EFADA053A2D4F534,1062,DCF3F0DD9DF652FC8B064F143BE61B6316597A64B4E743D24B0030BAF9B79803,6.15850136977239e-05,BB137937773E0C72F137BCFF7E230688DB583482A9563BFF037CE4FFF9F60CE8,0,6.15850136977239e-05,4190867.67,34554535132,2,0.000121282710185239,treat_2017,2017,FALSE,FALSE
3BE59C35E1BFCEE14744A27D1026D2E8F5690AEFBA6276A6EFADA053A2D4F534,1107,32424075741922469453FAD31C3E5A3FC8FB96E6E14ACF83BA40B2F0B4770F80,2.17596979039937e-05,1CB37AB74478F9C217EFCFDA2843A640F506101BDE944EFD19E87241396C4A1C,0,2.17596979039937e-05,110460.38,34554535132,2,3.19669703493437e-06,treat_2017,2017,FALSE,FALSE
3BE59C35E1BFCEE14744A27D1026D2E8F5690AEFBA6276A6EFADA053A2D4F534,1712,EB1D799B851446E55AEB967F9659BBA51924A2A8E91EC2B8A93DBBB78F27A9A2,0.000186088366041544,5BC24025562E735BAE985E7C2E9424522DFBA7C4B6F1E95D0A245813A04B7771,0,0.000186088366041544,25726665.51,34554535132,2,0.000744523559982008,treat_2017,2017,FALSE,FALSE
3BE59C35E1BFCEE14744A27D1026D2E8F5690AEFBA6276A6EFADA053A2D4F534,1920,549DB4EF525043F50D2173C29347FE391310F9E0EA10DDE919839D19ABF1AABD,0.00155502566739442,4AC00C83D98E466FB741ACC01CDB6754F558854872499BB3CD1BCD43EA3EE823,0,0.00155502566739442,154714112.95,34554535132,2,0.00447738950499506,treat_2017,2017,FALSE,TRUE
3BE59C35E1BFCEE14744A27D1026D2E8F5690AEFBA6276A6EFADA053A2D4F534,2014,381129D2BACBFFE88AA47CF43AAB8B0205C90F8E3B8F55424F7421B3BB765AE7,3.70529576586508e-06,F8F1FAA7804D5A5B8495B44A8586C93F19689545D2D96B5CBBB19221519EC076,0,3.70529576586508e-06,112087202.72,34554535132,2,0.00324377689619674,treat_2017,2017,FALSE,FALSE
3BE59C35E1BFCEE14744A27D1026D2E8F5690AEFBA6276A6EFADA053A2D4F534,2059,5A024A8627257DC841CA2C523B09EBBB0D8102F6BD7E92CE82D83C87F37E1B27,0.000105721579730092,F6A25DB380DFC5DAD5687B11877E2E4A0B96B80862F052347FD578491EF78097,0,0.000105721579730092,2091596.34,34554535132,2,6.05302989031686e-05,treat_2017,2017,FALSE,FALSE
3BE59C35E1BFCEE14744A27D1026D2E8F5690AEFBA6276A6EFADA053A2D4F534,2332,ECF570450B05AFC2C4E9F4CC0C4BD4336C0ACBCFF4CC1953ACCA67D2133D7C1C,0.000377541981789493,79B63230F71E27B0B009FAEE092B4649C8CEF6C842DF1E9548C74ADA7F1A7DEB,9.84751746740705e-05,0.000279066807115423,285474.14,34554535132,2,8.26155348088102e-06,treat_2017,2017,FALSE,TRUE
3BE59C35E1BFCEE14744A27D1026D2E8F5690AEFBA6276A6EFADA053A2D4F534,2351,B8FDF1A99C14812F711B9B01A2C27EC7B85C6A71A20AB98121F00747A42E5B58,0.000103038803811996,1EB11C8C03D563589A1E83AF2856341DABF421EDF816A205EC6A0E9C90EACF10,0,0.000103038803811996,520152.04,34554535132,2,1.50530758990967e-05,treat_2017,2017,FALSE,FALSE
3BE59C35E1BFCEE14744A27D1026D2E8F5690AEFBA6276A6EFADA053A2D4F534,3511,3BE59C35E1BFCEE14744A27D1026D2E8F5690AEFBA6276A6EFADA053A2D4F534,0.000444514994669268,1176833D889F1BBF11D8D7B4116C8CCB7EA2C40129230716E9D7EF3F2998A4C9,0,0.000444514994669268,84495674.71,34554535132,2,0.00244528466052929,treat_2017,2017,FALSE,TRUE
3BE59C35E1BFCEE14744A27D1026D2E8F5690AEFBA6276A6EFADA053A2D4F534,4211,BD82BA2061C72EB2FDFC34AD831B7A0E33C57B6587E1D690B5308EB60182A371,1.04491078317667e-05,D2E36629C57DE7C3DE50105733271BC0699A14DC45E956E39883988835BB92F2,0,1.04491078317667e-05,2095284.29,34554535132,2,6.06370272960094e-05,treat_2017,2017,FALSE,FALSE
3BE59C35E1BFCEE14744A27D1026D2E8F5690AEFBA6276A6EFADA053A2D4F534,4950,4CE683198D1988956A9467C38F7C31A77267B4563430CEF1229B83E2C35DCB2E,5.84825939287943e-05,CEAFEED3ED05C91D74CE8DE261F351A2E56F47B769FB316D5F0B6434FC4795A3,5.64895213668696e-05,1.9930725619247e-06,663414.91,34554535132,2,1.91990691660508e-05,treat_2017,2017,FALSE,FALSE
3BE59C35E1BFCEE14744A27D1026D2E8F5690AEFBA6276A6EFADA053A2D4F534,7112,0A34A8A9107FF70BC93E025A5237A6C6656170DE09B68276578A1653C672D716,0.0151385059170108,A028C2A013EE9C725BCB1153CB27B6E54E2ECDCD21850984283B45EDE14173D9,0,0.0151385059170108,4833727.99,34554535132,2,0.000139886934422209,treat_2017,2017,FALSE,TRUE
3CA95C513F55FD53486747A01FD5C4C376EA90EC46A849CC67B7F9E24673CD2F,2351,B8FDF1A99C14812F711B9B01A2C27EC7B85C6A71A20AB98121F00747A42E5B58,0.000103038803811996,1EB11C8C03D563589A1E83AF2856341DABF421EDF816A205EC6A0E9C90EACF10,0,0.000103038803811996,45268.2,42308569,2,0.00106995346498247,treat_2017,2017,FALSE,FALSE
3D49588D1918DFA4568937AEB2822B4167C073A07CB931AAE68628147C44CAE7,2351,B8FDF1A99C14812F711B9B01A2C27EC7B85C6A71A20AB98121F00747A42E5B58,0.000103038803811996,1EB11C8C03D563589A1E83AF2856341DABF421EDF816A205EC6A0E9C90EACF10,0,0.000103038803811996,7344598.28,76215472,2,0.0963662375534458,treat_2017,2017,TRUE,FALSE
3D4F4958124C1EC7F879AA8AF7FCA99E38235954F4D247F2CB25F446130153BF,1105,82AD7E022AA1035FA624569E4235B7E60665602F69F48D196D6E577AB3B2F821,3.55285119461142e-05,539DFF8A5B778AB035491D14825C7B39DA46F67FAB72F13B77AEF41EB8525850,0,3.55285119461142e-05,70005.62,24058075,2,0.002909859579372,treat_2017,2017,FALSE,FALSE
3D903724E95A0118A9080B35EF88BBE66CEE704AF294C8192D2211088DC38BD9,1920,1C6EC1F8E25B016DB87AC7C6CDC9FD74E36F38CFD1673CB9480E1F9ED238F425,8.80218638642514e-06,4AC00C83D98E466FB741ACC01CDB6754F558854872499BB3CD1BCD43EA3EE823,0,8.80218638642514e-06,4007.41,92095717,2,4.35135327737337e-05,treat_2017,2017,FALSE,FALSE
3DB248094F805E65C4283A5FC5C1A05F1871485D001DB5C92F7E03CD31FDE4BF,2332,9B58D91F2650AA76B89F0FCA24FF50AB03C33846204ED09B503795F9D0452E40,0.00436304600602665,AFD6645D8C4689DFF6BEA9448876413C4FD2178F8DE61A89093743C24C272679,0,0.00436304600602665,20458670.92,130703002,2,0.156527934377513,treat_2017,2017,TRUE,TRUE
3DB248094F805E65C4283A5FC5C1A05F1871485D001DB5C92F7E03CD31FDE4BF,2365,1699301EC2767FC1FF82337B41AE8E16B093A1C04259532BBCCFCBA1D82BA80F,2.1864947544599e-05,3D49588D1918DFA4568937AEB2822B4167C073A07CB931AAE68628147C44CAE7,0,2.1864947544599e-05,1942741.7,130703002,2,0.0148637879028976,treat_2017,2017,FALSE,FALSE
3DB248094F805E65C4283A5FC5C1A05F1871485D001DB5C92F7E03CD31FDE4BF,4673,2EDB84F873D1720009F7FE2B6EBFA04329C6829EDFD154525B24987A3D52E2AD,6.28853635044987e-05,307B7F85CAC1DDA1F33E173727E21FF0DE433CA675E63EFD0668D9DC7A943C36,0,6.28853635044987e-05,851775.23,130703002,2,0.00651687579448252,treat_2017,2017,FALSE,FALSE
3E3B4F46B106CE29E3C1F78D77C75FCF3439DB1A69C12E86777870BA2FF96AFE,2014,3E3B4F46B106CE29E3C1F78D77C75FCF3439DB1A69C12E86777870BA2FF96AFE,0.000268313861904909,F8F1FAA7804D5A5B8495B44A8586C93F19689545D2D96B5CBBB19221519EC076,0,0.000268313861904909,42100113.77,974958946,2,0.0431814220924129,treat_2017,2017,TRUE,TRUE
3E7EC3F44CC6C0E77C3870BA9BCC07AC0F1C1E579735E0C3C42869F9786AE9D6,1393,3EE54F1625227C67E1ED1E8AADCB8DB7E0EAC784F6B11595A589E00465C4C22D,6.44909989307547e-05,1CA094B752178A00D0DAB81D2B57AF833D16221A5E9AC38167100BC586216614,0,6.44909989307547e-05,113601.31,22258878,2,0.00510364044405113,treat_2017,2017,FALSE,FALSE
3EE54F1625227C67E1ED1E8AADCB8DB7E0EAC784F6B11595A589E00465C4C22D,1920,1C6EC1F8E25B016DB87AC7C6CDC9FD74E36F38CFD1673CB9480E1F9ED238F425,8.80218638642514e-06,125EA6B782DCCA982F2692424AE91CBA74A6BC3DB2028CDF4B30877325B3BAF1,0,8.80218638642514e-06,1878350.54,189840446,2,0.0098943643442557,treat_2017,2017,FALSE,FALSE
40373FF2604A156C93922C1CDE8C3D74A3B4CAC9C582D5C77BE7882A04E44797,1062,DCF3F0DD9DF652FC8B064F143BE61B6316597A64B4E743D24B0030BAF9B79803,6.15850136977239e-05,BB137937773E0C72F137BCFF7E230688DB583482A9563BFF037CE4FFF9F60CE8,0,6.15850136977239e-05,246245.6,134598334,2,0.00182948475424666,treat_2017,2017,FALSE,FALSE
404D7D2298DF10B85983E8CAB5B6C20B36C4BB3A626DE7B4D44B44C40CD9F241,2332,9B58D91F2650AA76B89F0FCA24FF50AB03C33846204ED09B503795F9D0452E40,0.00436304600602665,79B63230F71E27B0B009FAEE092B4649C8CEF6C842DF1E9548C74ADA7F1A7DEB,9.84751746740705e-05,0.00426457083135258,1751419.92,50441348,2,0.0347219094937748,treat_2017,2017,TRUE,TRUE
404D7D2298DF10B85983E8CAB5B6C20B36C4BB3A626DE7B4D44B44C40CD9F241,2365,67863B92FB29A53B4F85034E41DF069DCCE2E96E963396F391424D73021DCAC2,0.000208018857469999,3D49588D1918DFA4568937AEB2822B4167C073A07CB931AAE68628147C44CAE7,0,0.000208018857469999,2301415.97,50441348,2,0.0456255841933487,treat_2017,2017,TRUE,TRUE
4356F4371918FF48677CBB0AAB6CE5008DCB4777B1C38E7C8312F85C5B0BB282,2352,F528BEC475BD1E0F79259B2E943C62A8B2D1382032F6DDF19F90EDF27B4E278A,0.00421469819174347,A183E58FD6E9210A769556E997400F5AB2F8747CA368592DCFB4BB8B7CB10859,0,0.00421469819174347,3142380.37,91898429,2,0.034194059726527,treat_2017,2017,TRUE,TRUE
443465ED713331FE0B77A34B12539C2140C79B9FDAF32C7BFD83776E10501445,1031,5B62B2ACB0C9D2FA749C81D43481D120BE7CE506A5EED1BE9279D42D776C7E46,8.21480594396011e-05,781DDBF220914771C108CE716159C411A65053A91F89898E330CB0229771CCE6,0,8.21480594396011e-05,936101.13,590059390,2,0.00158645239083476,treat_2017,2017,FALSE,FALSE
443465ED713331FE0B77A34B12539C2140C79B9FDAF32C7BFD83776E10501445,1051,1FF4BE36DA23ED1089F771723A6F25ACE00CFA2E444FBEB5B9881B54FB91D596,6.27713380370904e-05,5DA702176E9823E1FEFA13BA1A76160F214544580B024F57111E9919EDB3CAF3,0,6.27713380370904e-05,4445347.38,590059390,2,0.00753372873195019,treat_2017,2017,FALSE,FALSE
443465ED713331FE0B77A34B12539C2140C79B9FDAF32C7BFD83776E10501445,1089,40373FF2604A156C93922C1CDE8C3D74A3B4CAC9C582D5C77BE7882A04E44797,8.43249664590945e-05,744E634B1247C6B92F948B152F943E4A2DD5ACE37D964DED03CA783A0B64BEF9,0,8.43249664590945e-05,178370.98,590059390,2,0.000302293265767705,treat_2017,2017,FALSE,FALSE
443465ED713331FE0B77A34B12539C2140C79B9FDAF32C7BFD83776E10501445,1105,A2D0C13790C3E409C825E25214303B2E0AB0A1071E3E1997C5F73FCE2D5E2BDC,1.03465140882384e-05,D192DDE8580A23934849226460762419C2A29C026445388AEC31D2F6CFE1DEE5,0,1.03465140882384e-05,22699808.15,590059390,2,0.0384703786342592,treat_2017,2017,TRUE,FALSE
443465ED713331FE0B77A34B12539C2140C79B9FDAF32C7BFD83776E10501445,1107,32424075741922469453FAD31C3E5A3FC8FB96E6E14ACF83BA40B2F0B4770F80,2.17596979039937e-05,1CB37AB74478F9C217EFCFDA2843A640F506101BDE944EFD19E87241396C4A1C,0,2.17596979039937e-05,978388.65,590059390,2,0.00165811893951895,treat_2017,2017,FALSE,FALSE
443465ED713331FE0B77A34B12539C2140C79B9FDAF32C7BFD83776E10501445,1722,1745374E09DBF271136A572D482D683EFC56C0DDAD78546E8A3B3C4C6D94F1F5,3.90735085943156e-05,231728AE658DF5F67DE00CBD2B6F24F04EF33377DE281117BBA359DFB4CEA28C,1.85315646549942e-05,2.05419439393214e-05,1535329.59,590059390,2,0.00260199162324999,treat_2017,2017,FALSE,FALSE
45DB0FB3EEAB445239CFA861A8D880CB4D50671BF30DB50AE27740648CDFD1DC,2059,4C4AFA11F7CFB164582811756F70B0C08F76AA402E3112B966D24AEC0EF417AD,2.17442134768675e-05,79B59817E9FA073421DD2557D87BF8BDBC59DB7DEDC6770D83CAB4D5B9604105,0,2.17442134768675e-05,78419.57,227577464,2,0.000344584075337091,treat_2017,2017,FALSE,FALSE
463E5CEFB73FAC0CF0C59FBF27DA421A50889167A31F6A0BDEF3564440AE9E91,2399,F66DA2500C4DF14CC40C77CC8DC9C43E103B59B4FA2FD549F42C9994DEE4C457,0.000171705462263179,50718D79C9F77E6F3F5941DA8BA2BF27DC3B371AEC3069E4679E58F20D84E7ED,0,0.000171705462263179,111028.3,23531033,1,0.00471837764198452,treat_2017,2017,FALSE,FALSE
463E5CEFB73FAC0CF0C59FBF27DA421A50889167A31F6A0BDEF3564440AE9E91,4211,BEA704951F78F6206B131BE9FACD666E66E5939910623E8580ACB79F4696442C,0.000136258727169874,D2E36629C57DE7C3DE50105733271BC0699A14DC45E956E39883988835BB92F2,0,0.000136258727169874,372783.3,23531033,1,0.0158421986829052,treat_2017,2017,FALSE,FALSE
463E5CEFB73FAC0CF0C59FBF27DA421A50889167A31F6A0BDEF3564440AE9E91,4673,2EDB84F873D1720009F7FE2B6EBFA04329C6829EDFD154525B24987A3D52E2AD,6.28853635044987e-05,AC39CBDCB2B6C4C1B33A024C914A1FA4320ECFABDC086E62806BF5B914C14267,0,6.28853635044987e-05,65582.17,23531033,1,0.00278705019027426,treat_2017,2017,FALSE,FALSE
46A0D182FBBA58C171B4D19AA03D1DE9B2F4442D3DA259BB2CA0A826E08DB7D1,1920,1C6EC1F8E25B016DB87AC7C6CDC9FD74E36F38CFD1673CB9480E1F9ED238F425,8.80218638642514e-06,125EA6B782DCCA982F2692424AE91CBA74A6BC3DB2028CDF4B30877325B3BAF1,0,8.80218638642514e-06,740909801.32,1632349476,2,0.453891652623044,treat_2017,2017,TRUE,FALSE
4A8A8E4BA992585257373408652BE44B064AEC522E711A3BAAF2C11B601C1D95,2332,9B58D91F2650AA76B89F0FCA24FF50AB03C33846204ED09B503795F9D0452E40,0.00436304600602665,AFD6645D8C4689DFF6BEA9448876413C4FD2178F8DE61A89093743C24C272679,0,0.00436304600602665,5162246.02,31335927,2,0.164738896028192,treat_2017,2017,TRUE,TRUE
4A8A8E4BA992585257373408652BE44B064AEC522E711A3BAAF2C11B601C1D95,2365,67863B92FB29A53B4F85034E41DF069DCCE2E96E963396F391424D73021DCAC2,0.000208018857469999,3D49588D1918DFA4568937AEB2822B4167C073A07CB931AAE68628147C44CAE7,0,0.000208018857469999,1937155.8,31335927,2,0.0618190041098832,treat_2017,2017,TRUE,TRUE
4AC00C83D98E466FB741ACC01CDB6754F558854872499BB3CD1BCD43EA3EE823,2014,7BD8DA430EC6A64C5278A5087EDDDCFD54EE849C1B904B1F1BFF9FE3FB8E5553,2.02112860527006e-06,61CE1E059D5C7F1EFB93A2EBFCF5C1706E402C91F3EC2954C003784C58232EDD,0,2.02112860527006e-06,757256.11,57937631,2,0.0130701945683627,treat_2017,2017,FALSE,FALSE
4AD058558FB153865A70374ECD65BF73C81C8F32472F2584D475EBA4F49442F0,2332,9B58D91F2650AA76B89F0FCA24FF50AB03C33846204ED09B503795F9D0452E40,0.00436304600602665,AFD6645D8C4689DFF6BEA9448876413C4FD2178F8DE61A89093743C24C272679,0,0.00436304600602665,7716020.25,53176814,2,0.145101213660525,treat_2017,2017,TRUE,TRUE
4AD058558FB153865A70374ECD65BF73C81C8F32472F2584D475EBA4F49442F0,2351,B8FDF1A99C14812F711B9B01A2C27EC7B85C6A71A20AB98121F00747A42E5B58,0.000103038803811996,E6FBC32059211E85E235011A5E8D4C5A37E54E298B13DE19262EF86E270E53FC,0,0.000103038803811996,799144.54,53176814,2,0.0150280635466427,treat_2017,2017,FALSE,FALSE
4AD058558FB153865A70374ECD65BF73C81C8F32472F2584D475EBA4F49442F0,2365,67863B92FB29A53B4F85034E41DF069DCCE2E96E963396F391424D73021DCAC2,0.000208018857469999,3D49588D1918DFA4568937AEB2822B4167C073A07CB931AAE68628147C44CAE7,0,0.000208018857469999,689117.36,53176814,2,0.0129589817095849,treat_2017,2017,FALSE,TRUE
4C0EE83AD55FDE54DCDD270DE38091890B37E33092C72906160409F9E43CD773,5223,6AA8E4141A63E20F297FD4A50D200299ABED45FB3AEB28BC62C3D7D60C2E7642,1.6367246385248e-05,DE40FEA4B0BFA8A8039C3D0FCA662F3E2B961F57253C2FDEB7ACE1161B7487A1,0,1.6367246385248e-05,348832.74,1617993636,2,0.000215595866534051,treat_2017,2017,FALSE,FALSE
4C4AFA11F7CFB164582811756F70B0C08F76AA402E3112B966D24AEC0EF417AD,2014,2A70DBCD110EDD6E2E83D454D79E47D9BA81845955CFE8E1E03BF1D0EA7BCBC5,3.90209640781755e-05,91738BC31E8682337A567C344417306B4025B0A737D605FC612A6F338F21D854,0,3.90209640781755e-05,305374.69,678479358,2,0.000450086928068341,treat_2017,2017,FALSE,FALSE
4C4AFA11F7CFB164582811756F70B0C08F76AA402E3112B966D24AEC0EF417AD,2015,7A01DDE298CB1AB8AAB6B60D8755E5997F415CEF475BD9887E027BDBD80E1B41,0.000568587529549804,0D8E6484CB9716B07B6C77FDAD4D31811A9B3082E8A56ED31A4A3CE3BD08F828,8.69235578696799e-05,0.000481663971680125,17630,678479358,2,2.59845782957482e-05,treat_2017,2017,FALSE,TRUE
4C4AFA11F7CFB164582811756F70B0C08F76AA402E3112B966D24AEC0EF417AD,2016,B0930165FBBB06212FA618CDACF48BCD90D9F97D6D59E4B61B2F5354E62EF329,3.14645743739694e-05,CDB2071E463BADC97EA21812D5D2156B3D0E6D05E9D107EFFBD8EE26C363C39E,0,3.14645743739694e-05,270765.11,678479358,2,0.000399076415232665,treat_2017,2017,FALSE,FALSE
4C4AFA11F7CFB164582811756F70B0C08F76AA402E3112B966D24AEC0EF417AD,2221,BC0BF2E7511DBB53DBD56839C96E212762845418F6BCF4F0B57D20FEA25A2188,1.4360832054686e-05,3BCFAC4361CA75AB294EBB530487F70B3A8A1CBB04F2F18BCE2F281763198FF3,0,1.4360832054686e-05,867616.83,678479358,2,0.00127876672999682,treat_2017,2017,FALSE,FALSE
4CD2D1E887AA035B46386D4B90FA16B1C41EEC16FB4E9B138B732C7F913F2D4E,1920,1C6EC1F8E25B016DB87AC7C6CDC9FD74E36F38CFD1673CB9480E1F9ED238F425,8.80218638642514e-06,E5ABBAFE31944B33EB97FA66732B5A526F09B5C9B1CF3181F3361151C0AA9EB7,0,8.80218638642514e-06,1641764.66,493174905,2,0.00332897039844312,treat_2017,2017,FALSE,FALSE
4CD2D1E887AA035B46386D4B90FA16B1C41EEC16FB4E9B138B732C7F913F2D4E,2352,233C29FA2E67D9E99661CF7ABDF39D6AC6BAEC0D61A8BF7ACA5B2A341DB24E7D,0.00126345506798275,13F626FCEEB1FD59AD5B43240916375573AC6AB3BA3E06035D546F6114C3CDD5,0.000486627052877571,0.000776828015105174,5456735.06,493174905,2,0.0110645026838906,treat_2017,2017,FALSE,TRUE
4CE683198D1988956A9467C38F7C31A77267B4563430CEF1229B83E2C35DCB2E,4950,4CE683198D1988956A9467C38F7C31A77267B4563430CEF1229B83E2C35DCB2E,5.84825939287943e-05,CEAFEED3ED05C91D74CE8DE261F351A2E56F47B769FB316D5F0B6434FC4795A3,5.64895213668696e-05,1.9930725619247e-06,33736015.65,566236854,2,0.0595793357703277,treat_2017,2017,TRUE,FALSE
4E78F96F43D616DE06C6BB0411A5047F6916476BB140C5570D88747512330436,2352,233C29FA2E67D9E99661CF7ABDF39D6AC6BAEC0D61A8BF7ACA5B2A341DB24E7D,0.00126345506798275,A183E58FD6E9210A769556E997400F5AB2F8747CA368592DCFB4BB8B7CB10859,0,0.00126345506798275,7675640.8,59972758,2,0.127985456330022,treat_2017,2017,TRUE,TRUE
4F041995909348A972258A49F0EA4DD0F1AEE47DA660396688699BE3C5B383F6,2014,381129D2BACBFFE88AA47CF43AAB8B0205C90F8E3B8F55424F7421B3BB765AE7,3.70529576586508e-06,91738BC31E8682337A567C344417306B4025B0A737D605FC612A6F338F21D854,0,3.70529576586508e-06,9081.7,1130393444,2,8.03410533580554e-06,treat_2017,2017,FALSE,FALSE
4F041995909348A972258A49F0EA4DD0F1AEE47DA660396688699BE3C5B383F6,2015,7A01DDE298CB1AB8AAB6B60D8755E5997F415CEF475BD9887E027BDBD80E1B41,0.000568587529549804,0D8E6484CB9716B07B6C77FDAD4D31811A9B3082E8A56ED31A4A3CE3BD08F828,8.69235578696799e-05,0.000481663971680125,808159.74,1130393444,2,0.000714936683585366,treat_2017,2017,FALSE,TRUE
4F041995909348A972258A49F0EA4DD0F1AEE47DA660396688699BE3C5B383F6,2059,4C4AFA11F7CFB164582811756F70B0C08F76AA402E3112B966D24AEC0EF417AD,2.17442134768675e-05,79B59817E9FA073421DD2557D87BF8BDBC59DB7DEDC6770D83CAB4D5B9604105,0,2.17442134768675e-05,59376.29,1130393444,2,5.25271004667999e-05,treat_2017,2017,FALSE,FALSE
4F041995909348A972258A49F0EA4DD0F1AEE47DA660396688699BE3C5B383F6,2352,233C29FA2E67D9E99661CF7ABDF39D6AC6BAEC0D61A8BF7ACA5B2A341DB24E7D,0.00126345506798275,A183E58FD6E9210A769556E997400F5AB2F8747CA368592DCFB4BB8B7CB10859,0,0.00126345506798275,267109.36,1130393444,2,0.000236297690346477,treat_2017,2017,FALSE,TRUE
50154C7B5E14CCEFC3EDBACF9AA6A051535C6A93E708805F4E988D33659168EB,1393,3409A792DFBCF728B94A2DF9FFAEAC4564674848B4985FF7EDBC27B84FAB7773,2.39826898116982e-06,C783027837319E3C8845706B064F581E7067FCAF72473EE7FB02BA67E08AA8CC,0,2.39826898116982e-06,6267224.44,305266855,2,0.020530314173807,treat_2017,2017,TRUE,FALSE
50718D79C9F77E6F3F5941DA8BA2BF27DC3B371AEC3069E4679E58F20D84E7ED,2351,B8FDF1A99C14812F711B9B01A2C27EC7B85C6A71A20AB98121F00747A42E5B58,0.000103038803811996,1EB11C8C03D563589A1E83AF2856341DABF421EDF816A205EC6A0E9C90EACF10,0,0.000103038803811996,7336323.55,13586585.5,2,0.539968158298492,treat_2017,2017,TRUE,FALSE
50718D79C9F77E6F3F5941DA8BA2BF27DC3B371AEC3069E4679E58F20D84E7ED,4211,BEA704951F78F6206B131BE9FACD666E66E5939910623E8580ACB79F4696442C,0.000136258727169874,87E5B03AE2F26F8B96AB3C88B2131DACA236CEB32040FDCDA46B83175621CD78,0,0.000136258727169874,4622321.48,13586585.5,2,0.340212151169254,treat_2017,2017,TRUE,FALSE
51B37CF91459AED30D24D0A9F3FB4DDBCCFF7BC54E9DA657DE461970AA337C3D,2229,DAEA45B1C32A96BEF3B14822D96C2FE56C613857921FE02B9603218C0CB7CEF2,7.40870498332187e-05,B2E0D78A7F730C32AF9265FD7637D341F281207F62358847026025605C8611C2,0,7.40870498332187e-05,53728,333294990,2,0.000161202543128536,treat_2017,2017,FALSE,FALSE
52B1C2E21C26CA36EBDBE57AD04719B3655CAA2C95F9A8BBD9501644C81735FB,1062,DCF3F0DD9DF652FC8B064F143BE61B6316597A64B4E743D24B0030BAF9B79803,6.15850136977239e-05,BB137937773E0C72F137BCFF7E230688DB583482A9563BFF037CE4FFF9F60CE8,0,6.15850136977239e-05,10658391.36,805838523,2,0.0132264604580092,treat_2017,2017,FALSE,FALSE
52B1C2E21C26CA36EBDBE57AD04719B3655CAA2C95F9A8BBD9501644C81735FB,2014,7BD8DA430EC6A64C5278A5087EDDDCFD54EE849C1B904B1F1BFF9FE3FB8E5553,2.02112860527006e-06,85824767204C92DFB37F36B5D9087A92328BD6A0092228B0AB8B89C227C24614,0,2.02112860527006e-06,2500535.78,805838523,2,0.00310302338325913,treat_2017,2017,FALSE,FALSE
539DFF8A5B778AB035491D14825C7B39DA46F67FAB72F13B77AEF41EB8525850,1105,A2D0C13790C3E409C825E25214303B2E0AB0A1071E3E1997C5F73FCE2D5E2BDC,1.03465140882384e-05,D192DDE8580A23934849226460762419C2A29C026445388AEC31D2F6CFE1DEE5,0,1.03465140882384e-05,19691.55,99580134,2,0.000197745767243093,treat_2017,2017,FALSE,FALSE
549DB4EF525043F50D2173C29347FE391310F9E0EA10DDE919839D19ABF1AABD,1920,549DB4EF525043F50D2173C29347FE391310F9E0EA10DDE919839D19ABF1AABD,0.00155502566739442,E5ABBAFE31944B33EB97FA66732B5A526F09B5C9B1CF3181F3361151C0AA9EB7,0,0.00155502566739442,72138243.82,1164724183,2,0.0619359028282493,treat_2017,2017,TRUE,TRUE
549DB4EF525043F50D2173C29347FE391310F9E0EA10DDE919839D19ABF1AABD,2014,0E6E41DA993142E6DE05A8BAB736CDD2C61EFA0D04650E9F6C860FE4EA7242B8,0.000836737872527657,61CE1E059D5C7F1EFB93A2EBFCF5C1706E402C91F3EC2954C003784C58232EDD,0,0.000836737872527657,8247104.56,1164724183,2,0.00708073609217746,treat_2017,2017,FALSE,TRUE
556F325F89BA24B47694660DC89436EC50E9D389F7BAA17D07992B6F91C354CB,2351,B8FDF1A99C14812F711B9B01A2C27EC7B85C6A71A20AB98121F00747A42E5B58,0.000103038803811996,1EB11C8C03D563589A1E83AF2856341DABF421EDF816A205EC6A0E9C90EACF10,0,0.000103038803811996,482110.83,14633268,2,0.0329462174819733,treat_2017,2017,TRUE,FALSE
59B68E5F66CA94626EC70E0535717B5E8465EB608B38FBE4703548D679DB57D2,2351,B8FDF1A99C14812F711B9B01A2C27EC7B85C6A71A20AB98121F00747A42E5B58,0.000103038803811996,E6FBC32059211E85E235011A5E8D4C5A37E54E298B13DE19262EF86E270E53FC,0,0.000103038803811996,8400136.73,43093675,2,0.194927369967866,treat_2017,2017,TRUE,FALSE
59B68E5F66CA94626EC70E0535717B5E8465EB608B38FBE4703548D679DB57D2,4211,A20718A1C5EDE23DDA5E6320129C83E1683DE48F1D318858856BE325EEE823C1,5.55692076673613e-05,F66881D2CBD8F79CF3F2AEBA32FCB1CBAFC69DADD89FC0EC2BABF34D5CE910AB,0,5.55692076673613e-05,6869.05,43093675,2,0.000159398101925631,treat_2017,2017,FALSE,FALSE
59C405EE81F7DB712B0C182F7A0648210DB80C4E2B811A585621A37CCE80EC3A,2351,B8FDF1A99C14812F711B9B01A2C27EC7B85C6A71A20AB98121F00747A42E5B58,0.000103038803811996,E6FBC32059211E85E235011A5E8D4C5A37E54E298B13DE19262EF86E270E53FC,0,0.000103038803811996,293277.59,90569594,2,0.0032381462370252,treat_2017,2017,FALSE,FALSE
5A41EED6C59AC1EDF201EFDFA73A11F19BE67EF68B30E9CC5053AF22875120BA,1393,3EE54F1625227C67E1ED1E8AADCB8DB7E0EAC784F6B11595A589E00465C4C22D,6.44909989307547e-05,50154C7B5E14CCEFC3EDBACF9AA6A051535C6A93E708805F4E988D33659168EB,1.13343454860175e-06,6.3357564382153e-05,5940.37,1208520483,2,4.91540696542749e-06,treat_2017,2017,FALSE,FALSE
5A8D2813233B37BD9B2281904699D993F54A41E6754B516C5131435FD4EB280B,2014,381129D2BACBFFE88AA47CF43AAB8B0205C90F8E3B8F55424F7421B3BB765AE7,3.70529576586508e-06,85824767204C92DFB37F36B5D9087A92328BD6A0092228B0AB8B89C227C24614,0,3.70529576586508e-06,83232.38,2978633885,2,2.79431387721556e-05,treat_2017,2017,FALSE,FALSE
5A8D2813233B37BD9B2281904699D993F54A41E6754B516C5131435FD4EB280B,2229,DAEA45B1C32A96BEF3B14822D96C2FE56C613857921FE02B9603218C0CB7CEF2,7.40870498332187e-05,A867D7F1BC4AB6DD60078ED60C319E413BC789870B5BF7E1BEF246C6D203F512,0,7.40870498332187e-05,779218.67,2978633885,2,0.000261602701132234,treat_2017,2017,FALSE,FALSE
5B62B2ACB0C9D2FA749C81D43481D120BE7CE506A5EED1BE9279D42D776C7E46,1031,EDDFC65124756994667D25645FEAF7C299F0F2020BD0AF5797C30FB1C6970203,0.000214623407121329,E960E6FEE8969FB7389229FEC9909A4AE8924C8D288A1D7C78D5252939037603,1.58986599678024e-05,0.000198724747153526,11419892.78,265325805,2,0.0430410181173294,treat_2017,2017,TRUE,TRUE
5B62B2ACB0C9D2FA749C81D43481D120BE7CE506A5EED1BE9279D42D776C7E46,1041,93E844FE1AC70363ACC25C875A81A3C2EE7ED2364EA24705F5D877FBB5C4CEE8,1.06163783434385e-05,ACD51ABDE76CF4ECF54957E6C2CA90C65F4BB2CB52A228B1D5E0867E9E5BD250,0,1.06163783434385e-05,443694.53,265325805,2,0.00167226301263837,treat_2017,2017,FALSE,FALSE
5B62B2ACB0C9D2FA749C81D43481D120BE7CE506A5EED1BE9279D42D776C7E46,1062,DCF3F0DD9DF652FC8B064F143BE61B6316597A64B4E743D24B0030BAF9B79803,6.15850136977239e-05,AAEE7A0BCBE72A758DECD010C6BB77D07962734CC24B10ED40C403CDE97D5EB3,0,6.15850136977239e-05,465645.3,265325805,2,0.00175499439264869,treat_2017,2017,FALSE,FALSE
5BAFFDA135AFD0B803F11E4D0F49D0D307B62414D2A1FAB160B1925D68153871,4322,A0B44CF8258D0A44D27D379D0CD4B5D173FC1457A2B18D84A999423522AED2D2,3.52989529924418e-05,8DF5F00E3294F3D1BD1E7EA67754212E373670DF333D1A835A44C57D6CB9B4D8,0,3.52989529924418e-05,3023569.29,2051481296,2,0.00147384687147545,treat_2017,2017,FALSE,FALSE
5BC24025562E735BAE985E7C2E9424522DFBA7C4B6F1E95D0A245813A04B7771,2014,2A70DBCD110EDD6E2E83D454D79E47D9BA81845955CFE8E1E03BF1D0EA7BCBC5,3.90209640781755e-05,381129D2BACBFFE88AA47CF43AAB8B0205C90F8E3B8F55424F7421B3BB765AE7,3.70529576586508e-06,3.53156683123104e-05,315088.87,383121434,2,0.000822425586348166,treat_2017,2017,FALSE,FALSE
5BC24025562E735BAE985E7C2E9424522DFBA7C4B6F1E95D0A245813A04B7771,2229,DAEA45B1C32A96BEF3B14822D96C2FE56C613857921FE02B9603218C0CB7CEF2,7.40870498332187e-05,DD08B601EBB20E9049937EFCA68F187630995849BF698CC93C86C3024F7D4981,0,7.40870498332187e-05,53421.4,383121434,2,0.000139437252158541,treat_2017,2017,FALSE,FALSE
5EA04403872CE1207FC98C6591DA97C2C123C00F5524C42E3A85A0EB094096D5,2443,83EF4B50AC15D4BECE9C97DA8BECD2A6FAAC7049AAE59F893F2577B461792A16,2.54628648143931e-05,C9210078CEE580FDD0812518371FC8B5E11A493EF54D24394419069892A286C3,0,2.54628648143931e-05,58071.12,19578873,2,0.0029660093305677,treat_2017,2017,FALSE,FALSE
5F608D5E19A0D18BBDE76FDFB16FE77FC6C529F73BCA43EB343B9E7A84A65230,2014,2A70DBCD110EDD6E2E83D454D79E47D9BA81845955CFE8E1E03BF1D0EA7BCBC5,3.90209640781755e-05,61CE1E059D5C7F1EFB93A2EBFCF5C1706E402C91F3EC2954C003784C58232EDD,0,3.90209640781755e-05,967061.37,873396589,2,0.00110724198168354,treat_2017,2017,FALSE,FALSE
6099E01D67DA0DDEF00B89A26CDFD4791E17F3D7238DE15C6352E3CF73DF0103,2351,B8FDF1A99C14812F711B9B01A2C27EC7B85C6A71A20AB98121F00747A42E5B58,0.000103038803811996,1EB11C8C03D563589A1E83AF2856341DABF421EDF816A205EC6A0E9C90EACF10,0,0.000103038803811996,4656410.49,22199079,2,0.209756922347995,treat_2017,2017,TRUE,FALSE
6099E01D67DA0DDEF00B89A26CDFD4791E17F3D7238DE15C6352E3CF73DF0103,2399,01F2B0B3F7BAD9F8285A6E56F94211AB7FA80D574E5FA1F74F9FF6DF342CC0BF,0.000190039612128101,CD802969F6FDC1FE69F2A78E6151E83D7C29E6C8BBF3D80E9592FF356091885C,0,0.000190039612128101,954913.82,22199079,2,0.0430159206154454,treat_2017,2017,TRUE,TRUE
6099E01D67DA0DDEF00B89A26CDFD4791E17F3D7238DE15C6352E3CF73DF0103,4211,BEA704951F78F6206B131BE9FACD666E66E5939910623E8580ACB79F4696442C,0.000136258727169874,BD82BA2061C72EB2FDFC34AD831B7A0E33C57B6587E1D690B5308EB60182A371,1.04491078317667e-05,0.000125809619338107,380405.92,22199079,2,0.0171361127189105,treat_2017,2017,FALSE,FALSE
6103ADBA5CB4B323E3A1672B956BD68C827B7F6A3533A566F8585326958911E0,2351,B8FDF1A99C14812F711B9B01A2C27EC7B85C6A71A20AB98121F00747A42E5B58,0.000103038803811996,1EB11C8C03D563589A1E83AF2856341DABF421EDF816A205EC6A0E9C90EACF10,0,0.000103038803811996,430854.47,65787271,2,0.00654920721669698,treat_2017,2017,FALSE,FALSE
6103ADBA5CB4B323E3A1672B956BD68C827B7F6A3533A566F8585326958911E0,2399,097FB34FF6B9FB27D745617E55B229A025D43BB8EE78FE0C30C7D3FCF43F3182,0.00170088704646702,BF6357AF349AD32862EE1D8AE057A1E7468A88E9A6E3BAA0FAD716ABBA263F23,0.000219779260909068,0.00148110778555795,322555.85,65787271,2,0.00490301307680022,treat_2017,2017,FALSE,TRUE
6103ADBA5CB4B323E3A1672B956BD68C827B7F6A3533A566F8585326958911E0,4211,A20718A1C5EDE23DDA5E6320129C83E1683DE48F1D318858856BE325EEE823C1,5.55692076673613e-05,0D3B12296FD0C5E795FD6F04F819DECBA9614EE0235A935F14059E26AA0657DD,0,5.55692076673613e-05,85734.65,65787271,2,0.00130321031252383,treat_2017,2017,FALSE,FALSE
6124D8C0B3BE7ED34D36E2268756C66ADA69BA3A62AF2694DE53695ABA8C0454,4676,3681204F7810467B3431212FC23F07FEB4DC809C1A445CC9BF393FFD63CAB006,7.77079476005881e-06,C5BA3CF0046CD26F50C12FDB281749C30CE5CA01E34405D8D4DAAB3426C1F6C6,0,7.77079476005881e-06,545246.76,126073443,2,0.00432483437451613,treat_2017,2017,FALSE,FALSE
613884E4DA96E6D9E3FEABBEE7F72A3229AD63E0B7C072487E6E046F49312232,1920,1C6EC1F8E25B016DB87AC7C6CDC9FD74E36F38CFD1673CB9480E1F9ED238F425,8.80218638642514e-06,125EA6B782DCCA982F2692424AE91CBA74A6BC3DB2028CDF4B30877325B3BAF1,0,8.80218638642514e-06,45012453.48,774060032,2,0.0581511144086561,treat_2017,2017,TRUE,FALSE
61CE1E059D5C7F1EFB93A2EBFCF5C1706E402C91F3EC2954C003784C58232EDD,1920,1C6EC1F8E25B016DB87AC7C6CDC9FD74E36F38CFD1673CB9480E1F9ED238F425,8.80218638642514e-06,E5ABBAFE31944B33EB97FA66732B5A526F09B5C9B1CF3181F3361151C0AA9EB7,0,8.80218638642514e-06,18559364.09,1640910069,2,0.0113104090471639,treat_2017,2017,FALSE,FALSE
61CE1E059D5C7F1EFB93A2EBFCF5C1706E402C91F3EC2954C003784C58232EDD,2014,68DC8BCF66B5C19AE14A0641B5976AED28CC1A1209CE9BAD3980A2C7AEB618D7,5.36810065556938e-05,61CE1E059D5C7F1EFB93A2EBFCF5C1706E402C91F3EC2954C003784C58232EDD,0,5.36810065556938e-05,8345611.54,1640910069,2,0.00508596521995015,treat_2017,2017,FALSE,FALSE
6371BA2FF54724755C5C1CEAFC819C6D6E837562856F99423DF37E607DDA7B0E,4676,3681204F7810467B3431212FC23F07FEB4DC809C1A445CC9BF393FFD63CAB006,7.77079476005881e-06,EBB6243C7ABD7B9597BD64CD7F8F093393B2FB50B81782EC35C2E0D26D64C674,0,7.77079476005881e-06,1707718.35,28120974,2,0.0607275676155456,treat_2017,2017,TRUE,FALSE
646ED34AB15E2CF9678A7E4052657DB3AF6199E9013AE1E306B52B1C6D7D99B3,1062,DCF3F0DD9DF652FC8B064F143BE61B6316597A64B4E743D24B0030BAF9B79803,6.15850136977239e-05,BB137937773E0C72F137BCFF7E230688DB583482A9563BFF037CE4FFF9F60CE8,0,6.15850136977239e-05,4710761.36,239675226,2,0.0196547696590051,treat_2017,2017,TRUE,FALSE
648B6285AF072F95A47296A5F6B2ED0F033063B5034F78B51A7A8AAA82ABECE6,1031,5B62B2ACB0C9D2FA749C81D43481D120BE7CE506A5EED1BE9279D42D776C7E46,8.21480594396011e-05,781DDBF220914771C108CE716159C411A65053A91F89898E330CB0229771CCE6,0,8.21480594396011e-05,1858428.42,908964062,2,0.0020445565426546,treat_2017,2017,FALSE,FALSE
648B6285AF072F95A47296A5F6B2ED0F033063B5034F78B51A7A8AAA82ABECE6,1051,1A197756250775389BD4ECBD644856B19F0024EE36CFDF5AB1599882260983EE,8.70639900246024e-05,2EA5AB1710B2C07A0559C4D607230AEE3A896C7A33156792015D2C79268E4D7A,0,8.70639900246024e-05,20869946.87,908964062,2,0.0229601452273918,treat_2017,2017,TRUE,FALSE
648B6285AF072F95A47296A5F6B2ED0F033063B5034F78B51A7A8AAA82ABECE6,1105,82AD7E022AA1035FA624569E4235B7E60665602F69F48D196D6E577AB3B2F821,3.55285119461142e-05,539DFF8A5B778AB035491D14825C7B39DA46F67FAB72F13B77AEF41EB8525850,0,3.55285119461142e-05,49979154.41,908964062,2,0.0549847419710198,treat_2017,2017,TRUE,FALSE
648B6285AF072F95A47296A5F6B2ED0F033063B5034F78B51A7A8AAA82ABECE6,1107,32424075741922469453FAD31C3E5A3FC8FB96E6E14ACF83BA40B2F0B4770F80,2.17596979039937e-05,1CB37AB74478F9C217EFCFDA2843A640F506101BDE944EFD19E87241396C4A1C,0,2.17596979039937e-05,12732698,908964062,2,0.0140079223506198,treat_2017,2017,FALSE,FALSE
648B6285AF072F95A47296A5F6B2ED0F033063B5034F78B51A7A8AAA82ABECE6,1722,1745374E09DBF271136A572D482D683EFC56C0DDAD78546E8A3B3C4C6D94F1F5,3.90735085943156e-05,231728AE658DF5F67DE00CBD2B6F24F04EF33377DE281117BBA359DFB4CEA28C,1.85315646549942e-05,2.05419439393214e-05,5808661.68,908964062,2,0.00639041951473765,treat_2017,2017,FALSE,FALSE
648B6285AF072F95A47296A5F6B2ED0F033063B5034F78B51A7A8AAA82ABECE6,4211,BD82BA2061C72EB2FDFC34AD831B7A0E33C57B6587E1D690B5308EB60182A371,1.04491078317667e-05,D4D2E1C06944A9D89BF42D277B9FA290B4D68A873FB82943562B733E4FDD2FB9,9.64854962281004e-06,8.005582089567e-07,296488.4,908964062,2,0.000326182752866636,treat_2017,2017,FALSE,FALSE
65131DA16F26415E3FEAE77CDC495EBCBE8CDE6042C6696D620D73DF40AD7CCF,2015,7A01DDE298CB1AB8AAB6B60D8755E5997F415CEF475BD9887E027BDBD80E1B41,0.000568587529549804,0D8E6484CB9716B07B6C77FDAD4D31811A9B3082E8A56ED31A4A3CE3BD08F828,8.69235578696799e-05,0.000481663971680125,489219.66,1161458508,2,0.000421211482485434,treat_2017,2017,FALSE,TRUE
66AE3CA22B61AC34F1F122C81BC17944EC300A0A05DA75E1552721C6AFDECD55,2351,B8FDF1A99C14812F711B9B01A2C27EC7B85C6A71A20AB98121F00747A42E5B58,0.000103038803811996,1EB11C8C03D563589A1E83AF2856341DABF421EDF816A205EC6A0E9C90EACF10,0,0.000103038803811996,1631484.16,230566326,2,0.00707598628257624,treat_2017,2017,FALSE,FALSE
66DCC51088434215A5B77586058D15FA171B4085525EFAABF47D62B9C9ADE3CF,1393,3EE54F1625227C67E1ED1E8AADCB8DB7E0EAC784F6B11595A589E00465C4C22D,6.44909989307547e-05,50154C7B5E14CCEFC3EDBACF9AA6A051535C6A93E708805F4E988D33659168EB,1.13343454860175e-06,6.3357564382153e-05,20384.05,318596168,2,6.39808385893706e-05,treat_2017,2017,FALSE,FALSE
66DCC51088434215A5B77586058D15FA171B4085525EFAABF47D62B9C9ADE3CF,2351,B8FDF1A99C14812F711B9B01A2C27EC7B85C6A71A20AB98121F00747A42E5B58,0.000103038803811996,1EB11C8C03D563589A1E83AF2856341DABF421EDF816A205EC6A0E9C90EACF10,0,0.000103038803811996,1313404.49,318596168,2,0.0041224742226027,treat_2017,2017,FALSE,FALSE
66DFBAD9F31D5C4722F8A8DF3D5ED4C14F8F732BF912F2634CB1A76014BDBFED,2014,2A70DBCD110EDD6E2E83D454D79E47D9BA81845955CFE8E1E03BF1D0EA7BCBC5,3.90209640781755e-05,7BD8DA430EC6A64C5278A5087EDDDCFD54EE849C1B904B1F1BFF9FE3FB8E5553,2.02112860527006e-06,3.69998354729054e-05,175996.33,167064555,2,0.00105346301613768,treat_2017,2017,FALSE,FALSE
674CD030427E12F2FF7E05A9B61172EC4428AD97AA19296AF120B0B48F9F5A1C,2351,B8FDF1A99C14812F711B9B01A2C27EC7B85C6A71A20AB98121F00747A42E5B58,0.000103038803811996,1EB11C8C03D563589A1E83AF2856341DABF421EDF816A205EC6A0E9C90EACF10,0,0.000103038803811996,56097.08,73439571,2,0.000763853590593551,treat_2017,2017,FALSE,FALSE
674CD030427E12F2FF7E05A9B61172EC4428AD97AA19296AF120B0B48F9F5A1C,4211,BEA704951F78F6206B131BE9FACD666E66E5939910623E8580ACB79F4696442C,0.000136258727169874,93C8DA9C1D3467D45E207D48C038D8DBCA7AC78A4416AE622461E76ED52B5173,0,0.000136258727169874,84224.16,73439571,2,0.00114684983658197,treat_2017,2017,FALSE,FALSE
67863B92FB29A53B4F85034E41DF069DCCE2E96E963396F391424D73021DCAC2,2014,381129D2BACBFFE88AA47CF43AAB8B0205C90F8E3B8F55424F7421B3BB765AE7,3.70529576586508e-06,85824767204C92DFB37F36B5D9087A92328BD6A0092228B0AB8B89C227C24614,0,3.70529576586508e-06,15124.92,150471935,2,0.000100516551475197,treat_2017,2017,FALSE,FALSE
67863B92FB29A53B4F85034E41DF069DCCE2E96E963396F391424D73021DCAC2,2352,13F626FCEEB1FD59AD5B43240916375573AC6AB3BA3E06035D546F6114C3CDD5,0.000486627052877571,A183E58FD6E9210A769556E997400F5AB2F8747CA368592DCFB4BB8B7CB10859,0,0.000486627052877571,2739480.44,150471935,2,0.0182059228519923,treat_2017,2017,TRUE,TRUE
686552E789EE4A5DAC8ED479B023351424550F567382BF8F85E906967A43ADD7,2016,CD81AC115D02B761693835DD8A3C1769DEE7F9AB64F08E3FD720AE423A47A7EB,0.00106649811885426,9C8EB20FA52DF76154FE015473D15DCDE8EF3F6EB34E0168A4464DFB4B0E7BD0,5.63520835418841e-05,0.00101014603531238,2528237.84,80577635,2,0.0313764215095169,treat_2017,2017,TRUE,TRUE
68A2F4B84714EC1829E0AC28D29F204FDEBFF70F71F2A22FDE65461FF3ADDDFF,1920,1C6EC1F8E25B016DB87AC7C6CDC9FD74E36F38CFD1673CB9480E1F9ED238F425,8.80218638642514e-06,E5ABBAFE31944B33EB97FA66732B5A526F09B5C9B1CF3181F3361151C0AA9EB7,0,8.80218638642514e-06,9778147.6,7324507620,2,0.00133499043311802,treat_2017,2017,FALSE,FALSE
68A2F4B84714EC1829E0AC28D29F204FDEBFF70F71F2A22FDE65461FF3ADDDFF,2014,CD862FFAF195F06877AE4815D81FDFFCB454147B4CAB0C53BD6FD33F3D619DF1,6.86980714825666e-05,85824767204C92DFB37F36B5D9087A92328BD6A0092228B0AB8B89C227C24614,0,6.86980714825666e-05,760934.7,7324507620,2,0.00010388885362372,treat_2017,2017,FALSE,FALSE
68A2F4B84714EC1829E0AC28D29F204FDEBFF70F71F2A22FDE65461FF3ADDDFF,2351,B8FDF1A99C14812F711B9B01A2C27EC7B85C6A71A20AB98121F00747A42E5B58,0.000103038803811996,1EB11C8C03D563589A1E83AF2856341DABF421EDF816A205EC6A0E9C90EACF10,0,0.000103038803811996,8256.37,7324507620,2,1.12722525913626e-06,treat_2017,2017,FALSE,FALSE
68A2F4B84714EC1829E0AC28D29F204FDEBFF70F71F2A22FDE65461FF3ADDDFF,2352,233C29FA2E67D9E99661CF7ABDF39D6AC6BAEC0D61A8BF7ACA5B2A341DB24E7D,0.00126345506798275,A183E58FD6E9210A769556E997400F5AB2F8747CA368592DCFB4BB8B7CB10859,0,0.00126345506798275,56740611.48,7324507620,2,0.00774667928873013,treat_2017,2017,FALSE,TRUE
68A2F4B84714EC1829E0AC28D29F204FDEBFF70F71F2A22FDE65461FF3ADDDFF,4211,81A56728305B23CED4271E85C1C3CCF6F2680AF5231CABD61B3434FC40D6896D,4.09771610086498e-05,D2E36629C57DE7C3DE50105733271BC0699A14DC45E956E39883988835BB92F2,0,4.09771610086498e-05,1811253.42,7324507620,2,0.000247286713861047,treat_2017,2017,FALSE,FALSE
68A2F4B84714EC1829E0AC28D29F204FDEBFF70F71F2A22FDE65461FF3ADDDFF,4322,A0B44CF8258D0A44D27D379D0CD4B5D173FC1457A2B18D84A999423522AED2D2,3.52989529924418e-05,8DF5F00E3294F3D1BD1E7EA67754212E373670DF333D1A835A44C57D6CB9B4D8,0,3.52989529924418e-05,1535997.43,7324507620,2,0.000209706578201362,treat_2017,2017,FALSE,FALSE
6AA55F3EB5FE56ED87E0A61B3BC1F0805DF7BBAEA8C26C6F7A89E8490D9067EE,2351,B8FDF1A99C14812F711B9B01A2C27EC7B85C6A71A20AB98121F00747A42E5B58,0.000103038803811996,1EB11C8C03D563589A1E83AF2856341DABF421EDF816A205EC6A0E9C90EACF10,0,0.000103038803811996,2572340.39,8741180,2,0.29427839147575,treat_2017,2017,TRUE,FALSE
6AA8E4141A63E20F297FD4A50D200299ABED45FB3AEB28BC62C3D7D60C2E7642,4211,81A56728305B23CED4271E85C1C3CCF6F2680AF5231CABD61B3434FC40D6896D,4.09771610086498e-05,E14B333E63B5525E292C27BD674CC465CFBEF8BC5ECBC8532E54CEAC6E89FB40,0,4.09771610086498e-05,32406220.55,374772876,2,0.0864689592690801,treat_2017,2017,TRUE,FALSE
6AA8E4141A63E20F297FD4A50D200299ABED45FB3AEB28BC62C3D7D60C2E7642,4322,A0B44CF8258D0A44D27D379D0CD4B5D173FC1457A2B18D84A999423522AED2D2,3.52989529924418e-05,8DF5F00E3294F3D1BD1E7EA67754212E373670DF333D1A835A44C57D6CB9B4D8,0,3.52989529924418e-05,3111467.42,374772876,2,0.00830227484232343,treat_2017,2017,FALSE,FALSE
6CBFB387089275C4EBF4E86C09C037BA343887CEA543886F318B34E7A5189CBE,4211,BD82BA2061C72EB2FDFC34AD831B7A0E33C57B6587E1D690B5308EB60182A371,1.04491078317667e-05,87E5B03AE2F26F8B96AB3C88B2131DACA236CEB32040FDCDA46B83175621CD78,0,1.04491078317667e-05,121602.15,26358768,2,0.00461334725507657,treat_2017,2017,FALSE,FALSE
6CBFB387089275C4EBF4E86C09C037BA343887CEA543886F318B34E7A5189CBE,4673,2EDB84F873D1720009F7FE2B6EBFA04329C6829EDFD154525B24987A3D52E2AD,6.28853635044987e-05,408E6F8CE8C3773A3CB10C646C027CFD3D9DBE540EC16D3D170E2E74D321E574,0,6.28853635044987e-05,114025.4,26358768,2,0.00432590020899308,treat_2017,2017,FALSE,FALSE
6DF6FD750AA2D67C2FB15D06A63C0321D1BBE5A3AB2AF038C453EFD0BDD605CD,2014,381129D2BACBFFE88AA47CF43AAB8B0205C90F8E3B8F55424F7421B3BB765AE7,3.70529576586508e-06,7BD8DA430EC6A64C5278A5087EDDDCFD54EE849C1B904B1F1BFF9FE3FB8E5553,2.02112860527006e-06,1.68416716059502e-06,1033611.23,1430623533,2,0.000722490023516201,treat_2017,2017,FALSE,FALSE
6DF6FD750AA2D67C2FB15D06A63C0321D1BBE5A3AB2AF038C453EFD0BDD605CD,2016,B0930165FBBB06212FA618CDACF48BCD90D9F97D6D59E4B61B2F5354E62EF329,3.14645743739694e-05,ACE93574AA754D20E20A970013D12007E4BF544F51ACF184F0EF0C333EA3937C,0,3.14645743739694e-05,63707083.9,1430623533,2,0.0445309911590836,treat_2017,2017,TRUE,FALSE
6DF6FD750AA2D67C2FB15D06A63C0321D1BBE5A3AB2AF038C453EFD0BDD605CD,2229,DAEA45B1C32A96BEF3B14822D96C2FE56C613857921FE02B9603218C0CB7CEF2,7.40870498332187e-05,B2E0D78A7F730C32AF9265FD7637D341F281207F62358847026025605C8611C2,0,7.40870498332187e-05,75518.42,1430623533,2,5.2787066798516e-05,treat_2017,2017,FALSE,FALSE
6DF6FD750AA2D67C2FB15D06A63C0321D1BBE5A3AB2AF038C453EFD0BDD605CD,2314,D58518D29BDB13652ED33A3F9A10394D7D047FEDBC30A1F05F7C08D082F2E72A,5.5183154987118e-05,5F38654B8D559290F7091D877D2F5AB22BBD287F5C18610884DFAD6648159F90,5.23250289657866e-05,2.85812602133144e-06,93621,1430623533,2,6.5440696200263e-05,treat_2017,2017,FALSE,FALSE
6DF6FD750AA2D67C2FB15D06A63C0321D1BBE5A3AB2AF038C453EFD0BDD605CD,3511,3BE59C35E1BFCEE14744A27D1026D2E8F5690AEFBA6276A6EFADA053A2D4F534,0.000444514994669268,1176833D889F1BBF11D8D7B4116C8CCB7EA2C40129230716E9D7EF3F2998A4C9,0,0.000444514994669268,40819092.34,1430623533,2,0.0285323786435995,treat_2017,2017,TRUE,TRUE
6DF6FD750AA2D67C2FB15D06A63C0321D1BBE5A3AB2AF038C453EFD0BDD605CD,4676,3681204F7810467B3431212FC23F07FEB4DC809C1A445CC9BF393FFD63CAB006,7.77079476005881e-06,C5BA3CF0046CD26F50C12FDB281749C30CE5CA01E34405D8D4DAAB3426C1F6C6,0,7.77079476005881e-06,3738636.85,1430623533,2,0.00261329187152411,treat_2017,2017,FALSE,FALSE
6E2979C11D72491FF51C40988B08DB058C9D8AC79C822765A0BA402DCA828C02,1920,1C6EC1F8E25B016DB87AC7C6CDC9FD74E36F38CFD1673CB9480E1F9ED238F425,8.80218638642514e-06,125EA6B782DCCA982F2692424AE91CBA74A6BC3DB2028CDF4B30877325B3BAF1,0,8.80218638642514e-06,38528459.42,1025534432,2,0.0375691524514313,treat_2017,2017,TRUE,FALSE
6F4F34531538E252D3211A55D02B168CB91CBC9221FA038D0D1B034D977BEF84,4211,BEA704951F78F6206B131BE9FACD666E66E5939910623E8580ACB79F4696442C,0.000136258727169874,CC17A49A3D2D52F3D8C1CEB869CCA5096C549CFAE3A0D6CB09EA694C2F81F81F,0,0.000136258727169874,20418.8,10195264,2,0.00200277305227211,treat_2017,2017,FALSE,FALSE
7377A1DCBC87F5E28F2563A4F72835A4C3FB9C436AE288E420C188779E4AFD9B,2014,7377A1DCBC87F5E28F2563A4F72835A4C3FB9C436AE288E420C188779E4AFD9B,0.000409655665552639,AFCA27A1F1BB2F7C605C4B1753142D734EB685C1A44B33B33D43D3893BB18C10,0,0.000409655665552639,7072147.66,125129479,2,0.0565186374667156,treat_2017,2017,TRUE,TRUE
76D7F8B37751122E872CF281DE0F6D6128BF81F79E5835DF26C7CC8C08CBBD17,2351,B8FDF1A99C14812F711B9B01A2C27EC7B85C6A71A20AB98121F00747A42E5B58,0.000103038803811996,1EB11C8C03D563589A1E83AF2856341DABF421EDF816A205EC6A0E9C90EACF10,0,0.000103038803811996,250098.43,27220521,2,0.00918786345051955,treat_2017,2017,FALSE,FALSE
781DDBF220914771C108CE716159C411A65053A91F89898E330CB0229771CCE6,1031,A1E9FE762ACC4DE886908DD38F550AAC93E153911553A0EE13701CA7E35CD778,4.98470511558588e-05,91EC638BAEE6C0547B5CD3A38EA010251CF846F1DAC5B46C2DEBAA30174CD56E,0,4.98470511558588e-05,7496352.98,441871366,2,0.0169650118944345,treat_2017,2017,FALSE,FALSE
78EFD077D19A87B47B806EB9E8A7D4236FAE9529E54ACBCEA5796C58A3D977FC,2014,2A70DBCD110EDD6E2E83D454D79E47D9BA81845955CFE8E1E03BF1D0EA7BCBC5,3.90209640781755e-05,91738BC31E8682337A567C344417306B4025B0A737D605FC612A6F338F21D854,0,3.90209640781755e-05,284228.21,200719293,2,0.00141604828191578,treat_2017,2017,FALSE,FALSE
798294CF36CF2BBD5FE5C29BC2C449FD8776799CE16E9E49D018988A361D5DA9,2332,B0BDF350FA217BFD724FDDC946398CA461035D6B82CEBC98DD1973C4C264A7E6,0.000216357956608233,F9BA580882EE8B50092D6091166E494FCBFE133526EE04FDB447210FC01FBB19,1.66468128300526e-05,0.000199711143778181,47500,130271371,2,0.000364623475099529,treat_2017,2017,FALSE,TRUE
79B59817E9FA073421DD2557D87BF8BDBC59DB7DEDC6770D83CAB4D5B9604105,1920,1C6EC1F8E25B016DB87AC7C6CDC9FD74E36F38CFD1673CB9480E1F9ED238F425,8.80218638642514e-06,E282B7153619085A768EACA37CD5EDF8E4859AB6B5D2BE62750FD4C54D5FDA30,0,8.80218638642514e-06,9253830.32,85376892,2,0.108387997070683,treat_2017,2017,TRUE,FALSE
79B63230F71E27B0B009FAEE092B4649C8CEF6C842DF1E9548C74ADA7F1A7DEB,2332,10180C726132F327A9657D91AC5EEA82D52D128540E6467433F66AD25C86F10B,0.000359770584732662,79B63230F71E27B0B009FAEE092B4649C8CEF6C842DF1E9548C74ADA7F1A7DEB,9.84751746740705e-05,0.000261295410058592,671245.78,442761337,2,0.00151604425207524,treat_2017,2017,FALSE,TRUE
79B63230F71E27B0B009FAEE092B4649C8CEF6C842DF1E9548C74ADA7F1A7DEB,2352,233C29FA2E67D9E99661CF7ABDF39D6AC6BAEC0D61A8BF7ACA5B2A341DB24E7D,0.00126345506798275,13F626FCEEB1FD59AD5B43240916375573AC6AB3BA3E06035D546F6114C3CDD5,0.000486627052877571,0.000776828015105174,1019114.65,442761337,2,0.00230172457447431,treat_2017,2017,FALSE,TRUE
7A7E7015E0F5576B4E8A1BC48E8002E02F76DB4B2AF5A48A4C54C15176DB0693,5223,6AA8E4141A63E20F297FD4A50D200299ABED45FB3AEB28BC62C3D7D60C2E7642,1.6367246385248e-05,B6F8B15A34CFB540C2417A6DC36A53425CEC90C412B5E9E7CE7A20390C171E33,0,1.6367246385248e-05,83480612.05,1829766507,2,0.045623641995104,treat_2017,2017,TRUE,FALSE
7AC15CAAC97625B385477A1F6A28C0F58024D0D5466028E0A78ACAFF205D0AA4,4211,81A56728305B23CED4271E85C1C3CCF6F2680AF5231CABD61B3434FC40D6896D,4.09771610086498e-05,E14B333E63B5525E292C27BD674CC465CFBEF8BC5ECBC8532E54CEAC6E89FB40,0,4.09771610086498e-05,1773615.65,5568103788,2,0.000318531356010708,treat_2017,2017,FALSE,FALSE
7BD8DA430EC6A64C5278A5087EDDDCFD54EE849C1B904B1F1BFF9FE3FB8E5553,1920,1C6EC1F8E25B016DB87AC7C6CDC9FD74E36F38CFD1673CB9480E1F9ED238F425,8.80218638642514e-06,E5ABBAFE31944B33EB97FA66732B5A526F09B5C9B1CF3181F3361151C0AA9EB7,0,8.80218638642514e-06,2229562.46,1230005846,2,0.00181264379128813,treat_2017,2017,FALSE,FALSE
7BD8DA430EC6A64C5278A5087EDDDCFD54EE849C1B904B1F1BFF9FE3FB8E5553,2352,233C29FA2E67D9E99661CF7ABDF39D6AC6BAEC0D61A8BF7ACA5B2A341DB24E7D,0.00126345506798275,13F626FCEEB1FD59AD5B43240916375573AC6AB3BA3E06035D546F6114C3CDD5,0.000486627052877571,0.000776828015105174,103106.92,1230005846,2,8.38263658138744e-05,treat_2017,2017,FALSE,TRUE
7C0333AE08168E97C1DD68D98B8051A5C5C90D18245B4988A49F08062BC40274,2016,1E9AFCCFC2BEB1136C929DD46B6D15743F76A4DE734C2977D9C9BE1F6C01766D,0.000357974396666644,8AD8CD6E2A5082CF7EE48D06DBC38617A85AA8D5CA2A7DAF9CAA2192C4E300C7,0.00032636629953529,3.16080971313542e-05,7465.02,115020820,2,6.49014674039013e-05,treat_2017,2017,FALSE,FALSE
7EFE7AC47DF7A0E69E1E4909A7C14C4BEF034F82D4F05F3C3F42A2942791E0CA,2014,2A70DBCD110EDD6E2E83D454D79E47D9BA81845955CFE8E1E03BF1D0EA7BCBC5,3.90209640781755e-05,85824767204C92DFB37F36B5D9087A92328BD6A0092228B0AB8B89C227C24614,0,3.90209640781755e-05,141751.03,1180129815,2,0.00012011477737303,treat_2017,2017,FALSE,FALSE
7EFE7AC47DF7A0E69E1E4909A7C14C4BEF034F82D4F05F3C3F42A2942791E0CA,2352,233C29FA2E67D9E99661CF7ABDF39D6AC6BAEC0D61A8BF7ACA5B2A341DB24E7D,0.00126345506798275,13F626FCEEB1FD59AD5B43240916375573AC6AB3BA3E06035D546F6114C3CDD5,0.000486627052877571,0.000776828015105174,123830.78,1180129815,2,0.000104929795371707,treat_2017,2017,FALSE,TRUE
816D959E3B13F5BB2A8E380012AFF472FB512CB583C11B8725D3FC1FFCC30337,2314,D58518D29BDB13652ED33A3F9A10394D7D047FEDBC30A1F05F7C08D082F2E72A,5.5183154987118e-05,816D959E3B13F5BB2A8E380012AFF472FB512CB583C11B8725D3FC1FFCC30337,0,5.5183154987118e-05,98951.77,242836544,2,0.000407483026936835,treat_2017,2017,FALSE,FALSE
81A56728305B23CED4271E85C1C3CCF6F2680AF5231CABD61B3434FC40D6896D,1920,1C6EC1F8E25B016DB87AC7C6CDC9FD74E36F38CFD1673CB9480E1F9ED238F425,8.80218638642514e-06,4AC00C83D98E466FB741ACC01CDB6754F558854872499BB3CD1BCD43EA3EE823,0,8.80218638642514e-06,3597731.91,193302801,2,0.0186118974551228,treat_2017,2017,TRUE,FALSE
81A56728305B23CED4271E85C1C3CCF6F2680AF5231CABD61B3434FC40D6896D,2351,B8FDF1A99C14812F711B9B01A2C27EC7B85C6A71A20AB98121F00747A42E5B58,0.000103038803811996,E6FBC32059211E85E235011A5E8D4C5A37E54E298B13DE19262EF86E270E53FC,0,0.000103038803811996,10055076.25,193302801,2,0.0520172299520895,treat_2017,2017,TRUE,FALSE
81A56728305B23CED4271E85C1C3CCF6F2680AF5231CABD61B3434FC40D6896D,2399,556F325F89BA24B47694660DC89436EC50E9D389F7BAA17D07992B6F91C354CB,0.000702850518421449,50718D79C9F77E6F3F5941DA8BA2BF27DC3B371AEC3069E4679E58F20D84E7ED,0,0.000702850518421449,68360.49,193302801,2,0.000353644591006211,treat_2017,2017,FALSE,TRUE
81A56728305B23CED4271E85C1C3CCF6F2680AF5231CABD61B3434FC40D6896D,4211,BEA704951F78F6206B131BE9FACD666E66E5939910623E8580ACB79F4696442C,0.000136258727169874,E14B333E63B5525E292C27BD674CC465CFBEF8BC5ECBC8532E54CEAC6E89FB40,0,0.000136258727169874,2135610.47,193302801,2,0.011048005817567,treat_2017,2017,FALSE,FALSE
81F3BF4BFE62F9B16730F61D678DA247D580194392DBEA760820233074607D2A,1920,1C6EC1F8E25B016DB87AC7C6CDC9FD74E36F38CFD1673CB9480E1F9ED238F425,8.80218638642514e-06,4AC00C83D98E466FB741ACC01CDB6754F558854872499BB3CD1BCD43EA3EE823,0,8.80218638642514e-06,664330.26,468765797,2,0.00141719012831476,treat_2017,2017,FALSE,FALSE
82AD7E022AA1035FA624569E4235B7E60665602F69F48D196D6E577AB3B2F821,1105,82AD7E022AA1035FA624569E4235B7E60665602F69F48D196D6E577AB3B2F821,3.55285119461142e-05,E60640E4E30204E117A3D7F608E7D4BC258F80680C12AD053D01E119BF8DF4FB,0,3.55285119461142e-05,788731.19,137973693,2,0.00571653315099713,treat_2017,2017,FALSE,FALSE
83EF4B50AC15D4BECE9C97DA8BECD2A6FAAC7049AAE59F893F2577B461792A16,2014,2A70DBCD110EDD6E2E83D454D79E47D9BA81845955CFE8E1E03BF1D0EA7BCBC5,3.90209640781755e-05,F8F1FAA7804D5A5B8495B44A8586C93F19689545D2D96B5CBBB19221519EC076,0,3.90209640781755e-05,3483803.38,5150402398,2,0.000676413823772843,treat_2017,2017,FALSE,FALSE
83EF4B50AC15D4BECE9C97DA8BECD2A6FAAC7049AAE59F893F2577B461792A16,2059,4C4AFA11F7CFB164582811756F70B0C08F76AA402E3112B966D24AEC0EF417AD,2.17442134768675e-05,A5F42954DC270F82BFCBF96E16AED6D073EC39BFFBC3C7FA91B568085B73F10C,0,2.17442134768675e-05,1155071.63,5150402398,2,0.000224268230080146,treat_2017,2017,FALSE,FALSE
83EF4B50AC15D4BECE9C97DA8BECD2A6FAAC7049AAE59F893F2577B461792A16,2352,233C29FA2E67D9E99661CF7ABDF39D6AC6BAEC0D61A8BF7ACA5B2A341DB24E7D,0.00126345506798275,13F626FCEEB1FD59AD5B43240916375573AC6AB3BA3E06035D546F6114C3CDD5,0.000486627052877571,0.000776828015105174,4763471.24,5150402398,2,0.000924873606351563,treat_2017,2017,FALSE,TRUE
83EF4B50AC15D4BECE9C97DA8BECD2A6FAAC7049AAE59F893F2577B461792A16,2365,67863B92FB29A53B4F85034E41DF069DCCE2E96E963396F391424D73021DCAC2,0.000208018857469999,1699301EC2767FC1FF82337B41AE8E16B093A1C04259532BBCCFCBA1D82BA80F,2.1864947544599e-05,0.0001861539099254,73689.94,5150402398,2,1.43076082809792e-05,treat_2017,2017,FALSE,TRUE
83EF4B50AC15D4BECE9C97DA8BECD2A6FAAC7049AAE59F893F2577B461792A16,2443,83EF4B50AC15D4BECE9C97DA8BECD2A6FAAC7049AAE59F893F2577B461792A16,2.54628648143931e-05,C9210078CEE580FDD0812518371FC8B5E11A493EF54D24394419069892A286C3,0,2.54628648143931e-05,975304.81,5150402398,2,0.000189364778639185,treat_2017,2017,FALSE,FALSE
83EF4B50AC15D4BECE9C97DA8BECD2A6FAAC7049AAE59F893F2577B461792A16,2444,9B43410201CE09CB26C572270E1B2418216ACA95142E50069DE00EC17DD07189,6.12364052478015e-08,387E9F4FB003C1750F4D9FFA33CB0062B0884FAFD07A70B4FA087D840A9EE79D,0,6.12364052478015e-08,14662331.34,5150402398,2,0.00284683219037287,treat_2017,2017,FALSE,FALSE
83EF4B50AC15D4BECE9C97DA8BECD2A6FAAC7049AAE59F893F2577B461792A16,4211,ADFF18A56167B77F87D8DF548BEF8C5F4AD4A774572E8E8D206E19659C2B9246,3.13552464943978e-05,D2E36629C57DE7C3DE50105733271BC0699A14DC45E956E39883988835BB92F2,0,3.13552464943978e-05,1870276.06,5150402398,2,0.000363132026485205,treat_2017,2017,FALSE,FALSE
83EF4B50AC15D4BECE9C97DA8BECD2A6FAAC7049AAE59F893F2577B461792A16,4322,A0B44CF8258D0A44D27D379D0CD4B5D173FC1457A2B18D84A999423522AED2D2,3.52989529924418e-05,8DF5F00E3294F3D1BD1E7EA67754212E373670DF333D1A835A44C57D6CB9B4D8,0,3.52989529924418e-05,852872.02,5150402398,2,0.000165593278756469,treat_2017,2017,FALSE,FALSE
849992678A39D5A48655A05BE77ACFBB537C4669A840B6F6DA0230E0AA188A46,2014,3C8F64AD580757BBF770B04BD52CCCE6D586313EFCC2A4893B9131A2D9846D30,0.000237274038919233,AFCA27A1F1BB2F7C605C4B1753142D734EB685C1A44B33B33D43D3893BB18C10,0,0.000237274038919233,769914.97,71018087,2,0.0108411110820262,treat_2017,2017,FALSE,TRUE
876978BC4151C1DB54BE1D34705B6F021461037AB3941E1E61C579AB8066A28B,2014,381129D2BACBFFE88AA47CF43AAB8B0205C90F8E3B8F55424F7421B3BB765AE7,3.70529576586508e-06,AFCA27A1F1BB2F7C605C4B1753142D734EB685C1A44B33B33D43D3893BB18C10,0,3.70529576586508e-06,169925.34,457001859,1,0.00037182636493389,treat_2017,2017,FALSE,FALSE
876978BC4151C1DB54BE1D34705B6F021461037AB3941E1E61C579AB8066A28B,2352,233C29FA2E67D9E99661CF7ABDF39D6AC6BAEC0D61A8BF7ACA5B2A341DB24E7D,0.00126345506798275,13F626FCEEB1FD59AD5B43240916375573AC6AB3BA3E06035D546F6114C3CDD5,0.000486627052877571,0.000776828015105174,347994.33,457001859,1,0.000761472460443536,treat_2017,2017,FALSE,TRUE
876978BC4151C1DB54BE1D34705B6F021461037AB3941E1E61C579AB8066A28B,4676,3681204F7810467B3431212FC23F07FEB4DC809C1A445CC9BF393FFD63CAB006,7.77079476005881e-06,6FA5F083A7497CD733C938DC82E4275808882993D1CE845CC353AB65FF22EAF4,0,7.77079476005881e-06,150367656.94,457001859,1,0.329030733636469,treat_2017,2017,TRUE,FALSE
87E5B03AE2F26F8B96AB3C88B2131DACA236CEB32040FDCDA46B83175621CD78,2332,DFE84999859FA7A6205AF0220585AD1C09A9628C9E358622CBCEA2E6DACBBBF1,0.000395010468796854,79B63230F71E27B0B009FAEE092B4649C8CEF6C842DF1E9548C74ADA7F1A7DEB,9.84751746740705e-05,0.000296535294122783,361553.56,176714785,2,0.00204597232766913,treat_2017,2017,FALSE,TRUE
87E5B03AE2F26F8B96AB3C88B2131DACA236CEB32040FDCDA46B83175621CD78,2351,B8FDF1A99C14812F711B9B01A2C27EC7B85C6A71A20AB98121F00747A42E5B58,0.000103038803811996,E6FBC32059211E85E235011A5E8D4C5A37E54E298B13DE19262EF86E270E53FC,0,0.000103038803811996,1040876.55,176714785,2,0.0058901497687361,treat_2017,2017,FALSE,FALSE
87E5B03AE2F26F8B96AB3C88B2131DACA236CEB32040FDCDA46B83175621CD78,2399,BF6357AF349AD32862EE1D8AE057A1E7468A88E9A6E3BAA0FAD716ABBA263F23,0.000219779260909068,50718D79C9F77E6F3F5941DA8BA2BF27DC3B371AEC3069E4679E58F20D84E7ED,0,0.000219779260909068,17624788.86,176714785,2,0.0997357909809301,treat_2017,2017,TRUE,TRUE
87E5B03AE2F26F8B96AB3C88B2131DACA236CEB32040FDCDA46B83175621CD78,4211,BEA704951F78F6206B131BE9FACD666E66E5939910623E8580ACB79F4696442C,0.000136258727169874,0D3B12296FD0C5E795FD6F04F819DECBA9614EE0235A935F14059E26AA0657DD,0,0.000136258727169874,666736.3,176714785,2,0.00377295142565462,treat_2017,2017,FALSE,FALSE
898E9459519E2AF1EBA06A844D735A12725528F822AEE6B2128AE7F022F18AA3,1393,D7E5CDFAAACF0B7F90CD7FBB7F8126EB1255FF5547B0834A227723386F131B08,0.000148685155751804,B95A8BE96B22E6B92456B1D18400E95C26670C8E0820035E5A842162D7CD3788,0,0.000148685155751804,2999.94,90816332,2,3.30330452016054e-05,treat_2017,2017,FALSE,FALSE
8AAE986819CEAEE2C7B6BA8C06577110220ADF9EBD9553DF0CB6A8323601F0F0,2014,381129D2BACBFFE88AA47CF43AAB8B0205C90F8E3B8F55424F7421B3BB765AE7,3.70529576586508e-06,85824767204C92DFB37F36B5D9087A92328BD6A0092228B0AB8B89C227C24614,0,3.70529576586508e-06,2393986.56,782212641,2,0.00306053166941852,treat_2017,2017,FALSE,FALSE
8AAE986819CEAEE2C7B6BA8C06577110220ADF9EBD9553DF0CB6A8323601F0F0,4322,A0B44CF8258D0A44D27D379D0CD4B5D173FC1457A2B18D84A999423522AED2D2,3.52989529924418e-05,8DF5F00E3294F3D1BD1E7EA67754212E373670DF333D1A835A44C57D6CB9B4D8,0,3.52989529924418e-05,877297.87,782212641,2,0.00112155931011092,treat_2017,2017,FALSE,FALSE
8AD8CD6E2A5082CF7EE48D06DBC38617A85AA8D5CA2A7DAF9CAA2192C4E300C7,2014,7377A1DCBC87F5E28F2563A4F72835A4C3FB9C436AE288E420C188779E4AFD9B,0.000409655665552639,CC65917C7CF2644290617174C31B7E8C05CA4EEDE602B3AA5F2FD2587CA1468C,0,0.000409655665552639,13155674.74,134863802,2,0.0975478560214401,treat_2017,2017,TRUE,TRUE
8B22C107C894F5E181A7C9C5911056FBF72AA280FA7E498E152F87F4A3E8695F,3511,3BE59C35E1BFCEE14744A27D1026D2E8F5690AEFBA6276A6EFADA053A2D4F534,0.000444514994669268,5347F3D4FE4117C4A647DD2DFB5FA5A0A1F483BB99719DE675F1297CD57F8A46,0,0.000444514994669268,78513.65,358449068,2,0.000219037115755592,treat_2017,2017,FALSE,TRUE
8E3D3FC7191560A9E4D5B211FC45FE512AA082410BBB6BCCBDAA72758D07EDDA,2014,C2DF2CAC420FA214C90BABB3B2B58056B210608D3E7DADB50C6A7E5EF5B8E480,6.31510608706804e-06,91738BC31E8682337A567C344417306B4025B0A737D605FC612A6F338F21D854,0,6.31510608706804e-06,39328850.28,8433478083,2,0.00466341999029773,treat_2017,2017,FALSE,FALSE
8E3D3FC7191560A9E4D5B211FC45FE512AA082410BBB6BCCBDAA72758D07EDDA,2059,4C4AFA11F7CFB164582811756F70B0C08F76AA402E3112B966D24AEC0EF417AD,2.17442134768675e-05,A982D97BC67B17913101A995FF1F73FA9CD8B0DBEC6A3759887B9ABDAF2D5DF2,0,2.17442134768675e-05,174038.7,8433478083,2,2.06366457927747e-05,treat_2017,2017,FALSE,FALSE
8E3D3FC7191560A9E4D5B211FC45FE512AA082410BBB6BCCBDAA72758D07EDDA,2221,BC0BF2E7511DBB53DBD56839C96E212762845418F6BCF4F0B57D20FEA25A2188,1.4360832054686e-05,3BCFAC4361CA75AB294EBB530487F70B3A8A1CBB04F2F18BCE2F281763198FF3,0,1.4360832054686e-05,13714.72,8433478083,2,1.62622347091241e-06,treat_2017,2017,FALSE,FALSE
8E3D3FC7191560A9E4D5B211FC45FE512AA082410BBB6BCCBDAA72758D07EDDA,4211,ADFF18A56167B77F87D8DF548BEF8C5F4AD4A774572E8E8D206E19659C2B9246,3.13552464943978e-05,D2E36629C57DE7C3DE50105733271BC0699A14DC45E956E39883988835BB92F2,0,3.13552464943978e-05,1355084.24,8433478083,2,0.000160679167795734,treat_2017,2017,FALSE,FALSE
8F7A8971AAA0C8175B4DA5776CA303207A692E7EB823FF489A69B00E4A68E7DD,4676,3681204F7810467B3431212FC23F07FEB4DC809C1A445CC9BF393FFD63CAB006,7.77079476005881e-06,C5BA3CF0046CD26F50C12FDB281749C30CE5CA01E34405D8D4DAAB3426C1F6C6,0,7.77079476005881e-06,5763851.82,170987610,2,0.0337091782264224,treat_2017,2017,TRUE,FALSE
91738BC31E8682337A567C344417306B4025B0A737D605FC612A6F338F21D854,2014,381129D2BACBFFE88AA47CF43AAB8B0205C90F8E3B8F55424F7421B3BB765AE7,3.70529576586508e-06,91738BC31E8682337A567C344417306B4025B0A737D605FC612A6F338F21D854,0,3.70529576586508e-06,69646.9,120653600,2,0.00057724676263286,treat_2017,2017,FALSE,FALSE
91738BC31E8682337A567C344417306B4025B0A737D605FC612A6F338F21D854,2059,4C4AFA11F7CFB164582811756F70B0C08F76AA402E3112B966D24AEC0EF417AD,2.17442134768675e-05,C827BD5F1E9CF3652F0345C53157CF7ED590F253B122BE5B7FA16D382C516C16,0,2.17442134768675e-05,19003.6,120653600,2,0.000157505453629233,treat_2017,2017,FALSE,FALSE
923AD021F4125D5E1BC4327D7C4785003665BA3B0591D5AEF361396C29D51D85,2014,7C0333AE08168E97C1DD68D98B8051A5C5C90D18245B4988A49F08062BC40274,0.000236105080801893,AFCA27A1F1BB2F7C605C4B1753142D734EB685C1A44B33B33D43D3893BB18C10,0,0.000236105080801893,29770.09,823652802,2,3.61439795114058e-05,treat_2017,2017,FALSE,TRUE
93C8DA9C1D3467D45E207D48C038D8DBCA7AC78A4416AE622461E76ED52B5173,2351,B8FDF1A99C14812F711B9B01A2C27EC7B85C6A71A20AB98121F00747A42E5B58,0.000103038803811996,1EB11C8C03D563589A1E83AF2856341DABF421EDF816A205EC6A0E9C90EACF10,0,0.000103038803811996,176900.99,21279727,2,0.00831312309598709,treat_2017,2017,FALSE,FALSE
93C8DA9C1D3467D45E207D48C038D8DBCA7AC78A4416AE622461E76ED52B5173,2399,BF6357AF349AD32862EE1D8AE057A1E7468A88E9A6E3BAA0FAD716ABBA263F23,0.000219779260909068,2DE8F61F202BA7654EE88F5802402B8697AFE93241341C06692E3FC307E772D2,0,0.000219779260909068,4535399.99,21279727,2,0.213132433042962,treat_2017,2017,TRUE,TRUE
93C8DA9C1D3467D45E207D48C038D8DBCA7AC78A4416AE622461E76ED52B5173,4211,BEA704951F78F6206B131BE9FACD666E66E5939910623E8580ACB79F4696442C,0.000136258727169874,87E5B03AE2F26F8B96AB3C88B2131DACA236CEB32040FDCDA46B83175621CD78,0,0.000136258727169874,2760565.04,21279727,2,0.129727465018701,treat_2017,2017,TRUE,FALSE
93E844FE1AC70363ACC25C875A81A3C2EE7ED2364EA24705F5D877FBB5C4CEE8,2014,7BD8DA430EC6A64C5278A5087EDDDCFD54EE849C1B904B1F1BFF9FE3FB8E5553,2.02112860527006e-06,61CE1E059D5C7F1EFB93A2EBFCF5C1706E402C91F3EC2954C003784C58232EDD,0,2.02112860527006e-06,169949.9,4826881479,2,3.52090476510331e-05,treat_2017,2017,FALSE,FALSE
93E844FE1AC70363ACC25C875A81A3C2EE7ED2364EA24705F5D877FBB5C4CEE8,2352,13F626FCEEB1FD59AD5B43240916375573AC6AB3BA3E06035D546F6114C3CDD5,0.000486627052877571,A183E58FD6E9210A769556E997400F5AB2F8747CA368592DCFB4BB8B7CB10859,0,0.000486627052877571,160342.67,4826881479,2,3.32186880282005e-05,treat_2017,2017,FALSE,TRUE
94017B9E62CF2DD7184E06909A4451225FEEB88ED86B19429927E7E0CE36D9AA,2015,7A01DDE298CB1AB8AAB6B60D8755E5997F415CEF475BD9887E027BDBD80E1B41,0.000568587529549804,0D8E6484CB9716B07B6C77FDAD4D31811A9B3082E8A56ED31A4A3CE3BD08F828,8.69235578696799e-05,0.000481663971680125,10391030.4,146672327,2,0.0708452004037544,treat_2017,2017,TRUE,TRUE
94EB372F799E991E19BD6837EB1414CF0E4BD897D42C4FFA85E8C6E16270884B,1393,3EE54F1625227C67E1ED1E8AADCB8DB7E0EAC784F6B11595A589E00465C4C22D,6.44909989307547e-05,1CA094B752178A00D0DAB81D2B57AF833D16221A5E9AC38167100BC586216614,0,6.44909989307547e-05,212910.86,92077057,2,0.00231231174124082,treat_2017,2017,FALSE,FALSE
9667C5CF58D6CB9771EC341CAB64A74403932D3C04CA637E179C6732494E3956,1031,A1E9FE762ACC4DE886908DD38F550AAC93E153911553A0EE13701CA7E35CD778,4.98470511558588e-05,781DDBF220914771C108CE716159C411A65053A91F89898E330CB0229771CCE6,0,4.98470511558588e-05,3501470.55,346153221,2,0.0101153776350387,treat_2017,2017,FALSE,FALSE
969A182C1332AA7D3B3673679AC4454478A1AAEA9E50C82A755CB81680A4E9DC,2012,1061796C42F184760E3BAF45DC443875C42284348C2B209B70F02ED964EDAC7E,0.00016263646894484,F7837270BB2F707B494CA668AEC3CF7970A1876EC3C3DE61BEDBDB75568E8C66,0,0.00016263646894484,4779244.22,84496291,2,0.0565615858807341,treat_2017,2017,TRUE,FALSE
969A182C1332AA7D3B3673679AC4454478A1AAEA9E50C82A755CB81680A4E9DC,2014,381129D2BACBFFE88AA47CF43AAB8B0205C90F8E3B8F55424F7421B3BB765AE7,3.70529576586508e-06,7BD8DA430EC6A64C5278A5087EDDDCFD54EE849C1B904B1F1BFF9FE3FB8E5553,2.02112860527006e-06,1.68416716059502e-06,10854.16,84496291,2,0.000128457236069687,treat_2017,2017,FALSE,FALSE
969A182C1332AA7D3B3673679AC4454478A1AAEA9E50C82A755CB81680A4E9DC,4676,3681204F7810467B3431212FC23F07FEB4DC809C1A445CC9BF393FFD63CAB006,7.77079476005881e-06,C5BA3CF0046CD26F50C12FDB281749C30CE5CA01E34405D8D4DAAB3426C1F6C6,0,7.77079476005881e-06,1508054.33,84496291,2,0.0178475801973367,treat_2017,2017,TRUE,FALSE
96BFA5EE90814CBD5C0D8579EF0756BF1C811AF96B52A9B6B50748AC8C9EFEC0,2352,233C29FA2E67D9E99661CF7ABDF39D6AC6BAEC0D61A8BF7ACA5B2A341DB24E7D,0.00126345506798275,A183E58FD6E9210A769556E997400F5AB2F8747CA368592DCFB4BB8B7CB10859,0,0.00126345506798275,94484.21,569557426,2,0.0001658905769407,treat_2017,2017,FALSE,TRUE
96BFA5EE90814CBD5C0D8579EF0756BF1C811AF96B52A9B6B50748AC8C9EFEC0,5223,6AA8E4141A63E20F297FD4A50D200299ABED45FB3AEB28BC62C3D7D60C2E7642,1.6367246385248e-05,4371F19C7CEC14765E1AEA656E73CAFB4A7112DB971D0E6B728C030470FE4088,0,1.6367246385248e-05,202975.53,569557426,2,0.00035637412617986,treat_2017,2017,FALSE,FALSE
99321F09AA91D6F20F886C240F1F52FF956BEED0B1CBEADB6FDB7ABA30AACFFD,4211,81A56728305B23CED4271E85C1C3CCF6F2680AF5231CABD61B3434FC40D6896D,4.09771610086498e-05,D2E36629C57DE7C3DE50105733271BC0699A14DC45E956E39883988835BB92F2,0,4.09771610086498e-05,3046863.36,443682607,2,0.00686721388652497,treat_2017,2017,FALSE,FALSE
99321F09AA91D6F20F886C240F1F52FF956BEED0B1CBEADB6FDB7ABA30AACFFD,4950,4CE683198D1988956A9467C38F7C31A77267B4563430CEF1229B83E2C35DCB2E,5.84825939287943e-05,CEAFEED3ED05C91D74CE8DE261F351A2E56F47B769FB316D5F0B6434FC4795A3,5.64895213668696e-05,1.9930725619247e-06,87638.26,443682607,2,0.00019752466880001,treat_2017,2017,FALSE,FALSE
9B43410201CE09CB26C572270E1B2418216ACA95142E50069DE00EC17DD07189,2059,4C4AFA11F7CFB164582811756F70B0C08F76AA402E3112B966D24AEC0EF417AD,2.17442134768675e-05,A5F42954DC270F82BFCBF96E16AED6D073EC39BFFBC3C7FA91B568085B73F10C,0,2.17442134768675e-05,296110.36,4033548328,2,7.3411878554787e-05,treat_2017,2017,FALSE,FALSE
9B43410201CE09CB26C572270E1B2418216ACA95142E50069DE00EC17DD07189,2352,233C29FA2E67D9E99661CF7ABDF39D6AC6BAEC0D61A8BF7ACA5B2A341DB24E7D,0.00126345506798275,13F626FCEEB1FD59AD5B43240916375573AC6AB3BA3E06035D546F6114C3CDD5,0.000486627052877571,0.000776828015105174,172310.99,4033548328,2,4.27194559202019e-05,treat_2017,2017,FALSE,TRUE
9C0362DF414FCE539D1971F13460C5726B978F5842FD946D821DB58B8E1D7CD2,2014,3E3B4F46B106CE29E3C1F78D77C75FCF3439DB1A69C12E86777870BA2FF96AFE,0.000268313861904909,7BD8DA430EC6A64C5278A5087EDDDCFD54EE849C1B904B1F1BFF9FE3FB8E5553,2.02112860527006e-06,0.000266292733299639,965688.45,196334818,2,0.00491857969888968,treat_2017,2017,FALSE,TRUE
9C0362DF414FCE539D1971F13460C5726B978F5842FD946D821DB58B8E1D7CD2,2015,7A01DDE298CB1AB8AAB6B60D8755E5997F415CEF475BD9887E027BDBD80E1B41,0.000568587529549804,0D8E6484CB9716B07B6C77FDAD4D31811A9B3082E8A56ED31A4A3CE3BD08F828,8.69235578696799e-05,0.000481663971680125,629504.79,196334818,2,0.00320628198509344,treat_2017,2017,FALSE,TRUE
9C8EB20FA52DF76154FE015473D15DCDE8EF3F6EB34E0168A4464DFB4B0E7BD0,1920,1C6EC1F8E25B016DB87AC7C6CDC9FD74E36F38CFD1673CB9480E1F9ED238F425,8.80218638642514e-06,4AC00C83D98E466FB741ACC01CDB6754F558854872499BB3CD1BCD43EA3EE823,0,8.80218638642514e-06,157213.2,231987873,2,0.00067767852675644,treat_2017,2017,FALSE,FALSE
9C8EB20FA52DF76154FE015473D15DCDE8EF3F6EB34E0168A4464DFB4B0E7BD0,2016,CD81AC115D02B761693835DD8A3C1769DEE7F9AB64F08E3FD720AE423A47A7EB,0.00106649811885426,686552E789EE4A5DAC8ED479B023351424550F567382BF8F85E906967A43ADD7,0,0.00106649811885426,412786.03,231987873,2,0.00177934313833724,treat_2017,2017,FALSE,TRUE
9DE3B42B2BB733F27CD4875E1BE7F5002BCA4F9D0F0A95352182870714281500,4322,A0B44CF8258D0A44D27D379D0CD4B5D173FC1457A2B18D84A999423522AED2D2,3.52989529924418e-05,8DF5F00E3294F3D1BD1E7EA67754212E373670DF333D1A835A44C57D6CB9B4D8,0,3.52989529924418e-05,58518.91,148940267,2,0.000392901873876727,treat_2017,2017,FALSE,FALSE
9F72F5EC2B91E6C8B9016E1CE52960C84D7C404F13131CBF0C0C1E05E418F250,2352,233C29FA2E67D9E99661CF7ABDF39D6AC6BAEC0D61A8BF7ACA5B2A341DB24E7D,0.00126345506798275,A183E58FD6E9210A769556E997400F5AB2F8747CA368592DCFB4BB8B7CB10859,0,0.00126345506798275,6206045.52,568420398,2,0.0109180556184052,treat_2017,2017,FALSE,TRUE
A0B44CF8258D0A44D27D379D0CD4B5D173FC1457A2B18D84A999423522AED2D2,2014,3E3B4F46B106CE29E3C1F78D77C75FCF3439DB1A69C12E86777870BA2FF96AFE,0.000268313861904909,33B9AB2EFF05B4245E965148A7703654188126357C18E0ECA290783CB81D1BF4,0,0.000268313861904909,845448.58,295476186,2,0.00286130869443401,treat_2017,2017,FALSE,TRUE
A0B44CF8258D0A44D27D379D0CD4B5D173FC1457A2B18D84A999423522AED2D2,4322,A0B44CF8258D0A44D27D379D0CD4B5D173FC1457A2B18D84A999423522AED2D2,3.52989529924418e-05,26FEE1B86E920BDA8C964985218450E0B0CD0D5C151693FDCF9F0633F0894A95,0,3.52989529924418e-05,7801.99,295476186,2,2.64048013669704e-05,treat_2017,2017,FALSE,FALSE
A0E021EE5C514DEB872430D457F955188240396D6D7B78EE703A32FCFEEA5075,1089,40373FF2604A156C93922C1CDE8C3D74A3B4CAC9C582D5C77BE7882A04E44797,8.43249664590945e-05,2012B56B78A86E60DACB2A36ED56563CB3DFD62C5C2534A493C07ED04F227417,0,8.43249664590945e-05,724736,34000056,2,0.0213157295976218,treat_2017,2017,TRUE,FALSE
A183E58FD6E9210A769556E997400F5AB2F8747CA368592DCFB4BB8B7CB10859,2352,F528BEC475BD1E0F79259B2E943C62A8B2D1382032F6DDF19F90EDF27B4E278A,0.00421469819174347,13F626FCEEB1FD59AD5B43240916375573AC6AB3BA3E06035D546F6114C3CDD5,0.000486627052877571,0.00372807113886589,77412286.51,204055601,2,0.379368594297983,treat_2017,2017,TRUE,TRUE
A1CAB2E84D49975821059FF1672617E46E3BFED1EA035E22502577B09256B17A,1051,1A197756250775389BD4ECBD644856B19F0024EE36CFDF5AB1599882260983EE,8.70639900246024e-05,3BAF40AE597229516B2546B0CB6D7265F8CBBA83D651C9A0EBEECE4A76E1A670,2.66155882814349e-05,6.04484017431675e-05,93256.11,721612388,2,0.000129232967103663,treat_2017,2017,FALSE,FALSE
A1E9FE762ACC4DE886908DD38F550AAC93E153911553A0EE13701CA7E35CD778,1031,5B62B2ACB0C9D2FA749C81D43481D120BE7CE506A5EED1BE9279D42D776C7E46,8.21480594396011e-05,781DDBF220914771C108CE716159C411A65053A91F89898E330CB0229771CCE6,0,8.21480594396011e-05,2575283.56,607698937,2,0.00423776216017965,treat_2017,2017,FALSE,FALSE
A1E9FE762ACC4DE886908DD38F550AAC93E153911553A0EE13701CA7E35CD778,2352,233C29FA2E67D9E99661CF7ABDF39D6AC6BAEC0D61A8BF7ACA5B2A341DB24E7D,0.00126345506798275,13F626FCEEB1FD59AD5B43240916375573AC6AB3BA3E06035D546F6114C3CDD5,0.000486627052877571,0.000776828015105174,286265.03,607698937,2,0.000471063897878762,treat_2017,2017,FALSE,TRUE
A20718A1C5EDE23DDA5E6320129C83E1683DE48F1D318858856BE325EEE823C1,1920,1C6EC1F8E25B016DB87AC7C6CDC9FD74E36F38CFD1673CB9480E1F9ED238F425,8.80218638642514e-06,E282B7153619085A768EACA37CD5EDF8E4859AB6B5D2BE62750FD4C54D5FDA30,0,8.80218638642514e-06,1226646.96,113336149,2,0.010823086639374,treat_2017,2017,FALSE,FALSE
A20718A1C5EDE23DDA5E6320129C83E1683DE48F1D318858856BE325EEE823C1,2351,B8FDF1A99C14812F711B9B01A2C27EC7B85C6A71A20AB98121F00747A42E5B58,0.000103038803811996,1EB11C8C03D563589A1E83AF2856341DABF421EDF816A205EC6A0E9C90EACF10,0,0.000103038803811996,3455163.23,113336149,2,0.0304859769851541,treat_2017,2017,TRUE,FALSE
A20718A1C5EDE23DDA5E6320129C83E1683DE48F1D318858856BE325EEE823C1,4211,81A56728305B23CED4271E85C1C3CCF6F2680AF5231CABD61B3434FC40D6896D,4.09771610086498e-05,87E5B03AE2F26F8B96AB3C88B2131DACA236CEB32040FDCDA46B83175621CD78,0,4.09771610086498e-05,3390238.97,113336149,2,0.0299131300993825,treat_2017,2017,TRUE,FALSE
A286C01ABA1C19F9EEE2076F74A3FE2CD112145B62E4162F6D47F3D17FC0AF92,2365,67863B92FB29A53B4F85034E41DF069DCCE2E96E963396F391424D73021DCAC2,0.000208018857469999,3D49588D1918DFA4568937AEB2822B4167C073A07CB931AAE68628147C44CAE7,0,0.000208018857469999,250981.55,17689246,2,0.014188369023756,treat_2017,2017,FALSE,TRUE
A2D0C13790C3E409C825E25214303B2E0AB0A1071E3E1997C5F73FCE2D5E2BDC,1051,24EC9B9D0111DCD6D335B5F1A858B1F4086C18CB005053FE84A5F27D5EA4B086,4.51665857375289e-05,2EA5AB1710B2C07A0559C4D607230AEE3A896C7A33156792015D2C79268E4D7A,0,4.51665857375289e-05,1522895.31,2428354109,2,0.000627130657903567,treat_2017,2017,FALSE,FALSE
A2D0C13790C3E409C825E25214303B2E0AB0A1071E3E1997C5F73FCE2D5E2BDC,1105,82AD7E022AA1035FA624569E4235B7E60665602F69F48D196D6E577AB3B2F821,3.55285119461142e-05,539DFF8A5B778AB035491D14825C7B39DA46F67FAB72F13B77AEF41EB8525850,0,3.55285119461142e-05,15903693.93,2428354109,2,0.00654916590255824,treat_2017,2017,FALSE,FALSE
A2D0C13790C3E409C825E25214303B2E0AB0A1071E3E1997C5F73FCE2D5E2BDC,2014,381129D2BACBFFE88AA47CF43AAB8B0205C90F8E3B8F55424F7421B3BB765AE7,3.70529576586508e-06,91738BC31E8682337A567C344417306B4025B0A737D605FC612A6F338F21D854,0,3.70529576586508e-06,3396.7,2428354109,2,1.39876634441868e-06,treat_2017,2017,FALSE,FALSE
A2D0C13790C3E409C825E25214303B2E0AB0A1071E3E1997C5F73FCE2D5E2BDC,2352,233C29FA2E67D9E99661CF7ABDF39D6AC6BAEC0D61A8BF7ACA5B2A341DB24E7D,0.00126345506798275,A183E58FD6E9210A769556E997400F5AB2F8747CA368592DCFB4BB8B7CB10859,0,0.00126345506798275,437924.02,2428354109,2,0.000180337792736636,treat_2017,2017,FALSE,TRUE
A2D0C13790C3E409C825E25214303B2E0AB0A1071E3E1997C5F73FCE2D5E2BDC,4322,A0B44CF8258D0A44D27D379D0CD4B5D173FC1457A2B18D84A999423522AED2D2,3.52989529924418e-05,8DF5F00E3294F3D1BD1E7EA67754212E373670DF333D1A835A44C57D6CB9B4D8,0,3.52989529924418e-05,1386467.81,2428354109,2,0.000570949601156377,treat_2017,2017,FALSE,FALSE
A41BF7F003E7DDE1CCCF24061DBAE5F6B0F0C68A2EA27A4B9A4C848EF2C1A7BC,1393,D7E5CDFAAACF0B7F90CD7FBB7F8126EB1255FF5547B0834A227723386F131B08,0.000148685155751804,C783027837319E3C8845706B064F581E7067FCAF72473EE7FB02BA67E08AA8CC,0,0.000148685155751804,1747585.95,8262150,2,0.211517093008478,treat_2017,2017,TRUE,FALSE
A44C7B695F2DAA9C1AF259527E3B73F5483420A4B1CB0C2E493C045EE27F601E,4211,BD82BA2061C72EB2FDFC34AD831B7A0E33C57B6587E1D690B5308EB60182A371,1.04491078317667e-05,D4D2E1C06944A9D89BF42D277B9FA290B4D68A873FB82943562B733E4FDD2FB9,9.64854962281004e-06,8.005582089567e-07,2618317.9,16915000,2,0.154792663316583,treat_2017,2017,TRUE,FALSE
A598B93D51D7C48A1D5985C8D35AE03B0FC9A880F374EE77DD4BFBCC6C566301,1393,D7E5CDFAAACF0B7F90CD7FBB7F8126EB1255FF5547B0834A227723386F131B08,0.000148685155751804,B95A8BE96B22E6B92456B1D18400E95C26670C8E0820035E5A842162D7CD3788,0,0.000148685155751804,12956303.74,91334050,2,0.141856227113546,treat_2017,2017,TRUE,FALSE
A7E4D6C8E4978F81C59A9CE76EFE1AB662AA0F95691E0D49AD6026B12053E721,1920,1C6EC1F8E25B016DB87AC7C6CDC9FD74E36F38CFD1673CB9480E1F9ED238F425,8.80218638642514e-06,4AC00C83D98E466FB741ACC01CDB6754F558854872499BB3CD1BCD43EA3EE823,0,8.80218638642514e-06,4866587.96,674034110,2,0.00722009151732692,treat_2017,2017,FALSE,FALSE
A7E4D6C8E4978F81C59A9CE76EFE1AB662AA0F95691E0D49AD6026B12053E721,2444,9B43410201CE09CB26C572270E1B2418216ACA95142E50069DE00EC17DD07189,6.12364052478015e-08,F2A301FA43E273E3239D410F9F01BC528349707024EFD30B2FDEE8B9E661A155,0,6.12364052478015e-08,94788815.21,674034110,2,0.140629107345918,treat_2017,2017,TRUE,FALSE
A867D7F1BC4AB6DD60078ED60C319E413BC789870B5BF7E1BEF246C6D203F512,1712,A2A544E19C2E3E42DD208F4C4E581A6ACE508B14BC2C9A1D5B9931D8BAE858C1,0.000191298161424099,CCB5EA9562B416C6ED6C01741084ED901E8D2DB7C6696C385FC9D2118B26A43E,0,0.000191298161424099,5518498.46,24294756,2,0.227147721096684,treat_2017,2017,TRUE,TRUE
A917DF5AF099BA7EE6EB68360D5EBF6E85FACB8366D2BCDA656653F34B9EC406,1920,1C6EC1F8E25B016DB87AC7C6CDC9FD74E36F38CFD1673CB9480E1F9ED238F425,8.80218638642514e-06,4AC00C83D98E466FB741ACC01CDB6754F558854872499BB3CD1BCD43EA3EE823,0,8.80218638642514e-06,1629860.34,311731498,2,0.00522841082937342,treat_2017,2017,FALSE,FALSE
A917DF5AF099BA7EE6EB68360D5EBF6E85FACB8366D2BCDA656653F34B9EC406,2399,556F325F89BA24B47694660DC89436EC50E9D389F7BAA17D07992B6F91C354CB,0.000702850518421449,CD802969F6FDC1FE69F2A78E6151E83D7C29E6C8BBF3D80E9592FF356091885C,0,0.000702850518421449,52755,311731498,2,0.000169232176852401,treat_2017,2017,FALSE,TRUE
A917DF5AF099BA7EE6EB68360D5EBF6E85FACB8366D2BCDA656653F34B9EC406,4322,A0B44CF8258D0A44D27D379D0CD4B5D173FC1457A2B18D84A999423522AED2D2,3.52989529924418e-05,26FEE1B86E920BDA8C964985218450E0B0CD0D5C151693FDCF9F0633F0894A95,0,3.52989529924418e-05,11232.5,311731498,2,3.60326116291271e-05,treat_2017,2017,FALSE,FALSE
AA87309A737CBB71FCAA97B6666221C793EEB9AAA338E4C5DC338835324DBB38,1920,1C6EC1F8E25B016DB87AC7C6CDC9FD74E36F38CFD1673CB9480E1F9ED238F425,8.80218638642514e-06,E5ABBAFE31944B33EB97FA66732B5A526F09B5C9B1CF3181F3361151C0AA9EB7,0,8.80218638642514e-06,13248743.71,1225339609,2,0.0108123034730039,treat_2017,2017,FALSE,FALSE
AA87309A737CBB71FCAA97B6666221C793EEB9AAA338E4C5DC338835324DBB38,2014,3E3B4F46B106CE29E3C1F78D77C75FCF3439DB1A69C12E86777870BA2FF96AFE,0.000268313861904909,F8F1FAA7804D5A5B8495B44A8586C93F19689545D2D96B5CBBB19221519EC076,0,0.000268313861904909,317415921.86,1225339609,2,0.259043223224493,treat_2017,2017,TRUE,TRUE
AA87309A737CBB71FCAA97B6666221C793EEB9AAA338E4C5DC338835324DBB38,2015,0D8E6484CB9716B07B6C77FDAD4D31811A9B3082E8A56ED31A4A3CE3BD08F828,8.69235578696799e-05,65350096EB3BC6ABE1C322B2A13FAEE0CC72EBFF484CEB99AA8115B475AEDB8A,0,8.69235578696799e-05,257274.28,1225339609,2,0.000209961612364724,treat_2017,2017,FALSE,FALSE
AA87309A737CBB71FCAA97B6666221C793EEB9AAA338E4C5DC338835324DBB38,2059,4C4AFA11F7CFB164582811756F70B0C08F76AA402E3112B966D24AEC0EF417AD,2.17442134768675e-05,F6A25DB380DFC5DAD5687B11877E2E4A0B96B80862F052347FD578491EF78097,0,2.17442134768675e-05,1051.07,1225339609,2,8.57778523015165e-07,treat_2017,2017,FALSE,FALSE
AABDEE5BC7229D7742B138B8153296792950B948744424057C583A70A6996D7C,2332,B0BDF350FA217BFD724FDDC946398CA461035D6B82CEBC98DD1973C4C264A7E6,0.000216357956608233,79B63230F71E27B0B009FAEE092B4649C8CEF6C842DF1E9548C74ADA7F1A7DEB,9.84751746740705e-05,0.000117882781934163,52534,295508650,2,0.000177774829941526,treat_2017,2017,FALSE,FALSE
AABDEE5BC7229D7742B138B8153296792950B948744424057C583A70A6996D7C,3511,3BE59C35E1BFCEE14744A27D1026D2E8F5690AEFBA6276A6EFADA053A2D4F534,0.000444514994669268,4D04384B04290B593069C0BFBC23FAF2429F21FF219B28AC9E15EDE2811BDE5D,0,0.000444514994669268,98112.97,295508650,2,0.000332013868291165,treat_2017,2017,FALSE,TRUE
AB1791DB28AAB3CA37BC83DCCC4352298911D3CAE59331134DD82CA74C9DC015,2014,7BD8DA430EC6A64C5278A5087EDDDCFD54EE849C1B904B1F1BFF9FE3FB8E5553,2.02112860527006e-06,61CE1E059D5C7F1EFB93A2EBFCF5C1706E402C91F3EC2954C003784C58232EDD,0,2.02112860527006e-06,74963.9,7266732,2,0.010316040277803,treat_2017,2017,FALSE,FALSE
AC39CBDCB2B6C4C1B33A024C914A1FA4320ECFABDC086E62806BF5B914C14267,2332,DFE84999859FA7A6205AF0220585AD1C09A9628C9E358622CBCEA2E6DACBBBF1,0.000395010468796854,AFD6645D8C4689DFF6BEA9448876413C4FD2178F8DE61A89093743C24C272679,0,0.000395010468796854,4808678.26,56303817,2,0.0854059016993466,treat_2017,2017,TRUE,TRUE
AC39CBDCB2B6C4C1B33A024C914A1FA4320ECFABDC086E62806BF5B914C14267,2351,B8FDF1A99C14812F711B9B01A2C27EC7B85C6A71A20AB98121F00747A42E5B58,0.000103038803811996,512B523BAAB68122413CE941FF357533EC82BDA7FBAF7AF7958402F5B1A8B167,0,0.000103038803811996,336053.22,56303817,2,0.00596856905811555,treat_2017,2017,FALSE,FALSE
AC39CBDCB2B6C4C1B33A024C914A1FA4320ECFABDC086E62806BF5B914C14267,2365,67863B92FB29A53B4F85034E41DF069DCCE2E96E963396F391424D73021DCAC2,0.000208018857469999,3D49588D1918DFA4568937AEB2822B4167C073A07CB931AAE68628147C44CAE7,0,0.000208018857469999,4903576.15,56303817,2,0.0870913627401141,treat_2017,2017,TRUE,TRUE
ACE760F21978532FF4A0D092AAFB21D78C2A46BF08165E4661620FE7CA075ABC,4211,ADFF18A56167B77F87D8DF548BEF8C5F4AD4A774572E8E8D206E19659C2B9246,3.13552464943978e-05,87E5B03AE2F26F8B96AB3C88B2131DACA236CEB32040FDCDA46B83175621CD78,0,3.13552464943978e-05,475937.75,33507740,2,0.0142038152975999,treat_2017,2017,FALSE,FALSE
ADFF18A56167B77F87D8DF548BEF8C5F4AD4A774572E8E8D206E19659C2B9246,2351,B8FDF1A99C14812F711B9B01A2C27EC7B85C6A71A20AB98121F00747A42E5B58,0.000103038803811996,1EB11C8C03D563589A1E83AF2856341DABF421EDF816A205EC6A0E9C90EACF10,0,0.000103038803811996,4478838.33,122627006,2,0.0365240779832788,treat_2017,2017,TRUE,FALSE
ADFF18A56167B77F87D8DF548BEF8C5F4AD4A774572E8E8D206E19659C2B9246,2399,6099E01D67DA0DDEF00B89A26CDFD4791E17F3D7238DE15C6352E3CF73DF0103,0.00048128122792842,CD802969F6FDC1FE69F2A78E6151E83D7C29E6C8BBF3D80E9592FF356091885C,0,0.00048128122792842,1506949.51,122627006,2,0.0122888877348926,treat_2017,2017,FALSE,TRUE
ADFF18A56167B77F87D8DF548BEF8C5F4AD4A774572E8E8D206E19659C2B9246,4211,BEA704951F78F6206B131BE9FACD666E66E5939910623E8580ACB79F4696442C,0.000136258727169874,E14B333E63B5525E292C27BD674CC465CFBEF8BC5ECBC8532E54CEAC6E89FB40,0,0.000136258727169874,899652.73,122627006,2,0.0073364975574793,treat_2017,2017,FALSE,FALSE
ADFF18A56167B77F87D8DF548BEF8C5F4AD4A774572E8E8D206E19659C2B9246,4673,2EDB84F873D1720009F7FE2B6EBFA04329C6829EDFD154525B24987A3D52E2AD,6.28853635044987e-05,BDB487043B7808B72DD228FD052A4E174394AE80CFCAA8177443DD571822FE82,0,6.28853635044987e-05,1395437.22,122627006,2,0.0113795261379863,treat_2017,2017,FALSE,FALSE
AE27FDD10DAB15F988A6028AA41C1AF451E069CF59511F4322267754FE72D97D,4322,A0B44CF8258D0A44D27D379D0CD4B5D173FC1457A2B18D84A999423522AED2D2,3.52989529924418e-05,8DF5F00E3294F3D1BD1E7EA67754212E373670DF333D1A835A44C57D6CB9B4D8,0,3.52989529924418e-05,22159.89,234819347,2,9.43699498491494e-05,treat_2017,2017,FALSE,FALSE
AFCA27A1F1BB2F7C605C4B1753142D734EB685C1A44B33B33D43D3893BB18C10,2014,7377A1DCBC87F5E28F2563A4F72835A4C3FB9C436AE288E420C188779E4AFD9B,0.000409655665552639,AFCA27A1F1BB2F7C605C4B1753142D734EB685C1A44B33B33D43D3893BB18C10,0,0.000409655665552639,11748865.81,1025257000,2,0.0114594348636488,treat_2017,2017,FALSE,TRUE
B2E0D78A7F730C32AF9265FD7637D341F281207F62358847026025605C8611C2,4676,3681204F7810467B3431212FC23F07FEB4DC809C1A445CC9BF393FFD63CAB006,7.77079476005881e-06,EBB6243C7ABD7B9597BD64CD7F8F093393B2FB50B81782EC35C2E0D26D64C674,0,7.77079476005881e-06,565495.23,242387040,2,0.00233302584989693,treat_2017,2017,FALSE,FALSE
B3068FACC616F6AEB1D6ACD872E959D22008760B9DB2D4636005D923F01EAC73,2365,67863B92FB29A53B4F85034E41DF069DCCE2E96E963396F391424D73021DCAC2,0.000208018857469999,3D49588D1918DFA4568937AEB2822B4167C073A07CB931AAE68628147C44CAE7,0,0.000208018857469999,590887.75,41264412,2,0.0143195485252522,treat_2017,2017,FALSE,TRUE
B3E0FD522207C8C5AEA81FC57D6965D5D991ADD89876A1705055DD7AAB7EEFC7,2015,7A01DDE298CB1AB8AAB6B60D8755E5997F415CEF475BD9887E027BDBD80E1B41,0.000568587529549804,0D8E6484CB9716B07B6C77FDAD4D31811A9B3082E8A56ED31A4A3CE3BD08F828,8.69235578696799e-05,0.000481663971680125,357309,228019055,2,0.0015670137743532,treat_2017,2017,FALSE,TRUE
B6EFE016EC0C2668A7AFF8E5A70FF3033726E8022ED5F7F6F46628DC3A427E7C,1031,5B62B2ACB0C9D2FA749C81D43481D120BE7CE506A5EED1BE9279D42D776C7E46,8.21480594396011e-05,91EC638BAEE6C0547B5CD3A38EA010251CF846F1DAC5B46C2DEBAA30174CD56E,0,8.21480594396011e-05,4527977.72,11399190182,2,0.00039721924520129,treat_2017,2017,FALSE,FALSE
B6EFE016EC0C2668A7AFF8E5A70FF3033726E8022ED5F7F6F46628DC3A427E7C,1039,EA1B2625F236F386C8047A4FF05EEFA589BC2737825902CB44BC003C61070512,4.48878231599981e-05,9667C5CF58D6CB9771EC341CAB64A74403932D3C04CA637E179C6732494E3956,0,4.48878231599981e-05,4341299.43,11399190182,2,0.000380842793276243,treat_2017,2017,FALSE,FALSE
B6EFE016EC0C2668A7AFF8E5A70FF3033726E8022ED5F7F6F46628DC3A427E7C,1051,1A197756250775389BD4ECBD644856B19F0024EE36CFDF5AB1599882260983EE,8.70639900246024e-05,2EA5AB1710B2C07A0559C4D607230AEE3A896C7A33156792015D2C79268E4D7A,0,8.70639900246024e-05,73727073.44,11399190182,2,0.00646774659101832,treat_2017,2017,FALSE,FALSE
B6EFE016EC0C2668A7AFF8E5A70FF3033726E8022ED5F7F6F46628DC3A427E7C,1089,40373FF2604A156C93922C1CDE8C3D74A3B4CAC9C582D5C77BE7882A04E44797,8.43249664590945e-05,744E634B1247C6B92F948B152F943E4A2DD5ACE37D964DED03CA783A0B64BEF9,0,8.43249664590945e-05,2580182.37,11399190182,2,0.000226347865840002,treat_2017,2017,FALSE,FALSE
B6EFE016EC0C2668A7AFF8E5A70FF3033726E8022ED5F7F6F46628DC3A427E7C,1105,82AD7E022AA1035FA624569E4235B7E60665602F69F48D196D6E577AB3B2F821,3.55285119461142e-05,539DFF8A5B778AB035491D14825C7B39DA46F67FAB72F13B77AEF41EB8525850,0,3.55285119461142e-05,155068859.03,11399190182,2,0.0136034978410013,treat_2017,2017,FALSE,FALSE
B6EFE016EC0C2668A7AFF8E5A70FF3033726E8022ED5F7F6F46628DC3A427E7C,1107,32424075741922469453FAD31C3E5A3FC8FB96E6E14ACF83BA40B2F0B4770F80,2.17596979039937e-05,1CB37AB74478F9C217EFCFDA2843A640F506101BDE944EFD19E87241396C4A1C,0,2.17596979039937e-05,246301234.99,11399190182,2,0.0216069063729566,treat_2017,2017,TRUE,FALSE
B6EFE016EC0C2668A7AFF8E5A70FF3033726E8022ED5F7F6F46628DC3A427E7C,1722,1745374E09DBF271136A572D482D683EFC56C0DDAD78546E8A3B3C4C6D94F1F5,3.90735085943156e-05,231728AE658DF5F67DE00CBD2B6F24F04EF33377DE281117BBA359DFB4CEA28C,1.85315646549942e-05,2.05419439393214e-05,35551199.7,11399190182,2,0.00311874783492405,treat_2017,2017,FALSE,FALSE
B6EFE016EC0C2668A7AFF8E5A70FF3033726E8022ED5F7F6F46628DC3A427E7C,4211,A20718A1C5EDE23DDA5E6320129C83E1683DE48F1D318858856BE325EEE823C1,5.55692076673613e-05,CC17A49A3D2D52F3D8C1CEB869CCA5096C549CFAE3A0D6CB09EA694C2F81F81F,0,5.55692076673613e-05,6027950.89,11399190182,2,0.000528805186487589,treat_2017,2017,FALSE,FALSE
B6EFE016EC0C2668A7AFF8E5A70FF3033726E8022ED5F7F6F46628DC3A427E7C,4322,A0B44CF8258D0A44D27D379D0CD4B5D173FC1457A2B18D84A999423522AED2D2,3.52989529924418e-05,DA1A66B56437D5C741D6776C78C3FC572574485904C6D0A82A82409C2AE29E38,0,3.52989529924418e-05,5251183.01,11399190182,2,0.000460662812547152,treat_2017,2017,FALSE,FALSE
B6F8B15A34CFB540C2417A6DC36A53425CEC90C412B5E9E7CE7A20390C171E33,5223,6AA8E4141A63E20F297FD4A50D200299ABED45FB3AEB28BC62C3D7D60C2E7642,1.6367246385248e-05,DE40FEA4B0BFA8A8039C3D0FCA662F3E2B961F57253C2FDEB7ACE1161B7487A1,0,1.6367246385248e-05,10644088.25,117485654,2,0.0905990466716898,treat_2017,2017,TRUE,FALSE
B8FDF1A99C14812F711B9B01A2C27EC7B85C6A71A20AB98121F00747A42E5B58,2332,B0BDF350FA217BFD724FDDC946398CA461035D6B82CEBC98DD1973C4C264A7E6,0.000216357956608233,79B63230F71E27B0B009FAEE092B4649C8CEF6C842DF1E9548C74ADA7F1A7DEB,9.84751746740705e-05,0.000117882781934163,8401.32,798310898,2,1.05238698620396e-05,treat_2017,2017,FALSE,FALSE
B8FDF1A99C14812F711B9B01A2C27EC7B85C6A71A20AB98121F00747A42E5B58,2351,B8FDF1A99C14812F711B9B01A2C27EC7B85C6A71A20AB98121F00747A42E5B58,0.000103038803811996,1EB11C8C03D563589A1E83AF2856341DABF421EDF816A205EC6A0E9C90EACF10,0,0.000103038803811996,6232698.52,798310898,2,0.00780735742880965,treat_2017,2017,FALSE,FALSE
B8FDF1A99C14812F711B9B01A2C27EC7B85C6A71A20AB98121F00747A42E5B58,2352,233C29FA2E67D9E99661CF7ABDF39D6AC6BAEC0D61A8BF7ACA5B2A341DB24E7D,0.00126345506798275,A183E58FD6E9210A769556E997400F5AB2F8747CA368592DCFB4BB8B7CB10859,0,0.00126345506798275,4655687.33,798310898,2,0.00583192255255922,treat_2017,2017,FALSE,TRUE
B8FDF1A99C14812F711B9B01A2C27EC7B85C6A71A20AB98121F00747A42E5B58,2399,097FB34FF6B9FB27D745617E55B229A025D43BB8EE78FE0C30C7D3FCF43F3182,0.00170088704646702,2DE8F61F202BA7654EE88F5802402B8697AFE93241341C06692E3FC307E772D2,0,0.00170088704646702,29744.97,798310898,2,3.72598821768809e-05,treat_2017,2017,FALSE,TRUE
B8FDF1A99C14812F711B9B01A2C27EC7B85C6A71A20AB98121F00747A42E5B58,4211,81A56728305B23CED4271E85C1C3CCF6F2680AF5231CABD61B3434FC40D6896D,4.09771610086498e-05,D2E36629C57DE7C3DE50105733271BC0699A14DC45E956E39883988835BB92F2,0,4.09771610086498e-05,1006159.14,798310898,2,0.0012603600207898,treat_2017,2017,FALSE,FALSE
B8FDF1A99C14812F711B9B01A2C27EC7B85C6A71A20AB98121F00747A42E5B58,5223,6AA8E4141A63E20F297FD4A50D200299ABED45FB3AEB28BC62C3D7D60C2E7642,1.6367246385248e-05,4371F19C7CEC14765E1AEA656E73CAFB4A7112DB971D0E6B728C030470FE4088,0,1.6367246385248e-05,5345.41,798310898,2,6.69590007275587e-06,treat_2017,2017,FALSE,FALSE
B9301C0397326C58B7137AB2136548EF1DE988C9BD0CD608B167051B914A00FA,2014,C2DF2CAC420FA214C90BABB3B2B58056B210608D3E7DADB50C6A7E5EF5B8E480,6.31510608706804e-06,7BD8DA430EC6A64C5278A5087EDDDCFD54EE849C1B904B1F1BFF9FE3FB8E5553,2.02112860527006e-06,4.29397748179798e-06,15910,12829079,2,0.00124015137797499,treat_2017,2017,FALSE,FALSE
B95A8BE96B22E6B92456B1D18400E95C26670C8E0820035E5A842162D7CD3788,1393,D7E5CDFAAACF0B7F90CD7FBB7F8126EB1255FF5547B0834A227723386F131B08,0.000148685155751804,A598B93D51D7C48A1D5985C8D35AE03B0FC9A880F374EE77DD4BFBCC6C566301,0,0.000148685155751804,68771495.79,911540567,2,0.0754453485447565,treat_2017,2017,TRUE,FALSE
B95A8BE96B22E6B92456B1D18400E95C26670C8E0820035E5A842162D7CD3788,2012,1061796C42F184760E3BAF45DC443875C42284348C2B209B70F02ED964EDAC7E,0.00016263646894484,F7837270BB2F707B494CA668AEC3CF7970A1876EC3C3DE61BEDBDB75568E8C66,0,0.00016263646894484,1348334.16,911540567,2,0.00147918173783263,treat_2017,2017,FALSE,FALSE
BB137937773E0C72F137BCFF7E230688DB583482A9563BFF037CE4FFF9F60CE8,2014,B3E0FD522207C8C5AEA81FC57D6965D5D991ADD89876A1705055DD7AAB7EEFC7,0.000191558551981544,16F5C33D722C8396DEEAA73210AA5D428A395EB3621DB81F91EB3C9579FB8B4A,0,0.000191558551981544,90983185.22,261429536,2,0.348021828795963,treat_2017,2017,TRUE,TRUE
BC0BF2E7511DBB53DBD56839C96E212762845418F6BCF4F0B57D20FEA25A2188,1920,1C6EC1F8E25B016DB87AC7C6CDC9FD74E36F38CFD1673CB9480E1F9ED238F425,8.80218638642514e-06,125EA6B782DCCA982F2692424AE91CBA74A6BC3DB2028CDF4B30877325B3BAF1,0,8.80218638642514e-06,23142368.5,301932366,2,0.0766475247638738,treat_2017,2017,TRUE,FALSE
BC0BF2E7511DBB53DBD56839C96E212762845418F6BCF4F0B57D20FEA25A2188,2059,4C4AFA11F7CFB164582811756F70B0C08F76AA402E3112B966D24AEC0EF417AD,2.17442134768675e-05,F6A25DB380DFC5DAD5687B11877E2E4A0B96B80862F052347FD578491EF78097,0,2.17442134768675e-05,226325.23,301932366,2,0.000749589164614436,treat_2017,2017,FALSE,FALSE
BC0BF2E7511DBB53DBD56839C96E212762845418F6BCF4F0B57D20FEA25A2188,2222,BC0BF2E7511DBB53DBD56839C96E212762845418F6BCF4F0B57D20FEA25A2188,1.4360832054686e-05,613884E4DA96E6D9E3FEABBEE7F72A3229AD63E0B7C072487E6E046F49312232,0,1.4360832054686e-05,5311866.89,301932366,2,0.0175929032066738,treat_2017,2017,TRUE,FALSE
BD82BA2061C72EB2FDFC34AD831B7A0E33C57B6587E1D690B5308EB60182A371,2332,DFE84999859FA7A6205AF0220585AD1C09A9628C9E358622CBCEA2E6DACBBBF1,0.000395010468796854,01F2B0B3F7BAD9F8285A6E56F94211AB7FA80D574E5FA1F74F9FF6DF342CC0BF,0.000190039612128101,0.000204970856668753,2867744.25,137140895,2,0.0209109343350866,treat_2017,2017,TRUE,TRUE
BD82BA2061C72EB2FDFC34AD831B7A0E33C57B6587E1D690B5308EB60182A371,2351,B8FDF1A99C14812F711B9B01A2C27EC7B85C6A71A20AB98121F00747A42E5B58,0.000103038803811996,1EB11C8C03D563589A1E83AF2856341DABF421EDF816A205EC6A0E9C90EACF10,0,0.000103038803811996,7202820.55,137140895,2,0.0525213179482313,treat_2017,2017,TRUE,FALSE
BD82BA2061C72EB2FDFC34AD831B7A0E33C57B6587E1D690B5308EB60182A371,2399,556F325F89BA24B47694660DC89436EC50E9D389F7BAA17D07992B6F91C354CB,0.000702850518421449,F431DA901A2E4E35EA6043BBA9D0B5CA887B1EE4AB51478F3058A0EFB2C53B29,0,0.000702850518421449,4274660.88,137140895,2,0.0311698482061095,treat_2017,2017,TRUE,TRUE
BD82BA2061C72EB2FDFC34AD831B7A0E33C57B6587E1D690B5308EB60182A371,4211,BEA704951F78F6206B131BE9FACD666E66E5939910623E8580ACB79F4696442C,0.000136258727169874,D2E36629C57DE7C3DE50105733271BC0699A14DC45E956E39883988835BB92F2,0,0.000136258727169874,2271254.43,137140895,2,0.0165614671684912,treat_2017,2017,FALSE,FALSE
BD82BA2061C72EB2FDFC34AD831B7A0E33C57B6587E1D690B5308EB60182A371,4673,2EDB84F873D1720009F7FE2B6EBFA04329C6829EDFD154525B24987A3D52E2AD,6.28853635044987e-05,BDB487043B7808B72DD228FD052A4E174394AE80CFCAA8177443DD571822FE82,0,6.28853635044987e-05,87424.25,137140895,2,0.000637477610161433,treat_2017,2017,FALSE,FALSE
BDB487043B7808B72DD228FD052A4E174394AE80CFCAA8177443DD571822FE82,4673,2EDB84F873D1720009F7FE2B6EBFA04329C6829EDFD154525B24987A3D52E2AD,6.28853635044987e-05,A74AC3FB25D9A89A937A5F9B5C95F477BAB8B65C41E1DC141880DD83351814AC,0,6.28853635044987e-05,2184676.51,129294974,2,0.0168968401664244,treat_2017,2017,FALSE,FALSE
BE2465281437D52ED7C2FFB25E1C75F190704B6C37112F9394FB38DD0B54DA5F,2351,B8FDF1A99C14812F711B9B01A2C27EC7B85C6A71A20AB98121F00747A42E5B58,0.000103038803811996,1EB11C8C03D563589A1E83AF2856341DABF421EDF816A205EC6A0E9C90EACF10,0,0.000103038803811996,4257415.54,85480238,2,0.0498058456505467,treat_2017,2017,TRUE,FALSE
BE2465281437D52ED7C2FFB25E1C75F190704B6C37112F9394FB38DD0B54DA5F,4211,BD82BA2061C72EB2FDFC34AD831B7A0E33C57B6587E1D690B5308EB60182A371,1.04491078317667e-05,0D3B12296FD0C5E795FD6F04F819DECBA9614EE0235A935F14059E26AA0657DD,0,1.04491078317667e-05,118280.51,85480238,2,0.00138371760265806,treat_2017,2017,FALSE,FALSE
BEA704951F78F6206B131BE9FACD666E66E5939910623E8580ACB79F4696442C,2399,556F325F89BA24B47694660DC89436EC50E9D389F7BAA17D07992B6F91C354CB,0.000702850518421449,BDB76FCA881D323E8E87FEDBDE24618F09D4E9159127F1EA476BE9045A262C79,0,0.000702850518421449,159021.65,42162437,2,0.00377164275395182,treat_2017,2017,FALSE,TRUE
BEA704951F78F6206B131BE9FACD666E66E5939910623E8580ACB79F4696442C,4211,81A56728305B23CED4271E85C1C3CCF6F2680AF5231CABD61B3434FC40D6896D,4.09771610086498e-05,93C8DA9C1D3467D45E207D48C038D8DBCA7AC78A4416AE622461E76ED52B5173,0,4.09771610086498e-05,128463.54,42162437,2,0.00304687179253894,treat_2017,2017,FALSE,FALSE
BEF76D104BEEE4CB29F86E71CF9B816511410E6196B53B317052915BF015E6AD,2014,B3E0FD522207C8C5AEA81FC57D6965D5D991ADD89876A1705055DD7AAB7EEFC7,0.000191558551981544,16F5C33D722C8396DEEAA73210AA5D428A395EB3621DB81F91EB3C9579FB8B4A,0,0.000191558551981544,2627559.71,27875648,2,0.0942600405199549,treat_2017,2017,TRUE,TRUE
BF6357AF349AD32862EE1D8AE057A1E7468A88E9A6E3BAA0FAD716ABBA263F23,2399,A44C7B695F2DAA9C1AF259527E3B73F5483420A4B1CB0C2E493C045EE27F601E,0.000164410286727756,F431DA901A2E4E35EA6043BBA9D0B5CA887B1EE4AB51478F3058A0EFB2C53B29,0,0.000164410286727756,187541.74,44007792,2,0.00426155758961958,treat_2017,2017,FALSE,FALSE
BF6357AF349AD32862EE1D8AE057A1E7468A88E9A6E3BAA0FAD716ABBA263F23,4211,BEA704951F78F6206B131BE9FACD666E66E5939910623E8580ACB79F4696442C,0.000136258727169874,93C8DA9C1D3467D45E207D48C038D8DBCA7AC78A4416AE622461E76ED52B5173,0,0.000136258727169874,1177488.47,44007792,2,0.0267563632822115,treat_2017,2017,TRUE,FALSE
BF64A10E37DB55FE21FABBA8DA949FF95512BEF2D0BF4811A9D730D541F5C300,2014,2A70DBCD110EDD6E2E83D454D79E47D9BA81845955CFE8E1E03BF1D0EA7BCBC5,3.90209640781755e-05,85824767204C92DFB37F36B5D9087A92328BD6A0092228B0AB8B89C227C24614,0,3.90209640781755e-05,1518943.5,1208181418,2,0.0012572147505086,treat_2017,2017,FALSE,FALSE
C081B6928443B6904E8522B0BD5FE095F8AFB35C568AB61E0CB4F6D61A9FECE6,1051,1A197756250775389BD4ECBD644856B19F0024EE36CFDF5AB1599882260983EE,8.70639900246024e-05,1FF4BE36DA23ED1089F771723A6F25ACE00CFA2E444FBEB5B9881B54FB91D596,6.27713380370904e-05,2.4292651987512e-05,24805.31,4820216782,2,5.14609842707278e-06,treat_2017,2017,FALSE,FALSE
C081B6928443B6904E8522B0BD5FE095F8AFB35C568AB61E0CB4F6D61A9FECE6,1105,A2D0C13790C3E409C825E25214303B2E0AB0A1071E3E1997C5F73FCE2D5E2BDC,1.03465140882384e-05,539DFF8A5B778AB035491D14825C7B39DA46F67FAB72F13B77AEF41EB8525850,0,1.03465140882384e-05,7917.62,4820216782,2,1.64258587488566e-06,treat_2017,2017,FALSE,FALSE
C081B6928443B6904E8522B0BD5FE095F8AFB35C568AB61E0CB4F6D61A9FECE6,1393,3EE54F1625227C67E1ED1E8AADCB8DB7E0EAC784F6B11595A589E00465C4C22D,6.44909989307547e-05,A598B93D51D7C48A1D5985C8D35AE03B0FC9A880F374EE77DD4BFBCC6C566301,0,6.44909989307547e-05,121597.66,4820216782,2,2.522659571123e-05,treat_2017,2017,FALSE,FALSE
C081B6928443B6904E8522B0BD5FE095F8AFB35C568AB61E0CB4F6D61A9FECE6,2332,10180C726132F327A9657D91AC5EEA82D52D128540E6467433F66AD25C86F10B,0.000359770584732662,79B63230F71E27B0B009FAEE092B4649C8CEF6C842DF1E9548C74ADA7F1A7DEB,9.84751746740705e-05,0.000261295410058592,18718.75,4820216782,2,3.88338343410216e-06,treat_2017,2017,FALSE,TRUE
C081B6928443B6904E8522B0BD5FE095F8AFB35C568AB61E0CB4F6D61A9FECE6,2351,B8FDF1A99C14812F711B9B01A2C27EC7B85C6A71A20AB98121F00747A42E5B58,0.000103038803811996,1EB11C8C03D563589A1E83AF2856341DABF421EDF816A205EC6A0E9C90EACF10,0,0.000103038803811996,20381.77,4820216782,2,4.22839281339193e-06,treat_2017,2017,FALSE,FALSE
C081B6928443B6904E8522B0BD5FE095F8AFB35C568AB61E0CB4F6D61A9FECE6,4211,A20718A1C5EDE23DDA5E6320129C83E1683DE48F1D318858856BE325EEE823C1,5.55692076673613e-05,D2E36629C57DE7C3DE50105733271BC0699A14DC45E956E39883988835BB92F2,0,5.55692076673613e-05,538052.05,4820216782,2,0.000111624035667697,treat_2017,2017,FALSE,FALSE
C081B6928443B6904E8522B0BD5FE095F8AFB35C568AB61E0CB4F6D61A9FECE6,4322,A0B44CF8258D0A44D27D379D0CD4B5D173FC1457A2B18D84A999423522AED2D2,3.52989529924418e-05,176DF2E49029AEFF2D4AA059598518F55A2AF7FFEEBBF2FF6145AD6F7D0BB599,0,3.52989529924418e-05,4082556.58,4820216782,2,0.00084696534712824,treat_2017,2017,FALSE,FALSE
C081B6928443B6904E8522B0BD5FE095F8AFB35C568AB61E0CB4F6D61A9FECE6,5223,6AA8E4141A63E20F297FD4A50D200299ABED45FB3AEB28BC62C3D7D60C2E7642,1.6367246385248e-05,4371F19C7CEC14765E1AEA656E73CAFB4A7112DB971D0E6B728C030470FE4088,0,1.6367246385248e-05,641958.52,4820216782,2,0.000133180425079064,treat_2017,2017,FALSE,FALSE
C14BB26E265D634D8598A24F8F2491643FAB6F115715D55808023456839F95D8,2351,B8FDF1A99C14812F711B9B01A2C27EC7B85C6A71A20AB98121F00747A42E5B58,0.000103038803811996,1EB11C8C03D563589A1E83AF2856341DABF421EDF816A205EC6A0E9C90EACF10,0,0.000103038803811996,1168083.65,323670760,2,0.00360886367987025,treat_2017,2017,FALSE,FALSE
C14BB26E265D634D8598A24F8F2491643FAB6F115715D55808023456839F95D8,4211,81A56728305B23CED4271E85C1C3CCF6F2680AF5231CABD61B3434FC40D6896D,4.09771610086498e-05,E14B333E63B5525E292C27BD674CC465CFBEF8BC5ECBC8532E54CEAC6E89FB40,0,4.09771610086498e-05,174688.97,323670760,2,0.000539711928256973,treat_2017,2017,FALSE,FALSE
C2440D20454644429C9E954191766BD21C6FDE2A52F9446D49483B37F66AD119,5223,6AA8E4141A63E20F297FD4A50D200299ABED45FB3AEB28BC62C3D7D60C2E7642,1.6367246385248e-05,DE40FEA4B0BFA8A8039C3D0FCA662F3E2B961F57253C2FDEB7ACE1161B7487A1,0,1.6367246385248e-05,229157170.56,1998891251,2,0.114642139959019,treat_2017,2017,TRUE,FALSE
C2969FF82F54815E37E232726E6B49DD218166E5183F59D9E129080A962B4E06,2351,B8FDF1A99C14812F711B9B01A2C27EC7B85C6A71A20AB98121F00747A42E5B58,0.000103038803811996,E6FBC32059211E85E235011A5E8D4C5A37E54E298B13DE19262EF86E270E53FC,0,0.000103038803811996,954107.38,122858486,2,0.00776590540111328,treat_2017,2017,FALSE,FALSE
C2969FF82F54815E37E232726E6B49DD218166E5183F59D9E129080A962B4E06,2352,233C29FA2E67D9E99661CF7ABDF39D6AC6BAEC0D61A8BF7ACA5B2A341DB24E7D,0.00126345506798275,13F626FCEEB1FD59AD5B43240916375573AC6AB3BA3E06035D546F6114C3CDD5,0.000486627052877571,0.000776828015105174,31358.45,122858486,2,0.000255240407243827,treat_2017,2017,FALSE,TRUE
C2969FF82F54815E37E232726E6B49DD218166E5183F59D9E129080A962B4E06,2399,556F325F89BA24B47694660DC89436EC50E9D389F7BAA17D07992B6F91C354CB,0.000702850518421449,50718D79C9F77E6F3F5941DA8BA2BF27DC3B371AEC3069E4679E58F20D84E7ED,0,0.000702850518421449,558032.78,122858486,2,0.00454207762254208,treat_2017,2017,FALSE,TRUE
C2969FF82F54815E37E232726E6B49DD218166E5183F59D9E129080A962B4E06,4211,81A56728305B23CED4271E85C1C3CCF6F2680AF5231CABD61B3434FC40D6896D,4.09771610086498e-05,D2E36629C57DE7C3DE50105733271BC0699A14DC45E956E39883988835BB92F2,0,4.09771610086498e-05,866196.03,122858486,2,0.00705035572390172,treat_2017,2017,FALSE,FALSE
C2DF2CAC420FA214C90BABB3B2B58056B210608D3E7DADB50C6A7E5EF5B8E480,2014,68DC8BCF66B5C19AE14A0641B5976AED28CC1A1209CE9BAD3980A2C7AEB618D7,5.36810065556938e-05,61CE1E059D5C7F1EFB93A2EBFCF5C1706E402C91F3EC2954C003784C58232EDD,0,5.36810065556938e-05,2868691.11,508621701,2,0.00564012723869208,treat_2017,2017,FALSE,FALSE
C2DF2CAC420FA214C90BABB3B2B58056B210608D3E7DADB50C6A7E5EF5B8E480,2059,4C4AFA11F7CFB164582811756F70B0C08F76AA402E3112B966D24AEC0EF417AD,2.17442134768675e-05,C827BD5F1E9CF3652F0345C53157CF7ED590F253B122BE5B7FA16D382C516C16,0,2.17442134768675e-05,25004,508621701,2,4.91603090289693e-05,treat_2017,2017,FALSE,FALSE
C49E201600E431B8C579817E8AE9DA71DC56031066A5DBCA7BF5D3219E55339B,2351,B8FDF1A99C14812F711B9B01A2C27EC7B85C6A71A20AB98121F00747A42E5B58,0.000103038803811996,1EB11C8C03D563589A1E83AF2856341DABF421EDF816A205EC6A0E9C90EACF10,0,0.000103038803811996,18752.13,23725656,2,0.000790373509588102,treat_2017,2017,FALSE,FALSE
C49E201600E431B8C579817E8AE9DA71DC56031066A5DBCA7BF5D3219E55339B,2399,A44C7B695F2DAA9C1AF259527E3B73F5483420A4B1CB0C2E493C045EE27F601E,0.000164410286727756,50718D79C9F77E6F3F5941DA8BA2BF27DC3B371AEC3069E4679E58F20D84E7ED,0,0.000164410286727756,17379.88,23725656,2,0.000732535277422888,treat_2017,2017,FALSE,FALSE
C49E201600E431B8C579817E8AE9DA71DC56031066A5DBCA7BF5D3219E55339B,4211,A20718A1C5EDE23DDA5E6320129C83E1683DE48F1D318858856BE325EEE823C1,5.55692076673613e-05,3510A430452C918C14D6E932C3833C048E677B0205DAE7EB348ECB0F5DCF40E3,0,5.55692076673613e-05,26774.27,23725656,2,0.00112849440285234,treat_2017,2017,FALSE,FALSE
C4F606904026E86DAACB847D0D96B50C0ECFC7B858E2B2509602AD8DA11C474E,2221,BC0BF2E7511DBB53DBD56839C96E212762845418F6BCF4F0B57D20FEA25A2188,1.4360832054686e-05,E29DDAE66C4819F3635FFEDF2D15CF461305B17995BCFF4D1AC9E143F8CADE59,0,1.4360832054686e-05,175811.74,90200598,2,0.00194911945040542,treat_2017,2017,FALSE,FALSE
C522CB559EF15B2141FEF4CCD47F8B73E5CEE241C540E487B399950470501487,5223,6AA8E4141A63E20F297FD4A50D200299ABED45FB3AEB28BC62C3D7D60C2E7642,1.6367246385248e-05,B6F8B15A34CFB540C2417A6DC36A53425CEC90C412B5E9E7CE7A20390C171E33,0,1.6367246385248e-05,411866.74,64517342,2,0.00638381444790457,treat_2017,2017,FALSE,FALSE
C682A2B22B1037A2795CD18544B9972548F80593CFC2EAA4A19AF83F4AD35AA8,2012,1061796C42F184760E3BAF45DC443875C42284348C2B209B70F02ED964EDAC7E,0.00016263646894484,969A182C1332AA7D3B3673679AC4454478A1AAEA9E50C82A755CB81680A4E9DC,0,0.00016263646894484,45672,3079755.25,2,0.0148297498640517,treat_2017,2017,FALSE,FALSE
C783027837319E3C8845706B064F581E7067FCAF72473EE7FB02BA67E08AA8CC,1393,D7E5CDFAAACF0B7F90CD7FBB7F8126EB1255FF5547B0834A227723386F131B08,0.000148685155751804,C783027837319E3C8845706B064F581E7067FCAF72473EE7FB02BA67E08AA8CC,0,0.000148685155751804,15796766.11,402473887,2,0.0392491702449257,treat_2017,2017,TRUE,FALSE
C783027837319E3C8845706B064F581E7067FCAF72473EE7FB02BA67E08AA8CC,2012,1061796C42F184760E3BAF45DC443875C42284348C2B209B70F02ED964EDAC7E,0.00016263646894484,969A182C1332AA7D3B3673679AC4454478A1AAEA9E50C82A755CB81680A4E9DC,0,0.00016263646894484,768620,402473887,2,0.00190973880499233,treat_2017,2017,FALSE,FALSE
C783027837319E3C8845706B064F581E7067FCAF72473EE7FB02BA67E08AA8CC,4676,3681204F7810467B3431212FC23F07FEB4DC809C1A445CC9BF393FFD63CAB006,7.77079476005881e-06,C5BA3CF0046CD26F50C12FDB281749C30CE5CA01E34405D8D4DAAB3426C1F6C6,0,7.77079476005881e-06,15978664.99,402473887,2,0.0397011222494542,treat_2017,2017,TRUE,FALSE
C827BD5F1E9CF3652F0345C53157CF7ED590F253B122BE5B7FA16D382C516C16,2014,2A70DBCD110EDD6E2E83D454D79E47D9BA81845955CFE8E1E03BF1D0EA7BCBC5,3.90209640781755e-05,AA87309A737CBB71FCAA97B6666221C793EEB9AAA338E4C5DC338835324DBB38,0,3.90209640781755e-05,1051429.82,66106154,2,0.0159051730645229,treat_2017,2017,FALSE,FALSE
C82F3CEC2AC49AA2DB2FB3B3F6F2B60CAAB613E7D60BD4DE501631644C9A5A11,2014,2A70DBCD110EDD6E2E83D454D79E47D9BA81845955CFE8E1E03BF1D0EA7BCBC5,3.90209640781755e-05,AFCA27A1F1BB2F7C605C4B1753142D734EB685C1A44B33B33D43D3893BB18C10,0,3.90209640781755e-05,42880962.14,494027270,2,0.0867987755817609,treat_2017,2017,TRUE,FALSE
C9210078CEE580FDD0812518371FC8B5E11A493EF54D24394419069892A286C3,2014,2A70DBCD110EDD6E2E83D454D79E47D9BA81845955CFE8E1E03BF1D0EA7BCBC5,3.90209640781755e-05,61CE1E059D5C7F1EFB93A2EBFCF5C1706E402C91F3EC2954C003784C58232EDD,0,3.90209640781755e-05,99394.59,309070120,2,0.000321592362276884,treat_2017,2017,FALSE,FALSE
C9210078CEE580FDD0812518371FC8B5E11A493EF54D24394419069892A286C3,2352,233C29FA2E67D9E99661CF7ABDF39D6AC6BAEC0D61A8BF7ACA5B2A341DB24E7D,0.00126345506798275,13F626FCEEB1FD59AD5B43240916375573AC6AB3BA3E06035D546F6114C3CDD5,0.000486627052877571,0.000776828015105174,1901862.05,309070120,2,0.00615349697990864,treat_2017,2017,FALSE,TRUE
C9210078CEE580FDD0812518371FC8B5E11A493EF54D24394419069892A286C3,4211,ADFF18A56167B77F87D8DF548BEF8C5F4AD4A774572E8E8D206E19659C2B9246,3.13552464943978e-05,D2E36629C57DE7C3DE50105733271BC0699A14DC45E956E39883988835BB92F2,0,3.13552464943978e-05,77324.69,309070120,2,0.000250184941850736,treat_2017,2017,FALSE,FALSE
CA0C911B1A1F75C058342897D52EE9DDCCCD1907FD39F8425E09C607AA918392,1320,1007FAAA2B750FA61EAA1A2916ADE0B4D155B036D9BBC63C2A9022FB9AFC4A15,3.61915015658306e-06,CF7DA54A2F5395AFC836CC1EAA35068820907CE5CD0E61F6C747FEB86128AFE2,0,3.61915015658306e-06,29180.57,7698107,2,0.00379061631645286,treat_2017,2017,FALSE,FALSE
CC17A49A3D2D52F3D8C1CEB869CCA5096C549CFAE3A0D6CB09EA694C2F81F81F,2351,B8FDF1A99C14812F711B9B01A2C27EC7B85C6A71A20AB98121F00747A42E5B58,0.000103038803811996,1EB11C8C03D563589A1E83AF2856341DABF421EDF816A205EC6A0E9C90EACF10,0,0.000103038803811996,5573101.07,102020318,2,0.0546273642275846,treat_2017,2017,TRUE,FALSE
CC17A49A3D2D52F3D8C1CEB869CCA5096C549CFAE3A0D6CB09EA694C2F81F81F,2399,F66DA2500C4DF14CC40C77CC8DC9C43E103B59B4FA2FD549F42C9994DEE4C457,0.000171705462263179,6F4F34531538E252D3211A55D02B168CB91CBC9221FA038D0D1B034D977BEF84,0,0.000171705462263179,4308248.48,102020318,2,0.0422293182814819,treat_2017,2017,TRUE,FALSE
CC17A49A3D2D52F3D8C1CEB869CCA5096C549CFAE3A0D6CB09EA694C2F81F81F,4211,BD82BA2061C72EB2FDFC34AD831B7A0E33C57B6587E1D690B5308EB60182A371,1.04491078317667e-05,E14B333E63B5525E292C27BD674CC465CFBEF8BC5ECBC8532E54CEAC6E89FB40,0,1.04491078317667e-05,4274726.6,102020318,2,0.0419007378510622,treat_2017,2017,TRUE,FALSE
CC65917C7CF2644290617174C31B7E8C05CA4EEDE602B3AA5F2FD2587CA1468C,2014,2A70DBCD110EDD6E2E83D454D79E47D9BA81845955CFE8E1E03BF1D0EA7BCBC5,3.90209640781755e-05,CC65917C7CF2644290617174C31B7E8C05CA4EEDE602B3AA5F2FD2587CA1468C,0,3.90209640781755e-05,3325326.63,288324220,2,0.011533289260264,treat_2017,2017,FALSE,FALSE
CC65917C7CF2644290617174C31B7E8C05CA4EEDE602B3AA5F2FD2587CA1468C,2016,8AD8CD6E2A5082CF7EE48D06DBC38617A85AA8D5CA2A7DAF9CAA2192C4E300C7,0.00032636629953529,9C8EB20FA52DF76154FE015473D15DCDE8EF3F6EB34E0168A4464DFB4B0E7BD0,5.63520835418841e-05,0.000270014215993406,61521,288324220,2,0.000213374374168081,treat_2017,2017,FALSE,TRUE
CCB5EA9562B416C6ED6C01741084ED901E8D2DB7C6696C385FC9D2118B26A43E,2222,BC0BF2E7511DBB53DBD56839C96E212762845418F6BCF4F0B57D20FEA25A2188,1.4360832054686e-05,613884E4DA96E6D9E3FEABBEE7F72A3229AD63E0B7C072487E6E046F49312232,0,1.4360832054686e-05,2639669.94,272032309,2,0.00970351628342794,treat_2017,2017,FALSE,FALSE
CCB5EA9562B416C6ED6C01741084ED901E8D2DB7C6696C385FC9D2118B26A43E,2229,DAEA45B1C32A96BEF3B14822D96C2FE56C613857921FE02B9603218C0CB7CEF2,7.40870498332187e-05,A867D7F1BC4AB6DD60078ED60C319E413BC789870B5BF7E1BEF246C6D203F512,0,7.40870498332187e-05,20153339.22,272032309,2,0.0740843589281154,treat_2017,2017,TRUE,FALSE
CD802969F6FDC1FE69F2A78E6151E83D7C29E6C8BBF3D80E9592FF356091885C,2351,B8FDF1A99C14812F711B9B01A2C27EC7B85C6A71A20AB98121F00747A42E5B58,0.000103038803811996,1EB11C8C03D563589A1E83AF2856341DABF421EDF816A205EC6A0E9C90EACF10,0,0.000103038803811996,1281257.29,22069711,2,0.0580550098730337,treat_2017,2017,TRUE,FALSE
CD802969F6FDC1FE69F2A78E6151E83D7C29E6C8BBF3D80E9592FF356091885C,2399,6099E01D67DA0DDEF00B89A26CDFD4791E17F3D7238DE15C6352E3CF73DF0103,0.00048128122792842,CD802969F6FDC1FE69F2A78E6151E83D7C29E6C8BBF3D80E9592FF356091885C,0,0.00048128122792842,51774.77,22069711,2,0.00234596501965975,treat_2017,2017,FALSE,TRUE
CD802969F6FDC1FE69F2A78E6151E83D7C29E6C8BBF3D80E9592FF356091885C,4211,BEA704951F78F6206B131BE9FACD666E66E5939910623E8580ACB79F4696442C,0.000136258727169874,ADFF18A56167B77F87D8DF548BEF8C5F4AD4A774572E8E8D206E19659C2B9246,3.13552464943978e-05,0.000104903480675476,137012.61,22069711,2,0.00620817418044124,treat_2017,2017,FALSE,FALSE
CD81AC115D02B761693835DD8A3C1769DEE7F9AB64F08E3FD720AE423A47A7EB,2016,9C8EB20FA52DF76154FE015473D15DCDE8EF3F6EB34E0168A4464DFB4B0E7BD0,5.63520835418841e-05,686552E789EE4A5DAC8ED479B023351424550F567382BF8F85E906967A43ADD7,0,5.63520835418841e-05,3307759.14,80208299,2,0.0412396121254236,treat_2017,2017,TRUE,FALSE
CD862FFAF195F06877AE4815D81FDFFCB454147B4CAB0C53BD6FD33F3D619DF1,2014,CD862FFAF195F06877AE4815D81FDFFCB454147B4CAB0C53BD6FD33F3D619DF1,6.86980714825666e-05,B3A20E2273DC7AE07DEB357A124E3CFE5365D910D94F11E9DC63BA451FE92EE3,0,6.86980714825666e-05,991269.31,425732475,2,0.0023283854725905,treat_2017,2017,FALSE,FALSE
CDB2071E463BADC97EA21812D5D2156B3D0E6D05E9D107EFFBD8EE26C363C39E,1920,1C6EC1F8E25B016DB87AC7C6CDC9FD74E36F38CFD1673CB9480E1F9ED238F425,8.80218638642514e-06,125EA6B782DCCA982F2692424AE91CBA74A6BC3DB2028CDF4B30877325B3BAF1,0,8.80218638642514e-06,138300684.07,714419859,2,0.193584602006423,treat_2017,2017,TRUE,FALSE
CDB2071E463BADC97EA21812D5D2156B3D0E6D05E9D107EFFBD8EE26C363C39E,2012,1061796C42F184760E3BAF45DC443875C42284348C2B209B70F02ED964EDAC7E,0.00016263646894484,F7837270BB2F707B494CA668AEC3CF7970A1876EC3C3DE61BEDBDB75568E8C66,0,0.00016263646894484,4316958.61,714419859,2,0.00604260723665018,treat_2017,2017,FALSE,FALSE
CDB2071E463BADC97EA21812D5D2156B3D0E6D05E9D107EFFBD8EE26C363C39E,2014,381129D2BACBFFE88AA47CF43AAB8B0205C90F8E3B8F55424F7421B3BB765AE7,3.70529576586508e-06,7BD8DA430EC6A64C5278A5087EDDDCFD54EE849C1B904B1F1BFF9FE3FB8E5553,2.02112860527006e-06,1.68416716059502e-06,4315135.25,714419859,2,0.00604005501196461,treat_2017,2017,FALSE,FALSE
CDB2071E463BADC97EA21812D5D2156B3D0E6D05E9D107EFFBD8EE26C363C39E,2016,B0930165FBBB06212FA618CDACF48BCD90D9F97D6D59E4B61B2F5354E62EF329,3.14645743739694e-05,3921B26E7F671AA6E812893191D678D60C0E4D8F623394755AB6CCEEFDB4647D,0,3.14645743739694e-05,2426754.61,714419859,2,0.00339681852264972,treat_2017,2017,FALSE,FALSE
CF4DB84513AB8C68511709D7B79224804195F0EC9A517C786AE4CECB82E699CA,1041,93E844FE1AC70363ACC25C875A81A3C2EE7ED2364EA24705F5D877FBB5C4CEE8,1.06163783434385e-05,D8A676D0FF327303C5AC7008A1874119AE5C02F43E14F0C1FC7DBBC753A89D1E,0,1.06163783434385e-05,434523.99,103090671,2,0.00421496907319577,treat_2017,2017,FALSE,FALSE
D192DDE8580A23934849226460762419C2A29C026445388AEC31D2F6CFE1DEE5,1105,82AD7E022AA1035FA624569E4235B7E60665602F69F48D196D6E577AB3B2F821,3.55285119461142e-05,D192DDE8580A23934849226460762419C2A29C026445388AEC31D2F6CFE1DEE5,0,3.55285119461142e-05,1876243.67,33415769,2,0.0561484510501614,treat_2017,2017,TRUE,FALSE
D193416DEB34E1578D0A23E29F20CB48235445F4A97ECC8949D32443A6A885F7,2365,67863B92FB29A53B4F85034E41DF069DCCE2E96E963396F391424D73021DCAC2,0.000208018857469999,3D49588D1918DFA4568937AEB2822B4167C073A07CB931AAE68628147C44CAE7,0,0.000208018857469999,47284.03,7687364,2,0.0061508769455954,treat_2017,2017,FALSE,TRUE
D243CECDEEFA2919B92BD39968D14E611E237E1E40004805ED73FBEE04C6C9C0,4211,A20718A1C5EDE23DDA5E6320129C83E1683DE48F1D318858856BE325EEE823C1,5.55692076673613e-05,ADFF18A56167B77F87D8DF548BEF8C5F4AD4A774572E8E8D206E19659C2B9246,3.13552464943978e-05,2.42139611729635e-05,1591117.62,155775170,1,0.0102141928010735,treat_2017,2017,FALSE,FALSE
D24CFD4E4D07CA02994732D641C177D71F3ABA14D8EBD52CB9EAC7C559942972,2332,DFE84999859FA7A6205AF0220585AD1C09A9628C9E358622CBCEA2E6DACBBBF1,0.000395010468796854,AFD6645D8C4689DFF6BEA9448876413C4FD2178F8DE61A89093743C24C272679,0,0.000395010468796854,3310521.88,18407234,2,0.179848959381947,treat_2017,2017,TRUE,TRUE
D24CFD4E4D07CA02994732D641C177D71F3ABA14D8EBD52CB9EAC7C559942972,2351,B8FDF1A99C14812F711B9B01A2C27EC7B85C6A71A20AB98121F00747A42E5B58,0.000103038803811996,1EB11C8C03D563589A1E83AF2856341DABF421EDF816A205EC6A0E9C90EACF10,0,0.000103038803811996,315156.97,18407234,2,0.0171213648938238,treat_2017,2017,FALSE,FALSE
D24CFD4E4D07CA02994732D641C177D71F3ABA14D8EBD52CB9EAC7C559942972,2365,1699301EC2767FC1FF82337B41AE8E16B093A1C04259532BBCCFCBA1D82BA80F,2.1864947544599e-05,3D49588D1918DFA4568937AEB2822B4167C073A07CB931AAE68628147C44CAE7,0,2.1864947544599e-05,109171.51,18407234,2,0.00593090249192247,treat_2017,2017,FALSE,FALSE
D2E36629C57DE7C3DE50105733271BC0699A14DC45E956E39883988835BB92F2,2014,7C0333AE08168E97C1DD68D98B8051A5C5C90D18245B4988A49F08062BC40274,0.000236105080801893,85824767204C92DFB37F36B5D9087A92328BD6A0092228B0AB8B89C227C24614,0,0.000236105080801893,28211.02,181324050,2,0.000155583443012662,treat_2017,2017,FALSE,TRUE
D2E36629C57DE7C3DE50105733271BC0699A14DC45E956E39883988835BB92F2,2351,B8FDF1A99C14812F711B9B01A2C27EC7B85C6A71A20AB98121F00747A42E5B58,0.000103038803811996,1EB11C8C03D563589A1E83AF2856341DABF421EDF816A205EC6A0E9C90EACF10,0,0.000103038803811996,3089608.7,181324050,2,0.0170391555891235,treat_2017,2017,FALSE,FALSE
D2E36629C57DE7C3DE50105733271BC0699A14DC45E956E39883988835BB92F2,2399,556F325F89BA24B47694660DC89436EC50E9D389F7BAA17D07992B6F91C354CB,0.000702850518421449,6F4F34531538E252D3211A55D02B168CB91CBC9221FA038D0D1B034D977BEF84,0,0.000702850518421449,7975190.65,181324050,2,0.0439830824978816,treat_2017,2017,TRUE,TRUE
D2E36629C57DE7C3DE50105733271BC0699A14DC45E956E39883988835BB92F2,4211,81A56728305B23CED4271E85C1C3CCF6F2680AF5231CABD61B3434FC40D6896D,4.09771610086498e-05,CC17A49A3D2D52F3D8C1CEB869CCA5096C549CFAE3A0D6CB09EA694C2F81F81F,0,4.09771610086498e-05,1193402.4,181324050,2,0.00658160017934742,treat_2017,2017,FALSE,FALSE
D2E36629C57DE7C3DE50105733271BC0699A14DC45E956E39883988835BB92F2,4673,2EDB84F873D1720009F7FE2B6EBFA04329C6829EDFD154525B24987A3D52E2AD,6.28853635044987e-05,307B7F85CAC1DDA1F33E173727E21FF0DE433CA675E63EFD0668D9DC7A943C36,0,6.28853635044987e-05,504796.4,181324050,2,0.0027839462001869,treat_2017,2017,FALSE,FALSE
D2EEAED8D0666B892B32F9E6C9A57311D20694FB9900400C020B25245005F6EA,2351,B8FDF1A99C14812F711B9B01A2C27EC7B85C6A71A20AB98121F00747A42E5B58,0.000103038803811996,1EB11C8C03D563589A1E83AF2856341DABF421EDF816A205EC6A0E9C90EACF10,0,0.000103038803811996,106814.94,22288703,2,0.00479233538174025,treat_2017,2017,FALSE,FALSE
D3B615A03010104B09E4C88B29B0A80A823664C2897B33D069EBA714719DF84B,1031,A1E9FE762ACC4DE886908DD38F550AAC93E153911553A0EE13701CA7E35CD778,4.98470511558588e-05,781DDBF220914771C108CE716159C411A65053A91F89898E330CB0229771CCE6,0,4.98470511558588e-05,916191.07,282474419,2,0.00324344793147446,treat_2017,2017,FALSE,FALSE
D3B615A03010104B09E4C88B29B0A80A823664C2897B33D069EBA714719DF84B,1051,1FF4BE36DA23ED1089F771723A6F25ACE00CFA2E444FBEB5B9881B54FB91D596,6.27713380370904e-05,2EA5AB1710B2C07A0559C4D607230AEE3A896C7A33156792015D2C79268E4D7A,0,6.27713380370904e-05,4214514.78,282474419,2,0.0149199874272509,treat_2017,2017,FALSE,FALSE
D3B615A03010104B09E4C88B29B0A80A823664C2897B33D069EBA714719DF84B,1107,32424075741922469453FAD31C3E5A3FC8FB96E6E14ACF83BA40B2F0B4770F80,2.17596979039937e-05,63EAEC70BCA3195B16AA666FE02A00DE66AF3A59C53FB4268F471DF4F32A2BE4,0,2.17596979039937e-05,907430.82,282474419,2,0.00321243538870683,treat_2017,2017,FALSE,FALSE
D3E60E9D6547B79D66B422B6E180C75271C8E80DA4ADA92F99D4D2CE8A38EACD,1920,1C6EC1F8E25B016DB87AC7C6CDC9FD74E36F38CFD1673CB9480E1F9ED238F425,8.80218638642514e-06,E5ABBAFE31944B33EB97FA66732B5A526F09B5C9B1CF3181F3361151C0AA9EB7,0,8.80218638642514e-06,484339.73,131887668,2,0.00367236556188104,treat_2017,2017,FALSE,FALSE
D4226E8E76E93ACBF5668C753A6CB409F8D7B2C8085F0AB7B23600B91AA57881,1920,1C6EC1F8E25B016DB87AC7C6CDC9FD74E36F38CFD1673CB9480E1F9ED238F425,8.80218638642514e-06,E282B7153619085A768EACA37CD5EDF8E4859AB6B5D2BE62750FD4C54D5FDA30,0,8.80218638642514e-06,5628882.45,144550285,2,0.0389406527285643,treat_2017,2017,TRUE,FALSE
D4226E8E76E93ACBF5668C753A6CB409F8D7B2C8085F0AB7B23600B91AA57881,2014,2A70DBCD110EDD6E2E83D454D79E47D9BA81845955CFE8E1E03BF1D0EA7BCBC5,3.90209640781755e-05,91738BC31E8682337A567C344417306B4025B0A737D605FC612A6F338F21D854,0,3.90209640781755e-05,980962.12,144550285,2,0.0067863036036214,treat_2017,2017,FALSE,FALSE
D4D2E1C06944A9D89BF42D277B9FA290B4D68A873FB82943562B733E4FDD2FB9,1920,1C6EC1F8E25B016DB87AC7C6CDC9FD74E36F38CFD1673CB9480E1F9ED238F425,8.80218638642514e-06,4AC00C83D98E466FB741ACC01CDB6754F558854872499BB3CD1BCD43EA3EE823,0,8.80218638642514e-06,2874032.14,145617741,2,0.0197368268472177,treat_2017,2017,TRUE,FALSE
D4D2E1C06944A9D89BF42D277B9FA290B4D68A873FB82943562B733E4FDD2FB9,2351,B8FDF1A99C14812F711B9B01A2C27EC7B85C6A71A20AB98121F00747A42E5B58,0.000103038803811996,1EB11C8C03D563589A1E83AF2856341DABF421EDF816A205EC6A0E9C90EACF10,0,0.000103038803811996,2548360.97,145617741,2,0.017500346815571,treat_2017,2017,TRUE,FALSE
D4D2E1C06944A9D89BF42D277B9FA290B4D68A873FB82943562B733E4FDD2FB9,2399,BF6357AF349AD32862EE1D8AE057A1E7468A88E9A6E3BAA0FAD716ABBA263F23,0.000219779260909068,50718D79C9F77E6F3F5941DA8BA2BF27DC3B371AEC3069E4679E58F20D84E7ED,0,0.000219779260909068,5644004.21,145617741,2,0.0387590424850774,treat_2017,2017,TRUE,TRUE
D4D2E1C06944A9D89BF42D277B9FA290B4D68A873FB82943562B733E4FDD2FB9,4211,A20718A1C5EDE23DDA5E6320129C83E1683DE48F1D318858856BE325EEE823C1,5.55692076673613e-05,E14B333E63B5525E292C27BD674CC465CFBEF8BC5ECBC8532E54CEAC6E89FB40,0,5.55692076673613e-05,9992487.03,145617741,2,0.0686213572699222,treat_2017,2017,TRUE,FALSE
D4D2E1C06944A9D89BF42D277B9FA290B4D68A873FB82943562B733E4FDD2FB9,4673,2EDB84F873D1720009F7FE2B6EBFA04329C6829EDFD154525B24987A3D52E2AD,6.28853635044987e-05,BCE0FD6F60C1F923D975C15CFE0C8805558768EA417EFC367AF3CA7708BEC8B5,0,6.28853635044987e-05,1877069.9,145617741,2,0.0128903929363936,treat_2017,2017,FALSE,FALSE
D5E781A11CA2A2FAE4A0408228F99A7682E9401A0D27A8C838362107C97E1373,2014,381129D2BACBFFE88AA47CF43AAB8B0205C90F8E3B8F55424F7421B3BB765AE7,3.70529576586508e-06,85824767204C92DFB37F36B5D9087A92328BD6A0092228B0AB8B89C227C24614,0,3.70529576586508e-06,62139.98,41793816,2,0.0014868223566855,treat_2017,2017,FALSE,FALSE
D6087F6F564F9EB41A21C09C34F0F42832CCF196F8F173AAD398683A64316F4A,1105,A2D0C13790C3E409C825E25214303B2E0AB0A1071E3E1997C5F73FCE2D5E2BDC,1.03465140882384e-05,D192DDE8580A23934849226460762419C2A29C026445388AEC31D2F6CFE1DEE5,0,1.03465140882384e-05,4290.75,5889737867,2,7.28512897669169e-07,treat_2017,2017,FALSE,FALSE
D6087F6F564F9EB41A21C09C34F0F42832CCF196F8F173AAD398683A64316F4A,1712,EE1CC683DC430F9FD34068CC8A9EB02D8B711844ECEB463B526854EAFD885B6D,0.000660784137594262,5BC24025562E735BAE985E7C2E9424522DFBA7C4B6F1E95D0A245813A04B7771,0,0.000660784137594262,34684300,5889737867,2,0.00588893780728934,treat_2017,2017,FALSE,TRUE
D6087F6F564F9EB41A21C09C34F0F42832CCF196F8F173AAD398683A64316F4A,2059,4C4AFA11F7CFB164582811756F70B0C08F76AA402E3112B966D24AEC0EF417AD,2.17442134768675e-05,F6A25DB380DFC5DAD5687B11877E2E4A0B96B80862F052347FD578491EF78097,0,2.17442134768675e-05,4210330.62,5889737867,2,0.000714858745002955,treat_2017,2017,FALSE,FALSE
D6087F6F564F9EB41A21C09C34F0F42832CCF196F8F173AAD398683A64316F4A,3511,3BE59C35E1BFCEE14744A27D1026D2E8F5690AEFBA6276A6EFADA053A2D4F534,0.000444514994669268,B0912D50D01782D7082CD51D0001C433B9BF156D6BE6A09D6012F3AD5FD7D3F6,0,0.000444514994669268,241334979.06,5889737867,2,0.0409755042600778,treat_2017,2017,TRUE,TRUE
D6087F6F564F9EB41A21C09C34F0F42832CCF196F8F173AAD398683A64316F4A,4211,D4D2E1C06944A9D89BF42D277B9FA290B4D68A873FB82943562B733E4FDD2FB9,9.64854962281004e-06,0D3B12296FD0C5E795FD6F04F819DECBA9614EE0235A935F14059E26AA0657DD,0,9.64854962281004e-06,4952954.51,5889737867,2,0.000840946511007092,treat_2017,2017,FALSE,FALSE
D82FCA5EB77F34BBE9ECE5724738742F9A62D9FF275E1F76824004CA3EAE2729,2314,5F38654B8D559290F7091D877D2F5AB22BBD287F5C18610884DFAD6648159F90,5.23250289657866e-05,816D959E3B13F5BB2A8E380012AFF472FB512CB583C11B8725D3FC1FFCC30337,0,5.23250289657866e-05,1050841.06,130917742,2,0.00802672765315491,treat_2017,2017,FALSE,FALSE
D82FCA5EB77F34BBE9ECE5724738742F9A62D9FF275E1F76824004CA3EAE2729,2332,9B58D91F2650AA76B89F0FCA24FF50AB03C33846204ED09B503795F9D0452E40,0.00436304600602665,AFD6645D8C4689DFF6BEA9448876413C4FD2178F8DE61A89093743C24C272679,0,0.00436304600602665,20645225.22,130917742,2,0.157696160234722,treat_2017,2017,TRUE,TRUE
D82FCA5EB77F34BBE9ECE5724738742F9A62D9FF275E1F76824004CA3EAE2729,2351,B8FDF1A99C14812F711B9B01A2C27EC7B85C6A71A20AB98121F00747A42E5B58,0.000103038803811996,1EB11C8C03D563589A1E83AF2856341DABF421EDF816A205EC6A0E9C90EACF10,0,0.000103038803811996,4862676.1,130917742,2,0.0371429878465212,treat_2017,2017,TRUE,FALSE
D82FCA5EB77F34BBE9ECE5724738742F9A62D9FF275E1F76824004CA3EAE2729,2365,67863B92FB29A53B4F85034E41DF069DCCE2E96E963396F391424D73021DCAC2,0.000208018857469999,3D49588D1918DFA4568937AEB2822B4167C073A07CB931AAE68628147C44CAE7,0,0.000208018857469999,12442528.97,130917742,2,0.0950408155527155,treat_2017,2017,TRUE,TRUE
D82FCA5EB77F34BBE9ECE5724738742F9A62D9FF275E1F76824004CA3EAE2729,4673,2EDB84F873D1720009F7FE2B6EBFA04329C6829EDFD154525B24987A3D52E2AD,6.28853635044987e-05,664652F9907FB7BF2A44D8B29EE29B8AEAA59D176F7E7FA9A3BFC128632EFE39,0,6.28853635044987e-05,9246936.39,130917742,2,0.0706316519727326,treat_2017,2017,TRUE,FALSE
D8643539F683D2919709F169EBE155338BB5D14E51480C64FD6D4B47D8F6C55B,1920,1C6EC1F8E25B016DB87AC7C6CDC9FD74E36F38CFD1673CB9480E1F9ED238F425,8.80218638642514e-06,4AC00C83D98E466FB741ACC01CDB6754F558854872499BB3CD1BCD43EA3EE823,0,8.80218638642514e-06,356607.4,22169557,2,0.0160854544815668,treat_2017,2017,FALSE,FALSE
D8A676D0FF327303C5AC7008A1874119AE5C02F43E14F0C1FC7DBBC753A89D1E,2014,7BD8DA430EC6A64C5278A5087EDDDCFD54EE849C1B904B1F1BFF9FE3FB8E5553,2.02112860527006e-06,85824767204C92DFB37F36B5D9087A92328BD6A0092228B0AB8B89C227C24614,0,2.02112860527006e-06,189451.26,290195805,2,0.000652839416476058,treat_2017,2017,FALSE,FALSE
DAC48FEFA113C740688511AC63F0914604FEB4CBBCD38EB85E041F905BDC6F23,2351,B8FDF1A99C14812F711B9B01A2C27EC7B85C6A71A20AB98121F00747A42E5B58,0.000103038803811996,E6FBC32059211E85E235011A5E8D4C5A37E54E298B13DE19262EF86E270E53FC,0,0.000103038803811996,3234578.13,95031885,2,0.0340367670282453,treat_2017,2017,TRUE,FALSE
DCF3F0DD9DF652FC8B064F143BE61B6316597A64B4E743D24B0030BAF9B79803,2014,2A70DBCD110EDD6E2E83D454D79E47D9BA81845955CFE8E1E03BF1D0EA7BCBC5,3.90209640781755e-05,381129D2BACBFFE88AA47CF43AAB8B0205C90F8E3B8F55424F7421B3BB765AE7,3.70529576586508e-06,3.53156683123104e-05,1388850.39,2342826466,2,0.000592809757852548,treat_2017,2017,FALSE,FALSE
DE40FEA4B0BFA8A8039C3D0FCA662F3E2B961F57253C2FDEB7ACE1161B7487A1,5223,6AA8E4141A63E20F297FD4A50D200299ABED45FB3AEB28BC62C3D7D60C2E7642,1.6367246385248e-05,4371F19C7CEC14765E1AEA656E73CAFB4A7112DB971D0E6B728C030470FE4088,0,1.6367246385248e-05,444659.45,8174733,2,0.0543943698222315,treat_2017,2017,TRUE,FALSE
DF7BBA40BFE558C6594E55BBBCF3EC01A70ED7E236ADAA257F12A36B78A822AA,2012,1061796C42F184760E3BAF45DC443875C42284348C2B209B70F02ED964EDAC7E,0.00016263646894484,F7837270BB2F707B494CA668AEC3CF7970A1876EC3C3DE61BEDBDB75568E8C66,0,0.00016263646894484,106531.25,116905248,2,0.000911261485882995,treat_2017,2017,FALSE,FALSE
E1019666BEA475F2CE7AEC6F30CABB5308A706C31F287FBC71361C8241DCDF19,4211,BD82BA2061C72EB2FDFC34AD831B7A0E33C57B6587E1D690B5308EB60182A371,1.04491078317667e-05,0D3B12296FD0C5E795FD6F04F819DECBA9614EE0235A935F14059E26AA0657DD,0,1.04491078317667e-05,37645,741801977,2,5.07480448518675e-05,treat_2017,2017,FALSE,FALSE
E1019666BEA475F2CE7AEC6F30CABB5308A706C31F287FBC71361C8241DCDF19,4322,A0B44CF8258D0A44D27D379D0CD4B5D173FC1457A2B18D84A999423522AED2D2,3.52989529924418e-05,8DF5F00E3294F3D1BD1E7EA67754212E373670DF333D1A835A44C57D6CB9B4D8,0,3.52989529924418e-05,92641.17,741801977,2,0.000124886658262438,treat_2017,2017,FALSE,FALSE
E13616454E4BF3380DD212D13614225515EF33F6F9CFECA55E3C83D914B311D0,2014,3E3B4F46B106CE29E3C1F78D77C75FCF3439DB1A69C12E86777870BA2FF96AFE,0.000268313861904909,61CE1E059D5C7F1EFB93A2EBFCF5C1706E402C91F3EC2954C003784C58232EDD,0,0.000268313861904909,9723312.02,461304886,2,0.0210778431252081,treat_2017,2017,TRUE,TRUE
E13616454E4BF3380DD212D13614225515EF33F6F9CFECA55E3C83D914B311D0,2015,7A01DDE298CB1AB8AAB6B60D8755E5997F415CEF475BD9887E027BDBD80E1B41,0.000568587529549804,0D8E6484CB9716B07B6C77FDAD4D31811A9B3082E8A56ED31A4A3CE3BD08F828,8.69235578696799e-05,0.000481663971680125,46933706.9,461304886,2,0.101741187497416,treat_2017,2017,TRUE,TRUE
E13616454E4BF3380DD212D13614225515EF33F6F9CFECA55E3C83D914B311D0,2352,233C29FA2E67D9E99661CF7ABDF39D6AC6BAEC0D61A8BF7ACA5B2A341DB24E7D,0.00126345506798275,A183E58FD6E9210A769556E997400F5AB2F8747CA368592DCFB4BB8B7CB10859,0,0.00126345506798275,259896.07,461304886,2,0.000563393273922531,treat_2017,2017,FALSE,TRUE
E13616454E4BF3380DD212D13614225515EF33F6F9CFECA55E3C83D914B311D0,4676,3681204F7810467B3431212FC23F07FEB4DC809C1A445CC9BF393FFD63CAB006,7.77079476005881e-06,C5BA3CF0046CD26F50C12FDB281749C30CE5CA01E34405D8D4DAAB3426C1F6C6,0,7.77079476005881e-06,6688.22,461304886,2,1.44984807292936e-05,treat_2017,2017,FALSE,FALSE
E14B333E63B5525E292C27BD674CC465CFBEF8BC5ECBC8532E54CEAC6E89FB40,4211,81A56728305B23CED4271E85C1C3CCF6F2680AF5231CABD61B3434FC40D6896D,4.09771610086498e-05,0D3B12296FD0C5E795FD6F04F819DECBA9614EE0235A935F14059E26AA0657DD,0,4.09771610086498e-05,6549.23,11997817,2,0.000545868469239029,treat_2017,2017,FALSE,FALSE
E20989B41448E29218B68D9BA763CE8082FF6FF4B9D8B813E2C453F9A117DA63,1051,1FF4BE36DA23ED1089F771723A6F25ACE00CFA2E444FBEB5B9881B54FB91D596,6.27713380370904e-05,2EA5AB1710B2C07A0559C4D607230AEE3A896C7A33156792015D2C79268E4D7A,0,6.27713380370904e-05,6681816.37,205780220,2,0.0324706445060657,treat_2017,2017,TRUE,FALSE
E20989B41448E29218B68D9BA763CE8082FF6FF4B9D8B813E2C453F9A117DA63,1107,32424075741922469453FAD31C3E5A3FC8FB96E6E14ACF83BA40B2F0B4770F80,2.17596979039937e-05,1CB37AB74478F9C217EFCFDA2843A640F506101BDE944EFD19E87241396C4A1C,0,2.17596979039937e-05,3844457.06,205780220,2,0.0186823449795126,treat_2017,2017,TRUE,FALSE
E226414FE7AEDCA3ED6AE8C253A524C2A6477FFCB93D320BB29F88459BA7680E,2352,233C29FA2E67D9E99661CF7ABDF39D6AC6BAEC0D61A8BF7ACA5B2A341DB24E7D,0.00126345506798275,A183E58FD6E9210A769556E997400F5AB2F8747CA368592DCFB4BB8B7CB10859,0,0.00126345506798275,5396.55,13898273,1,0.000388289250038476,treat_2017,2017,FALSE,TRUE
E282B7153619085A768EACA37CD5EDF8E4859AB6B5D2BE62750FD4C54D5FDA30,1920,1C6EC1F8E25B016DB87AC7C6CDC9FD74E36F38CFD1673CB9480E1F9ED238F425,8.80218638642514e-06,4AC00C83D98E466FB741ACC01CDB6754F558854872499BB3CD1BCD43EA3EE823,0,8.80218638642514e-06,3444026.41,141677875,2,0.0243088513996981,treat_2017,2017,TRUE,FALSE
E3A5A7B89C7A6E6DADA0DB86D1796A9F3190EBA6853B98B1A80ACEA6D3329A4A,1920,1C6EC1F8E25B016DB87AC7C6CDC9FD74E36F38CFD1673CB9480E1F9ED238F425,8.80218638642514e-06,E5ABBAFE31944B33EB97FA66732B5A526F09B5C9B1CF3181F3361151C0AA9EB7,0,8.80218638642514e-06,12713748.28,4179657805,2,0.00304181559188671,treat_2017,2017,FALSE,FALSE
E3A5A7B89C7A6E6DADA0DB86D1796A9F3190EBA6853B98B1A80ACEA6D3329A4A,2229,DAEA45B1C32A96BEF3B14822D96C2FE56C613857921FE02B9603218C0CB7CEF2,7.40870498332187e-05,B2E0D78A7F730C32AF9265FD7637D341F281207F62358847026025605C8611C2,0,7.40870498332187e-05,931331.44,4179657805,2,0.000222824806108738,treat_2017,2017,FALSE,FALSE
E3A5A7B89C7A6E6DADA0DB86D1796A9F3190EBA6853B98B1A80ACEA6D3329A4A,2352,233C29FA2E67D9E99661CF7ABDF39D6AC6BAEC0D61A8BF7ACA5B2A341DB24E7D,0.00126345506798275,A183E58FD6E9210A769556E997400F5AB2F8747CA368592DCFB4BB8B7CB10859,0,0.00126345506798275,40040883.18,4179657805,2,0.00957994291592491,treat_2017,2017,FALSE,TRUE
E3A5A7B89C7A6E6DADA0DB86D1796A9F3190EBA6853B98B1A80ACEA6D3329A4A,4211,BD82BA2061C72EB2FDFC34AD831B7A0E33C57B6587E1D690B5308EB60182A371,1.04491078317667e-05,D2E36629C57DE7C3DE50105733271BC0699A14DC45E956E39883988835BB92F2,0,1.04491078317667e-05,181790.34,4179657805,2,4.34940725966919e-05,treat_2017,2017,FALSE,FALSE
E3A5A7B89C7A6E6DADA0DB86D1796A9F3190EBA6853B98B1A80ACEA6D3329A4A,4322,A0B44CF8258D0A44D27D379D0CD4B5D173FC1457A2B18D84A999423522AED2D2,3.52989529924418e-05,8DF5F00E3294F3D1BD1E7EA67754212E373670DF333D1A835A44C57D6CB9B4D8,0,3.52989529924418e-05,438333.69,4179657805,2,0.000104873104557898,treat_2017,2017,FALSE,FALSE
E4104AB6EDEF24D89D330F0F87BFEA02856667139BB3FF783823835C3B43ABA4,2332,DFE84999859FA7A6205AF0220585AD1C09A9628C9E358622CBCEA2E6DACBBBF1,0.000395010468796854,B0BDF350FA217BFD724FDDC946398CA461035D6B82CEBC98DD1973C4C264A7E6,0.000216357956608233,0.00017865251218862,33574.9,9053481,2,0.00370850725814745,treat_2017,2017,FALSE,FALSE
E45F7DFD2118AFAC61600B4EB9379275E0EECB7BE145B023366FDC90584C022D,1393,50154C7B5E14CCEFC3EDBACF9AA6A051535C6A93E708805F4E988D33659168EB,1.13343454860175e-06,C783027837319E3C8845706B064F581E7067FCAF72473EE7FB02BA67E08AA8CC,0,1.13343454860175e-06,67429.4,46148903,2,0.00146112682245123,treat_2017,2017,FALSE,FALSE
E45F7DFD2118AFAC61600B4EB9379275E0EECB7BE145B023366FDC90584C022D,2332,9B58D91F2650AA76B89F0FCA24FF50AB03C33846204ED09B503795F9D0452E40,0.00436304600602665,79B63230F71E27B0B009FAEE092B4649C8CEF6C842DF1E9548C74ADA7F1A7DEB,9.84751746740705e-05,0.00426457083135258,19320.6,46148903,2,0.000418657838952315,treat_2017,2017,FALSE,TRUE
E4DA9495707D565900C29277A0D9B92293A5FEEFE6E3D01C4A9EA386D93493B5,2332,DFE84999859FA7A6205AF0220585AD1C09A9628C9E358622CBCEA2E6DACBBBF1,0.000395010468796854,AFD6645D8C4689DFF6BEA9448876413C4FD2178F8DE61A89093743C24C272679,0,0.000395010468796854,2072331.36,18692004,2,0.110867264954576,treat_2017,2017,TRUE,TRUE
E4DA9495707D565900C29277A0D9B92293A5FEEFE6E3D01C4A9EA386D93493B5,2365,1699301EC2767FC1FF82337B41AE8E16B093A1C04259532BBCCFCBA1D82BA80F,2.1864947544599e-05,3D49588D1918DFA4568937AEB2822B4167C073A07CB931AAE68628147C44CAE7,0,2.1864947544599e-05,35398.82,18692004,2,0.00189379480124229,treat_2017,2017,FALSE,FALSE
E4DA9495707D565900C29277A0D9B92293A5FEEFE6E3D01C4A9EA386D93493B5,4673,2EDB84F873D1720009F7FE2B6EBFA04329C6829EDFD154525B24987A3D52E2AD,6.28853635044987e-05,664652F9907FB7BF2A44D8B29EE29B8AEAA59D176F7E7FA9A3BFC128632EFE39,0,6.28853635044987e-05,169512.49,18692004,2,0.00906871676252584,treat_2017,2017,FALSE,FALSE
E59F3C68EBE515BF1D63F2F3849BF72F083EC1573D48A557002A09FCF8DD50A8,1105,A2D0C13790C3E409C825E25214303B2E0AB0A1071E3E1997C5F73FCE2D5E2BDC,1.03465140882384e-05,539DFF8A5B778AB035491D14825C7B39DA46F67FAB72F13B77AEF41EB8525850,0,1.03465140882384e-05,8175.5,138959915,2,5.88335132473275e-05,treat_2017,2017,FALSE,FALSE
E59F3C68EBE515BF1D63F2F3849BF72F083EC1573D48A557002A09FCF8DD50A8,2015,7A01DDE298CB1AB8AAB6B60D8755E5997F415CEF475BD9887E027BDBD80E1B41,0.000568587529549804,0D8E6484CB9716B07B6C77FDAD4D31811A9B3082E8A56ED31A4A3CE3BD08F828,8.69235578696799e-05,0.000481663971680125,3115323.44,138959915,2,0.0224188640299614,treat_2017,2017,TRUE,TRUE
E59F3C68EBE515BF1D63F2F3849BF72F083EC1573D48A557002A09FCF8DD50A8,2020,73A3EEB5CD4E1B296725C10E5AB5A22B0DF29AAB49322A5C0FBD71A1DAB3FB33,0.000276322591100024,02D5999E28F0AB47C919778F5ED2AC395854137FB2FF7D3E0E920E748A81C907,0,0.000276322591100024,431357.96,138959915,2,0.00310418986655252,treat_2017,2017,FALSE,TRUE
E5ABBAFE31944B33EB97FA66732B5A526F09B5C9B1CF3181F3361151C0AA9EB7,2011,A512DF3BB83AF6EBB5CFF6FEF571D96148076CE0E2096AF1444FAC25D26D03D9,0.00037527158860494,94AA8780EDF7C6601FC9A421CA049D492BE515A0AD5E5347CC20F6C159658BA5,0,0.00037527158860494,282767581.35,620943116,2,0.455384034485375,treat_2017,2017,TRUE,TRUE
E5ABBAFE31944B33EB97FA66732B5A526F09B5C9B1CF3181F3361151C0AA9EB7,2014,7C0333AE08168E97C1DD68D98B8051A5C5C90D18245B4988A49F08062BC40274,0.000236105080801893,F8F1FAA7804D5A5B8495B44A8586C93F19689545D2D96B5CBBB19221519EC076,0,0.000236105080801893,52168570.55,620943116,2,0.0840150558171258,treat_2017,2017,TRUE,TRUE
E5ABBAFE31944B33EB97FA66732B5A526F09B5C9B1CF3181F3361151C0AA9EB7,2016,1E9AFCCFC2BEB1136C929DD46B6D15743F76A4DE734C2977D9C9BE1F6C01766D,0.000357974396666644,876978BC4151C1DB54BE1D34705B6F021461037AB3941E1E61C579AB8066A28B,0,0.000357974396666644,2824874.12,620943116,2,0.004549328347816,treat_2017,2017,FALSE,TRUE
E5ABBAFE31944B33EB97FA66732B5A526F09B5C9B1CF3181F3361151C0AA9EB7,4211,A20718A1C5EDE23DDA5E6320129C83E1683DE48F1D318858856BE325EEE823C1,5.55692076673613e-05,D2E36629C57DE7C3DE50105733271BC0699A14DC45E956E39883988835BB92F2,0,5.55692076673613e-05,115893.96,620943116,2,0.000186641830811439,treat_2017,2017,FALSE,FALSE
E60640E4E30204E117A3D7F608E7D4BC258F80680C12AD053D01E119BF8DF4FB,1105,82AD7E022AA1035FA624569E4235B7E60665602F69F48D196D6E577AB3B2F821,3.55285119461142e-05,E60640E4E30204E117A3D7F608E7D4BC258F80680C12AD053D01E119BF8DF4FB,0,3.55285119461142e-05,301640.41,21309674,2,0.0141550926588553,treat_2017,2017,FALSE,FALSE
E6289884E881942C19A71BC2EDAED0E9F0595C023DEF04A68E4276AE10BBFBA0,2014,381129D2BACBFFE88AA47CF43AAB8B0205C90F8E3B8F55424F7421B3BB765AE7,3.70529576586508e-06,7BD8DA430EC6A64C5278A5087EDDDCFD54EE849C1B904B1F1BFF9FE3FB8E5553,2.02112860527006e-06,1.68416716059502e-06,22855,34725224,2,0.000658167100664347,treat_2017,2017,FALSE,FALSE
E6FBC32059211E85E235011A5E8D4C5A37E54E298B13DE19262EF86E270E53FC,2351,B8FDF1A99C14812F711B9B01A2C27EC7B85C6A71A20AB98121F00747A42E5B58,0.000103038803811996,E6FBC32059211E85E235011A5E8D4C5A37E54E298B13DE19262EF86E270E53FC,0,0.000103038803811996,2405186.31,324715979,2,0.00740704635911989,treat_2017,2017,FALSE,FALSE
E6FBC32059211E85E235011A5E8D4C5A37E54E298B13DE19262EF86E270E53FC,4211,81A56728305B23CED4271E85C1C3CCF6F2680AF5231CABD61B3434FC40D6896D,4.09771610086498e-05,D2E36629C57DE7C3DE50105733271BC0699A14DC45E956E39883988835BB92F2,0,4.09771610086498e-05,573081.26,324715979,2,0.00176486929212683,treat_2017,2017,FALSE,FALSE
E73499FBECC0CB6673265DCBB14DB6C443A7EF3C84F99944FBE276F01196804E,1393,3EE54F1625227C67E1ED1E8AADCB8DB7E0EAC784F6B11595A589E00465C4C22D,6.44909989307547e-05,1CA094B752178A00D0DAB81D2B57AF833D16221A5E9AC38167100BC586216614,0,6.44909989307547e-05,247660.49,18284047,2,0.0135451680910687,treat_2017,2017,FALSE,FALSE
E756DA3539314D7A352B7168CCF7F909AF47C1218C9F1A619A21BA07BFD46604,4676,3681204F7810467B3431212FC23F07FEB4DC809C1A445CC9BF393FFD63CAB006,7.77079476005881e-06,C5BA3CF0046CD26F50C12FDB281749C30CE5CA01E34405D8D4DAAB3426C1F6C6,0,7.77079476005881e-06,4337551.91,34494081,2,0.125747716253116,treat_2017,2017,TRUE,FALSE
E7F48EF6CB59713731105934A3108E79B4D5F10B0881B1DD25A44D8C09A3B3DC,2444,9B43410201CE09CB26C572270E1B2418216ACA95142E50069DE00EC17DD07189,6.12364052478015e-08,F2A301FA43E273E3239D410F9F01BC528349707024EFD30B2FDEE8B9E661A155,0,6.12364052478015e-08,4610023.15,28432003,2,0.162142046411574,treat_2017,2017,TRUE,FALSE
E7FC48CB1FB093AFEC490CB8E5551CD881007D0E7BF6DA944B4DC4B2A5944804,4322,A0B44CF8258D0A44D27D379D0CD4B5D173FC1457A2B18D84A999423522AED2D2,3.52989529924418e-05,26FEE1B86E920BDA8C964985218450E0B0CD0D5C151693FDCF9F0633F0894A95,0,3.52989529924418e-05,35957.88,543365542,2,6.61762243289252e-05,treat_2017,2017,FALSE,FALSE
E9178E845B09F89939C8E5085FC0C2821B3251D7F65EB128CA34132B682F5423,2352,233C29FA2E67D9E99661CF7ABDF39D6AC6BAEC0D61A8BF7ACA5B2A341DB24E7D,0.00126345506798275,A183E58FD6E9210A769556E997400F5AB2F8747CA368592DCFB4BB8B7CB10859,0,0.00126345506798275,715195.76,771109531,2,0.000927489197380962,treat_2017,2017,FALSE,TRUE
E9178E845B09F89939C8E5085FC0C2821B3251D7F65EB128CA34132B682F5423,4211,BD82BA2061C72EB2FDFC34AD831B7A0E33C57B6587E1D690B5308EB60182A371,1.04491078317667e-05,D2E36629C57DE7C3DE50105733271BC0699A14DC45E956E39883988835BB92F2,0,1.04491078317667e-05,1383986.04,771109531,2,0.0017947982541536,treat_2017,2017,FALSE,FALSE
E9178E845B09F89939C8E5085FC0C2821B3251D7F65EB128CA34132B682F5423,4322,A0B44CF8258D0A44D27D379D0CD4B5D173FC1457A2B18D84A999423522AED2D2,3.52989529924418e-05,8DF5F00E3294F3D1BD1E7EA67754212E373670DF333D1A835A44C57D6CB9B4D8,0,3.52989529924418e-05,682082.43,771109531,2,0.000884546750596447,treat_2017,2017,FALSE,FALSE
E93C5AECD58329429254F9B58AD23C4A3517C57CDACB8DD2DECD73EFB2ABEB04,2351,B8FDF1A99C14812F711B9B01A2C27EC7B85C6A71A20AB98121F00747A42E5B58,0.000103038803811996,E6FBC32059211E85E235011A5E8D4C5A37E54E298B13DE19262EF86E270E53FC,0,0.000103038803811996,374164.7,71070533,2,0.00526469528517536,treat_2017,2017,FALSE,FALSE
E93C5AECD58329429254F9B58AD23C4A3517C57CDACB8DD2DECD73EFB2ABEB04,4211,A20718A1C5EDE23DDA5E6320129C83E1683DE48F1D318858856BE325EEE823C1,5.55692076673613e-05,0D3B12296FD0C5E795FD6F04F819DECBA9614EE0235A935F14059E26AA0657DD,0,5.55692076673613e-05,232954.46,71070533,2,0.00327779249945966,treat_2017,2017,FALSE,FALSE
E93C5AECD58329429254F9B58AD23C4A3517C57CDACB8DD2DECD73EFB2ABEB04,4673,2EDB84F873D1720009F7FE2B6EBFA04329C6829EDFD154525B24987A3D52E2AD,6.28853635044987e-05,BDB487043B7808B72DD228FD052A4E174394AE80CFCAA8177443DD571822FE82,0,6.28853635044987e-05,85764.12,71070533,2,0.00120674654290267,treat_2017,2017,FALSE,FALSE
E960E6FEE8969FB7389229FEC9909A4AE8924C8D288A1D7C78D5252939037603,1031,B666524E9047F405F465749B41E48DD48764F4A9F577F20F455F61BD44CB87FA,0.000133432758883835,781DDBF220914771C108CE716159C411A65053A91F89898E330CB0229771CCE6,0,0.000133432758883835,485089.12,862399726,2,0.000562487562756948,treat_2017,2017,FALSE,FALSE
EA1B2625F236F386C8047A4FF05EEFA589BC2737825902CB44BC003C61070512,1062,DCF3F0DD9DF652FC8B064F143BE61B6316597A64B4E743D24B0030BAF9B79803,6.15850136977239e-05,035CBC50BAA9F51750D5267F66949E7C978592125DF630D7C4C9159BB0F9A4BF,0,6.15850136977239e-05,465682.99,374667311,2,0.0012429239923736,treat_2017,2017,FALSE,FALSE
EA62BCF134E689DA5F929CBB5EDA3D28D6AF064DECAA175DDF17EFAC382B8ABE,1920,EA62BCF134E689DA5F929CBB5EDA3D28D6AF064DECAA175DDF17EFAC382B8ABE,0.000312837955677638,E5ABBAFE31944B33EB97FA66732B5A526F09B5C9B1CF3181F3361151C0AA9EB7,0,0.000312837955677638,5617119.86,744247927,2,0.00754737723307088,treat_2017,2017,FALSE,TRUE
EC16CF6E5DB30D5F72A23EE733C157F7D4468D1D2E6C57368EF319EF4E0E1194,2014,381129D2BACBFFE88AA47CF43AAB8B0205C90F8E3B8F55424F7421B3BB765AE7,3.70529576586508e-06,91738BC31E8682337A567C344417306B4025B0A737D605FC612A6F338F21D854,0,3.70529576586508e-06,289041.46,286228845,2,0.00100982645547132,treat_2017,2017,FALSE,FALSE
ECF570450B05AFC2C4E9F4CC0C4BD4336C0ACBCFF4CC1953ACCA67D2133D7C1C,2351,B8FDF1A99C14812F711B9B01A2C27EC7B85C6A71A20AB98121F00747A42E5B58,0.000103038803811996,E6FBC32059211E85E235011A5E8D4C5A37E54E298B13DE19262EF86E270E53FC,0,0.000103038803811996,784302.98,53021918,2,0.0147920522226299,treat_2017,2017,FALSE,FALSE
EDD882111F78B7A2F97856D89A3CE0B69F47D22E439CE75BACA00216DED4F059,2014,3E3B4F46B106CE29E3C1F78D77C75FCF3439DB1A69C12E86777870BA2FF96AFE,0.000268313861904909,91738BC31E8682337A567C344417306B4025B0A737D605FC612A6F338F21D854,0,0.000268313861904909,93256.15,341622792,2,0.000272979883613854,treat_2017,2017,FALSE,TRUE
EDDFC65124756994667D25645FEAF7C299F0F2020BD0AF5797C30FB1C6970203,1031,5B62B2ACB0C9D2FA749C81D43481D120BE7CE506A5EED1BE9279D42D776C7E46,8.21480594396011e-05,A1E9FE762ACC4DE886908DD38F550AAC93E153911553A0EE13701CA7E35CD778,4.98470511558588e-05,3.23010082837423e-05,22449392.41,56811138,2,0.395158294663979,treat_2017,2017,TRUE,FALSE
EFD73DAD6F8998209721807EF3E22D15847BC9046380DBEBCB4A10F5234013DA,1031,A1E9FE762ACC4DE886908DD38F550AAC93E153911553A0EE13701CA7E35CD778,4.98470511558588e-05,E960E6FEE8969FB7389229FEC9909A4AE8924C8D288A1D7C78D5252939037603,1.58986599678024e-05,3.39483911880563e-05,15206.98,51132297,2,0.000297404593421649,treat_2017,2017,FALSE,FALSE
EFD73DAD6F8998209721807EF3E22D15847BC9046380DBEBCB4A10F5234013DA,1051,1FF4BE36DA23ED1089F771723A6F25ACE00CFA2E444FBEB5B9881B54FB91D596,6.27713380370904e-05,24EC9B9D0111DCD6D335B5F1A858B1F4086C18CB005053FE84A5F27D5EA4B086,4.51665857375289e-05,1.76047522995615e-05,195238.67,51132297,2,0.00381830430970078,treat_2017,2017,FALSE,FALSE
EFD73DAD6F8998209721807EF3E22D15847BC9046380DBEBCB4A10F5234013DA,1105,A2D0C13790C3E409C825E25214303B2E0AB0A1071E3E1997C5F73FCE2D5E2BDC,1.03465140882384e-05,539DFF8A5B778AB035491D14825C7B39DA46F67FAB72F13B77AEF41EB8525850,0,1.03465140882384e-05,7653.85,51132297,2,0.000149687192812793,treat_2017,2017,FALSE,FALSE
F13FD771AC8CC4A7E3399ED76B79B31E925D00F83A00941ADBCA043E167F0DA5,1039,EA1B2625F236F386C8047A4FF05EEFA589BC2737825902CB44BC003C61070512,4.48878231599981e-05,9667C5CF58D6CB9771EC341CAB64A74403932D3C04CA637E179C6732494E3956,0,4.48878231599981e-05,122250.37,99095731,2,0.00123365929860288,treat_2017,2017,FALSE,FALSE
F13FD771AC8CC4A7E3399ED76B79B31E925D00F83A00941ADBCA043E167F0DA5,1051,1FF4BE36DA23ED1089F771723A6F25ACE00CFA2E444FBEB5B9881B54FB91D596,6.27713380370904e-05,2EA5AB1710B2C07A0559C4D607230AEE3A896C7A33156792015D2C79268E4D7A,0,6.27713380370904e-05,837807.02,99095731,2,0.00845452181991573,treat_2017,2017,FALSE,FALSE
F13FD771AC8CC4A7E3399ED76B79B31E925D00F83A00941ADBCA043E167F0DA5,1107,32424075741922469453FAD31C3E5A3FC8FB96E6E14ACF83BA40B2F0B4770F80,2.17596979039937e-05,1CB37AB74478F9C217EFCFDA2843A640F506101BDE944EFD19E87241396C4A1C,0,2.17596979039937e-05,283912.18,99095731,2,0.00286502937245601,treat_2017,2017,FALSE,FALSE
F30E60828DC1B328C8766A07FA03A81E0E21B5D3F5DA1768FE350E6B22B31B97,2351,B8FDF1A99C14812F711B9B01A2C27EC7B85C6A71A20AB98121F00747A42E5B58,0.000103038803811996,1EB11C8C03D563589A1E83AF2856341DABF421EDF816A205EC6A0E9C90EACF10,0,0.000103038803811996,926999.02,180907041,2,0.00512417324873497,treat_2017,2017,FALSE,FALSE
F30E60828DC1B328C8766A07FA03A81E0E21B5D3F5DA1768FE350E6B22B31B97,4211,A20718A1C5EDE23DDA5E6320129C83E1683DE48F1D318858856BE325EEE823C1,5.55692076673613e-05,87E5B03AE2F26F8B96AB3C88B2131DACA236CEB32040FDCDA46B83175621CD78,0,5.55692076673613e-05,532475.14,180907041,2,0.00294336327130573,treat_2017,2017,FALSE,FALSE
F31267A358BD041181683AC6E42E8AA92ECD54A4C7B4988A4B347C94BAC3182D,1393,D7E5CDFAAACF0B7F90CD7FBB7F8126EB1255FF5547B0834A227723386F131B08,0.000148685155751804,50154C7B5E14CCEFC3EDBACF9AA6A051535C6A93E708805F4E988D33659168EB,1.13343454860175e-06,0.000147551721203202,4429.23,148061378,2,2.99148235672911e-05,treat_2017,2017,FALSE,FALSE
F31267A358BD041181683AC6E42E8AA92ECD54A4C7B4988A4B347C94BAC3182D,2351,B8FDF1A99C14812F711B9B01A2C27EC7B85C6A71A20AB98121F00747A42E5B58,0.000103038803811996,E6FBC32059211E85E235011A5E8D4C5A37E54E298B13DE19262EF86E270E53FC,0,0.000103038803811996,3047248.35,148061378,2,0.020580980611973,treat_2017,2017,TRUE,FALSE
F31267A358BD041181683AC6E42E8AA92ECD54A4C7B4988A4B347C94BAC3182D,4211,81A56728305B23CED4271E85C1C3CCF6F2680AF5231CABD61B3434FC40D6896D,4.09771610086498e-05,CC17A49A3D2D52F3D8C1CEB869CCA5096C549CFAE3A0D6CB09EA694C2F81F81F,0,4.09771610086498e-05,649374.3,148061378,2,0.00438584530801814,treat_2017,2017,FALSE,FALSE
F423469286B33E2A706F1890A0329F97544CC9476DBCBA1C732039044D0A96D4,2365,67863B92FB29A53B4F85034E41DF069DCCE2E96E963396F391424D73021DCAC2,0.000208018857469999,1699301EC2767FC1FF82337B41AE8E16B093A1C04259532BBCCFCBA1D82BA80F,2.1864947544599e-05,0.0001861539099254,1234748.47,66923482,2,0.0184501528178107,treat_2017,2017,TRUE,TRUE
F4576F551E5A09D279A08BAE6C3E346DF47CCA14EEAD20D98D00662011730295,4211,A20718A1C5EDE23DDA5E6320129C83E1683DE48F1D318858856BE325EEE823C1,5.55692076673613e-05,0D3B12296FD0C5E795FD6F04F819DECBA9614EE0235A935F14059E26AA0657DD,0,5.55692076673613e-05,2343210.31,16574155,2,0.141377361922825,treat_2017,2017,TRUE,FALSE
F528BEC475BD1E0F79259B2E943C62A8B2D1382032F6DDF19F90EDF27B4E278A,2352,233C29FA2E67D9E99661CF7ABDF39D6AC6BAEC0D61A8BF7ACA5B2A341DB24E7D,0.00126345506798275,A183E58FD6E9210A769556E997400F5AB2F8747CA368592DCFB4BB8B7CB10859,0,0.00126345506798275,427040.39,49718388,2,0.00858918414651738,treat_2017,2017,FALSE,TRUE
F576A24EB63EDC0294D91DBD1FFFA54E8E960AA6697AF4A67319257BEDDEAFAC,1031,5B62B2ACB0C9D2FA749C81D43481D120BE7CE506A5EED1BE9279D42D776C7E46,8.21480594396011e-05,A1E9FE762ACC4DE886908DD38F550AAC93E153911553A0EE13701CA7E35CD778,4.98470511558588e-05,3.23010082837423e-05,122341.31,10584825,2,0.0115581797526175,treat_2017,2017,FALSE,FALSE
F60F13B484F5100A04E4E0255E144B4C07177F6B649624DD0B393B34FA525A97,5223,6AA8E4141A63E20F297FD4A50D200299ABED45FB3AEB28BC62C3D7D60C2E7642,1.6367246385248e-05,DE40FEA4B0BFA8A8039C3D0FCA662F3E2B961F57253C2FDEB7ACE1161B7487A1,0,1.6367246385248e-05,476800.3,109314881,2,0.00436171448606343,treat_2017,2017,FALSE,FALSE
F66881D2CBD8F79CF3F2AEBA32FCB1CBAFC69DADD89FC0EC2BABF34D5CE910AB,2399,01F2B0B3F7BAD9F8285A6E56F94211AB7FA80D574E5FA1F74F9FF6DF342CC0BF,0.000190039612128101,50718D79C9F77E6F3F5941DA8BA2BF27DC3B371AEC3069E4679E58F20D84E7ED,0,0.000190039612128101,9365.33,8496741,2,0.00110222613587963,treat_2017,2017,FALSE,TRUE
F66DA2500C4DF14CC40C77CC8DC9C43E103B59B4FA2FD549F42C9994DEE4C457,4211,BEA704951F78F6206B131BE9FACD666E66E5939910623E8580ACB79F4696442C,0.000136258727169874,D2E36629C57DE7C3DE50105733271BC0699A14DC45E956E39883988835BB92F2,0,0.000136258727169874,1436457.82,15619771,2,0.091964076810089,treat_2017,2017,TRUE,FALSE
F67F71F147E1CB5AEFA4E81D4CF30FD406FD11D5180E30DE707A48959D8C18A2,3511,3BE59C35E1BFCEE14744A27D1026D2E8F5690AEFBA6276A6EFADA053A2D4F534,0.000444514994669268,B0912D50D01782D7082CD51D0001C433B9BF156D6BE6A09D6012F3AD5FD7D3F6,0,0.000444514994669268,601483.1,237063431,2,0.00253722430938747,treat_2017,2017,FALSE,TRUE
F6C7BB840DAE50A4AE58C554CA9689868BEE44FBCAAF7AFB16A5A990FE1111B3,2351,B8FDF1A99C14812F711B9B01A2C27EC7B85C6A71A20AB98121F00747A42E5B58,0.000103038803811996,512B523BAAB68122413CE941FF357533EC82BDA7FBAF7AF7958402F5B1A8B167,0,0.000103038803811996,7402380.27,62734059,2,0.11799619517685,treat_2017,2017,TRUE,FALSE
F76920A30FE8F9AD1FFDF6E98056454FEE59BC810106FE71D08154DD62EEDCBD,2014,3E3B4F46B106CE29E3C1F78D77C75FCF3439DB1A69C12E86777870BA2FF96AFE,0.000268313861904909,61CE1E059D5C7F1EFB93A2EBFCF5C1706E402C91F3EC2954C003784C58232EDD,0,0.000268313861904909,20594.14,70577590,2,0.000291794321681996,treat_2017,2017,FALSE,TRUE
F7837270BB2F707B494CA668AEC3CF7970A1876EC3C3DE61BEDBDB75568E8C66,2012,1061796C42F184760E3BAF45DC443875C42284348C2B209B70F02ED964EDAC7E,0.00016263646894484,DF7BBA40BFE558C6594E55BBBCF3EC01A70ED7E236ADAA257F12A36B78A822AA,0,0.00016263646894484,94996.64,86653600,2,0.00109628036227,treat_2017,2017,FALSE,FALSE
F7837270BB2F707B494CA668AEC3CF7970A1876EC3C3DE61BEDBDB75568E8C66,2014,381129D2BACBFFE88AA47CF43AAB8B0205C90F8E3B8F55424F7421B3BB765AE7,3.70529576586508e-06,61CE1E059D5C7F1EFB93A2EBFCF5C1706E402C91F3EC2954C003784C58232EDD,0,3.70529576586508e-06,166768.5,86653600,2,0.00192454208480663,treat_2017,2017,FALSE,FALSE
F8F1FAA7804D5A5B8495B44A8586C93F19689545D2D96B5CBBB19221519EC076,1920,1C6EC1F8E25B016DB87AC7C6CDC9FD74E36F38CFD1673CB9480E1F9ED238F425,8.80218638642514e-06,E5ABBAFE31944B33EB97FA66732B5A526F09B5C9B1CF3181F3361151C0AA9EB7,0,8.80218638642514e-06,184982680.33,8458859124,2,0.0218685141362806,treat_2017,2017,TRUE,FALSE
F8F1FAA7804D5A5B8495B44A8586C93F19689545D2D96B5CBBB19221519EC076,2011,A512DF3BB83AF6EBB5CFF6FEF571D96148076CE0E2096AF1444FAC25D26D03D9,0.00037527158860494,E5ABBAFE31944B33EB97FA66732B5A526F09B5C9B1CF3181F3361151C0AA9EB7,0,0.00037527158860494,129148972.67,8458859124,2,0.0152678949698513,treat_2017,2017,FALSE,TRUE
F8F1FAA7804D5A5B8495B44A8586C93F19689545D2D96B5CBBB19221519EC076,2014,381129D2BACBFFE88AA47CF43AAB8B0205C90F8E3B8F55424F7421B3BB765AE7,3.70529576586508e-06,F8F1FAA7804D5A5B8495B44A8586C93F19689545D2D96B5CBBB19221519EC076,0,3.70529576586508e-06,118727340.94,8458859124,2,0.0140358574601555,treat_2017,2017,FALSE,FALSE
F8F1FAA7804D5A5B8495B44A8586C93F19689545D2D96B5CBBB19221519EC076,2015,7A01DDE298CB1AB8AAB6B60D8755E5997F415CEF475BD9887E027BDBD80E1B41,0.000568587529549804,65350096EB3BC6ABE1C322B2A13FAEE0CC72EBFF484CEB99AA8115B475AEDB8A,0,0.000568587529549804,89791573.22,8458859124,2,0.0106150926388214,treat_2017,2017,FALSE,TRUE
F8F1FAA7804D5A5B8495B44A8586C93F19689545D2D96B5CBBB19221519EC076,4676,3681204F7810467B3431212FC23F07FEB4DC809C1A445CC9BF393FFD63CAB006,7.77079476005881e-06,323B313261B6FA8256904359949E644303CACBDB90D556A3DB2156A2B5714A09,0,7.77079476005881e-06,209957311.87,8458859124,2,0.0248209964006016,treat_2017,2017,TRUE,FALSE
FAB184F2A66201BE023118AA56ABB6836C4D9A15CC8171A8338010D991AF8772,1920,1C6EC1F8E25B016DB87AC7C6CDC9FD74E36F38CFD1673CB9480E1F9ED238F425,8.80218638642514e-06,E5ABBAFE31944B33EB97FA66732B5A526F09B5C9B1CF3181F3361151C0AA9EB7,0,8.80218638642514e-06,4513305.69,227710953,2,0.0198203276150708,treat_2017,2017,TRUE,FALSE
FB2B8908754934888CC757CC0F6EE2703BE855409C950BBC9F8E3217F1EFD3EF,1393,D7E5CDFAAACF0B7F90CD7FBB7F8126EB1255FF5547B0834A227723386F131B08,0.000148685155751804,B95A8BE96B22E6B92456B1D18400E95C26670C8E0820035E5A842162D7CD3788,0,0.000148685155751804,99272.63,3431878,2,0.0289266197691177,treat_2017,2017,TRUE,FALSE
FB7B40D8617BEDA0633B3256A292C9756DCE108D706F6634F8566739346ED097,1051,1FF4BE36DA23ED1089F771723A6F25ACE00CFA2E444FBEB5B9881B54FB91D596,6.27713380370904e-05,2EA5AB1710B2C07A0559C4D607230AEE3A896C7A33156792015D2C79268E4D7A,0,6.27713380370904e-05,1918894.2,311028891,2,0.00616950468437352,treat_2017,2017,FALSE,FALSE
FDE7D14736FAF36C82A6CB07C0F0C13E0AD3D0052B788D8C0373C70775E73F16,2332,DFE84999859FA7A6205AF0220585AD1C09A9628C9E358622CBCEA2E6DACBBBF1,0.000395010468796854,79B63230F71E27B0B009FAEE092B4649C8CEF6C842DF1E9548C74ADA7F1A7DEB,9.84751746740705e-05,0.000296535294122783,96208.71,25911283,2,0.00371300448534332,treat_2017,2017,FALSE,TRUE
